{
  "type": "FeatureCollection",
  "name": "Scout MVP3 Mid-Atlantic generated milepoints 1mi",
  "features": [
    {
      "type": "Feature",
      "properties": {
        "trail": "Appalachian Trail",
        "route_id": "at-mvp3-midatlantic-harpers-ferry-delaware-water-gap-open-2026",
        "source_route_id": "at-main-osm-2026-open",
        "mile_nobo_global_est": 1006,
        "mile_nobo_mvp3": 0,
        "mile_sobo_mvp3": 264,
        "state": "WV",
        "milepoint_type": "generated",
        "official": false,
        "confidence": "estimated_from_open_route_geometry_with_known_length_gap",
        "source_id": "osm",
        "source_url": "https://www.openstreetmap.org/relation/156553",
        "source_access_url": "https://hiking.waymarkedtrails.org/api/v1/details/relation/156553",
        "license_status": "open_license_share_alike",
        "source_license": "ODbL",
        "attribution": "OpenStreetMap contributors",
        "last_checked": "2026-05-13",
        "last_generated": "2026-05-14",
        "ai_answer_rule": "Generated mile based on Scout MVP3 Mid-Atlantic open route geometry, not an official ATC mile. Use for source-aware planning only."
      },
      "geometry": {
        "type": "Point",
        "coordinates": [
          -77.732901,
          39.32276
        ]
      }
    },
    {
      "type": "Feature",
      "properties": {
        "trail": "Appalachian Trail",
        "route_id": "at-mvp3-midatlantic-harpers-ferry-delaware-water-gap-open-2026",
        "source_route_id": "at-main-osm-2026-open",
        "mile_nobo_global_est": 1007,
        "mile_nobo_mvp3": 1,
        "mile_sobo_mvp3": 263,
        "state": "WV",
        "milepoint_type": "generated",
        "official": false,
        "confidence": "estimated_from_open_route_geometry_with_known_length_gap",
        "source_id": "osm",
        "source_url": "https://www.openstreetmap.org/relation/156553",
        "source_access_url": "https://hiking.waymarkedtrails.org/api/v1/details/relation/156553",
        "license_status": "open_license_share_alike",
        "source_license": "ODbL",
        "attribution": "OpenStreetMap contributors",
        "last_checked": "2026-05-13",
        "last_generated": "2026-05-14",
        "ai_answer_rule": "Generated mile based on Scout MVP3 Mid-Atlantic open route geometry, not an official ATC mile. Use for source-aware planning only."
      },
      "geometry": {
        "type": "Point",
        "coordinates": [
          -77.716278,
          39.324362
        ]
      }
    },
    {
      "type": "Feature",
      "properties": {
        "trail": "Appalachian Trail",
        "route_id": "at-mvp3-midatlantic-harpers-ferry-delaware-water-gap-open-2026",
        "source_route_id": "at-main-osm-2026-open",
        "mile_nobo_global_est": 1008,
        "mile_nobo_mvp3": 2,
        "mile_sobo_mvp3": 262,
        "state": "MD",
        "milepoint_type": "generated",
        "official": false,
        "confidence": "estimated_from_open_route_geometry_with_known_length_gap",
        "source_id": "osm",
        "source_url": "https://www.openstreetmap.org/relation/156553",
        "source_access_url": "https://hiking.waymarkedtrails.org/api/v1/details/relation/156553",
        "license_status": "open_license_share_alike",
        "source_license": "ODbL",
        "attribution": "OpenStreetMap contributors",
        "last_checked": "2026-05-13",
        "last_generated": "2026-05-14",
        "ai_answer_rule": "Generated mile based on Scout MVP3 Mid-Atlantic open route geometry, not an official ATC mile. Use for source-aware planning only."
      },
      "geometry": {
        "type": "Point",
        "coordinates": [
          -77.697923,
          39.324541
        ]
      }
    },
    {
      "type": "Feature",
      "properties": {
        "trail": "Appalachian Trail",
        "route_id": "at-mvp3-midatlantic-harpers-ferry-delaware-water-gap-open-2026",
        "source_route_id": "at-main-osm-2026-open",
        "mile_nobo_global_est": 1009,
        "mile_nobo_mvp3": 3,
        "mile_sobo_mvp3": 261,
        "state": "MD",
        "milepoint_type": "generated",
        "official": false,
        "confidence": "estimated_from_open_route_geometry_with_known_length_gap",
        "source_id": "osm",
        "source_url": "https://www.openstreetmap.org/relation/156553",
        "source_access_url": "https://hiking.waymarkedtrails.org/api/v1/details/relation/156553",
        "license_status": "open_license_share_alike",
        "source_license": "ODbL",
        "attribution": "OpenStreetMap contributors",
        "last_checked": "2026-05-13",
        "last_generated": "2026-05-14",
        "ai_answer_rule": "Generated mile based on Scout MVP3 Mid-Atlantic open route geometry, not an official ATC mile. Use for source-aware planning only."
      },
      "geometry": {
        "type": "Point",
        "coordinates": [
          -77.681724,
          39.329167
        ]
      }
    },
    {
      "type": "Feature",
      "properties": {
        "trail": "Appalachian Trail",
        "route_id": "at-mvp3-midatlantic-harpers-ferry-delaware-water-gap-open-2026",
        "source_route_id": "at-main-osm-2026-open",
        "mile_nobo_global_est": 1010,
        "mile_nobo_mvp3": 4,
        "mile_sobo_mvp3": 260,
        "state": "MD",
        "milepoint_type": "generated",
        "official": false,
        "confidence": "estimated_from_open_route_geometry_with_known_length_gap",
        "source_id": "osm",
        "source_url": "https://www.openstreetmap.org/relation/156553",
        "source_access_url": "https://hiking.waymarkedtrails.org/api/v1/details/relation/156553",
        "license_status": "open_license_share_alike",
        "source_license": "ODbL",
        "attribution": "OpenStreetMap contributors",
        "last_checked": "2026-05-13",
        "last_generated": "2026-05-14",
        "ai_answer_rule": "Generated mile based on Scout MVP3 Mid-Atlantic open route geometry, not an official ATC mile. Use for source-aware planning only."
      },
      "geometry": {
        "type": "Point",
        "coordinates": [
          -77.678024,
          39.332071
        ]
      }
    },
    {
      "type": "Feature",
      "properties": {
        "trail": "Appalachian Trail",
        "route_id": "at-mvp3-midatlantic-harpers-ferry-delaware-water-gap-open-2026",
        "source_route_id": "at-main-osm-2026-open",
        "mile_nobo_global_est": 1011,
        "mile_nobo_mvp3": 5,
        "mile_sobo_mvp3": 259,
        "state": "MD",
        "milepoint_type": "generated",
        "official": false,
        "confidence": "estimated_from_open_route_geometry_with_known_length_gap",
        "source_id": "osm",
        "source_url": "https://www.openstreetmap.org/relation/156553",
        "source_access_url": "https://hiking.waymarkedtrails.org/api/v1/details/relation/156553",
        "license_status": "open_license_share_alike",
        "source_license": "ODbL",
        "attribution": "OpenStreetMap contributors",
        "last_checked": "2026-05-13",
        "last_generated": "2026-05-14",
        "ai_answer_rule": "Generated mile based on Scout MVP3 Mid-Atlantic open route geometry, not an official ATC mile. Use for source-aware planning only."
      },
      "geometry": {
        "type": "Point",
        "coordinates": [
          -77.674124,
          39.342416
        ]
      }
    },
    {
      "type": "Feature",
      "properties": {
        "trail": "Appalachian Trail",
        "route_id": "at-mvp3-midatlantic-harpers-ferry-delaware-water-gap-open-2026",
        "source_route_id": "at-main-osm-2026-open",
        "mile_nobo_global_est": 1012,
        "mile_nobo_mvp3": 6,
        "mile_sobo_mvp3": 258,
        "state": "MD",
        "milepoint_type": "generated",
        "official": false,
        "confidence": "estimated_from_open_route_geometry_with_known_length_gap",
        "source_id": "osm",
        "source_url": "https://www.openstreetmap.org/relation/156553",
        "source_access_url": "https://hiking.waymarkedtrails.org/api/v1/details/relation/156553",
        "license_status": "open_license_share_alike",
        "source_license": "ODbL",
        "attribution": "OpenStreetMap contributors",
        "last_checked": "2026-05-13",
        "last_generated": "2026-05-14",
        "ai_answer_rule": "Generated mile based on Scout MVP3 Mid-Atlantic open route geometry, not an official ATC mile. Use for source-aware planning only."
      },
      "geometry": {
        "type": "Point",
        "coordinates": [
          -77.665772,
          39.354887
        ]
      }
    },
    {
      "type": "Feature",
      "properties": {
        "trail": "Appalachian Trail",
        "route_id": "at-mvp3-midatlantic-harpers-ferry-delaware-water-gap-open-2026",
        "source_route_id": "at-main-osm-2026-open",
        "mile_nobo_global_est": 1013,
        "mile_nobo_mvp3": 7,
        "mile_sobo_mvp3": 257,
        "state": "MD",
        "milepoint_type": "generated",
        "official": false,
        "confidence": "estimated_from_open_route_geometry_with_known_length_gap",
        "source_id": "osm",
        "source_url": "https://www.openstreetmap.org/relation/156553",
        "source_access_url": "https://hiking.waymarkedtrails.org/api/v1/details/relation/156553",
        "license_status": "open_license_share_alike",
        "source_license": "ODbL",
        "attribution": "OpenStreetMap contributors",
        "last_checked": "2026-05-13",
        "last_generated": "2026-05-14",
        "ai_answer_rule": "Generated mile based on Scout MVP3 Mid-Atlantic open route geometry, not an official ATC mile. Use for source-aware planning only."
      },
      "geometry": {
        "type": "Point",
        "coordinates": [
          -77.657906,
          39.367481
        ]
      }
    },
    {
      "type": "Feature",
      "properties": {
        "trail": "Appalachian Trail",
        "route_id": "at-mvp3-midatlantic-harpers-ferry-delaware-water-gap-open-2026",
        "source_route_id": "at-main-osm-2026-open",
        "mile_nobo_global_est": 1014,
        "mile_nobo_mvp3": 8,
        "mile_sobo_mvp3": 256,
        "state": "MD",
        "milepoint_type": "generated",
        "official": false,
        "confidence": "estimated_from_open_route_geometry_with_known_length_gap",
        "source_id": "osm",
        "source_url": "https://www.openstreetmap.org/relation/156553",
        "source_access_url": "https://hiking.waymarkedtrails.org/api/v1/details/relation/156553",
        "license_status": "open_license_share_alike",
        "source_license": "ODbL",
        "attribution": "OpenStreetMap contributors",
        "last_checked": "2026-05-13",
        "last_generated": "2026-05-14",
        "ai_answer_rule": "Generated mile based on Scout MVP3 Mid-Atlantic open route geometry, not an official ATC mile. Use for source-aware planning only."
      },
      "geometry": {
        "type": "Point",
        "coordinates": [
          -77.65081,
          39.380471
        ]
      }
    },
    {
      "type": "Feature",
      "properties": {
        "trail": "Appalachian Trail",
        "route_id": "at-mvp3-midatlantic-harpers-ferry-delaware-water-gap-open-2026",
        "source_route_id": "at-main-osm-2026-open",
        "mile_nobo_global_est": 1015,
        "mile_nobo_mvp3": 9,
        "mile_sobo_mvp3": 255,
        "state": "MD",
        "milepoint_type": "generated",
        "official": false,
        "confidence": "estimated_from_open_route_geometry_with_known_length_gap",
        "source_id": "osm",
        "source_url": "https://www.openstreetmap.org/relation/156553",
        "source_access_url": "https://hiking.waymarkedtrails.org/api/v1/details/relation/156553",
        "license_status": "open_license_share_alike",
        "source_license": "ODbL",
        "attribution": "OpenStreetMap contributors",
        "last_checked": "2026-05-13",
        "last_generated": "2026-05-14",
        "ai_answer_rule": "Generated mile based on Scout MVP3 Mid-Atlantic open route geometry, not an official ATC mile. Use for source-aware planning only."
      },
      "geometry": {
        "type": "Point",
        "coordinates": [
          -77.645208,
          39.3936
        ]
      }
    },
    {
      "type": "Feature",
      "properties": {
        "trail": "Appalachian Trail",
        "route_id": "at-mvp3-midatlantic-harpers-ferry-delaware-water-gap-open-2026",
        "source_route_id": "at-main-osm-2026-open",
        "mile_nobo_global_est": 1016,
        "mile_nobo_mvp3": 10,
        "mile_sobo_mvp3": 254,
        "state": "MD",
        "milepoint_type": "generated",
        "official": false,
        "confidence": "estimated_from_open_route_geometry_with_known_length_gap",
        "source_id": "osm",
        "source_url": "https://www.openstreetmap.org/relation/156553",
        "source_access_url": "https://hiking.waymarkedtrails.org/api/v1/details/relation/156553",
        "license_status": "open_license_share_alike",
        "source_license": "ODbL",
        "attribution": "OpenStreetMap contributors",
        "last_checked": "2026-05-13",
        "last_generated": "2026-05-14",
        "ai_answer_rule": "Generated mile based on Scout MVP3 Mid-Atlantic open route geometry, not an official ATC mile. Use for source-aware planning only."
      },
      "geometry": {
        "type": "Point",
        "coordinates": [
          -77.639661,
          39.406387
        ]
      }
    },
    {
      "type": "Feature",
      "properties": {
        "trail": "Appalachian Trail",
        "route_id": "at-mvp3-midatlantic-harpers-ferry-delaware-water-gap-open-2026",
        "source_route_id": "at-main-osm-2026-open",
        "mile_nobo_global_est": 1017,
        "mile_nobo_mvp3": 11,
        "mile_sobo_mvp3": 253,
        "state": "MD",
        "milepoint_type": "generated",
        "official": false,
        "confidence": "estimated_from_open_route_geometry_with_known_length_gap",
        "source_id": "osm",
        "source_url": "https://www.openstreetmap.org/relation/156553",
        "source_access_url": "https://hiking.waymarkedtrails.org/api/v1/details/relation/156553",
        "license_status": "open_license_share_alike",
        "source_license": "ODbL",
        "attribution": "OpenStreetMap contributors",
        "last_checked": "2026-05-13",
        "last_generated": "2026-05-14",
        "ai_answer_rule": "Generated mile based on Scout MVP3 Mid-Atlantic open route geometry, not an official ATC mile. Use for source-aware planning only."
      },
      "geometry": {
        "type": "Point",
        "coordinates": [
          -77.639941,
          39.419961
        ]
      }
    },
    {
      "type": "Feature",
      "properties": {
        "trail": "Appalachian Trail",
        "route_id": "at-mvp3-midatlantic-harpers-ferry-delaware-water-gap-open-2026",
        "source_route_id": "at-main-osm-2026-open",
        "mile_nobo_global_est": 1018,
        "mile_nobo_mvp3": 12,
        "mile_sobo_mvp3": 252,
        "state": "MD",
        "milepoint_type": "generated",
        "official": false,
        "confidence": "estimated_from_open_route_geometry_with_known_length_gap",
        "source_id": "osm",
        "source_url": "https://www.openstreetmap.org/relation/156553",
        "source_access_url": "https://hiking.waymarkedtrails.org/api/v1/details/relation/156553",
        "license_status": "open_license_share_alike",
        "source_license": "ODbL",
        "attribution": "OpenStreetMap contributors",
        "last_checked": "2026-05-13",
        "last_generated": "2026-05-14",
        "ai_answer_rule": "Generated mile based on Scout MVP3 Mid-Atlantic open route geometry, not an official ATC mile. Use for source-aware planning only."
      },
      "geometry": {
        "type": "Point",
        "coordinates": [
          -77.638162,
          39.433653
        ]
      }
    },
    {
      "type": "Feature",
      "properties": {
        "trail": "Appalachian Trail",
        "route_id": "at-mvp3-midatlantic-harpers-ferry-delaware-water-gap-open-2026",
        "source_route_id": "at-main-osm-2026-open",
        "mile_nobo_global_est": 1019,
        "mile_nobo_mvp3": 13,
        "mile_sobo_mvp3": 251,
        "state": "MD",
        "milepoint_type": "generated",
        "official": false,
        "confidence": "estimated_from_open_route_geometry_with_known_length_gap",
        "source_id": "osm",
        "source_url": "https://www.openstreetmap.org/relation/156553",
        "source_access_url": "https://hiking.waymarkedtrails.org/api/v1/details/relation/156553",
        "license_status": "open_license_share_alike",
        "source_license": "ODbL",
        "attribution": "OpenStreetMap contributors",
        "last_checked": "2026-05-13",
        "last_generated": "2026-05-14",
        "ai_answer_rule": "Generated mile based on Scout MVP3 Mid-Atlantic open route geometry, not an official ATC mile. Use for source-aware planning only."
      },
      "geometry": {
        "type": "Point",
        "coordinates": [
          -77.634072,
          39.446193
        ]
      }
    },
    {
      "type": "Feature",
      "properties": {
        "trail": "Appalachian Trail",
        "route_id": "at-mvp3-midatlantic-harpers-ferry-delaware-water-gap-open-2026",
        "source_route_id": "at-main-osm-2026-open",
        "mile_nobo_global_est": 1020,
        "mile_nobo_mvp3": 14,
        "mile_sobo_mvp3": 250,
        "state": "MD",
        "milepoint_type": "generated",
        "official": false,
        "confidence": "estimated_from_open_route_geometry_with_known_length_gap",
        "source_id": "osm",
        "source_url": "https://www.openstreetmap.org/relation/156553",
        "source_access_url": "https://hiking.waymarkedtrails.org/api/v1/details/relation/156553",
        "license_status": "open_license_share_alike",
        "source_license": "ODbL",
        "attribution": "OpenStreetMap contributors",
        "last_checked": "2026-05-13",
        "last_generated": "2026-05-14",
        "ai_answer_rule": "Generated mile based on Scout MVP3 Mid-Atlantic open route geometry, not an official ATC mile. Use for source-aware planning only."
      },
      "geometry": {
        "type": "Point",
        "coordinates": [
          -77.62246,
          39.449408
        ]
      }
    },
    {
      "type": "Feature",
      "properties": {
        "trail": "Appalachian Trail",
        "route_id": "at-mvp3-midatlantic-harpers-ferry-delaware-water-gap-open-2026",
        "source_route_id": "at-main-osm-2026-open",
        "mile_nobo_global_est": 1021,
        "mile_nobo_mvp3": 15,
        "mile_sobo_mvp3": 249,
        "state": "MD",
        "milepoint_type": "generated",
        "official": false,
        "confidence": "estimated_from_open_route_geometry_with_known_length_gap",
        "source_id": "osm",
        "source_url": "https://www.openstreetmap.org/relation/156553",
        "source_access_url": "https://hiking.waymarkedtrails.org/api/v1/details/relation/156553",
        "license_status": "open_license_share_alike",
        "source_license": "ODbL",
        "attribution": "OpenStreetMap contributors",
        "last_checked": "2026-05-13",
        "last_generated": "2026-05-14",
        "ai_answer_rule": "Generated mile based on Scout MVP3 Mid-Atlantic open route geometry, not an official ATC mile. Use for source-aware planning only."
      },
      "geometry": {
        "type": "Point",
        "coordinates": [
          -77.628296,
          39.460821
        ]
      }
    },
    {
      "type": "Feature",
      "properties": {
        "trail": "Appalachian Trail",
        "route_id": "at-mvp3-midatlantic-harpers-ferry-delaware-water-gap-open-2026",
        "source_route_id": "at-main-osm-2026-open",
        "mile_nobo_global_est": 1022,
        "mile_nobo_mvp3": 16,
        "mile_sobo_mvp3": 248,
        "state": "MD",
        "milepoint_type": "generated",
        "official": false,
        "confidence": "estimated_from_open_route_geometry_with_known_length_gap",
        "source_id": "osm",
        "source_url": "https://www.openstreetmap.org/relation/156553",
        "source_access_url": "https://hiking.waymarkedtrails.org/api/v1/details/relation/156553",
        "license_status": "open_license_share_alike",
        "source_license": "ODbL",
        "attribution": "OpenStreetMap contributors",
        "last_checked": "2026-05-13",
        "last_generated": "2026-05-14",
        "ai_answer_rule": "Generated mile based on Scout MVP3 Mid-Atlantic open route geometry, not an official ATC mile. Use for source-aware planning only."
      },
      "geometry": {
        "type": "Point",
        "coordinates": [
          -77.618932,
          39.469184
        ]
      }
    },
    {
      "type": "Feature",
      "properties": {
        "trail": "Appalachian Trail",
        "route_id": "at-mvp3-midatlantic-harpers-ferry-delaware-water-gap-open-2026",
        "source_route_id": "at-main-osm-2026-open",
        "mile_nobo_global_est": 1023,
        "mile_nobo_mvp3": 17,
        "mile_sobo_mvp3": 247,
        "state": "MD",
        "milepoint_type": "generated",
        "official": false,
        "confidence": "estimated_from_open_route_geometry_with_known_length_gap",
        "source_id": "osm",
        "source_url": "https://www.openstreetmap.org/relation/156553",
        "source_access_url": "https://hiking.waymarkedtrails.org/api/v1/details/relation/156553",
        "license_status": "open_license_share_alike",
        "source_license": "ODbL",
        "attribution": "OpenStreetMap contributors",
        "last_checked": "2026-05-13",
        "last_generated": "2026-05-14",
        "ai_answer_rule": "Generated mile based on Scout MVP3 Mid-Atlantic open route geometry, not an official ATC mile. Use for source-aware planning only."
      },
      "geometry": {
        "type": "Point",
        "coordinates": [
          -77.619105,
          39.482679
        ]
      }
    },
    {
      "type": "Feature",
      "properties": {
        "trail": "Appalachian Trail",
        "route_id": "at-mvp3-midatlantic-harpers-ferry-delaware-water-gap-open-2026",
        "source_route_id": "at-main-osm-2026-open",
        "mile_nobo_global_est": 1024,
        "mile_nobo_mvp3": 18,
        "mile_sobo_mvp3": 246,
        "state": "MD",
        "milepoint_type": "generated",
        "official": false,
        "confidence": "estimated_from_open_route_geometry_with_known_length_gap",
        "source_id": "osm",
        "source_url": "https://www.openstreetmap.org/relation/156553",
        "source_access_url": "https://hiking.waymarkedtrails.org/api/v1/details/relation/156553",
        "license_status": "open_license_share_alike",
        "source_license": "ODbL",
        "attribution": "OpenStreetMap contributors",
        "last_checked": "2026-05-13",
        "last_generated": "2026-05-14",
        "ai_answer_rule": "Generated mile based on Scout MVP3 Mid-Atlantic open route geometry, not an official ATC mile. Use for source-aware planning only."
      },
      "geometry": {
        "type": "Point",
        "coordinates": [
          -77.616758,
          39.491221
        ]
      }
    },
    {
      "type": "Feature",
      "properties": {
        "trail": "Appalachian Trail",
        "route_id": "at-mvp3-midatlantic-harpers-ferry-delaware-water-gap-open-2026",
        "source_route_id": "at-main-osm-2026-open",
        "mile_nobo_global_est": 1025,
        "mile_nobo_mvp3": 19,
        "mile_sobo_mvp3": 245,
        "state": "MD",
        "milepoint_type": "generated",
        "official": false,
        "confidence": "estimated_from_open_route_geometry_with_known_length_gap",
        "source_id": "osm",
        "source_url": "https://www.openstreetmap.org/relation/156553",
        "source_access_url": "https://hiking.waymarkedtrails.org/api/v1/details/relation/156553",
        "license_status": "open_license_share_alike",
        "source_license": "ODbL",
        "attribution": "OpenStreetMap contributors",
        "last_checked": "2026-05-13",
        "last_generated": "2026-05-14",
        "ai_answer_rule": "Generated mile based on Scout MVP3 Mid-Atlantic open route geometry, not an official ATC mile. Use for source-aware planning only."
      },
      "geometry": {
        "type": "Point",
        "coordinates": [
          -77.622613,
          39.500011
        ]
      }
    },
    {
      "type": "Feature",
      "properties": {
        "trail": "Appalachian Trail",
        "route_id": "at-mvp3-midatlantic-harpers-ferry-delaware-water-gap-open-2026",
        "source_route_id": "at-main-osm-2026-open",
        "mile_nobo_global_est": 1026,
        "mile_nobo_mvp3": 20,
        "mile_sobo_mvp3": 244,
        "state": "MD",
        "milepoint_type": "generated",
        "official": false,
        "confidence": "estimated_from_open_route_geometry_with_known_length_gap",
        "source_id": "osm",
        "source_url": "https://www.openstreetmap.org/relation/156553",
        "source_access_url": "https://hiking.waymarkedtrails.org/api/v1/details/relation/156553",
        "license_status": "open_license_share_alike",
        "source_license": "ODbL",
        "attribution": "OpenStreetMap contributors",
        "last_checked": "2026-05-13",
        "last_generated": "2026-05-14",
        "ai_answer_rule": "Generated mile based on Scout MVP3 Mid-Atlantic open route geometry, not an official ATC mile. Use for source-aware planning only."
      },
      "geometry": {
        "type": "Point",
        "coordinates": [
          -77.61956,
          39.513403
        ]
      }
    },
    {
      "type": "Feature",
      "properties": {
        "trail": "Appalachian Trail",
        "route_id": "at-mvp3-midatlantic-harpers-ferry-delaware-water-gap-open-2026",
        "source_route_id": "at-main-osm-2026-open",
        "mile_nobo_global_est": 1027,
        "mile_nobo_mvp3": 21,
        "mile_sobo_mvp3": 243,
        "state": "MD",
        "milepoint_type": "generated",
        "official": false,
        "confidence": "estimated_from_open_route_geometry_with_known_length_gap",
        "source_id": "osm",
        "source_url": "https://www.openstreetmap.org/relation/156553",
        "source_access_url": "https://hiking.waymarkedtrails.org/api/v1/details/relation/156553",
        "license_status": "open_license_share_alike",
        "source_license": "ODbL",
        "attribution": "OpenStreetMap contributors",
        "last_checked": "2026-05-13",
        "last_generated": "2026-05-14",
        "ai_answer_rule": "Generated mile based on Scout MVP3 Mid-Atlantic open route geometry, not an official ATC mile. Use for source-aware planning only."
      },
      "geometry": {
        "type": "Point",
        "coordinates": [
          -77.613437,
          39.525361
        ]
      }
    },
    {
      "type": "Feature",
      "properties": {
        "trail": "Appalachian Trail",
        "route_id": "at-mvp3-midatlantic-harpers-ferry-delaware-water-gap-open-2026",
        "source_route_id": "at-main-osm-2026-open",
        "mile_nobo_global_est": 1028,
        "mile_nobo_mvp3": 22,
        "mile_sobo_mvp3": 242,
        "state": "MD",
        "milepoint_type": "generated",
        "official": false,
        "confidence": "estimated_from_open_route_geometry_with_known_length_gap",
        "source_id": "osm",
        "source_url": "https://www.openstreetmap.org/relation/156553",
        "source_access_url": "https://hiking.waymarkedtrails.org/api/v1/details/relation/156553",
        "license_status": "open_license_share_alike",
        "source_license": "ODbL",
        "attribution": "OpenStreetMap contributors",
        "last_checked": "2026-05-13",
        "last_generated": "2026-05-14",
        "ai_answer_rule": "Generated mile based on Scout MVP3 Mid-Atlantic open route geometry, not an official ATC mile. Use for source-aware planning only."
      },
      "geometry": {
        "type": "Point",
        "coordinates": [
          -77.605916,
          39.535609
        ]
      }
    },
    {
      "type": "Feature",
      "properties": {
        "trail": "Appalachian Trail",
        "route_id": "at-mvp3-midatlantic-harpers-ferry-delaware-water-gap-open-2026",
        "source_route_id": "at-main-osm-2026-open",
        "mile_nobo_global_est": 1029,
        "mile_nobo_mvp3": 23,
        "mile_sobo_mvp3": 241,
        "state": "MD",
        "milepoint_type": "generated",
        "official": false,
        "confidence": "estimated_from_open_route_geometry_with_known_length_gap",
        "source_id": "osm",
        "source_url": "https://www.openstreetmap.org/relation/156553",
        "source_access_url": "https://hiking.waymarkedtrails.org/api/v1/details/relation/156553",
        "license_status": "open_license_share_alike",
        "source_license": "ODbL",
        "attribution": "OpenStreetMap contributors",
        "last_checked": "2026-05-13",
        "last_generated": "2026-05-14",
        "ai_answer_rule": "Generated mile based on Scout MVP3 Mid-Atlantic open route geometry, not an official ATC mile. Use for source-aware planning only."
      },
      "geometry": {
        "type": "Point",
        "coordinates": [
          -77.596675,
          39.544835
        ]
      }
    },
    {
      "type": "Feature",
      "properties": {
        "trail": "Appalachian Trail",
        "route_id": "at-mvp3-midatlantic-harpers-ferry-delaware-water-gap-open-2026",
        "source_route_id": "at-main-osm-2026-open",
        "mile_nobo_global_est": 1030,
        "mile_nobo_mvp3": 24,
        "mile_sobo_mvp3": 240,
        "state": "MD",
        "milepoint_type": "generated",
        "official": false,
        "confidence": "estimated_from_open_route_geometry_with_known_length_gap",
        "source_id": "osm",
        "source_url": "https://www.openstreetmap.org/relation/156553",
        "source_access_url": "https://hiking.waymarkedtrails.org/api/v1/details/relation/156553",
        "license_status": "open_license_share_alike",
        "source_license": "ODbL",
        "attribution": "OpenStreetMap contributors",
        "last_checked": "2026-05-13",
        "last_generated": "2026-05-14",
        "ai_answer_rule": "Generated mile based on Scout MVP3 Mid-Atlantic open route geometry, not an official ATC mile. Use for source-aware planning only."
      },
      "geometry": {
        "type": "Point",
        "coordinates": [
          -77.594508,
          39.557475
        ]
      }
    },
    {
      "type": "Feature",
      "properties": {
        "trail": "Appalachian Trail",
        "route_id": "at-mvp3-midatlantic-harpers-ferry-delaware-water-gap-open-2026",
        "source_route_id": "at-main-osm-2026-open",
        "mile_nobo_global_est": 1031,
        "mile_nobo_mvp3": 25,
        "mile_sobo_mvp3": 239,
        "state": "MD",
        "milepoint_type": "generated",
        "official": false,
        "confidence": "estimated_from_open_route_geometry_with_known_length_gap",
        "source_id": "osm",
        "source_url": "https://www.openstreetmap.org/relation/156553",
        "source_access_url": "https://hiking.waymarkedtrails.org/api/v1/details/relation/156553",
        "license_status": "open_license_share_alike",
        "source_license": "ODbL",
        "attribution": "OpenStreetMap contributors",
        "last_checked": "2026-05-13",
        "last_generated": "2026-05-14",
        "ai_answer_rule": "Generated mile based on Scout MVP3 Mid-Atlantic open route geometry, not an official ATC mile. Use for source-aware planning only."
      },
      "geometry": {
        "type": "Point",
        "coordinates": [
          -77.597111,
          39.570431
        ]
      }
    },
    {
      "type": "Feature",
      "properties": {
        "trail": "Appalachian Trail",
        "route_id": "at-mvp3-midatlantic-harpers-ferry-delaware-water-gap-open-2026",
        "source_route_id": "at-main-osm-2026-open",
        "mile_nobo_global_est": 1032,
        "mile_nobo_mvp3": 26,
        "mile_sobo_mvp3": 238,
        "state": "MD",
        "milepoint_type": "generated",
        "official": false,
        "confidence": "estimated_from_open_route_geometry_with_known_length_gap",
        "source_id": "osm",
        "source_url": "https://www.openstreetmap.org/relation/156553",
        "source_access_url": "https://hiking.waymarkedtrails.org/api/v1/details/relation/156553",
        "license_status": "open_license_share_alike",
        "source_license": "ODbL",
        "attribution": "OpenStreetMap contributors",
        "last_checked": "2026-05-13",
        "last_generated": "2026-05-14",
        "ai_answer_rule": "Generated mile based on Scout MVP3 Mid-Atlantic open route geometry, not an official ATC mile. Use for source-aware planning only."
      },
      "geometry": {
        "type": "Point",
        "coordinates": [
          -77.588698,
          39.578817
        ]
      }
    },
    {
      "type": "Feature",
      "properties": {
        "trail": "Appalachian Trail",
        "route_id": "at-mvp3-midatlantic-harpers-ferry-delaware-water-gap-open-2026",
        "source_route_id": "at-main-osm-2026-open",
        "mile_nobo_global_est": 1033,
        "mile_nobo_mvp3": 27,
        "mile_sobo_mvp3": 237,
        "state": "MD",
        "milepoint_type": "generated",
        "official": false,
        "confidence": "estimated_from_open_route_geometry_with_known_length_gap",
        "source_id": "osm",
        "source_url": "https://www.openstreetmap.org/relation/156553",
        "source_access_url": "https://hiking.waymarkedtrails.org/api/v1/details/relation/156553",
        "license_status": "open_license_share_alike",
        "source_license": "ODbL",
        "attribution": "OpenStreetMap contributors",
        "last_checked": "2026-05-13",
        "last_generated": "2026-05-14",
        "ai_answer_rule": "Generated mile based on Scout MVP3 Mid-Atlantic open route geometry, not an official ATC mile. Use for source-aware planning only."
      },
      "geometry": {
        "type": "Point",
        "coordinates": [
          -77.581247,
          39.590632
        ]
      }
    },
    {
      "type": "Feature",
      "properties": {
        "trail": "Appalachian Trail",
        "route_id": "at-mvp3-midatlantic-harpers-ferry-delaware-water-gap-open-2026",
        "source_route_id": "at-main-osm-2026-open",
        "mile_nobo_global_est": 1034,
        "mile_nobo_mvp3": 28,
        "mile_sobo_mvp3": 236,
        "state": "MD",
        "milepoint_type": "generated",
        "official": false,
        "confidence": "estimated_from_open_route_geometry_with_known_length_gap",
        "source_id": "osm",
        "source_url": "https://www.openstreetmap.org/relation/156553",
        "source_access_url": "https://hiking.waymarkedtrails.org/api/v1/details/relation/156553",
        "license_status": "open_license_share_alike",
        "source_license": "ODbL",
        "attribution": "OpenStreetMap contributors",
        "last_checked": "2026-05-13",
        "last_generated": "2026-05-14",
        "ai_answer_rule": "Generated mile based on Scout MVP3 Mid-Atlantic open route geometry, not an official ATC mile. Use for source-aware planning only."
      },
      "geometry": {
        "type": "Point",
        "coordinates": [
          -77.577357,
          39.603905
        ]
      }
    },
    {
      "type": "Feature",
      "properties": {
        "trail": "Appalachian Trail",
        "route_id": "at-mvp3-midatlantic-harpers-ferry-delaware-water-gap-open-2026",
        "source_route_id": "at-main-osm-2026-open",
        "mile_nobo_global_est": 1035,
        "mile_nobo_mvp3": 29,
        "mile_sobo_mvp3": 235,
        "state": "MD",
        "milepoint_type": "generated",
        "official": false,
        "confidence": "estimated_from_open_route_geometry_with_known_length_gap",
        "source_id": "osm",
        "source_url": "https://www.openstreetmap.org/relation/156553",
        "source_access_url": "https://hiking.waymarkedtrails.org/api/v1/details/relation/156553",
        "license_status": "open_license_share_alike",
        "source_license": "ODbL",
        "attribution": "OpenStreetMap contributors",
        "last_checked": "2026-05-13",
        "last_generated": "2026-05-14",
        "ai_answer_rule": "Generated mile based on Scout MVP3 Mid-Atlantic open route geometry, not an official ATC mile. Use for source-aware planning only."
      },
      "geometry": {
        "type": "Point",
        "coordinates": [
          -77.572003,
          39.616837
        ]
      }
    },
    {
      "type": "Feature",
      "properties": {
        "trail": "Appalachian Trail",
        "route_id": "at-mvp3-midatlantic-harpers-ferry-delaware-water-gap-open-2026",
        "source_route_id": "at-main-osm-2026-open",
        "mile_nobo_global_est": 1036,
        "mile_nobo_mvp3": 30,
        "mile_sobo_mvp3": 234,
        "state": "MD",
        "milepoint_type": "generated",
        "official": false,
        "confidence": "estimated_from_open_route_geometry_with_known_length_gap",
        "source_id": "osm",
        "source_url": "https://www.openstreetmap.org/relation/156553",
        "source_access_url": "https://hiking.waymarkedtrails.org/api/v1/details/relation/156553",
        "license_status": "open_license_share_alike",
        "source_license": "ODbL",
        "attribution": "OpenStreetMap contributors",
        "last_checked": "2026-05-13",
        "last_generated": "2026-05-14",
        "ai_answer_rule": "Generated mile based on Scout MVP3 Mid-Atlantic open route geometry, not an official ATC mile. Use for source-aware planning only."
      },
      "geometry": {
        "type": "Point",
        "coordinates": [
          -77.565069,
          39.627909
        ]
      }
    },
    {
      "type": "Feature",
      "properties": {
        "trail": "Appalachian Trail",
        "route_id": "at-mvp3-midatlantic-harpers-ferry-delaware-water-gap-open-2026",
        "source_route_id": "at-main-osm-2026-open",
        "mile_nobo_global_est": 1037,
        "mile_nobo_mvp3": 31,
        "mile_sobo_mvp3": 233,
        "state": "MD",
        "milepoint_type": "generated",
        "official": false,
        "confidence": "estimated_from_open_route_geometry_with_known_length_gap",
        "source_id": "osm",
        "source_url": "https://www.openstreetmap.org/relation/156553",
        "source_access_url": "https://hiking.waymarkedtrails.org/api/v1/details/relation/156553",
        "license_status": "open_license_share_alike",
        "source_license": "ODbL",
        "attribution": "OpenStreetMap contributors",
        "last_checked": "2026-05-13",
        "last_generated": "2026-05-14",
        "ai_answer_rule": "Generated mile based on Scout MVP3 Mid-Atlantic open route geometry, not an official ATC mile. Use for source-aware planning only."
      },
      "geometry": {
        "type": "Point",
        "coordinates": [
          -77.550686,
          39.631042
        ]
      }
    },
    {
      "type": "Feature",
      "properties": {
        "trail": "Appalachian Trail",
        "route_id": "at-mvp3-midatlantic-harpers-ferry-delaware-water-gap-open-2026",
        "source_route_id": "at-main-osm-2026-open",
        "mile_nobo_global_est": 1038,
        "mile_nobo_mvp3": 32,
        "mile_sobo_mvp3": 232,
        "state": "MD",
        "milepoint_type": "generated",
        "official": false,
        "confidence": "estimated_from_open_route_geometry_with_known_length_gap",
        "source_id": "osm",
        "source_url": "https://www.openstreetmap.org/relation/156553",
        "source_access_url": "https://hiking.waymarkedtrails.org/api/v1/details/relation/156553",
        "license_status": "open_license_share_alike",
        "source_license": "ODbL",
        "attribution": "OpenStreetMap contributors",
        "last_checked": "2026-05-13",
        "last_generated": "2026-05-14",
        "ai_answer_rule": "Generated mile based on Scout MVP3 Mid-Atlantic open route geometry, not an official ATC mile. Use for source-aware planning only."
      },
      "geometry": {
        "type": "Point",
        "coordinates": [
          -77.540662,
          39.638796
        ]
      }
    },
    {
      "type": "Feature",
      "properties": {
        "trail": "Appalachian Trail",
        "route_id": "at-mvp3-midatlantic-harpers-ferry-delaware-water-gap-open-2026",
        "source_route_id": "at-main-osm-2026-open",
        "mile_nobo_global_est": 1039,
        "mile_nobo_mvp3": 33,
        "mile_sobo_mvp3": 231,
        "state": "MD",
        "milepoint_type": "generated",
        "official": false,
        "confidence": "estimated_from_open_route_geometry_with_known_length_gap",
        "source_id": "osm",
        "source_url": "https://www.openstreetmap.org/relation/156553",
        "source_access_url": "https://hiking.waymarkedtrails.org/api/v1/details/relation/156553",
        "license_status": "open_license_share_alike",
        "source_license": "ODbL",
        "attribution": "OpenStreetMap contributors",
        "last_checked": "2026-05-13",
        "last_generated": "2026-05-14",
        "ai_answer_rule": "Generated mile based on Scout MVP3 Mid-Atlantic open route geometry, not an official ATC mile. Use for source-aware planning only."
      },
      "geometry": {
        "type": "Point",
        "coordinates": [
          -77.542123,
          39.650516
        ]
      }
    },
    {
      "type": "Feature",
      "properties": {
        "trail": "Appalachian Trail",
        "route_id": "at-mvp3-midatlantic-harpers-ferry-delaware-water-gap-open-2026",
        "source_route_id": "at-main-osm-2026-open",
        "mile_nobo_global_est": 1040,
        "mile_nobo_mvp3": 34,
        "mile_sobo_mvp3": 230,
        "state": "MD",
        "milepoint_type": "generated",
        "official": false,
        "confidence": "estimated_from_open_route_geometry_with_known_length_gap",
        "source_id": "osm",
        "source_url": "https://www.openstreetmap.org/relation/156553",
        "source_access_url": "https://hiking.waymarkedtrails.org/api/v1/details/relation/156553",
        "license_status": "open_license_share_alike",
        "source_license": "ODbL",
        "attribution": "OpenStreetMap contributors",
        "last_checked": "2026-05-13",
        "last_generated": "2026-05-14",
        "ai_answer_rule": "Generated mile based on Scout MVP3 Mid-Atlantic open route geometry, not an official ATC mile. Use for source-aware planning only."
      },
      "geometry": {
        "type": "Point",
        "coordinates": [
          -77.534845,
          39.661373
        ]
      }
    },
    {
      "type": "Feature",
      "properties": {
        "trail": "Appalachian Trail",
        "route_id": "at-mvp3-midatlantic-harpers-ferry-delaware-water-gap-open-2026",
        "source_route_id": "at-main-osm-2026-open",
        "mile_nobo_global_est": 1041,
        "mile_nobo_mvp3": 35,
        "mile_sobo_mvp3": 229,
        "state": "MD",
        "milepoint_type": "generated",
        "official": false,
        "confidence": "estimated_from_open_route_geometry_with_known_length_gap",
        "source_id": "osm",
        "source_url": "https://www.openstreetmap.org/relation/156553",
        "source_access_url": "https://hiking.waymarkedtrails.org/api/v1/details/relation/156553",
        "license_status": "open_license_share_alike",
        "source_license": "ODbL",
        "attribution": "OpenStreetMap contributors",
        "last_checked": "2026-05-13",
        "last_generated": "2026-05-14",
        "ai_answer_rule": "Generated mile based on Scout MVP3 Mid-Atlantic open route geometry, not an official ATC mile. Use for source-aware planning only."
      },
      "geometry": {
        "type": "Point",
        "coordinates": [
          -77.531432,
          39.669924
        ]
      }
    },
    {
      "type": "Feature",
      "properties": {
        "trail": "Appalachian Trail",
        "route_id": "at-mvp3-midatlantic-harpers-ferry-delaware-water-gap-open-2026",
        "source_route_id": "at-main-osm-2026-open",
        "mile_nobo_global_est": 1042,
        "mile_nobo_mvp3": 36,
        "mile_sobo_mvp3": 228,
        "state": "MD",
        "milepoint_type": "generated",
        "official": false,
        "confidence": "estimated_from_open_route_geometry_with_known_length_gap",
        "source_id": "osm",
        "source_url": "https://www.openstreetmap.org/relation/156553",
        "source_access_url": "https://hiking.waymarkedtrails.org/api/v1/details/relation/156553",
        "license_status": "open_license_share_alike",
        "source_license": "ODbL",
        "attribution": "OpenStreetMap contributors",
        "last_checked": "2026-05-13",
        "last_generated": "2026-05-14",
        "ai_answer_rule": "Generated mile based on Scout MVP3 Mid-Atlantic open route geometry, not an official ATC mile. Use for source-aware planning only."
      },
      "geometry": {
        "type": "Point",
        "coordinates": [
          -77.523486,
          39.682055
        ]
      }
    },
    {
      "type": "Feature",
      "properties": {
        "trail": "Appalachian Trail",
        "route_id": "at-mvp3-midatlantic-harpers-ferry-delaware-water-gap-open-2026",
        "source_route_id": "at-main-osm-2026-open",
        "mile_nobo_global_est": 1043,
        "mile_nobo_mvp3": 37,
        "mile_sobo_mvp3": 227,
        "state": "MD",
        "milepoint_type": "generated",
        "official": false,
        "confidence": "estimated_from_open_route_geometry_with_known_length_gap",
        "source_id": "osm",
        "source_url": "https://www.openstreetmap.org/relation/156553",
        "source_access_url": "https://hiking.waymarkedtrails.org/api/v1/details/relation/156553",
        "license_status": "open_license_share_alike",
        "source_license": "ODbL",
        "attribution": "OpenStreetMap contributors",
        "last_checked": "2026-05-13",
        "last_generated": "2026-05-14",
        "ai_answer_rule": "Generated mile based on Scout MVP3 Mid-Atlantic open route geometry, not an official ATC mile. Use for source-aware planning only."
      },
      "geometry": {
        "type": "Point",
        "coordinates": [
          -77.523389,
          39.693439
        ]
      }
    },
    {
      "type": "Feature",
      "properties": {
        "trail": "Appalachian Trail",
        "route_id": "at-mvp3-midatlantic-harpers-ferry-delaware-water-gap-open-2026",
        "source_route_id": "at-main-osm-2026-open",
        "mile_nobo_global_est": 1044,
        "mile_nobo_mvp3": 38,
        "mile_sobo_mvp3": 226,
        "state": "MD",
        "milepoint_type": "generated",
        "official": false,
        "confidence": "estimated_from_open_route_geometry_with_known_length_gap",
        "source_id": "osm",
        "source_url": "https://www.openstreetmap.org/relation/156553",
        "source_access_url": "https://hiking.waymarkedtrails.org/api/v1/details/relation/156553",
        "license_status": "open_license_share_alike",
        "source_license": "ODbL",
        "attribution": "OpenStreetMap contributors",
        "last_checked": "2026-05-13",
        "last_generated": "2026-05-14",
        "ai_answer_rule": "Generated mile based on Scout MVP3 Mid-Atlantic open route geometry, not an official ATC mile. Use for source-aware planning only."
      },
      "geometry": {
        "type": "Point",
        "coordinates": [
          -77.525561,
          39.697923
        ]
      }
    },
    {
      "type": "Feature",
      "properties": {
        "trail": "Appalachian Trail",
        "route_id": "at-mvp3-midatlantic-harpers-ferry-delaware-water-gap-open-2026",
        "source_route_id": "at-main-osm-2026-open",
        "mile_nobo_global_est": 1045,
        "mile_nobo_mvp3": 39,
        "mile_sobo_mvp3": 225,
        "state": "MD",
        "milepoint_type": "generated",
        "official": false,
        "confidence": "estimated_from_open_route_geometry_with_known_length_gap",
        "source_id": "osm",
        "source_url": "https://www.openstreetmap.org/relation/156553",
        "source_access_url": "https://hiking.waymarkedtrails.org/api/v1/details/relation/156553",
        "license_status": "open_license_share_alike",
        "source_license": "ODbL",
        "attribution": "OpenStreetMap contributors",
        "last_checked": "2026-05-13",
        "last_generated": "2026-05-14",
        "ai_answer_rule": "Generated mile based on Scout MVP3 Mid-Atlantic open route geometry, not an official ATC mile. Use for source-aware planning only."
      },
      "geometry": {
        "type": "Point",
        "coordinates": [
          -77.516989,
          39.709302
        ]
      }
    },
    {
      "type": "Feature",
      "properties": {
        "trail": "Appalachian Trail",
        "route_id": "at-mvp3-midatlantic-harpers-ferry-delaware-water-gap-open-2026",
        "source_route_id": "at-main-osm-2026-open",
        "mile_nobo_global_est": 1046,
        "mile_nobo_mvp3": 40,
        "mile_sobo_mvp3": 224,
        "state": "PA",
        "milepoint_type": "generated",
        "official": false,
        "confidence": "estimated_from_open_route_geometry_with_known_length_gap",
        "source_id": "osm",
        "source_url": "https://www.openstreetmap.org/relation/156553",
        "source_access_url": "https://hiking.waymarkedtrails.org/api/v1/details/relation/156553",
        "license_status": "open_license_share_alike",
        "source_license": "ODbL",
        "attribution": "OpenStreetMap contributors",
        "last_checked": "2026-05-13",
        "last_generated": "2026-05-14",
        "ai_answer_rule": "Generated mile based on Scout MVP3 Mid-Atlantic open route geometry, not an official ATC mile. Use for source-aware planning only."
      },
      "geometry": {
        "type": "Point",
        "coordinates": [
          -77.507026,
          39.719685
        ]
      }
    },
    {
      "type": "Feature",
      "properties": {
        "trail": "Appalachian Trail",
        "route_id": "at-mvp3-midatlantic-harpers-ferry-delaware-water-gap-open-2026",
        "source_route_id": "at-main-osm-2026-open",
        "mile_nobo_global_est": 1047,
        "mile_nobo_mvp3": 41,
        "mile_sobo_mvp3": 223,
        "state": "PA",
        "milepoint_type": "generated",
        "official": false,
        "confidence": "estimated_from_open_route_geometry_with_known_length_gap",
        "source_id": "osm",
        "source_url": "https://www.openstreetmap.org/relation/156553",
        "source_access_url": "https://hiking.waymarkedtrails.org/api/v1/details/relation/156553",
        "license_status": "open_license_share_alike",
        "source_license": "ODbL",
        "attribution": "OpenStreetMap contributors",
        "last_checked": "2026-05-13",
        "last_generated": "2026-05-14",
        "ai_answer_rule": "Generated mile based on Scout MVP3 Mid-Atlantic open route geometry, not an official ATC mile. Use for source-aware planning only."
      },
      "geometry": {
        "type": "Point",
        "coordinates": [
          -77.494605,
          39.724836
        ]
      }
    },
    {
      "type": "Feature",
      "properties": {
        "trail": "Appalachian Trail",
        "route_id": "at-mvp3-midatlantic-harpers-ferry-delaware-water-gap-open-2026",
        "source_route_id": "at-main-osm-2026-open",
        "mile_nobo_global_est": 1048,
        "mile_nobo_mvp3": 42,
        "mile_sobo_mvp3": 222,
        "state": "PA",
        "milepoint_type": "generated",
        "official": false,
        "confidence": "estimated_from_open_route_geometry_with_known_length_gap",
        "source_id": "osm",
        "source_url": "https://www.openstreetmap.org/relation/156553",
        "source_access_url": "https://hiking.waymarkedtrails.org/api/v1/details/relation/156553",
        "license_status": "open_license_share_alike",
        "source_license": "ODbL",
        "attribution": "OpenStreetMap contributors",
        "last_checked": "2026-05-13",
        "last_generated": "2026-05-14",
        "ai_answer_rule": "Generated mile based on Scout MVP3 Mid-Atlantic open route geometry, not an official ATC mile. Use for source-aware planning only."
      },
      "geometry": {
        "type": "Point",
        "coordinates": [
          -77.488975,
          39.736341
        ]
      }
    },
    {
      "type": "Feature",
      "properties": {
        "trail": "Appalachian Trail",
        "route_id": "at-mvp3-midatlantic-harpers-ferry-delaware-water-gap-open-2026",
        "source_route_id": "at-main-osm-2026-open",
        "mile_nobo_global_est": 1049,
        "mile_nobo_mvp3": 43,
        "mile_sobo_mvp3": 221,
        "state": "PA",
        "milepoint_type": "generated",
        "official": false,
        "confidence": "estimated_from_open_route_geometry_with_known_length_gap",
        "source_id": "osm",
        "source_url": "https://www.openstreetmap.org/relation/156553",
        "source_access_url": "https://hiking.waymarkedtrails.org/api/v1/details/relation/156553",
        "license_status": "open_license_share_alike",
        "source_license": "ODbL",
        "attribution": "OpenStreetMap contributors",
        "last_checked": "2026-05-13",
        "last_generated": "2026-05-14",
        "ai_answer_rule": "Generated mile based on Scout MVP3 Mid-Atlantic open route geometry, not an official ATC mile. Use for source-aware planning only."
      },
      "geometry": {
        "type": "Point",
        "coordinates": [
          -77.490733,
          39.749004
        ]
      }
    },
    {
      "type": "Feature",
      "properties": {
        "trail": "Appalachian Trail",
        "route_id": "at-mvp3-midatlantic-harpers-ferry-delaware-water-gap-open-2026",
        "source_route_id": "at-main-osm-2026-open",
        "mile_nobo_global_est": 1050,
        "mile_nobo_mvp3": 44,
        "mile_sobo_mvp3": 220,
        "state": "PA",
        "milepoint_type": "generated",
        "official": false,
        "confidence": "estimated_from_open_route_geometry_with_known_length_gap",
        "source_id": "osm",
        "source_url": "https://www.openstreetmap.org/relation/156553",
        "source_access_url": "https://hiking.waymarkedtrails.org/api/v1/details/relation/156553",
        "license_status": "open_license_share_alike",
        "source_license": "ODbL",
        "attribution": "OpenStreetMap contributors",
        "last_checked": "2026-05-13",
        "last_generated": "2026-05-14",
        "ai_answer_rule": "Generated mile based on Scout MVP3 Mid-Atlantic open route geometry, not an official ATC mile. Use for source-aware planning only."
      },
      "geometry": {
        "type": "Point",
        "coordinates": [
          -77.488758,
          39.760938
        ]
      }
    },
    {
      "type": "Feature",
      "properties": {
        "trail": "Appalachian Trail",
        "route_id": "at-mvp3-midatlantic-harpers-ferry-delaware-water-gap-open-2026",
        "source_route_id": "at-main-osm-2026-open",
        "mile_nobo_global_est": 1051,
        "mile_nobo_mvp3": 45,
        "mile_sobo_mvp3": 219,
        "state": "PA",
        "milepoint_type": "generated",
        "official": false,
        "confidence": "estimated_from_open_route_geometry_with_known_length_gap",
        "source_id": "osm",
        "source_url": "https://www.openstreetmap.org/relation/156553",
        "source_access_url": "https://hiking.waymarkedtrails.org/api/v1/details/relation/156553",
        "license_status": "open_license_share_alike",
        "source_license": "ODbL",
        "attribution": "OpenStreetMap contributors",
        "last_checked": "2026-05-13",
        "last_generated": "2026-05-14",
        "ai_answer_rule": "Generated mile based on Scout MVP3 Mid-Atlantic open route geometry, not an official ATC mile. Use for source-aware planning only."
      },
      "geometry": {
        "type": "Point",
        "coordinates": [
          -77.479781,
          39.773238
        ]
      }
    },
    {
      "type": "Feature",
      "properties": {
        "trail": "Appalachian Trail",
        "route_id": "at-mvp3-midatlantic-harpers-ferry-delaware-water-gap-open-2026",
        "source_route_id": "at-main-osm-2026-open",
        "mile_nobo_global_est": 1052,
        "mile_nobo_mvp3": 46,
        "mile_sobo_mvp3": 218,
        "state": "PA",
        "milepoint_type": "generated",
        "official": false,
        "confidence": "estimated_from_open_route_geometry_with_known_length_gap",
        "source_id": "osm",
        "source_url": "https://www.openstreetmap.org/relation/156553",
        "source_access_url": "https://hiking.waymarkedtrails.org/api/v1/details/relation/156553",
        "license_status": "open_license_share_alike",
        "source_license": "ODbL",
        "attribution": "OpenStreetMap contributors",
        "last_checked": "2026-05-13",
        "last_generated": "2026-05-14",
        "ai_answer_rule": "Generated mile based on Scout MVP3 Mid-Atlantic open route geometry, not an official ATC mile. Use for source-aware planning only."
      },
      "geometry": {
        "type": "Point",
        "coordinates": [
          -77.482029,
          39.785586
        ]
      }
    },
    {
      "type": "Feature",
      "properties": {
        "trail": "Appalachian Trail",
        "route_id": "at-mvp3-midatlantic-harpers-ferry-delaware-water-gap-open-2026",
        "source_route_id": "at-main-osm-2026-open",
        "mile_nobo_global_est": 1053,
        "mile_nobo_mvp3": 47,
        "mile_sobo_mvp3": 217,
        "state": "PA",
        "milepoint_type": "generated",
        "official": false,
        "confidence": "estimated_from_open_route_geometry_with_known_length_gap",
        "source_id": "osm",
        "source_url": "https://www.openstreetmap.org/relation/156553",
        "source_access_url": "https://hiking.waymarkedtrails.org/api/v1/details/relation/156553",
        "license_status": "open_license_share_alike",
        "source_license": "ODbL",
        "attribution": "OpenStreetMap contributors",
        "last_checked": "2026-05-13",
        "last_generated": "2026-05-14",
        "ai_answer_rule": "Generated mile based on Scout MVP3 Mid-Atlantic open route geometry, not an official ATC mile. Use for source-aware planning only."
      },
      "geometry": {
        "type": "Point",
        "coordinates": [
          -77.480575,
          39.79696
        ]
      }
    },
    {
      "type": "Feature",
      "properties": {
        "trail": "Appalachian Trail",
        "route_id": "at-mvp3-midatlantic-harpers-ferry-delaware-water-gap-open-2026",
        "source_route_id": "at-main-osm-2026-open",
        "mile_nobo_global_est": 1054,
        "mile_nobo_mvp3": 48,
        "mile_sobo_mvp3": 216,
        "state": "PA",
        "milepoint_type": "generated",
        "official": false,
        "confidence": "estimated_from_open_route_geometry_with_known_length_gap",
        "source_id": "osm",
        "source_url": "https://www.openstreetmap.org/relation/156553",
        "source_access_url": "https://hiking.waymarkedtrails.org/api/v1/details/relation/156553",
        "license_status": "open_license_share_alike",
        "source_license": "ODbL",
        "attribution": "OpenStreetMap contributors",
        "last_checked": "2026-05-13",
        "last_generated": "2026-05-14",
        "ai_answer_rule": "Generated mile based on Scout MVP3 Mid-Atlantic open route geometry, not an official ATC mile. Use for source-aware planning only."
      },
      "geometry": {
        "type": "Point",
        "coordinates": [
          -77.477095,
          39.808236
        ]
      }
    },
    {
      "type": "Feature",
      "properties": {
        "trail": "Appalachian Trail",
        "route_id": "at-mvp3-midatlantic-harpers-ferry-delaware-water-gap-open-2026",
        "source_route_id": "at-main-osm-2026-open",
        "mile_nobo_global_est": 1055,
        "mile_nobo_mvp3": 49,
        "mile_sobo_mvp3": 215,
        "state": "PA",
        "milepoint_type": "generated",
        "official": false,
        "confidence": "estimated_from_open_route_geometry_with_known_length_gap",
        "source_id": "osm",
        "source_url": "https://www.openstreetmap.org/relation/156553",
        "source_access_url": "https://hiking.waymarkedtrails.org/api/v1/details/relation/156553",
        "license_status": "open_license_share_alike",
        "source_license": "ODbL",
        "attribution": "OpenStreetMap contributors",
        "last_checked": "2026-05-13",
        "last_generated": "2026-05-14",
        "ai_answer_rule": "Generated mile based on Scout MVP3 Mid-Atlantic open route geometry, not an official ATC mile. Use for source-aware planning only."
      },
      "geometry": {
        "type": "Point",
        "coordinates": [
          -77.472276,
          39.821117
        ]
      }
    },
    {
      "type": "Feature",
      "properties": {
        "trail": "Appalachian Trail",
        "route_id": "at-mvp3-midatlantic-harpers-ferry-delaware-water-gap-open-2026",
        "source_route_id": "at-main-osm-2026-open",
        "mile_nobo_global_est": 1056,
        "mile_nobo_mvp3": 50,
        "mile_sobo_mvp3": 214,
        "state": "PA",
        "milepoint_type": "generated",
        "official": false,
        "confidence": "estimated_from_open_route_geometry_with_known_length_gap",
        "source_id": "osm",
        "source_url": "https://www.openstreetmap.org/relation/156553",
        "source_access_url": "https://hiking.waymarkedtrails.org/api/v1/details/relation/156553",
        "license_status": "open_license_share_alike",
        "source_license": "ODbL",
        "attribution": "OpenStreetMap contributors",
        "last_checked": "2026-05-13",
        "last_generated": "2026-05-14",
        "ai_answer_rule": "Generated mile based on Scout MVP3 Mid-Atlantic open route geometry, not an official ATC mile. Use for source-aware planning only."
      },
      "geometry": {
        "type": "Point",
        "coordinates": [
          -77.48362,
          39.830577
        ]
      }
    },
    {
      "type": "Feature",
      "properties": {
        "trail": "Appalachian Trail",
        "route_id": "at-mvp3-midatlantic-harpers-ferry-delaware-water-gap-open-2026",
        "source_route_id": "at-main-osm-2026-open",
        "mile_nobo_global_est": 1057,
        "mile_nobo_mvp3": 51,
        "mile_sobo_mvp3": 213,
        "state": "PA",
        "milepoint_type": "generated",
        "official": false,
        "confidence": "estimated_from_open_route_geometry_with_known_length_gap",
        "source_id": "osm",
        "source_url": "https://www.openstreetmap.org/relation/156553",
        "source_access_url": "https://hiking.waymarkedtrails.org/api/v1/details/relation/156553",
        "license_status": "open_license_share_alike",
        "source_license": "ODbL",
        "attribution": "OpenStreetMap contributors",
        "last_checked": "2026-05-13",
        "last_generated": "2026-05-14",
        "ai_answer_rule": "Generated mile based on Scout MVP3 Mid-Atlantic open route geometry, not an official ATC mile. Use for source-aware planning only."
      },
      "geometry": {
        "type": "Point",
        "coordinates": [
          -77.497325,
          39.835928
        ]
      }
    },
    {
      "type": "Feature",
      "properties": {
        "trail": "Appalachian Trail",
        "route_id": "at-mvp3-midatlantic-harpers-ferry-delaware-water-gap-open-2026",
        "source_route_id": "at-main-osm-2026-open",
        "mile_nobo_global_est": 1058,
        "mile_nobo_mvp3": 52,
        "mile_sobo_mvp3": 212,
        "state": "PA",
        "milepoint_type": "generated",
        "official": false,
        "confidence": "estimated_from_open_route_geometry_with_known_length_gap",
        "source_id": "osm",
        "source_url": "https://www.openstreetmap.org/relation/156553",
        "source_access_url": "https://hiking.waymarkedtrails.org/api/v1/details/relation/156553",
        "license_status": "open_license_share_alike",
        "source_license": "ODbL",
        "attribution": "OpenStreetMap contributors",
        "last_checked": "2026-05-13",
        "last_generated": "2026-05-14",
        "ai_answer_rule": "Generated mile based on Scout MVP3 Mid-Atlantic open route geometry, not an official ATC mile. Use for source-aware planning only."
      },
      "geometry": {
        "type": "Point",
        "coordinates": [
          -77.505424,
          39.845226
        ]
      }
    },
    {
      "type": "Feature",
      "properties": {
        "trail": "Appalachian Trail",
        "route_id": "at-mvp3-midatlantic-harpers-ferry-delaware-water-gap-open-2026",
        "source_route_id": "at-main-osm-2026-open",
        "mile_nobo_global_est": 1059,
        "mile_nobo_mvp3": 53,
        "mile_sobo_mvp3": 211,
        "state": "PA",
        "milepoint_type": "generated",
        "official": false,
        "confidence": "estimated_from_open_route_geometry_with_known_length_gap",
        "source_id": "osm",
        "source_url": "https://www.openstreetmap.org/relation/156553",
        "source_access_url": "https://hiking.waymarkedtrails.org/api/v1/details/relation/156553",
        "license_status": "open_license_share_alike",
        "source_license": "ODbL",
        "attribution": "OpenStreetMap contributors",
        "last_checked": "2026-05-13",
        "last_generated": "2026-05-14",
        "ai_answer_rule": "Generated mile based on Scout MVP3 Mid-Atlantic open route geometry, not an official ATC mile. Use for source-aware planning only."
      },
      "geometry": {
        "type": "Point",
        "coordinates": [
          -77.509531,
          39.855359
        ]
      }
    },
    {
      "type": "Feature",
      "properties": {
        "trail": "Appalachian Trail",
        "route_id": "at-mvp3-midatlantic-harpers-ferry-delaware-water-gap-open-2026",
        "source_route_id": "at-main-osm-2026-open",
        "mile_nobo_global_est": 1060,
        "mile_nobo_mvp3": 54,
        "mile_sobo_mvp3": 210,
        "state": "PA",
        "milepoint_type": "generated",
        "official": false,
        "confidence": "estimated_from_open_route_geometry_with_known_length_gap",
        "source_id": "osm",
        "source_url": "https://www.openstreetmap.org/relation/156553",
        "source_access_url": "https://hiking.waymarkedtrails.org/api/v1/details/relation/156553",
        "license_status": "open_license_share_alike",
        "source_license": "ODbL",
        "attribution": "OpenStreetMap contributors",
        "last_checked": "2026-05-13",
        "last_generated": "2026-05-14",
        "ai_answer_rule": "Generated mile based on Scout MVP3 Mid-Atlantic open route geometry, not an official ATC mile. Use for source-aware planning only."
      },
      "geometry": {
        "type": "Point",
        "coordinates": [
          -77.502179,
          39.868049
        ]
      }
    },
    {
      "type": "Feature",
      "properties": {
        "trail": "Appalachian Trail",
        "route_id": "at-mvp3-midatlantic-harpers-ferry-delaware-water-gap-open-2026",
        "source_route_id": "at-main-osm-2026-open",
        "mile_nobo_global_est": 1061,
        "mile_nobo_mvp3": 55,
        "mile_sobo_mvp3": 209,
        "state": "PA",
        "milepoint_type": "generated",
        "official": false,
        "confidence": "estimated_from_open_route_geometry_with_known_length_gap",
        "source_id": "osm",
        "source_url": "https://www.openstreetmap.org/relation/156553",
        "source_access_url": "https://hiking.waymarkedtrails.org/api/v1/details/relation/156553",
        "license_status": "open_license_share_alike",
        "source_license": "ODbL",
        "attribution": "OpenStreetMap contributors",
        "last_checked": "2026-05-13",
        "last_generated": "2026-05-14",
        "ai_answer_rule": "Generated mile based on Scout MVP3 Mid-Atlantic open route geometry, not an official ATC mile. Use for source-aware planning only."
      },
      "geometry": {
        "type": "Point",
        "coordinates": [
          -77.497844,
          39.881449
        ]
      }
    },
    {
      "type": "Feature",
      "properties": {
        "trail": "Appalachian Trail",
        "route_id": "at-mvp3-midatlantic-harpers-ferry-delaware-water-gap-open-2026",
        "source_route_id": "at-main-osm-2026-open",
        "mile_nobo_global_est": 1062,
        "mile_nobo_mvp3": 56,
        "mile_sobo_mvp3": 208,
        "state": "PA",
        "milepoint_type": "generated",
        "official": false,
        "confidence": "estimated_from_open_route_geometry_with_known_length_gap",
        "source_id": "osm",
        "source_url": "https://www.openstreetmap.org/relation/156553",
        "source_access_url": "https://hiking.waymarkedtrails.org/api/v1/details/relation/156553",
        "license_status": "open_license_share_alike",
        "source_license": "ODbL",
        "attribution": "OpenStreetMap contributors",
        "last_checked": "2026-05-13",
        "last_generated": "2026-05-14",
        "ai_answer_rule": "Generated mile based on Scout MVP3 Mid-Atlantic open route geometry, not an official ATC mile. Use for source-aware planning only."
      },
      "geometry": {
        "type": "Point",
        "coordinates": [
          -77.491037,
          39.893332
        ]
      }
    },
    {
      "type": "Feature",
      "properties": {
        "trail": "Appalachian Trail",
        "route_id": "at-mvp3-midatlantic-harpers-ferry-delaware-water-gap-open-2026",
        "source_route_id": "at-main-osm-2026-open",
        "mile_nobo_global_est": 1063,
        "mile_nobo_mvp3": 57,
        "mile_sobo_mvp3": 207,
        "state": "PA",
        "milepoint_type": "generated",
        "official": false,
        "confidence": "estimated_from_open_route_geometry_with_known_length_gap",
        "source_id": "osm",
        "source_url": "https://www.openstreetmap.org/relation/156553",
        "source_access_url": "https://hiking.waymarkedtrails.org/api/v1/details/relation/156553",
        "license_status": "open_license_share_alike",
        "source_license": "ODbL",
        "attribution": "OpenStreetMap contributors",
        "last_checked": "2026-05-13",
        "last_generated": "2026-05-14",
        "ai_answer_rule": "Generated mile based on Scout MVP3 Mid-Atlantic open route geometry, not an official ATC mile. Use for source-aware planning only."
      },
      "geometry": {
        "type": "Point",
        "coordinates": [
          -77.48907,
          39.906683
        ]
      }
    },
    {
      "type": "Feature",
      "properties": {
        "trail": "Appalachian Trail",
        "route_id": "at-mvp3-midatlantic-harpers-ferry-delaware-water-gap-open-2026",
        "source_route_id": "at-main-osm-2026-open",
        "mile_nobo_global_est": 1064,
        "mile_nobo_mvp3": 58,
        "mile_sobo_mvp3": 206,
        "state": "PA",
        "milepoint_type": "generated",
        "official": false,
        "confidence": "estimated_from_open_route_geometry_with_known_length_gap",
        "source_id": "osm",
        "source_url": "https://www.openstreetmap.org/relation/156553",
        "source_access_url": "https://hiking.waymarkedtrails.org/api/v1/details/relation/156553",
        "license_status": "open_license_share_alike",
        "source_license": "ODbL",
        "attribution": "OpenStreetMap contributors",
        "last_checked": "2026-05-13",
        "last_generated": "2026-05-14",
        "ai_answer_rule": "Generated mile based on Scout MVP3 Mid-Atlantic open route geometry, not an official ATC mile. Use for source-aware planning only."
      },
      "geometry": {
        "type": "Point",
        "coordinates": [
          -77.488057,
          39.914664
        ]
      }
    },
    {
      "type": "Feature",
      "properties": {
        "trail": "Appalachian Trail",
        "route_id": "at-mvp3-midatlantic-harpers-ferry-delaware-water-gap-open-2026",
        "source_route_id": "at-main-osm-2026-open",
        "mile_nobo_global_est": 1065,
        "mile_nobo_mvp3": 59,
        "mile_sobo_mvp3": 205,
        "state": "PA",
        "milepoint_type": "generated",
        "official": false,
        "confidence": "estimated_from_open_route_geometry_with_known_length_gap",
        "source_id": "osm",
        "source_url": "https://www.openstreetmap.org/relation/156553",
        "source_access_url": "https://hiking.waymarkedtrails.org/api/v1/details/relation/156553",
        "license_status": "open_license_share_alike",
        "source_license": "ODbL",
        "attribution": "OpenStreetMap contributors",
        "last_checked": "2026-05-13",
        "last_generated": "2026-05-14",
        "ai_answer_rule": "Generated mile based on Scout MVP3 Mid-Atlantic open route geometry, not an official ATC mile. Use for source-aware planning only."
      },
      "geometry": {
        "type": "Point",
        "coordinates": [
          -77.482402,
          39.927066
        ]
      }
    },
    {
      "type": "Feature",
      "properties": {
        "trail": "Appalachian Trail",
        "route_id": "at-mvp3-midatlantic-harpers-ferry-delaware-water-gap-open-2026",
        "source_route_id": "at-main-osm-2026-open",
        "mile_nobo_global_est": 1066,
        "mile_nobo_mvp3": 60,
        "mile_sobo_mvp3": 204,
        "state": "PA",
        "milepoint_type": "generated",
        "official": false,
        "confidence": "estimated_from_open_route_geometry_with_known_length_gap",
        "source_id": "osm",
        "source_url": "https://www.openstreetmap.org/relation/156553",
        "source_access_url": "https://hiking.waymarkedtrails.org/api/v1/details/relation/156553",
        "license_status": "open_license_share_alike",
        "source_license": "ODbL",
        "attribution": "OpenStreetMap contributors",
        "last_checked": "2026-05-13",
        "last_generated": "2026-05-14",
        "ai_answer_rule": "Generated mile based on Scout MVP3 Mid-Atlantic open route geometry, not an official ATC mile. Use for source-aware planning only."
      },
      "geometry": {
        "type": "Point",
        "coordinates": [
          -77.484579,
          39.938629
        ]
      }
    },
    {
      "type": "Feature",
      "properties": {
        "trail": "Appalachian Trail",
        "route_id": "at-mvp3-midatlantic-harpers-ferry-delaware-water-gap-open-2026",
        "source_route_id": "at-main-osm-2026-open",
        "mile_nobo_global_est": 1067,
        "mile_nobo_mvp3": 61,
        "mile_sobo_mvp3": 203,
        "state": "PA",
        "milepoint_type": "generated",
        "official": false,
        "confidence": "estimated_from_open_route_geometry_with_known_length_gap",
        "source_id": "osm",
        "source_url": "https://www.openstreetmap.org/relation/156553",
        "source_access_url": "https://hiking.waymarkedtrails.org/api/v1/details/relation/156553",
        "license_status": "open_license_share_alike",
        "source_license": "ODbL",
        "attribution": "OpenStreetMap contributors",
        "last_checked": "2026-05-13",
        "last_generated": "2026-05-14",
        "ai_answer_rule": "Generated mile based on Scout MVP3 Mid-Atlantic open route geometry, not an official ATC mile. Use for source-aware planning only."
      },
      "geometry": {
        "type": "Point",
        "coordinates": [
          -77.489703,
          39.949521
        ]
      }
    },
    {
      "type": "Feature",
      "properties": {
        "trail": "Appalachian Trail",
        "route_id": "at-mvp3-midatlantic-harpers-ferry-delaware-water-gap-open-2026",
        "source_route_id": "at-main-osm-2026-open",
        "mile_nobo_global_est": 1068,
        "mile_nobo_mvp3": 62,
        "mile_sobo_mvp3": 202,
        "state": "PA",
        "milepoint_type": "generated",
        "official": false,
        "confidence": "estimated_from_open_route_geometry_with_known_length_gap",
        "source_id": "osm",
        "source_url": "https://www.openstreetmap.org/relation/156553",
        "source_access_url": "https://hiking.waymarkedtrails.org/api/v1/details/relation/156553",
        "license_status": "open_license_share_alike",
        "source_license": "ODbL",
        "attribution": "OpenStreetMap contributors",
        "last_checked": "2026-05-13",
        "last_generated": "2026-05-14",
        "ai_answer_rule": "Generated mile based on Scout MVP3 Mid-Atlantic open route geometry, not an official ATC mile. Use for source-aware planning only."
      },
      "geometry": {
        "type": "Point",
        "coordinates": [
          -77.48224,
          39.96018
        ]
      }
    },
    {
      "type": "Feature",
      "properties": {
        "trail": "Appalachian Trail",
        "route_id": "at-mvp3-midatlantic-harpers-ferry-delaware-water-gap-open-2026",
        "source_route_id": "at-main-osm-2026-open",
        "mile_nobo_global_est": 1069,
        "mile_nobo_mvp3": 63,
        "mile_sobo_mvp3": 201,
        "state": "PA",
        "milepoint_type": "generated",
        "official": false,
        "confidence": "estimated_from_open_route_geometry_with_known_length_gap",
        "source_id": "osm",
        "source_url": "https://www.openstreetmap.org/relation/156553",
        "source_access_url": "https://hiking.waymarkedtrails.org/api/v1/details/relation/156553",
        "license_status": "open_license_share_alike",
        "source_license": "ODbL",
        "attribution": "OpenStreetMap contributors",
        "last_checked": "2026-05-13",
        "last_generated": "2026-05-14",
        "ai_answer_rule": "Generated mile based on Scout MVP3 Mid-Atlantic open route geometry, not an official ATC mile. Use for source-aware planning only."
      },
      "geometry": {
        "type": "Point",
        "coordinates": [
          -77.472437,
          39.971423
        ]
      }
    },
    {
      "type": "Feature",
      "properties": {
        "trail": "Appalachian Trail",
        "route_id": "at-mvp3-midatlantic-harpers-ferry-delaware-water-gap-open-2026",
        "source_route_id": "at-main-osm-2026-open",
        "mile_nobo_global_est": 1070,
        "mile_nobo_mvp3": 64,
        "mile_sobo_mvp3": 200,
        "state": "PA",
        "milepoint_type": "generated",
        "official": false,
        "confidence": "estimated_from_open_route_geometry_with_known_length_gap",
        "source_id": "osm",
        "source_url": "https://www.openstreetmap.org/relation/156553",
        "source_access_url": "https://hiking.waymarkedtrails.org/api/v1/details/relation/156553",
        "license_status": "open_license_share_alike",
        "source_license": "ODbL",
        "attribution": "OpenStreetMap contributors",
        "last_checked": "2026-05-13",
        "last_generated": "2026-05-14",
        "ai_answer_rule": "Generated mile based on Scout MVP3 Mid-Atlantic open route geometry, not an official ATC mile. Use for source-aware planning only."
      },
      "geometry": {
        "type": "Point",
        "coordinates": [
          -77.456506,
          39.976479
        ]
      }
    },
    {
      "type": "Feature",
      "properties": {
        "trail": "Appalachian Trail",
        "route_id": "at-mvp3-midatlantic-harpers-ferry-delaware-water-gap-open-2026",
        "source_route_id": "at-main-osm-2026-open",
        "mile_nobo_global_est": 1071,
        "mile_nobo_mvp3": 65,
        "mile_sobo_mvp3": 199,
        "state": "PA",
        "milepoint_type": "generated",
        "official": false,
        "confidence": "estimated_from_open_route_geometry_with_known_length_gap",
        "source_id": "osm",
        "source_url": "https://www.openstreetmap.org/relation/156553",
        "source_access_url": "https://hiking.waymarkedtrails.org/api/v1/details/relation/156553",
        "license_status": "open_license_share_alike",
        "source_license": "ODbL",
        "attribution": "OpenStreetMap contributors",
        "last_checked": "2026-05-13",
        "last_generated": "2026-05-14",
        "ai_answer_rule": "Generated mile based on Scout MVP3 Mid-Atlantic open route geometry, not an official ATC mile. Use for source-aware planning only."
      },
      "geometry": {
        "type": "Point",
        "coordinates": [
          -77.442046,
          39.974329
        ]
      }
    },
    {
      "type": "Feature",
      "properties": {
        "trail": "Appalachian Trail",
        "route_id": "at-mvp3-midatlantic-harpers-ferry-delaware-water-gap-open-2026",
        "source_route_id": "at-main-osm-2026-open",
        "mile_nobo_global_est": 1072,
        "mile_nobo_mvp3": 66,
        "mile_sobo_mvp3": 198,
        "state": "PA",
        "milepoint_type": "generated",
        "official": false,
        "confidence": "estimated_from_open_route_geometry_with_known_length_gap",
        "source_id": "osm",
        "source_url": "https://www.openstreetmap.org/relation/156553",
        "source_access_url": "https://hiking.waymarkedtrails.org/api/v1/details/relation/156553",
        "license_status": "open_license_share_alike",
        "source_license": "ODbL",
        "attribution": "OpenStreetMap contributors",
        "last_checked": "2026-05-13",
        "last_generated": "2026-05-14",
        "ai_answer_rule": "Generated mile based on Scout MVP3 Mid-Atlantic open route geometry, not an official ATC mile. Use for source-aware planning only."
      },
      "geometry": {
        "type": "Point",
        "coordinates": [
          -77.428787,
          39.98363
        ]
      }
    },
    {
      "type": "Feature",
      "properties": {
        "trail": "Appalachian Trail",
        "route_id": "at-mvp3-midatlantic-harpers-ferry-delaware-water-gap-open-2026",
        "source_route_id": "at-main-osm-2026-open",
        "mile_nobo_global_est": 1073,
        "mile_nobo_mvp3": 67,
        "mile_sobo_mvp3": 197,
        "state": "PA",
        "milepoint_type": "generated",
        "official": false,
        "confidence": "estimated_from_open_route_geometry_with_known_length_gap",
        "source_id": "osm",
        "source_url": "https://www.openstreetmap.org/relation/156553",
        "source_access_url": "https://hiking.waymarkedtrails.org/api/v1/details/relation/156553",
        "license_status": "open_license_share_alike",
        "source_license": "ODbL",
        "attribution": "OpenStreetMap contributors",
        "last_checked": "2026-05-13",
        "last_generated": "2026-05-14",
        "ai_answer_rule": "Generated mile based on Scout MVP3 Mid-Atlantic open route geometry, not an official ATC mile. Use for source-aware planning only."
      },
      "geometry": {
        "type": "Point",
        "coordinates": [
          -77.414424,
          39.988831
        ]
      }
    },
    {
      "type": "Feature",
      "properties": {
        "trail": "Appalachian Trail",
        "route_id": "at-mvp3-midatlantic-harpers-ferry-delaware-water-gap-open-2026",
        "source_route_id": "at-main-osm-2026-open",
        "mile_nobo_global_est": 1074,
        "mile_nobo_mvp3": 68,
        "mile_sobo_mvp3": 196,
        "state": "PA",
        "milepoint_type": "generated",
        "official": false,
        "confidence": "estimated_from_open_route_geometry_with_known_length_gap",
        "source_id": "osm",
        "source_url": "https://www.openstreetmap.org/relation/156553",
        "source_access_url": "https://hiking.waymarkedtrails.org/api/v1/details/relation/156553",
        "license_status": "open_license_share_alike",
        "source_license": "ODbL",
        "attribution": "OpenStreetMap contributors",
        "last_checked": "2026-05-13",
        "last_generated": "2026-05-14",
        "ai_answer_rule": "Generated mile based on Scout MVP3 Mid-Atlantic open route geometry, not an official ATC mile. Use for source-aware planning only."
      },
      "geometry": {
        "type": "Point",
        "coordinates": [
          -77.405054,
          39.999419
        ]
      }
    },
    {
      "type": "Feature",
      "properties": {
        "trail": "Appalachian Trail",
        "route_id": "at-mvp3-midatlantic-harpers-ferry-delaware-water-gap-open-2026",
        "source_route_id": "at-main-osm-2026-open",
        "mile_nobo_global_est": 1075,
        "mile_nobo_mvp3": 69,
        "mile_sobo_mvp3": 195,
        "state": "PA",
        "milepoint_type": "generated",
        "official": false,
        "confidence": "estimated_from_open_route_geometry_with_known_length_gap",
        "source_id": "osm",
        "source_url": "https://www.openstreetmap.org/relation/156553",
        "source_access_url": "https://hiking.waymarkedtrails.org/api/v1/details/relation/156553",
        "license_status": "open_license_share_alike",
        "source_license": "ODbL",
        "attribution": "OpenStreetMap contributors",
        "last_checked": "2026-05-13",
        "last_generated": "2026-05-14",
        "ai_answer_rule": "Generated mile based on Scout MVP3 Mid-Atlantic open route geometry, not an official ATC mile. Use for source-aware planning only."
      },
      "geometry": {
        "type": "Point",
        "coordinates": [
          -77.393027,
          40.009234
        ]
      }
    },
    {
      "type": "Feature",
      "properties": {
        "trail": "Appalachian Trail",
        "route_id": "at-mvp3-midatlantic-harpers-ferry-delaware-water-gap-open-2026",
        "source_route_id": "at-main-osm-2026-open",
        "mile_nobo_global_est": 1076,
        "mile_nobo_mvp3": 70,
        "mile_sobo_mvp3": 194,
        "state": "PA",
        "milepoint_type": "generated",
        "official": false,
        "confidence": "estimated_from_open_route_geometry_with_known_length_gap",
        "source_id": "osm",
        "source_url": "https://www.openstreetmap.org/relation/156553",
        "source_access_url": "https://hiking.waymarkedtrails.org/api/v1/details/relation/156553",
        "license_status": "open_license_share_alike",
        "source_license": "ODbL",
        "attribution": "OpenStreetMap contributors",
        "last_checked": "2026-05-13",
        "last_generated": "2026-05-14",
        "ai_answer_rule": "Generated mile based on Scout MVP3 Mid-Atlantic open route geometry, not an official ATC mile. Use for source-aware planning only."
      },
      "geometry": {
        "type": "Point",
        "coordinates": [
          -77.380616,
          40.015686
        ]
      }
    },
    {
      "type": "Feature",
      "properties": {
        "trail": "Appalachian Trail",
        "route_id": "at-mvp3-midatlantic-harpers-ferry-delaware-water-gap-open-2026",
        "source_route_id": "at-main-osm-2026-open",
        "mile_nobo_global_est": 1077,
        "mile_nobo_mvp3": 71,
        "mile_sobo_mvp3": 193,
        "state": "PA",
        "milepoint_type": "generated",
        "official": false,
        "confidence": "estimated_from_open_route_geometry_with_known_length_gap",
        "source_id": "osm",
        "source_url": "https://www.openstreetmap.org/relation/156553",
        "source_access_url": "https://hiking.waymarkedtrails.org/api/v1/details/relation/156553",
        "license_status": "open_license_share_alike",
        "source_license": "ODbL",
        "attribution": "OpenStreetMap contributors",
        "last_checked": "2026-05-13",
        "last_generated": "2026-05-14",
        "ai_answer_rule": "Generated mile based on Scout MVP3 Mid-Atlantic open route geometry, not an official ATC mile. Use for source-aware planning only."
      },
      "geometry": {
        "type": "Point",
        "coordinates": [
          -77.372964,
          40.025766
        ]
      }
    },
    {
      "type": "Feature",
      "properties": {
        "trail": "Appalachian Trail",
        "route_id": "at-mvp3-midatlantic-harpers-ferry-delaware-water-gap-open-2026",
        "source_route_id": "at-main-osm-2026-open",
        "mile_nobo_global_est": 1078,
        "mile_nobo_mvp3": 72,
        "mile_sobo_mvp3": 192,
        "state": "PA",
        "milepoint_type": "generated",
        "official": false,
        "confidence": "estimated_from_open_route_geometry_with_known_length_gap",
        "source_id": "osm",
        "source_url": "https://www.openstreetmap.org/relation/156553",
        "source_access_url": "https://hiking.waymarkedtrails.org/api/v1/details/relation/156553",
        "license_status": "open_license_share_alike",
        "source_license": "ODbL",
        "attribution": "OpenStreetMap contributors",
        "last_checked": "2026-05-13",
        "last_generated": "2026-05-14",
        "ai_answer_rule": "Generated mile based on Scout MVP3 Mid-Atlantic open route geometry, not an official ATC mile. Use for source-aware planning only."
      },
      "geometry": {
        "type": "Point",
        "coordinates": [
          -77.359817,
          40.027719
        ]
      }
    },
    {
      "type": "Feature",
      "properties": {
        "trail": "Appalachian Trail",
        "route_id": "at-mvp3-midatlantic-harpers-ferry-delaware-water-gap-open-2026",
        "source_route_id": "at-main-osm-2026-open",
        "mile_nobo_global_est": 1079,
        "mile_nobo_mvp3": 73,
        "mile_sobo_mvp3": 191,
        "state": "PA",
        "milepoint_type": "generated",
        "official": false,
        "confidence": "estimated_from_open_route_geometry_with_known_length_gap",
        "source_id": "osm",
        "source_url": "https://www.openstreetmap.org/relation/156553",
        "source_access_url": "https://hiking.waymarkedtrails.org/api/v1/details/relation/156553",
        "license_status": "open_license_share_alike",
        "source_license": "ODbL",
        "attribution": "OpenStreetMap contributors",
        "last_checked": "2026-05-13",
        "last_generated": "2026-05-14",
        "ai_answer_rule": "Generated mile based on Scout MVP3 Mid-Atlantic open route geometry, not an official ATC mile. Use for source-aware planning only."
      },
      "geometry": {
        "type": "Point",
        "coordinates": [
          -77.353179,
          40.037673
        ]
      }
    },
    {
      "type": "Feature",
      "properties": {
        "trail": "Appalachian Trail",
        "route_id": "at-mvp3-midatlantic-harpers-ferry-delaware-water-gap-open-2026",
        "source_route_id": "at-main-osm-2026-open",
        "mile_nobo_global_est": 1080,
        "mile_nobo_mvp3": 74,
        "mile_sobo_mvp3": 190,
        "state": "PA",
        "milepoint_type": "generated",
        "official": false,
        "confidence": "estimated_from_open_route_geometry_with_known_length_gap",
        "source_id": "osm",
        "source_url": "https://www.openstreetmap.org/relation/156553",
        "source_access_url": "https://hiking.waymarkedtrails.org/api/v1/details/relation/156553",
        "license_status": "open_license_share_alike",
        "source_license": "ODbL",
        "attribution": "OpenStreetMap contributors",
        "last_checked": "2026-05-13",
        "last_generated": "2026-05-14",
        "ai_answer_rule": "Generated mile based on Scout MVP3 Mid-Atlantic open route geometry, not an official ATC mile. Use for source-aware planning only."
      },
      "geometry": {
        "type": "Point",
        "coordinates": [
          -77.335991,
          40.039352
        ]
      }
    },
    {
      "type": "Feature",
      "properties": {
        "trail": "Appalachian Trail",
        "route_id": "at-mvp3-midatlantic-harpers-ferry-delaware-water-gap-open-2026",
        "source_route_id": "at-main-osm-2026-open",
        "mile_nobo_global_est": 1081,
        "mile_nobo_mvp3": 75,
        "mile_sobo_mvp3": 189,
        "state": "PA",
        "milepoint_type": "generated",
        "official": false,
        "confidence": "estimated_from_open_route_geometry_with_known_length_gap",
        "source_id": "osm",
        "source_url": "https://www.openstreetmap.org/relation/156553",
        "source_access_url": "https://hiking.waymarkedtrails.org/api/v1/details/relation/156553",
        "license_status": "open_license_share_alike",
        "source_license": "ODbL",
        "attribution": "OpenStreetMap contributors",
        "last_checked": "2026-05-13",
        "last_generated": "2026-05-14",
        "ai_answer_rule": "Generated mile based on Scout MVP3 Mid-Atlantic open route geometry, not an official ATC mile. Use for source-aware planning only."
      },
      "geometry": {
        "type": "Point",
        "coordinates": [
          -77.321184,
          40.035088
        ]
      }
    },
    {
      "type": "Feature",
      "properties": {
        "trail": "Appalachian Trail",
        "route_id": "at-mvp3-midatlantic-harpers-ferry-delaware-water-gap-open-2026",
        "source_route_id": "at-main-osm-2026-open",
        "mile_nobo_global_est": 1082,
        "mile_nobo_mvp3": 76,
        "mile_sobo_mvp3": 188,
        "state": "PA",
        "milepoint_type": "generated",
        "official": false,
        "confidence": "estimated_from_open_route_geometry_with_known_length_gap",
        "source_id": "osm",
        "source_url": "https://www.openstreetmap.org/relation/156553",
        "source_access_url": "https://hiking.waymarkedtrails.org/api/v1/details/relation/156553",
        "license_status": "open_license_share_alike",
        "source_license": "ODbL",
        "attribution": "OpenStreetMap contributors",
        "last_checked": "2026-05-13",
        "last_generated": "2026-05-14",
        "ai_answer_rule": "Generated mile based on Scout MVP3 Mid-Atlantic open route geometry, not an official ATC mile. Use for source-aware planning only."
      },
      "geometry": {
        "type": "Point",
        "coordinates": [
          -77.308734,
          40.031775
        ]
      }
    },
    {
      "type": "Feature",
      "properties": {
        "trail": "Appalachian Trail",
        "route_id": "at-mvp3-midatlantic-harpers-ferry-delaware-water-gap-open-2026",
        "source_route_id": "at-main-osm-2026-open",
        "mile_nobo_global_est": 1083,
        "mile_nobo_mvp3": 77,
        "mile_sobo_mvp3": 187,
        "state": "PA",
        "milepoint_type": "generated",
        "official": false,
        "confidence": "estimated_from_open_route_geometry_with_known_length_gap",
        "source_id": "osm",
        "source_url": "https://www.openstreetmap.org/relation/156553",
        "source_access_url": "https://hiking.waymarkedtrails.org/api/v1/details/relation/156553",
        "license_status": "open_license_share_alike",
        "source_license": "ODbL",
        "attribution": "OpenStreetMap contributors",
        "last_checked": "2026-05-13",
        "last_generated": "2026-05-14",
        "ai_answer_rule": "Generated mile based on Scout MVP3 Mid-Atlantic open route geometry, not an official ATC mile. Use for source-aware planning only."
      },
      "geometry": {
        "type": "Point",
        "coordinates": [
          -77.293326,
          40.028831
        ]
      }
    },
    {
      "type": "Feature",
      "properties": {
        "trail": "Appalachian Trail",
        "route_id": "at-mvp3-midatlantic-harpers-ferry-delaware-water-gap-open-2026",
        "source_route_id": "at-main-osm-2026-open",
        "mile_nobo_global_est": 1084,
        "mile_nobo_mvp3": 78,
        "mile_sobo_mvp3": 186,
        "state": "PA",
        "milepoint_type": "generated",
        "official": false,
        "confidence": "estimated_from_open_route_geometry_with_known_length_gap",
        "source_id": "osm",
        "source_url": "https://www.openstreetmap.org/relation/156553",
        "source_access_url": "https://hiking.waymarkedtrails.org/api/v1/details/relation/156553",
        "license_status": "open_license_share_alike",
        "source_license": "ODbL",
        "attribution": "OpenStreetMap contributors",
        "last_checked": "2026-05-13",
        "last_generated": "2026-05-14",
        "ai_answer_rule": "Generated mile based on Scout MVP3 Mid-Atlantic open route geometry, not an official ATC mile. Use for source-aware planning only."
      },
      "geometry": {
        "type": "Point",
        "coordinates": [
          -77.278656,
          40.027412
        ]
      }
    },
    {
      "type": "Feature",
      "properties": {
        "trail": "Appalachian Trail",
        "route_id": "at-mvp3-midatlantic-harpers-ferry-delaware-water-gap-open-2026",
        "source_route_id": "at-main-osm-2026-open",
        "mile_nobo_global_est": 1085,
        "mile_nobo_mvp3": 79,
        "mile_sobo_mvp3": 185,
        "state": "PA",
        "milepoint_type": "generated",
        "official": false,
        "confidence": "estimated_from_open_route_geometry_with_known_length_gap",
        "source_id": "osm",
        "source_url": "https://www.openstreetmap.org/relation/156553",
        "source_access_url": "https://hiking.waymarkedtrails.org/api/v1/details/relation/156553",
        "license_status": "open_license_share_alike",
        "source_license": "ODbL",
        "attribution": "OpenStreetMap contributors",
        "last_checked": "2026-05-13",
        "last_generated": "2026-05-14",
        "ai_answer_rule": "Generated mile based on Scout MVP3 Mid-Atlantic open route geometry, not an official ATC mile. Use for source-aware planning only."
      },
      "geometry": {
        "type": "Point",
        "coordinates": [
          -77.261051,
          40.029808
        ]
      }
    },
    {
      "type": "Feature",
      "properties": {
        "trail": "Appalachian Trail",
        "route_id": "at-mvp3-midatlantic-harpers-ferry-delaware-water-gap-open-2026",
        "source_route_id": "at-main-osm-2026-open",
        "mile_nobo_global_est": 1086,
        "mile_nobo_mvp3": 80,
        "mile_sobo_mvp3": 184,
        "state": "PA",
        "milepoint_type": "generated",
        "official": false,
        "confidence": "estimated_from_open_route_geometry_with_known_length_gap",
        "source_id": "osm",
        "source_url": "https://www.openstreetmap.org/relation/156553",
        "source_access_url": "https://hiking.waymarkedtrails.org/api/v1/details/relation/156553",
        "license_status": "open_license_share_alike",
        "source_license": "ODbL",
        "attribution": "OpenStreetMap contributors",
        "last_checked": "2026-05-13",
        "last_generated": "2026-05-14",
        "ai_answer_rule": "Generated mile based on Scout MVP3 Mid-Atlantic open route geometry, not an official ATC mile. Use for source-aware planning only."
      },
      "geometry": {
        "type": "Point",
        "coordinates": [
          -77.248202,
          40.033863
        ]
      }
    },
    {
      "type": "Feature",
      "properties": {
        "trail": "Appalachian Trail",
        "route_id": "at-mvp3-midatlantic-harpers-ferry-delaware-water-gap-open-2026",
        "source_route_id": "at-main-osm-2026-open",
        "mile_nobo_global_est": 1087,
        "mile_nobo_mvp3": 81,
        "mile_sobo_mvp3": 183,
        "state": "PA",
        "milepoint_type": "generated",
        "official": false,
        "confidence": "estimated_from_open_route_geometry_with_known_length_gap",
        "source_id": "osm",
        "source_url": "https://www.openstreetmap.org/relation/156553",
        "source_access_url": "https://hiking.waymarkedtrails.org/api/v1/details/relation/156553",
        "license_status": "open_license_share_alike",
        "source_license": "ODbL",
        "attribution": "OpenStreetMap contributors",
        "last_checked": "2026-05-13",
        "last_generated": "2026-05-14",
        "ai_answer_rule": "Generated mile based on Scout MVP3 Mid-Atlantic open route geometry, not an official ATC mile. Use for source-aware planning only."
      },
      "geometry": {
        "type": "Point",
        "coordinates": [
          -77.236597,
          40.04418
        ]
      }
    },
    {
      "type": "Feature",
      "properties": {
        "trail": "Appalachian Trail",
        "route_id": "at-mvp3-midatlantic-harpers-ferry-delaware-water-gap-open-2026",
        "source_route_id": "at-main-osm-2026-open",
        "mile_nobo_global_est": 1088,
        "mile_nobo_mvp3": 82,
        "mile_sobo_mvp3": 182,
        "state": "PA",
        "milepoint_type": "generated",
        "official": false,
        "confidence": "estimated_from_open_route_geometry_with_known_length_gap",
        "source_id": "osm",
        "source_url": "https://www.openstreetmap.org/relation/156553",
        "source_access_url": "https://hiking.waymarkedtrails.org/api/v1/details/relation/156553",
        "license_status": "open_license_share_alike",
        "source_license": "ODbL",
        "attribution": "OpenStreetMap contributors",
        "last_checked": "2026-05-13",
        "last_generated": "2026-05-14",
        "ai_answer_rule": "Generated mile based on Scout MVP3 Mid-Atlantic open route geometry, not an official ATC mile. Use for source-aware planning only."
      },
      "geometry": {
        "type": "Point",
        "coordinates": [
          -77.225,
          40.054857
        ]
      }
    },
    {
      "type": "Feature",
      "properties": {
        "trail": "Appalachian Trail",
        "route_id": "at-mvp3-midatlantic-harpers-ferry-delaware-water-gap-open-2026",
        "source_route_id": "at-main-osm-2026-open",
        "mile_nobo_global_est": 1089,
        "mile_nobo_mvp3": 83,
        "mile_sobo_mvp3": 181,
        "state": "PA",
        "milepoint_type": "generated",
        "official": false,
        "confidence": "estimated_from_open_route_geometry_with_known_length_gap",
        "source_id": "osm",
        "source_url": "https://www.openstreetmap.org/relation/156553",
        "source_access_url": "https://hiking.waymarkedtrails.org/api/v1/details/relation/156553",
        "license_status": "open_license_share_alike",
        "source_license": "ODbL",
        "attribution": "OpenStreetMap contributors",
        "last_checked": "2026-05-13",
        "last_generated": "2026-05-14",
        "ai_answer_rule": "Generated mile based on Scout MVP3 Mid-Atlantic open route geometry, not an official ATC mile. Use for source-aware planning only."
      },
      "geometry": {
        "type": "Point",
        "coordinates": [
          -77.21282,
          40.064502
        ]
      }
    },
    {
      "type": "Feature",
      "properties": {
        "trail": "Appalachian Trail",
        "route_id": "at-mvp3-midatlantic-harpers-ferry-delaware-water-gap-open-2026",
        "source_route_id": "at-main-osm-2026-open",
        "mile_nobo_global_est": 1090,
        "mile_nobo_mvp3": 84,
        "mile_sobo_mvp3": 180,
        "state": "PA",
        "milepoint_type": "generated",
        "official": false,
        "confidence": "estimated_from_open_route_geometry_with_known_length_gap",
        "source_id": "osm",
        "source_url": "https://www.openstreetmap.org/relation/156553",
        "source_access_url": "https://hiking.waymarkedtrails.org/api/v1/details/relation/156553",
        "license_status": "open_license_share_alike",
        "source_license": "ODbL",
        "attribution": "OpenStreetMap contributors",
        "last_checked": "2026-05-13",
        "last_generated": "2026-05-14",
        "ai_answer_rule": "Generated mile based on Scout MVP3 Mid-Atlantic open route geometry, not an official ATC mile. Use for source-aware planning only."
      },
      "geometry": {
        "type": "Point",
        "coordinates": [
          -77.20194,
          40.073424
        ]
      }
    },
    {
      "type": "Feature",
      "properties": {
        "trail": "Appalachian Trail",
        "route_id": "at-mvp3-midatlantic-harpers-ferry-delaware-water-gap-open-2026",
        "source_route_id": "at-main-osm-2026-open",
        "mile_nobo_global_est": 1091,
        "mile_nobo_mvp3": 85,
        "mile_sobo_mvp3": 179,
        "state": "PA",
        "milepoint_type": "generated",
        "official": false,
        "confidence": "estimated_from_open_route_geometry_with_known_length_gap",
        "source_id": "osm",
        "source_url": "https://www.openstreetmap.org/relation/156553",
        "source_access_url": "https://hiking.waymarkedtrails.org/api/v1/details/relation/156553",
        "license_status": "open_license_share_alike",
        "source_license": "ODbL",
        "attribution": "OpenStreetMap contributors",
        "last_checked": "2026-05-13",
        "last_generated": "2026-05-14",
        "ai_answer_rule": "Generated mile based on Scout MVP3 Mid-Atlantic open route geometry, not an official ATC mile. Use for source-aware planning only."
      },
      "geometry": {
        "type": "Point",
        "coordinates": [
          -77.187512,
          40.080258
        ]
      }
    },
    {
      "type": "Feature",
      "properties": {
        "trail": "Appalachian Trail",
        "route_id": "at-mvp3-midatlantic-harpers-ferry-delaware-water-gap-open-2026",
        "source_route_id": "at-main-osm-2026-open",
        "mile_nobo_global_est": 1092,
        "mile_nobo_mvp3": 86,
        "mile_sobo_mvp3": 178,
        "state": "PA",
        "milepoint_type": "generated",
        "official": false,
        "confidence": "estimated_from_open_route_geometry_with_known_length_gap",
        "source_id": "osm",
        "source_url": "https://www.openstreetmap.org/relation/156553",
        "source_access_url": "https://hiking.waymarkedtrails.org/api/v1/details/relation/156553",
        "license_status": "open_license_share_alike",
        "source_license": "ODbL",
        "attribution": "OpenStreetMap contributors",
        "last_checked": "2026-05-13",
        "last_generated": "2026-05-14",
        "ai_answer_rule": "Generated mile based on Scout MVP3 Mid-Atlantic open route geometry, not an official ATC mile. Use for source-aware planning only."
      },
      "geometry": {
        "type": "Point",
        "coordinates": [
          -77.17395,
          40.087333
        ]
      }
    },
    {
      "type": "Feature",
      "properties": {
        "trail": "Appalachian Trail",
        "route_id": "at-mvp3-midatlantic-harpers-ferry-delaware-water-gap-open-2026",
        "source_route_id": "at-main-osm-2026-open",
        "mile_nobo_global_est": 1093,
        "mile_nobo_mvp3": 87,
        "mile_sobo_mvp3": 177,
        "state": "PA",
        "milepoint_type": "generated",
        "official": false,
        "confidence": "estimated_from_open_route_geometry_with_known_length_gap",
        "source_id": "osm",
        "source_url": "https://www.openstreetmap.org/relation/156553",
        "source_access_url": "https://hiking.waymarkedtrails.org/api/v1/details/relation/156553",
        "license_status": "open_license_share_alike",
        "source_license": "ODbL",
        "attribution": "OpenStreetMap contributors",
        "last_checked": "2026-05-13",
        "last_generated": "2026-05-14",
        "ai_answer_rule": "Generated mile based on Scout MVP3 Mid-Atlantic open route geometry, not an official ATC mile. Use for source-aware planning only."
      },
      "geometry": {
        "type": "Point",
        "coordinates": [
          -77.163738,
          40.093017
        ]
      }
    },
    {
      "type": "Feature",
      "properties": {
        "trail": "Appalachian Trail",
        "route_id": "at-mvp3-midatlantic-harpers-ferry-delaware-water-gap-open-2026",
        "source_route_id": "at-main-osm-2026-open",
        "mile_nobo_global_est": 1094,
        "mile_nobo_mvp3": 88,
        "mile_sobo_mvp3": 176,
        "state": "PA",
        "milepoint_type": "generated",
        "official": false,
        "confidence": "estimated_from_open_route_geometry_with_known_length_gap",
        "source_id": "osm",
        "source_url": "https://www.openstreetmap.org/relation/156553",
        "source_access_url": "https://hiking.waymarkedtrails.org/api/v1/details/relation/156553",
        "license_status": "open_license_share_alike",
        "source_license": "ODbL",
        "attribution": "OpenStreetMap contributors",
        "last_checked": "2026-05-13",
        "last_generated": "2026-05-14",
        "ai_answer_rule": "Generated mile based on Scout MVP3 Mid-Atlantic open route geometry, not an official ATC mile. Use for source-aware planning only."
      },
      "geometry": {
        "type": "Point",
        "coordinates": [
          -77.149595,
          40.091197
        ]
      }
    },
    {
      "type": "Feature",
      "properties": {
        "trail": "Appalachian Trail",
        "route_id": "at-mvp3-midatlantic-harpers-ferry-delaware-water-gap-open-2026",
        "source_route_id": "at-main-osm-2026-open",
        "mile_nobo_global_est": 1095,
        "mile_nobo_mvp3": 89,
        "mile_sobo_mvp3": 175,
        "state": "PA",
        "milepoint_type": "generated",
        "official": false,
        "confidence": "estimated_from_open_route_geometry_with_known_length_gap",
        "source_id": "osm",
        "source_url": "https://www.openstreetmap.org/relation/156553",
        "source_access_url": "https://hiking.waymarkedtrails.org/api/v1/details/relation/156553",
        "license_status": "open_license_share_alike",
        "source_license": "ODbL",
        "attribution": "OpenStreetMap contributors",
        "last_checked": "2026-05-13",
        "last_generated": "2026-05-14",
        "ai_answer_rule": "Generated mile based on Scout MVP3 Mid-Atlantic open route geometry, not an official ATC mile. Use for source-aware planning only."
      },
      "geometry": {
        "type": "Point",
        "coordinates": [
          -77.13391,
          40.095486
        ]
      }
    },
    {
      "type": "Feature",
      "properties": {
        "trail": "Appalachian Trail",
        "route_id": "at-mvp3-midatlantic-harpers-ferry-delaware-water-gap-open-2026",
        "source_route_id": "at-main-osm-2026-open",
        "mile_nobo_global_est": 1096,
        "mile_nobo_mvp3": 90,
        "mile_sobo_mvp3": 174,
        "state": "PA",
        "milepoint_type": "generated",
        "official": false,
        "confidence": "estimated_from_open_route_geometry_with_known_length_gap",
        "source_id": "osm",
        "source_url": "https://www.openstreetmap.org/relation/156553",
        "source_access_url": "https://hiking.waymarkedtrails.org/api/v1/details/relation/156553",
        "license_status": "open_license_share_alike",
        "source_license": "ODbL",
        "attribution": "OpenStreetMap contributors",
        "last_checked": "2026-05-13",
        "last_generated": "2026-05-14",
        "ai_answer_rule": "Generated mile based on Scout MVP3 Mid-Atlantic open route geometry, not an official ATC mile. Use for source-aware planning only."
      },
      "geometry": {
        "type": "Point",
        "coordinates": [
          -77.118026,
          40.100151
        ]
      }
    },
    {
      "type": "Feature",
      "properties": {
        "trail": "Appalachian Trail",
        "route_id": "at-mvp3-midatlantic-harpers-ferry-delaware-water-gap-open-2026",
        "source_route_id": "at-main-osm-2026-open",
        "mile_nobo_global_est": 1097,
        "mile_nobo_mvp3": 91,
        "mile_sobo_mvp3": 173,
        "state": "PA",
        "milepoint_type": "generated",
        "official": false,
        "confidence": "estimated_from_open_route_geometry_with_known_length_gap",
        "source_id": "osm",
        "source_url": "https://www.openstreetmap.org/relation/156553",
        "source_access_url": "https://hiking.waymarkedtrails.org/api/v1/details/relation/156553",
        "license_status": "open_license_share_alike",
        "source_license": "ODbL",
        "attribution": "OpenStreetMap contributors",
        "last_checked": "2026-05-13",
        "last_generated": "2026-05-14",
        "ai_answer_rule": "Generated mile based on Scout MVP3 Mid-Atlantic open route geometry, not an official ATC mile. Use for source-aware planning only."
      },
      "geometry": {
        "type": "Point",
        "coordinates": [
          -77.109707,
          40.109289
        ]
      }
    },
    {
      "type": "Feature",
      "properties": {
        "trail": "Appalachian Trail",
        "route_id": "at-mvp3-midatlantic-harpers-ferry-delaware-water-gap-open-2026",
        "source_route_id": "at-main-osm-2026-open",
        "mile_nobo_global_est": 1098,
        "mile_nobo_mvp3": 92,
        "mile_sobo_mvp3": 172,
        "state": "PA",
        "milepoint_type": "generated",
        "official": false,
        "confidence": "estimated_from_open_route_geometry_with_known_length_gap",
        "source_id": "osm",
        "source_url": "https://www.openstreetmap.org/relation/156553",
        "source_access_url": "https://hiking.waymarkedtrails.org/api/v1/details/relation/156553",
        "license_status": "open_license_share_alike",
        "source_license": "ODbL",
        "attribution": "OpenStreetMap contributors",
        "last_checked": "2026-05-13",
        "last_generated": "2026-05-14",
        "ai_answer_rule": "Generated mile based on Scout MVP3 Mid-Atlantic open route geometry, not an official ATC mile. Use for source-aware planning only."
      },
      "geometry": {
        "type": "Point",
        "coordinates": [
          -77.103323,
          40.120733
        ]
      }
    },
    {
      "type": "Feature",
      "properties": {
        "trail": "Appalachian Trail",
        "route_id": "at-mvp3-midatlantic-harpers-ferry-delaware-water-gap-open-2026",
        "source_route_id": "at-main-osm-2026-open",
        "mile_nobo_global_est": 1099,
        "mile_nobo_mvp3": 93,
        "mile_sobo_mvp3": 171,
        "state": "PA",
        "milepoint_type": "generated",
        "official": false,
        "confidence": "estimated_from_open_route_geometry_with_known_length_gap",
        "source_id": "osm",
        "source_url": "https://www.openstreetmap.org/relation/156553",
        "source_access_url": "https://hiking.waymarkedtrails.org/api/v1/details/relation/156553",
        "license_status": "open_license_share_alike",
        "source_license": "ODbL",
        "attribution": "OpenStreetMap contributors",
        "last_checked": "2026-05-13",
        "last_generated": "2026-05-14",
        "ai_answer_rule": "Generated mile based on Scout MVP3 Mid-Atlantic open route geometry, not an official ATC mile. Use for source-aware planning only."
      },
      "geometry": {
        "type": "Point",
        "coordinates": [
          -77.110623,
          40.12798
        ]
      }
    },
    {
      "type": "Feature",
      "properties": {
        "trail": "Appalachian Trail",
        "route_id": "at-mvp3-midatlantic-harpers-ferry-delaware-water-gap-open-2026",
        "source_route_id": "at-main-osm-2026-open",
        "mile_nobo_global_est": 1100,
        "mile_nobo_mvp3": 94,
        "mile_sobo_mvp3": 170,
        "state": "PA",
        "milepoint_type": "generated",
        "official": false,
        "confidence": "estimated_from_open_route_geometry_with_known_length_gap",
        "source_id": "osm",
        "source_url": "https://www.openstreetmap.org/relation/156553",
        "source_access_url": "https://hiking.waymarkedtrails.org/api/v1/details/relation/156553",
        "license_status": "open_license_share_alike",
        "source_license": "ODbL",
        "attribution": "OpenStreetMap contributors",
        "last_checked": "2026-05-13",
        "last_generated": "2026-05-14",
        "ai_answer_rule": "Generated mile based on Scout MVP3 Mid-Atlantic open route geometry, not an official ATC mile. Use for source-aware planning only."
      },
      "geometry": {
        "type": "Point",
        "coordinates": [
          -77.115308,
          40.139628
        ]
      }
    },
    {
      "type": "Feature",
      "properties": {
        "trail": "Appalachian Trail",
        "route_id": "at-mvp3-midatlantic-harpers-ferry-delaware-water-gap-open-2026",
        "source_route_id": "at-main-osm-2026-open",
        "mile_nobo_global_est": 1101,
        "mile_nobo_mvp3": 95,
        "mile_sobo_mvp3": 169,
        "state": "PA",
        "milepoint_type": "generated",
        "official": false,
        "confidence": "estimated_from_open_route_geometry_with_known_length_gap",
        "source_id": "osm",
        "source_url": "https://www.openstreetmap.org/relation/156553",
        "source_access_url": "https://hiking.waymarkedtrails.org/api/v1/details/relation/156553",
        "license_status": "open_license_share_alike",
        "source_license": "ODbL",
        "attribution": "OpenStreetMap contributors",
        "last_checked": "2026-05-13",
        "last_generated": "2026-05-14",
        "ai_answer_rule": "Generated mile based on Scout MVP3 Mid-Atlantic open route geometry, not an official ATC mile. Use for source-aware planning only."
      },
      "geometry": {
        "type": "Point",
        "coordinates": [
          -77.123656,
          40.147809
        ]
      }
    },
    {
      "type": "Feature",
      "properties": {
        "trail": "Appalachian Trail",
        "route_id": "at-mvp3-midatlantic-harpers-ferry-delaware-water-gap-open-2026",
        "source_route_id": "at-main-osm-2026-open",
        "mile_nobo_global_est": 1102,
        "mile_nobo_mvp3": 96,
        "mile_sobo_mvp3": 168,
        "state": "PA",
        "milepoint_type": "generated",
        "official": false,
        "confidence": "estimated_from_open_route_geometry_with_known_length_gap",
        "source_id": "osm",
        "source_url": "https://www.openstreetmap.org/relation/156553",
        "source_access_url": "https://hiking.waymarkedtrails.org/api/v1/details/relation/156553",
        "license_status": "open_license_share_alike",
        "source_license": "ODbL",
        "attribution": "OpenStreetMap contributors",
        "last_checked": "2026-05-13",
        "last_generated": "2026-05-14",
        "ai_answer_rule": "Generated mile based on Scout MVP3 Mid-Atlantic open route geometry, not an official ATC mile. Use for source-aware planning only."
      },
      "geometry": {
        "type": "Point",
        "coordinates": [
          -77.11919,
          40.155421
        ]
      }
    },
    {
      "type": "Feature",
      "properties": {
        "trail": "Appalachian Trail",
        "route_id": "at-mvp3-midatlantic-harpers-ferry-delaware-water-gap-open-2026",
        "source_route_id": "at-main-osm-2026-open",
        "mile_nobo_global_est": 1103,
        "mile_nobo_mvp3": 97,
        "mile_sobo_mvp3": 167,
        "state": "PA",
        "milepoint_type": "generated",
        "official": false,
        "confidence": "estimated_from_open_route_geometry_with_known_length_gap",
        "source_id": "osm",
        "source_url": "https://www.openstreetmap.org/relation/156553",
        "source_access_url": "https://hiking.waymarkedtrails.org/api/v1/details/relation/156553",
        "license_status": "open_license_share_alike",
        "source_license": "ODbL",
        "attribution": "OpenStreetMap contributors",
        "last_checked": "2026-05-13",
        "last_generated": "2026-05-14",
        "ai_answer_rule": "Generated mile based on Scout MVP3 Mid-Atlantic open route geometry, not an official ATC mile. Use for source-aware planning only."
      },
      "geometry": {
        "type": "Point",
        "coordinates": [
          -77.120232,
          40.169492
        ]
      }
    },
    {
      "type": "Feature",
      "properties": {
        "trail": "Appalachian Trail",
        "route_id": "at-mvp3-midatlantic-harpers-ferry-delaware-water-gap-open-2026",
        "source_route_id": "at-main-osm-2026-open",
        "mile_nobo_global_est": 1104,
        "mile_nobo_mvp3": 98,
        "mile_sobo_mvp3": 166,
        "state": "PA",
        "milepoint_type": "generated",
        "official": false,
        "confidence": "estimated_from_open_route_geometry_with_known_length_gap",
        "source_id": "osm",
        "source_url": "https://www.openstreetmap.org/relation/156553",
        "source_access_url": "https://hiking.waymarkedtrails.org/api/v1/details/relation/156553",
        "license_status": "open_license_share_alike",
        "source_license": "ODbL",
        "attribution": "OpenStreetMap contributors",
        "last_checked": "2026-05-13",
        "last_generated": "2026-05-14",
        "ai_answer_rule": "Generated mile based on Scout MVP3 Mid-Atlantic open route geometry, not an official ATC mile. Use for source-aware planning only."
      },
      "geometry": {
        "type": "Point",
        "coordinates": [
          -77.11323,
          40.180761
        ]
      }
    },
    {
      "type": "Feature",
      "properties": {
        "trail": "Appalachian Trail",
        "route_id": "at-mvp3-midatlantic-harpers-ferry-delaware-water-gap-open-2026",
        "source_route_id": "at-main-osm-2026-open",
        "mile_nobo_global_est": 1105,
        "mile_nobo_mvp3": 99,
        "mile_sobo_mvp3": 165,
        "state": "PA",
        "milepoint_type": "generated",
        "official": false,
        "confidence": "estimated_from_open_route_geometry_with_known_length_gap",
        "source_id": "osm",
        "source_url": "https://www.openstreetmap.org/relation/156553",
        "source_access_url": "https://hiking.waymarkedtrails.org/api/v1/details/relation/156553",
        "license_status": "open_license_share_alike",
        "source_license": "ODbL",
        "attribution": "OpenStreetMap contributors",
        "last_checked": "2026-05-13",
        "last_generated": "2026-05-14",
        "ai_answer_rule": "Generated mile based on Scout MVP3 Mid-Atlantic open route geometry, not an official ATC mile. Use for source-aware planning only."
      },
      "geometry": {
        "type": "Point",
        "coordinates": [
          -77.106058,
          40.192747
        ]
      }
    },
    {
      "type": "Feature",
      "properties": {
        "trail": "Appalachian Trail",
        "route_id": "at-mvp3-midatlantic-harpers-ferry-delaware-water-gap-open-2026",
        "source_route_id": "at-main-osm-2026-open",
        "mile_nobo_global_est": 1106,
        "mile_nobo_mvp3": 100,
        "mile_sobo_mvp3": 164,
        "state": "PA",
        "milepoint_type": "generated",
        "official": false,
        "confidence": "estimated_from_open_route_geometry_with_known_length_gap",
        "source_id": "osm",
        "source_url": "https://www.openstreetmap.org/relation/156553",
        "source_access_url": "https://hiking.waymarkedtrails.org/api/v1/details/relation/156553",
        "license_status": "open_license_share_alike",
        "source_license": "ODbL",
        "attribution": "OpenStreetMap contributors",
        "last_checked": "2026-05-13",
        "last_generated": "2026-05-14",
        "ai_answer_rule": "Generated mile based on Scout MVP3 Mid-Atlantic open route geometry, not an official ATC mile. Use for source-aware planning only."
      },
      "geometry": {
        "type": "Point",
        "coordinates": [
          -77.113328,
          40.203816
        ]
      }
    },
    {
      "type": "Feature",
      "properties": {
        "trail": "Appalachian Trail",
        "route_id": "at-mvp3-midatlantic-harpers-ferry-delaware-water-gap-open-2026",
        "source_route_id": "at-main-osm-2026-open",
        "mile_nobo_global_est": 1107,
        "mile_nobo_mvp3": 101,
        "mile_sobo_mvp3": 163,
        "state": "PA",
        "milepoint_type": "generated",
        "official": false,
        "confidence": "estimated_from_open_route_geometry_with_known_length_gap",
        "source_id": "osm",
        "source_url": "https://www.openstreetmap.org/relation/156553",
        "source_access_url": "https://hiking.waymarkedtrails.org/api/v1/details/relation/156553",
        "license_status": "open_license_share_alike",
        "source_license": "ODbL",
        "attribution": "OpenStreetMap contributors",
        "last_checked": "2026-05-13",
        "last_generated": "2026-05-14",
        "ai_answer_rule": "Generated mile based on Scout MVP3 Mid-Atlantic open route geometry, not an official ATC mile. Use for source-aware planning only."
      },
      "geometry": {
        "type": "Point",
        "coordinates": [
          -77.105709,
          40.213186
        ]
      }
    },
    {
      "type": "Feature",
      "properties": {
        "trail": "Appalachian Trail",
        "route_id": "at-mvp3-midatlantic-harpers-ferry-delaware-water-gap-open-2026",
        "source_route_id": "at-main-osm-2026-open",
        "mile_nobo_global_est": 1108,
        "mile_nobo_mvp3": 102,
        "mile_sobo_mvp3": 162,
        "state": "PA",
        "milepoint_type": "generated",
        "official": false,
        "confidence": "estimated_from_open_route_geometry_with_known_length_gap",
        "source_id": "osm",
        "source_url": "https://www.openstreetmap.org/relation/156553",
        "source_access_url": "https://hiking.waymarkedtrails.org/api/v1/details/relation/156553",
        "license_status": "open_license_share_alike",
        "source_license": "ODbL",
        "attribution": "OpenStreetMap contributors",
        "last_checked": "2026-05-13",
        "last_generated": "2026-05-14",
        "ai_answer_rule": "Generated mile based on Scout MVP3 Mid-Atlantic open route geometry, not an official ATC mile. Use for source-aware planning only."
      },
      "geometry": {
        "type": "Point",
        "coordinates": [
          -77.104111,
          40.223874
        ]
      }
    },
    {
      "type": "Feature",
      "properties": {
        "trail": "Appalachian Trail",
        "route_id": "at-mvp3-midatlantic-harpers-ferry-delaware-water-gap-open-2026",
        "source_route_id": "at-main-osm-2026-open",
        "mile_nobo_global_est": 1109,
        "mile_nobo_mvp3": 103,
        "mile_sobo_mvp3": 161,
        "state": "PA",
        "milepoint_type": "generated",
        "official": false,
        "confidence": "estimated_from_open_route_geometry_with_known_length_gap",
        "source_id": "osm",
        "source_url": "https://www.openstreetmap.org/relation/156553",
        "source_access_url": "https://hiking.waymarkedtrails.org/api/v1/details/relation/156553",
        "license_status": "open_license_share_alike",
        "source_license": "ODbL",
        "attribution": "OpenStreetMap contributors",
        "last_checked": "2026-05-13",
        "last_generated": "2026-05-14",
        "ai_answer_rule": "Generated mile based on Scout MVP3 Mid-Atlantic open route geometry, not an official ATC mile. Use for source-aware planning only."
      },
      "geometry": {
        "type": "Point",
        "coordinates": [
          -77.107563,
          40.23505
        ]
      }
    },
    {
      "type": "Feature",
      "properties": {
        "trail": "Appalachian Trail",
        "route_id": "at-mvp3-midatlantic-harpers-ferry-delaware-water-gap-open-2026",
        "source_route_id": "at-main-osm-2026-open",
        "mile_nobo_global_est": 1110,
        "mile_nobo_mvp3": 104,
        "mile_sobo_mvp3": 160,
        "state": "PA",
        "milepoint_type": "generated",
        "official": false,
        "confidence": "estimated_from_open_route_geometry_with_known_length_gap",
        "source_id": "osm",
        "source_url": "https://www.openstreetmap.org/relation/156553",
        "source_access_url": "https://hiking.waymarkedtrails.org/api/v1/details/relation/156553",
        "license_status": "open_license_share_alike",
        "source_license": "ODbL",
        "attribution": "OpenStreetMap contributors",
        "last_checked": "2026-05-13",
        "last_generated": "2026-05-14",
        "ai_answer_rule": "Generated mile based on Scout MVP3 Mid-Atlantic open route geometry, not an official ATC mile. Use for source-aware planning only."
      },
      "geometry": {
        "type": "Point",
        "coordinates": [
          -77.10112,
          40.246016
        ]
      }
    },
    {
      "type": "Feature",
      "properties": {
        "trail": "Appalachian Trail",
        "route_id": "at-mvp3-midatlantic-harpers-ferry-delaware-water-gap-open-2026",
        "source_route_id": "at-main-osm-2026-open",
        "mile_nobo_global_est": 1111,
        "mile_nobo_mvp3": 105,
        "mile_sobo_mvp3": 159,
        "state": "PA",
        "milepoint_type": "generated",
        "official": false,
        "confidence": "estimated_from_open_route_geometry_with_known_length_gap",
        "source_id": "osm",
        "source_url": "https://www.openstreetmap.org/relation/156553",
        "source_access_url": "https://hiking.waymarkedtrails.org/api/v1/details/relation/156553",
        "license_status": "open_license_share_alike",
        "source_license": "ODbL",
        "attribution": "OpenStreetMap contributors",
        "last_checked": "2026-05-13",
        "last_generated": "2026-05-14",
        "ai_answer_rule": "Generated mile based on Scout MVP3 Mid-Atlantic open route geometry, not an official ATC mile. Use for source-aware planning only."
      },
      "geometry": {
        "type": "Point",
        "coordinates": [
          -77.101986,
          40.258345
        ]
      }
    },
    {
      "type": "Feature",
      "properties": {
        "trail": "Appalachian Trail",
        "route_id": "at-mvp3-midatlantic-harpers-ferry-delaware-water-gap-open-2026",
        "source_route_id": "at-main-osm-2026-open",
        "mile_nobo_global_est": 1112,
        "mile_nobo_mvp3": 106,
        "mile_sobo_mvp3": 158,
        "state": "PA",
        "milepoint_type": "generated",
        "official": false,
        "confidence": "estimated_from_open_route_geometry_with_known_length_gap",
        "source_id": "osm",
        "source_url": "https://www.openstreetmap.org/relation/156553",
        "source_access_url": "https://hiking.waymarkedtrails.org/api/v1/details/relation/156553",
        "license_status": "open_license_share_alike",
        "source_license": "ODbL",
        "attribution": "OpenStreetMap contributors",
        "last_checked": "2026-05-13",
        "last_generated": "2026-05-14",
        "ai_answer_rule": "Generated mile based on Scout MVP3 Mid-Atlantic open route geometry, not an official ATC mile. Use for source-aware planning only."
      },
      "geometry": {
        "type": "Point",
        "coordinates": [
          -77.1004,
          40.270169
        ]
      }
    },
    {
      "type": "Feature",
      "properties": {
        "trail": "Appalachian Trail",
        "route_id": "at-mvp3-midatlantic-harpers-ferry-delaware-water-gap-open-2026",
        "source_route_id": "at-main-osm-2026-open",
        "mile_nobo_global_est": 1113,
        "mile_nobo_mvp3": 107,
        "mile_sobo_mvp3": 157,
        "state": "PA",
        "milepoint_type": "generated",
        "official": false,
        "confidence": "estimated_from_open_route_geometry_with_known_length_gap",
        "source_id": "osm",
        "source_url": "https://www.openstreetmap.org/relation/156553",
        "source_access_url": "https://hiking.waymarkedtrails.org/api/v1/details/relation/156553",
        "license_status": "open_license_share_alike",
        "source_license": "ODbL",
        "attribution": "OpenStreetMap contributors",
        "last_checked": "2026-05-13",
        "last_generated": "2026-05-14",
        "ai_answer_rule": "Generated mile based on Scout MVP3 Mid-Atlantic open route geometry, not an official ATC mile. Use for source-aware planning only."
      },
      "geometry": {
        "type": "Point",
        "coordinates": [
          -77.095237,
          40.282564
        ]
      }
    },
    {
      "type": "Feature",
      "properties": {
        "trail": "Appalachian Trail",
        "route_id": "at-mvp3-midatlantic-harpers-ferry-delaware-water-gap-open-2026",
        "source_route_id": "at-main-osm-2026-open",
        "mile_nobo_global_est": 1114,
        "mile_nobo_mvp3": 108,
        "mile_sobo_mvp3": 156,
        "state": "PA",
        "milepoint_type": "generated",
        "official": false,
        "confidence": "estimated_from_open_route_geometry_with_known_length_gap",
        "source_id": "osm",
        "source_url": "https://www.openstreetmap.org/relation/156553",
        "source_access_url": "https://hiking.waymarkedtrails.org/api/v1/details/relation/156553",
        "license_status": "open_license_share_alike",
        "source_license": "ODbL",
        "attribution": "OpenStreetMap contributors",
        "last_checked": "2026-05-13",
        "last_generated": "2026-05-14",
        "ai_answer_rule": "Generated mile based on Scout MVP3 Mid-Atlantic open route geometry, not an official ATC mile. Use for source-aware planning only."
      },
      "geometry": {
        "type": "Point",
        "coordinates": [
          -77.088144,
          40.29516
        ]
      }
    },
    {
      "type": "Feature",
      "properties": {
        "trail": "Appalachian Trail",
        "route_id": "at-mvp3-midatlantic-harpers-ferry-delaware-water-gap-open-2026",
        "source_route_id": "at-main-osm-2026-open",
        "mile_nobo_global_est": 1115,
        "mile_nobo_mvp3": 109,
        "mile_sobo_mvp3": 155,
        "state": "PA",
        "milepoint_type": "generated",
        "official": false,
        "confidence": "estimated_from_open_route_geometry_with_known_length_gap",
        "source_id": "osm",
        "source_url": "https://www.openstreetmap.org/relation/156553",
        "source_access_url": "https://hiking.waymarkedtrails.org/api/v1/details/relation/156553",
        "license_status": "open_license_share_alike",
        "source_license": "ODbL",
        "attribution": "OpenStreetMap contributors",
        "last_checked": "2026-05-13",
        "last_generated": "2026-05-14",
        "ai_answer_rule": "Generated mile based on Scout MVP3 Mid-Atlantic open route geometry, not an official ATC mile. Use for source-aware planning only."
      },
      "geometry": {
        "type": "Point",
        "coordinates": [
          -77.088466,
          40.301993
        ]
      }
    },
    {
      "type": "Feature",
      "properties": {
        "trail": "Appalachian Trail",
        "route_id": "at-mvp3-midatlantic-harpers-ferry-delaware-water-gap-open-2026",
        "source_route_id": "at-main-osm-2026-open",
        "mile_nobo_global_est": 1116,
        "mile_nobo_mvp3": 110,
        "mile_sobo_mvp3": 154,
        "state": "PA",
        "milepoint_type": "generated",
        "official": false,
        "confidence": "estimated_from_open_route_geometry_with_known_length_gap",
        "source_id": "osm",
        "source_url": "https://www.openstreetmap.org/relation/156553",
        "source_access_url": "https://hiking.waymarkedtrails.org/api/v1/details/relation/156553",
        "license_status": "open_license_share_alike",
        "source_license": "ODbL",
        "attribution": "OpenStreetMap contributors",
        "last_checked": "2026-05-13",
        "last_generated": "2026-05-14",
        "ai_answer_rule": "Generated mile based on Scout MVP3 Mid-Atlantic open route geometry, not an official ATC mile. Use for source-aware planning only."
      },
      "geometry": {
        "type": "Point",
        "coordinates": [
          -77.081454,
          40.311645
        ]
      }
    },
    {
      "type": "Feature",
      "properties": {
        "trail": "Appalachian Trail",
        "route_id": "at-mvp3-midatlantic-harpers-ferry-delaware-water-gap-open-2026",
        "source_route_id": "at-main-osm-2026-open",
        "mile_nobo_global_est": 1117,
        "mile_nobo_mvp3": 111,
        "mile_sobo_mvp3": 153,
        "state": "PA",
        "milepoint_type": "generated",
        "official": false,
        "confidence": "estimated_from_open_route_geometry_with_known_length_gap",
        "source_id": "osm",
        "source_url": "https://www.openstreetmap.org/relation/156553",
        "source_access_url": "https://hiking.waymarkedtrails.org/api/v1/details/relation/156553",
        "license_status": "open_license_share_alike",
        "source_license": "ODbL",
        "attribution": "OpenStreetMap contributors",
        "last_checked": "2026-05-13",
        "last_generated": "2026-05-14",
        "ai_answer_rule": "Generated mile based on Scout MVP3 Mid-Atlantic open route geometry, not an official ATC mile. Use for source-aware planning only."
      },
      "geometry": {
        "type": "Point",
        "coordinates": [
          -77.077943,
          40.320905
        ]
      }
    },
    {
      "type": "Feature",
      "properties": {
        "trail": "Appalachian Trail",
        "route_id": "at-mvp3-midatlantic-harpers-ferry-delaware-water-gap-open-2026",
        "source_route_id": "at-main-osm-2026-open",
        "mile_nobo_global_est": 1118,
        "mile_nobo_mvp3": 112,
        "mile_sobo_mvp3": 152,
        "state": "PA",
        "milepoint_type": "generated",
        "official": false,
        "confidence": "estimated_from_open_route_geometry_with_known_length_gap",
        "source_id": "osm",
        "source_url": "https://www.openstreetmap.org/relation/156553",
        "source_access_url": "https://hiking.waymarkedtrails.org/api/v1/details/relation/156553",
        "license_status": "open_license_share_alike",
        "source_license": "ODbL",
        "attribution": "OpenStreetMap contributors",
        "last_checked": "2026-05-13",
        "last_generated": "2026-05-14",
        "ai_answer_rule": "Generated mile based on Scout MVP3 Mid-Atlantic open route geometry, not an official ATC mile. Use for source-aware planning only."
      },
      "geometry": {
        "type": "Point",
        "coordinates": [
          -77.083153,
          40.332937
        ]
      }
    },
    {
      "type": "Feature",
      "properties": {
        "trail": "Appalachian Trail",
        "route_id": "at-mvp3-midatlantic-harpers-ferry-delaware-water-gap-open-2026",
        "source_route_id": "at-main-osm-2026-open",
        "mile_nobo_global_est": 1119,
        "mile_nobo_mvp3": 113,
        "mile_sobo_mvp3": 151,
        "state": "PA",
        "milepoint_type": "generated",
        "official": false,
        "confidence": "estimated_from_open_route_geometry_with_known_length_gap",
        "source_id": "osm",
        "source_url": "https://www.openstreetmap.org/relation/156553",
        "source_access_url": "https://hiking.waymarkedtrails.org/api/v1/details/relation/156553",
        "license_status": "open_license_share_alike",
        "source_license": "ODbL",
        "attribution": "OpenStreetMap contributors",
        "last_checked": "2026-05-13",
        "last_generated": "2026-05-14",
        "ai_answer_rule": "Generated mile based on Scout MVP3 Mid-Atlantic open route geometry, not an official ATC mile. Use for source-aware planning only."
      },
      "geometry": {
        "type": "Point",
        "coordinates": [
          -77.094764,
          40.339404
        ]
      }
    },
    {
      "type": "Feature",
      "properties": {
        "trail": "Appalachian Trail",
        "route_id": "at-mvp3-midatlantic-harpers-ferry-delaware-water-gap-open-2026",
        "source_route_id": "at-main-osm-2026-open",
        "mile_nobo_global_est": 1120,
        "mile_nobo_mvp3": 114,
        "mile_sobo_mvp3": 150,
        "state": "PA",
        "milepoint_type": "generated",
        "official": false,
        "confidence": "estimated_from_open_route_geometry_with_known_length_gap",
        "source_id": "osm",
        "source_url": "https://www.openstreetmap.org/relation/156553",
        "source_access_url": "https://hiking.waymarkedtrails.org/api/v1/details/relation/156553",
        "license_status": "open_license_share_alike",
        "source_license": "ODbL",
        "attribution": "OpenStreetMap contributors",
        "last_checked": "2026-05-13",
        "last_generated": "2026-05-14",
        "ai_answer_rule": "Generated mile based on Scout MVP3 Mid-Atlantic open route geometry, not an official ATC mile. Use for source-aware planning only."
      },
      "geometry": {
        "type": "Point",
        "coordinates": [
          -77.097704,
          40.347152
        ]
      }
    },
    {
      "type": "Feature",
      "properties": {
        "trail": "Appalachian Trail",
        "route_id": "at-mvp3-midatlantic-harpers-ferry-delaware-water-gap-open-2026",
        "source_route_id": "at-main-osm-2026-open",
        "mile_nobo_global_est": 1121,
        "mile_nobo_mvp3": 115,
        "mile_sobo_mvp3": 149,
        "state": "PA",
        "milepoint_type": "generated",
        "official": false,
        "confidence": "estimated_from_open_route_geometry_with_known_length_gap",
        "source_id": "osm",
        "source_url": "https://www.openstreetmap.org/relation/156553",
        "source_access_url": "https://hiking.waymarkedtrails.org/api/v1/details/relation/156553",
        "license_status": "open_license_share_alike",
        "source_license": "ODbL",
        "attribution": "OpenStreetMap contributors",
        "last_checked": "2026-05-13",
        "last_generated": "2026-05-14",
        "ai_answer_rule": "Generated mile based on Scout MVP3 Mid-Atlantic open route geometry, not an official ATC mile. Use for source-aware planning only."
      },
      "geometry": {
        "type": "Point",
        "coordinates": [
          -77.084251,
          40.35686
        ]
      }
    },
    {
      "type": "Feature",
      "properties": {
        "trail": "Appalachian Trail",
        "route_id": "at-mvp3-midatlantic-harpers-ferry-delaware-water-gap-open-2026",
        "source_route_id": "at-main-osm-2026-open",
        "mile_nobo_global_est": 1122,
        "mile_nobo_mvp3": 116,
        "mile_sobo_mvp3": 148,
        "state": "PA",
        "milepoint_type": "generated",
        "official": false,
        "confidence": "estimated_from_open_route_geometry_with_known_length_gap",
        "source_id": "osm",
        "source_url": "https://www.openstreetmap.org/relation/156553",
        "source_access_url": "https://hiking.waymarkedtrails.org/api/v1/details/relation/156553",
        "license_status": "open_license_share_alike",
        "source_license": "ODbL",
        "attribution": "OpenStreetMap contributors",
        "last_checked": "2026-05-13",
        "last_generated": "2026-05-14",
        "ai_answer_rule": "Generated mile based on Scout MVP3 Mid-Atlantic open route geometry, not an official ATC mile. Use for source-aware planning only."
      },
      "geometry": {
        "type": "Point",
        "coordinates": [
          -77.069036,
          40.364773
        ]
      }
    },
    {
      "type": "Feature",
      "properties": {
        "trail": "Appalachian Trail",
        "route_id": "at-mvp3-midatlantic-harpers-ferry-delaware-water-gap-open-2026",
        "source_route_id": "at-main-osm-2026-open",
        "mile_nobo_global_est": 1123,
        "mile_nobo_mvp3": 117,
        "mile_sobo_mvp3": 147,
        "state": "PA",
        "milepoint_type": "generated",
        "official": false,
        "confidence": "estimated_from_open_route_geometry_with_known_length_gap",
        "source_id": "osm",
        "source_url": "https://www.openstreetmap.org/relation/156553",
        "source_access_url": "https://hiking.waymarkedtrails.org/api/v1/details/relation/156553",
        "license_status": "open_license_share_alike",
        "source_license": "ODbL",
        "attribution": "OpenStreetMap contributors",
        "last_checked": "2026-05-13",
        "last_generated": "2026-05-14",
        "ai_answer_rule": "Generated mile based on Scout MVP3 Mid-Atlantic open route geometry, not an official ATC mile. Use for source-aware planning only."
      },
      "geometry": {
        "type": "Point",
        "coordinates": [
          -77.052356,
          40.370976
        ]
      }
    },
    {
      "type": "Feature",
      "properties": {
        "trail": "Appalachian Trail",
        "route_id": "at-mvp3-midatlantic-harpers-ferry-delaware-water-gap-open-2026",
        "source_route_id": "at-main-osm-2026-open",
        "mile_nobo_global_est": 1124,
        "mile_nobo_mvp3": 118,
        "mile_sobo_mvp3": 146,
        "state": "PA",
        "milepoint_type": "generated",
        "official": false,
        "confidence": "estimated_from_open_route_geometry_with_known_length_gap",
        "source_id": "osm",
        "source_url": "https://www.openstreetmap.org/relation/156553",
        "source_access_url": "https://hiking.waymarkedtrails.org/api/v1/details/relation/156553",
        "license_status": "open_license_share_alike",
        "source_license": "ODbL",
        "attribution": "OpenStreetMap contributors",
        "last_checked": "2026-05-13",
        "last_generated": "2026-05-14",
        "ai_answer_rule": "Generated mile based on Scout MVP3 Mid-Atlantic open route geometry, not an official ATC mile. Use for source-aware planning only."
      },
      "geometry": {
        "type": "Point",
        "coordinates": [
          -77.040051,
          40.377283
        ]
      }
    },
    {
      "type": "Feature",
      "properties": {
        "trail": "Appalachian Trail",
        "route_id": "at-mvp3-midatlantic-harpers-ferry-delaware-water-gap-open-2026",
        "source_route_id": "at-main-osm-2026-open",
        "mile_nobo_global_est": 1125,
        "mile_nobo_mvp3": 119,
        "mile_sobo_mvp3": 145,
        "state": "PA",
        "milepoint_type": "generated",
        "official": false,
        "confidence": "estimated_from_open_route_geometry_with_known_length_gap",
        "source_id": "osm",
        "source_url": "https://www.openstreetmap.org/relation/156553",
        "source_access_url": "https://hiking.waymarkedtrails.org/api/v1/details/relation/156553",
        "license_status": "open_license_share_alike",
        "source_license": "ODbL",
        "attribution": "OpenStreetMap contributors",
        "last_checked": "2026-05-13",
        "last_generated": "2026-05-14",
        "ai_answer_rule": "Generated mile based on Scout MVP3 Mid-Atlantic open route geometry, not an official ATC mile. Use for source-aware planning only."
      },
      "geometry": {
        "type": "Point",
        "coordinates": [
          -77.031454,
          40.385029
        ]
      }
    },
    {
      "type": "Feature",
      "properties": {
        "trail": "Appalachian Trail",
        "route_id": "at-mvp3-midatlantic-harpers-ferry-delaware-water-gap-open-2026",
        "source_route_id": "at-main-osm-2026-open",
        "mile_nobo_global_est": 1126,
        "mile_nobo_mvp3": 120,
        "mile_sobo_mvp3": 144,
        "state": "PA",
        "milepoint_type": "generated",
        "official": false,
        "confidence": "estimated_from_open_route_geometry_with_known_length_gap",
        "source_id": "osm",
        "source_url": "https://www.openstreetmap.org/relation/156553",
        "source_access_url": "https://hiking.waymarkedtrails.org/api/v1/details/relation/156553",
        "license_status": "open_license_share_alike",
        "source_license": "ODbL",
        "attribution": "OpenStreetMap contributors",
        "last_checked": "2026-05-13",
        "last_generated": "2026-05-14",
        "ai_answer_rule": "Generated mile based on Scout MVP3 Mid-Atlantic open route geometry, not an official ATC mile. Use for source-aware planning only."
      },
      "geometry": {
        "type": "Point",
        "coordinates": [
          -77.026133,
          40.396965
        ]
      }
    },
    {
      "type": "Feature",
      "properties": {
        "trail": "Appalachian Trail",
        "route_id": "at-mvp3-midatlantic-harpers-ferry-delaware-water-gap-open-2026",
        "source_route_id": "at-main-osm-2026-open",
        "mile_nobo_global_est": 1127,
        "mile_nobo_mvp3": 121,
        "mile_sobo_mvp3": 143,
        "state": "PA",
        "milepoint_type": "generated",
        "official": false,
        "confidence": "estimated_from_open_route_geometry_with_known_length_gap",
        "source_id": "osm",
        "source_url": "https://www.openstreetmap.org/relation/156553",
        "source_access_url": "https://hiking.waymarkedtrails.org/api/v1/details/relation/156553",
        "license_status": "open_license_share_alike",
        "source_license": "ODbL",
        "attribution": "OpenStreetMap contributors",
        "last_checked": "2026-05-13",
        "last_generated": "2026-05-14",
        "ai_answer_rule": "Generated mile based on Scout MVP3 Mid-Atlantic open route geometry, not an official ATC mile. Use for source-aware planning only."
      },
      "geometry": {
        "type": "Point",
        "coordinates": [
          -77.010891,
          40.402253
        ]
      }
    },
    {
      "type": "Feature",
      "properties": {
        "trail": "Appalachian Trail",
        "route_id": "at-mvp3-midatlantic-harpers-ferry-delaware-water-gap-open-2026",
        "source_route_id": "at-main-osm-2026-open",
        "mile_nobo_global_est": 1128,
        "mile_nobo_mvp3": 122,
        "mile_sobo_mvp3": 142,
        "state": "PA",
        "milepoint_type": "generated",
        "official": false,
        "confidence": "estimated_from_open_route_geometry_with_known_length_gap",
        "source_id": "osm",
        "source_url": "https://www.openstreetmap.org/relation/156553",
        "source_access_url": "https://hiking.waymarkedtrails.org/api/v1/details/relation/156553",
        "license_status": "open_license_share_alike",
        "source_license": "ODbL",
        "attribution": "OpenStreetMap contributors",
        "last_checked": "2026-05-13",
        "last_generated": "2026-05-14",
        "ai_answer_rule": "Generated mile based on Scout MVP3 Mid-Atlantic open route geometry, not an official ATC mile. Use for source-aware planning only."
      },
      "geometry": {
        "type": "Point",
        "coordinates": [
          -77.013798,
          40.391309
        ]
      }
    },
    {
      "type": "Feature",
      "properties": {
        "trail": "Appalachian Trail",
        "route_id": "at-mvp3-midatlantic-harpers-ferry-delaware-water-gap-open-2026",
        "source_route_id": "at-main-osm-2026-open",
        "mile_nobo_global_est": 1129,
        "mile_nobo_mvp3": 123,
        "mile_sobo_mvp3": 141,
        "state": "PA",
        "milepoint_type": "generated",
        "official": false,
        "confidence": "estimated_from_open_route_geometry_with_known_length_gap",
        "source_id": "osm",
        "source_url": "https://www.openstreetmap.org/relation/156553",
        "source_access_url": "https://hiking.waymarkedtrails.org/api/v1/details/relation/156553",
        "license_status": "open_license_share_alike",
        "source_license": "ODbL",
        "attribution": "OpenStreetMap contributors",
        "last_checked": "2026-05-13",
        "last_generated": "2026-05-14",
        "ai_answer_rule": "Generated mile based on Scout MVP3 Mid-Atlantic open route geometry, not an official ATC mile. Use for source-aware planning only."
      },
      "geometry": {
        "type": "Point",
        "coordinates": [
          -77.012286,
          40.386665
        ]
      }
    },
    {
      "type": "Feature",
      "properties": {
        "trail": "Appalachian Trail",
        "route_id": "at-mvp3-midatlantic-harpers-ferry-delaware-water-gap-open-2026",
        "source_route_id": "at-main-osm-2026-open",
        "mile_nobo_global_est": 1130,
        "mile_nobo_mvp3": 124,
        "mile_sobo_mvp3": 140,
        "state": "PA",
        "milepoint_type": "generated",
        "official": false,
        "confidence": "estimated_from_open_route_geometry_with_known_length_gap",
        "source_id": "osm",
        "source_url": "https://www.openstreetmap.org/relation/156553",
        "source_access_url": "https://hiking.waymarkedtrails.org/api/v1/details/relation/156553",
        "license_status": "open_license_share_alike",
        "source_license": "ODbL",
        "attribution": "OpenStreetMap contributors",
        "last_checked": "2026-05-13",
        "last_generated": "2026-05-14",
        "ai_answer_rule": "Generated mile based on Scout MVP3 Mid-Atlantic open route geometry, not an official ATC mile. Use for source-aware planning only."
      },
      "geometry": {
        "type": "Point",
        "coordinates": [
          -76.995822,
          40.391763
        ]
      }
    },
    {
      "type": "Feature",
      "properties": {
        "trail": "Appalachian Trail",
        "route_id": "at-mvp3-midatlantic-harpers-ferry-delaware-water-gap-open-2026",
        "source_route_id": "at-main-osm-2026-open",
        "mile_nobo_global_est": 1131,
        "mile_nobo_mvp3": 125,
        "mile_sobo_mvp3": 139,
        "state": "PA",
        "milepoint_type": "generated",
        "official": false,
        "confidence": "estimated_from_open_route_geometry_with_known_length_gap",
        "source_id": "osm",
        "source_url": "https://www.openstreetmap.org/relation/156553",
        "source_access_url": "https://hiking.waymarkedtrails.org/api/v1/details/relation/156553",
        "license_status": "open_license_share_alike",
        "source_license": "ODbL",
        "attribution": "OpenStreetMap contributors",
        "last_checked": "2026-05-13",
        "last_generated": "2026-05-14",
        "ai_answer_rule": "Generated mile based on Scout MVP3 Mid-Atlantic open route geometry, not an official ATC mile. Use for source-aware planning only."
      },
      "geometry": {
        "type": "Point",
        "coordinates": [
          -76.98034,
          40.397929
        ]
      }
    },
    {
      "type": "Feature",
      "properties": {
        "trail": "Appalachian Trail",
        "route_id": "at-mvp3-midatlantic-harpers-ferry-delaware-water-gap-open-2026",
        "source_route_id": "at-main-osm-2026-open",
        "mile_nobo_global_est": 1132,
        "mile_nobo_mvp3": 126,
        "mile_sobo_mvp3": 138,
        "state": "PA",
        "milepoint_type": "generated",
        "official": false,
        "confidence": "estimated_from_open_route_geometry_with_known_length_gap",
        "source_id": "osm",
        "source_url": "https://www.openstreetmap.org/relation/156553",
        "source_access_url": "https://hiking.waymarkedtrails.org/api/v1/details/relation/156553",
        "license_status": "open_license_share_alike",
        "source_license": "ODbL",
        "attribution": "OpenStreetMap contributors",
        "last_checked": "2026-05-13",
        "last_generated": "2026-05-14",
        "ai_answer_rule": "Generated mile based on Scout MVP3 Mid-Atlantic open route geometry, not an official ATC mile. Use for source-aware planning only."
      },
      "geometry": {
        "type": "Point",
        "coordinates": [
          -76.963184,
          40.402536
        ]
      }
    },
    {
      "type": "Feature",
      "properties": {
        "trail": "Appalachian Trail",
        "route_id": "at-mvp3-midatlantic-harpers-ferry-delaware-water-gap-open-2026",
        "source_route_id": "at-main-osm-2026-open",
        "mile_nobo_global_est": 1133,
        "mile_nobo_mvp3": 127,
        "mile_sobo_mvp3": 137,
        "state": "PA",
        "milepoint_type": "generated",
        "official": false,
        "confidence": "estimated_from_open_route_geometry_with_known_length_gap",
        "source_id": "osm",
        "source_url": "https://www.openstreetmap.org/relation/156553",
        "source_access_url": "https://hiking.waymarkedtrails.org/api/v1/details/relation/156553",
        "license_status": "open_license_share_alike",
        "source_license": "ODbL",
        "attribution": "OpenStreetMap contributors",
        "last_checked": "2026-05-13",
        "last_generated": "2026-05-14",
        "ai_answer_rule": "Generated mile based on Scout MVP3 Mid-Atlantic open route geometry, not an official ATC mile. Use for source-aware planning only."
      },
      "geometry": {
        "type": "Point",
        "coordinates": [
          -76.94573,
          40.407215
        ]
      }
    },
    {
      "type": "Feature",
      "properties": {
        "trail": "Appalachian Trail",
        "route_id": "at-mvp3-midatlantic-harpers-ferry-delaware-water-gap-open-2026",
        "source_route_id": "at-main-osm-2026-open",
        "mile_nobo_global_est": 1134,
        "mile_nobo_mvp3": 128,
        "mile_sobo_mvp3": 136,
        "state": "PA",
        "milepoint_type": "generated",
        "official": false,
        "confidence": "estimated_from_open_route_geometry_with_known_length_gap",
        "source_id": "osm",
        "source_url": "https://www.openstreetmap.org/relation/156553",
        "source_access_url": "https://hiking.waymarkedtrails.org/api/v1/details/relation/156553",
        "license_status": "open_license_share_alike",
        "source_license": "ODbL",
        "attribution": "OpenStreetMap contributors",
        "last_checked": "2026-05-13",
        "last_generated": "2026-05-14",
        "ai_answer_rule": "Generated mile based on Scout MVP3 Mid-Atlantic open route geometry, not an official ATC mile. Use for source-aware planning only."
      },
      "geometry": {
        "type": "Point",
        "coordinates": [
          -76.928934,
          40.411602
        ]
      }
    },
    {
      "type": "Feature",
      "properties": {
        "trail": "Appalachian Trail",
        "route_id": "at-mvp3-midatlantic-harpers-ferry-delaware-water-gap-open-2026",
        "source_route_id": "at-main-osm-2026-open",
        "mile_nobo_global_est": 1135,
        "mile_nobo_mvp3": 129,
        "mile_sobo_mvp3": 135,
        "state": "PA",
        "milepoint_type": "generated",
        "official": false,
        "confidence": "estimated_from_open_route_geometry_with_known_length_gap",
        "source_id": "osm",
        "source_url": "https://www.openstreetmap.org/relation/156553",
        "source_access_url": "https://hiking.waymarkedtrails.org/api/v1/details/relation/156553",
        "license_status": "open_license_share_alike",
        "source_license": "ODbL",
        "attribution": "OpenStreetMap contributors",
        "last_checked": "2026-05-13",
        "last_generated": "2026-05-14",
        "ai_answer_rule": "Generated mile based on Scout MVP3 Mid-Atlantic open route geometry, not an official ATC mile. Use for source-aware planning only."
      },
      "geometry": {
        "type": "Point",
        "coordinates": [
          -76.911687,
          40.416777
        ]
      }
    },
    {
      "type": "Feature",
      "properties": {
        "trail": "Appalachian Trail",
        "route_id": "at-mvp3-midatlantic-harpers-ferry-delaware-water-gap-open-2026",
        "source_route_id": "at-main-osm-2026-open",
        "mile_nobo_global_est": 1136,
        "mile_nobo_mvp3": 130,
        "mile_sobo_mvp3": 134,
        "state": "PA",
        "milepoint_type": "generated",
        "official": false,
        "confidence": "estimated_from_open_route_geometry_with_known_length_gap",
        "source_id": "osm",
        "source_url": "https://www.openstreetmap.org/relation/156553",
        "source_access_url": "https://hiking.waymarkedtrails.org/api/v1/details/relation/156553",
        "license_status": "open_license_share_alike",
        "source_license": "ODbL",
        "attribution": "OpenStreetMap contributors",
        "last_checked": "2026-05-13",
        "last_generated": "2026-05-14",
        "ai_answer_rule": "Generated mile based on Scout MVP3 Mid-Atlantic open route geometry, not an official ATC mile. Use for source-aware planning only."
      },
      "geometry": {
        "type": "Point",
        "coordinates": [
          -76.894386,
          40.42186
        ]
      }
    },
    {
      "type": "Feature",
      "properties": {
        "trail": "Appalachian Trail",
        "route_id": "at-mvp3-midatlantic-harpers-ferry-delaware-water-gap-open-2026",
        "source_route_id": "at-main-osm-2026-open",
        "mile_nobo_global_est": 1137,
        "mile_nobo_mvp3": 131,
        "mile_sobo_mvp3": 133,
        "state": "PA",
        "milepoint_type": "generated",
        "official": false,
        "confidence": "estimated_from_open_route_geometry_with_known_length_gap",
        "source_id": "osm",
        "source_url": "https://www.openstreetmap.org/relation/156553",
        "source_access_url": "https://hiking.waymarkedtrails.org/api/v1/details/relation/156553",
        "license_status": "open_license_share_alike",
        "source_license": "ODbL",
        "attribution": "OpenStreetMap contributors",
        "last_checked": "2026-05-13",
        "last_generated": "2026-05-14",
        "ai_answer_rule": "Generated mile based on Scout MVP3 Mid-Atlantic open route geometry, not an official ATC mile. Use for source-aware planning only."
      },
      "geometry": {
        "type": "Point",
        "coordinates": [
          -76.876843,
          40.426385
        ]
      }
    },
    {
      "type": "Feature",
      "properties": {
        "trail": "Appalachian Trail",
        "route_id": "at-mvp3-midatlantic-harpers-ferry-delaware-water-gap-open-2026",
        "source_route_id": "at-main-osm-2026-open",
        "mile_nobo_global_est": 1138,
        "mile_nobo_mvp3": 132,
        "mile_sobo_mvp3": 132,
        "state": "PA",
        "milepoint_type": "generated",
        "official": false,
        "confidence": "estimated_from_open_route_geometry_with_known_length_gap",
        "source_id": "osm",
        "source_url": "https://www.openstreetmap.org/relation/156553",
        "source_access_url": "https://hiking.waymarkedtrails.org/api/v1/details/relation/156553",
        "license_status": "open_license_share_alike",
        "source_license": "ODbL",
        "attribution": "OpenStreetMap contributors",
        "last_checked": "2026-05-13",
        "last_generated": "2026-05-14",
        "ai_answer_rule": "Generated mile based on Scout MVP3 Mid-Atlantic open route geometry, not an official ATC mile. Use for source-aware planning only."
      },
      "geometry": {
        "type": "Point",
        "coordinates": [
          -76.859571,
          40.431576
        ]
      }
    },
    {
      "type": "Feature",
      "properties": {
        "trail": "Appalachian Trail",
        "route_id": "at-mvp3-midatlantic-harpers-ferry-delaware-water-gap-open-2026",
        "source_route_id": "at-main-osm-2026-open",
        "mile_nobo_global_est": 1139,
        "mile_nobo_mvp3": 133,
        "mile_sobo_mvp3": 131,
        "state": "PA",
        "milepoint_type": "generated",
        "official": false,
        "confidence": "estimated_from_open_route_geometry_with_known_length_gap",
        "source_id": "osm",
        "source_url": "https://www.openstreetmap.org/relation/156553",
        "source_access_url": "https://hiking.waymarkedtrails.org/api/v1/details/relation/156553",
        "license_status": "open_license_share_alike",
        "source_license": "ODbL",
        "attribution": "OpenStreetMap contributors",
        "last_checked": "2026-05-13",
        "last_generated": "2026-05-14",
        "ai_answer_rule": "Generated mile based on Scout MVP3 Mid-Atlantic open route geometry, not an official ATC mile. Use for source-aware planning only."
      },
      "geometry": {
        "type": "Point",
        "coordinates": [
          -76.842468,
          40.437541
        ]
      }
    },
    {
      "type": "Feature",
      "properties": {
        "trail": "Appalachian Trail",
        "route_id": "at-mvp3-midatlantic-harpers-ferry-delaware-water-gap-open-2026",
        "source_route_id": "at-main-osm-2026-open",
        "mile_nobo_global_est": 1140,
        "mile_nobo_mvp3": 134,
        "mile_sobo_mvp3": 130,
        "state": "PA",
        "milepoint_type": "generated",
        "official": false,
        "confidence": "estimated_from_open_route_geometry_with_known_length_gap",
        "source_id": "osm",
        "source_url": "https://www.openstreetmap.org/relation/156553",
        "source_access_url": "https://hiking.waymarkedtrails.org/api/v1/details/relation/156553",
        "license_status": "open_license_share_alike",
        "source_license": "ODbL",
        "attribution": "OpenStreetMap contributors",
        "last_checked": "2026-05-13",
        "last_generated": "2026-05-14",
        "ai_answer_rule": "Generated mile based on Scout MVP3 Mid-Atlantic open route geometry, not an official ATC mile. Use for source-aware planning only."
      },
      "geometry": {
        "type": "Point",
        "coordinates": [
          -76.825368,
          40.44341
        ]
      }
    },
    {
      "type": "Feature",
      "properties": {
        "trail": "Appalachian Trail",
        "route_id": "at-mvp3-midatlantic-harpers-ferry-delaware-water-gap-open-2026",
        "source_route_id": "at-main-osm-2026-open",
        "mile_nobo_global_est": 1141,
        "mile_nobo_mvp3": 135,
        "mile_sobo_mvp3": 129,
        "state": "PA",
        "milepoint_type": "generated",
        "official": false,
        "confidence": "estimated_from_open_route_geometry_with_known_length_gap",
        "source_id": "osm",
        "source_url": "https://www.openstreetmap.org/relation/156553",
        "source_access_url": "https://hiking.waymarkedtrails.org/api/v1/details/relation/156553",
        "license_status": "open_license_share_alike",
        "source_license": "ODbL",
        "attribution": "OpenStreetMap contributors",
        "last_checked": "2026-05-13",
        "last_generated": "2026-05-14",
        "ai_answer_rule": "Generated mile based on Scout MVP3 Mid-Atlantic open route geometry, not an official ATC mile. Use for source-aware planning only."
      },
      "geometry": {
        "type": "Point",
        "coordinates": [
          -76.808594,
          40.449427
        ]
      }
    },
    {
      "type": "Feature",
      "properties": {
        "trail": "Appalachian Trail",
        "route_id": "at-mvp3-midatlantic-harpers-ferry-delaware-water-gap-open-2026",
        "source_route_id": "at-main-osm-2026-open",
        "mile_nobo_global_est": 1142,
        "mile_nobo_mvp3": 136,
        "mile_sobo_mvp3": 128,
        "state": "PA",
        "milepoint_type": "generated",
        "official": false,
        "confidence": "estimated_from_open_route_geometry_with_known_length_gap",
        "source_id": "osm",
        "source_url": "https://www.openstreetmap.org/relation/156553",
        "source_access_url": "https://hiking.waymarkedtrails.org/api/v1/details/relation/156553",
        "license_status": "open_license_share_alike",
        "source_license": "ODbL",
        "attribution": "OpenStreetMap contributors",
        "last_checked": "2026-05-13",
        "last_generated": "2026-05-14",
        "ai_answer_rule": "Generated mile based on Scout MVP3 Mid-Atlantic open route geometry, not an official ATC mile. Use for source-aware planning only."
      },
      "geometry": {
        "type": "Point",
        "coordinates": [
          -76.791686,
          40.455332
        ]
      }
    },
    {
      "type": "Feature",
      "properties": {
        "trail": "Appalachian Trail",
        "route_id": "at-mvp3-midatlantic-harpers-ferry-delaware-water-gap-open-2026",
        "source_route_id": "at-main-osm-2026-open",
        "mile_nobo_global_est": 1143,
        "mile_nobo_mvp3": 137,
        "mile_sobo_mvp3": 127,
        "state": "PA",
        "milepoint_type": "generated",
        "official": false,
        "confidence": "estimated_from_open_route_geometry_with_known_length_gap",
        "source_id": "osm",
        "source_url": "https://www.openstreetmap.org/relation/156553",
        "source_access_url": "https://hiking.waymarkedtrails.org/api/v1/details/relation/156553",
        "license_status": "open_license_share_alike",
        "source_license": "ODbL",
        "attribution": "OpenStreetMap contributors",
        "last_checked": "2026-05-13",
        "last_generated": "2026-05-14",
        "ai_answer_rule": "Generated mile based on Scout MVP3 Mid-Atlantic open route geometry, not an official ATC mile. Use for source-aware planning only."
      },
      "geometry": {
        "type": "Point",
        "coordinates": [
          -76.782131,
          40.455502
        ]
      }
    },
    {
      "type": "Feature",
      "properties": {
        "trail": "Appalachian Trail",
        "route_id": "at-mvp3-midatlantic-harpers-ferry-delaware-water-gap-open-2026",
        "source_route_id": "at-main-osm-2026-open",
        "mile_nobo_global_est": 1144,
        "mile_nobo_mvp3": 138,
        "mile_sobo_mvp3": 126,
        "state": "PA",
        "milepoint_type": "generated",
        "official": false,
        "confidence": "estimated_from_open_route_geometry_with_known_length_gap",
        "source_id": "osm",
        "source_url": "https://www.openstreetmap.org/relation/156553",
        "source_access_url": "https://hiking.waymarkedtrails.org/api/v1/details/relation/156553",
        "license_status": "open_license_share_alike",
        "source_license": "ODbL",
        "attribution": "OpenStreetMap contributors",
        "last_checked": "2026-05-13",
        "last_generated": "2026-05-14",
        "ai_answer_rule": "Generated mile based on Scout MVP3 Mid-Atlantic open route geometry, not an official ATC mile. Use for source-aware planning only."
      },
      "geometry": {
        "type": "Point",
        "coordinates": [
          -76.770332,
          40.448015
        ]
      }
    },
    {
      "type": "Feature",
      "properties": {
        "trail": "Appalachian Trail",
        "route_id": "at-mvp3-midatlantic-harpers-ferry-delaware-water-gap-open-2026",
        "source_route_id": "at-main-osm-2026-open",
        "mile_nobo_global_est": 1145,
        "mile_nobo_mvp3": 139,
        "mile_sobo_mvp3": 125,
        "state": "PA",
        "milepoint_type": "generated",
        "official": false,
        "confidence": "estimated_from_open_route_geometry_with_known_length_gap",
        "source_id": "osm",
        "source_url": "https://www.openstreetmap.org/relation/156553",
        "source_access_url": "https://hiking.waymarkedtrails.org/api/v1/details/relation/156553",
        "license_status": "open_license_share_alike",
        "source_license": "ODbL",
        "attribution": "OpenStreetMap contributors",
        "last_checked": "2026-05-13",
        "last_generated": "2026-05-14",
        "ai_answer_rule": "Generated mile based on Scout MVP3 Mid-Atlantic open route geometry, not an official ATC mile. Use for source-aware planning only."
      },
      "geometry": {
        "type": "Point",
        "coordinates": [
          -76.752349,
          40.447609
        ]
      }
    },
    {
      "type": "Feature",
      "properties": {
        "trail": "Appalachian Trail",
        "route_id": "at-mvp3-midatlantic-harpers-ferry-delaware-water-gap-open-2026",
        "source_route_id": "at-main-osm-2026-open",
        "mile_nobo_global_est": 1146,
        "mile_nobo_mvp3": 140,
        "mile_sobo_mvp3": 124,
        "state": "PA",
        "milepoint_type": "generated",
        "official": false,
        "confidence": "estimated_from_open_route_geometry_with_known_length_gap",
        "source_id": "osm",
        "source_url": "https://www.openstreetmap.org/relation/156553",
        "source_access_url": "https://hiking.waymarkedtrails.org/api/v1/details/relation/156553",
        "license_status": "open_license_share_alike",
        "source_license": "ODbL",
        "attribution": "OpenStreetMap contributors",
        "last_checked": "2026-05-13",
        "last_generated": "2026-05-14",
        "ai_answer_rule": "Generated mile based on Scout MVP3 Mid-Atlantic open route geometry, not an official ATC mile. Use for source-aware planning only."
      },
      "geometry": {
        "type": "Point",
        "coordinates": [
          -76.734636,
          40.452063
        ]
      }
    },
    {
      "type": "Feature",
      "properties": {
        "trail": "Appalachian Trail",
        "route_id": "at-mvp3-midatlantic-harpers-ferry-delaware-water-gap-open-2026",
        "source_route_id": "at-main-osm-2026-open",
        "mile_nobo_global_est": 1147,
        "mile_nobo_mvp3": 141,
        "mile_sobo_mvp3": 123,
        "state": "PA",
        "milepoint_type": "generated",
        "official": false,
        "confidence": "estimated_from_open_route_geometry_with_known_length_gap",
        "source_id": "osm",
        "source_url": "https://www.openstreetmap.org/relation/156553",
        "source_access_url": "https://hiking.waymarkedtrails.org/api/v1/details/relation/156553",
        "license_status": "open_license_share_alike",
        "source_license": "ODbL",
        "attribution": "OpenStreetMap contributors",
        "last_checked": "2026-05-13",
        "last_generated": "2026-05-14",
        "ai_answer_rule": "Generated mile based on Scout MVP3 Mid-Atlantic open route geometry, not an official ATC mile. Use for source-aware planning only."
      },
      "geometry": {
        "type": "Point",
        "coordinates": [
          -76.71683,
          40.45591
        ]
      }
    },
    {
      "type": "Feature",
      "properties": {
        "trail": "Appalachian Trail",
        "route_id": "at-mvp3-midatlantic-harpers-ferry-delaware-water-gap-open-2026",
        "source_route_id": "at-main-osm-2026-open",
        "mile_nobo_global_est": 1148,
        "mile_nobo_mvp3": 142,
        "mile_sobo_mvp3": 122,
        "state": "PA",
        "milepoint_type": "generated",
        "official": false,
        "confidence": "estimated_from_open_route_geometry_with_known_length_gap",
        "source_id": "osm",
        "source_url": "https://www.openstreetmap.org/relation/156553",
        "source_access_url": "https://hiking.waymarkedtrails.org/api/v1/details/relation/156553",
        "license_status": "open_license_share_alike",
        "source_license": "ODbL",
        "attribution": "OpenStreetMap contributors",
        "last_checked": "2026-05-13",
        "last_generated": "2026-05-14",
        "ai_answer_rule": "Generated mile based on Scout MVP3 Mid-Atlantic open route geometry, not an official ATC mile. Use for source-aware planning only."
      },
      "geometry": {
        "type": "Point",
        "coordinates": [
          -76.702143,
          40.456185
        ]
      }
    },
    {
      "type": "Feature",
      "properties": {
        "trail": "Appalachian Trail",
        "route_id": "at-mvp3-midatlantic-harpers-ferry-delaware-water-gap-open-2026",
        "source_route_id": "at-main-osm-2026-open",
        "mile_nobo_global_est": 1149,
        "mile_nobo_mvp3": 143,
        "mile_sobo_mvp3": 121,
        "state": "PA",
        "milepoint_type": "generated",
        "official": false,
        "confidence": "estimated_from_open_route_geometry_with_known_length_gap",
        "source_id": "osm",
        "source_url": "https://www.openstreetmap.org/relation/156553",
        "source_access_url": "https://hiking.waymarkedtrails.org/api/v1/details/relation/156553",
        "license_status": "open_license_share_alike",
        "source_license": "ODbL",
        "attribution": "OpenStreetMap contributors",
        "last_checked": "2026-05-13",
        "last_generated": "2026-05-14",
        "ai_answer_rule": "Generated mile based on Scout MVP3 Mid-Atlantic open route geometry, not an official ATC mile. Use for source-aware planning only."
      },
      "geometry": {
        "type": "Point",
        "coordinates": [
          -76.687258,
          40.464757
        ]
      }
    },
    {
      "type": "Feature",
      "properties": {
        "trail": "Appalachian Trail",
        "route_id": "at-mvp3-midatlantic-harpers-ferry-delaware-water-gap-open-2026",
        "source_route_id": "at-main-osm-2026-open",
        "mile_nobo_global_est": 1150,
        "mile_nobo_mvp3": 144,
        "mile_sobo_mvp3": 120,
        "state": "PA",
        "milepoint_type": "generated",
        "official": false,
        "confidence": "estimated_from_open_route_geometry_with_known_length_gap",
        "source_id": "osm",
        "source_url": "https://www.openstreetmap.org/relation/156553",
        "source_access_url": "https://hiking.waymarkedtrails.org/api/v1/details/relation/156553",
        "license_status": "open_license_share_alike",
        "source_license": "ODbL",
        "attribution": "OpenStreetMap contributors",
        "last_checked": "2026-05-13",
        "last_generated": "2026-05-14",
        "ai_answer_rule": "Generated mile based on Scout MVP3 Mid-Atlantic open route geometry, not an official ATC mile. Use for source-aware planning only."
      },
      "geometry": {
        "type": "Point",
        "coordinates": [
          -76.671464,
          40.471893
        ]
      }
    },
    {
      "type": "Feature",
      "properties": {
        "trail": "Appalachian Trail",
        "route_id": "at-mvp3-midatlantic-harpers-ferry-delaware-water-gap-open-2026",
        "source_route_id": "at-main-osm-2026-open",
        "mile_nobo_global_est": 1151,
        "mile_nobo_mvp3": 145,
        "mile_sobo_mvp3": 119,
        "state": "PA",
        "milepoint_type": "generated",
        "official": false,
        "confidence": "estimated_from_open_route_geometry_with_known_length_gap",
        "source_id": "osm",
        "source_url": "https://www.openstreetmap.org/relation/156553",
        "source_access_url": "https://hiking.waymarkedtrails.org/api/v1/details/relation/156553",
        "license_status": "open_license_share_alike",
        "source_license": "ODbL",
        "attribution": "OpenStreetMap contributors",
        "last_checked": "2026-05-13",
        "last_generated": "2026-05-14",
        "ai_answer_rule": "Generated mile based on Scout MVP3 Mid-Atlantic open route geometry, not an official ATC mile. Use for source-aware planning only."
      },
      "geometry": {
        "type": "Point",
        "coordinates": [
          -76.654605,
          40.478368
        ]
      }
    },
    {
      "type": "Feature",
      "properties": {
        "trail": "Appalachian Trail",
        "route_id": "at-mvp3-midatlantic-harpers-ferry-delaware-water-gap-open-2026",
        "source_route_id": "at-main-osm-2026-open",
        "mile_nobo_global_est": 1152,
        "mile_nobo_mvp3": 146,
        "mile_sobo_mvp3": 118,
        "state": "PA",
        "milepoint_type": "generated",
        "official": false,
        "confidence": "estimated_from_open_route_geometry_with_known_length_gap",
        "source_id": "osm",
        "source_url": "https://www.openstreetmap.org/relation/156553",
        "source_access_url": "https://hiking.waymarkedtrails.org/api/v1/details/relation/156553",
        "license_status": "open_license_share_alike",
        "source_license": "ODbL",
        "attribution": "OpenStreetMap contributors",
        "last_checked": "2026-05-13",
        "last_generated": "2026-05-14",
        "ai_answer_rule": "Generated mile based on Scout MVP3 Mid-Atlantic open route geometry, not an official ATC mile. Use for source-aware planning only."
      },
      "geometry": {
        "type": "Point",
        "coordinates": [
          -76.638094,
          40.485304
        ]
      }
    },
    {
      "type": "Feature",
      "properties": {
        "trail": "Appalachian Trail",
        "route_id": "at-mvp3-midatlantic-harpers-ferry-delaware-water-gap-open-2026",
        "source_route_id": "at-main-osm-2026-open",
        "mile_nobo_global_est": 1153,
        "mile_nobo_mvp3": 147,
        "mile_sobo_mvp3": 117,
        "state": "PA",
        "milepoint_type": "generated",
        "official": false,
        "confidence": "estimated_from_open_route_geometry_with_known_length_gap",
        "source_id": "osm",
        "source_url": "https://www.openstreetmap.org/relation/156553",
        "source_access_url": "https://hiking.waymarkedtrails.org/api/v1/details/relation/156553",
        "license_status": "open_license_share_alike",
        "source_license": "ODbL",
        "attribution": "OpenStreetMap contributors",
        "last_checked": "2026-05-13",
        "last_generated": "2026-05-14",
        "ai_answer_rule": "Generated mile based on Scout MVP3 Mid-Atlantic open route geometry, not an official ATC mile. Use for source-aware planning only."
      },
      "geometry": {
        "type": "Point",
        "coordinates": [
          -76.623191,
          40.492391
        ]
      }
    },
    {
      "type": "Feature",
      "properties": {
        "trail": "Appalachian Trail",
        "route_id": "at-mvp3-midatlantic-harpers-ferry-delaware-water-gap-open-2026",
        "source_route_id": "at-main-osm-2026-open",
        "mile_nobo_global_est": 1154,
        "mile_nobo_mvp3": 148,
        "mile_sobo_mvp3": 116,
        "state": "PA",
        "milepoint_type": "generated",
        "official": false,
        "confidence": "estimated_from_open_route_geometry_with_known_length_gap",
        "source_id": "osm",
        "source_url": "https://www.openstreetmap.org/relation/156553",
        "source_access_url": "https://hiking.waymarkedtrails.org/api/v1/details/relation/156553",
        "license_status": "open_license_share_alike",
        "source_license": "ODbL",
        "attribution": "OpenStreetMap contributors",
        "last_checked": "2026-05-13",
        "last_generated": "2026-05-14",
        "ai_answer_rule": "Generated mile based on Scout MVP3 Mid-Atlantic open route geometry, not an official ATC mile. Use for source-aware planning only."
      },
      "geometry": {
        "type": "Point",
        "coordinates": [
          -76.608934,
          40.501025
        ]
      }
    },
    {
      "type": "Feature",
      "properties": {
        "trail": "Appalachian Trail",
        "route_id": "at-mvp3-midatlantic-harpers-ferry-delaware-water-gap-open-2026",
        "source_route_id": "at-main-osm-2026-open",
        "mile_nobo_global_est": 1155,
        "mile_nobo_mvp3": 149,
        "mile_sobo_mvp3": 115,
        "state": "PA",
        "milepoint_type": "generated",
        "official": false,
        "confidence": "estimated_from_open_route_geometry_with_known_length_gap",
        "source_id": "osm",
        "source_url": "https://www.openstreetmap.org/relation/156553",
        "source_access_url": "https://hiking.waymarkedtrails.org/api/v1/details/relation/156553",
        "license_status": "open_license_share_alike",
        "source_license": "ODbL",
        "attribution": "OpenStreetMap contributors",
        "last_checked": "2026-05-13",
        "last_generated": "2026-05-14",
        "ai_answer_rule": "Generated mile based on Scout MVP3 Mid-Atlantic open route geometry, not an official ATC mile. Use for source-aware planning only."
      },
      "geometry": {
        "type": "Point",
        "coordinates": [
          -76.59711,
          40.497007
        ]
      }
    },
    {
      "type": "Feature",
      "properties": {
        "trail": "Appalachian Trail",
        "route_id": "at-mvp3-midatlantic-harpers-ferry-delaware-water-gap-open-2026",
        "source_route_id": "at-main-osm-2026-open",
        "mile_nobo_global_est": 1156,
        "mile_nobo_mvp3": 150,
        "mile_sobo_mvp3": 114,
        "state": "PA",
        "milepoint_type": "generated",
        "official": false,
        "confidence": "estimated_from_open_route_geometry_with_known_length_gap",
        "source_id": "osm",
        "source_url": "https://www.openstreetmap.org/relation/156553",
        "source_access_url": "https://hiking.waymarkedtrails.org/api/v1/details/relation/156553",
        "license_status": "open_license_share_alike",
        "source_license": "ODbL",
        "attribution": "OpenStreetMap contributors",
        "last_checked": "2026-05-13",
        "last_generated": "2026-05-14",
        "ai_answer_rule": "Generated mile based on Scout MVP3 Mid-Atlantic open route geometry, not an official ATC mile. Use for source-aware planning only."
      },
      "geometry": {
        "type": "Point",
        "coordinates": [
          -76.58087,
          40.494134
        ]
      }
    },
    {
      "type": "Feature",
      "properties": {
        "trail": "Appalachian Trail",
        "route_id": "at-mvp3-midatlantic-harpers-ferry-delaware-water-gap-open-2026",
        "source_route_id": "at-main-osm-2026-open",
        "mile_nobo_global_est": 1157,
        "mile_nobo_mvp3": 151,
        "mile_sobo_mvp3": 113,
        "state": "PA",
        "milepoint_type": "generated",
        "official": false,
        "confidence": "estimated_from_open_route_geometry_with_known_length_gap",
        "source_id": "osm",
        "source_url": "https://www.openstreetmap.org/relation/156553",
        "source_access_url": "https://hiking.waymarkedtrails.org/api/v1/details/relation/156553",
        "license_status": "open_license_share_alike",
        "source_license": "ODbL",
        "attribution": "OpenStreetMap contributors",
        "last_checked": "2026-05-13",
        "last_generated": "2026-05-14",
        "ai_answer_rule": "Generated mile based on Scout MVP3 Mid-Atlantic open route geometry, not an official ATC mile. Use for source-aware planning only."
      },
      "geometry": {
        "type": "Point",
        "coordinates": [
          -76.565463,
          40.501683
        ]
      }
    },
    {
      "type": "Feature",
      "properties": {
        "trail": "Appalachian Trail",
        "route_id": "at-mvp3-midatlantic-harpers-ferry-delaware-water-gap-open-2026",
        "source_route_id": "at-main-osm-2026-open",
        "mile_nobo_global_est": 1158,
        "mile_nobo_mvp3": 152,
        "mile_sobo_mvp3": 112,
        "state": "PA",
        "milepoint_type": "generated",
        "official": false,
        "confidence": "estimated_from_open_route_geometry_with_known_length_gap",
        "source_id": "osm",
        "source_url": "https://www.openstreetmap.org/relation/156553",
        "source_access_url": "https://hiking.waymarkedtrails.org/api/v1/details/relation/156553",
        "license_status": "open_license_share_alike",
        "source_license": "ODbL",
        "attribution": "OpenStreetMap contributors",
        "last_checked": "2026-05-13",
        "last_generated": "2026-05-14",
        "ai_answer_rule": "Generated mile based on Scout MVP3 Mid-Atlantic open route geometry, not an official ATC mile. Use for source-aware planning only."
      },
      "geometry": {
        "type": "Point",
        "coordinates": [
          -76.557695,
          40.495922
        ]
      }
    },
    {
      "type": "Feature",
      "properties": {
        "trail": "Appalachian Trail",
        "route_id": "at-mvp3-midatlantic-harpers-ferry-delaware-water-gap-open-2026",
        "source_route_id": "at-main-osm-2026-open",
        "mile_nobo_global_est": 1159,
        "mile_nobo_mvp3": 153,
        "mile_sobo_mvp3": 111,
        "state": "PA",
        "milepoint_type": "generated",
        "official": false,
        "confidence": "estimated_from_open_route_geometry_with_known_length_gap",
        "source_id": "osm",
        "source_url": "https://www.openstreetmap.org/relation/156553",
        "source_access_url": "https://hiking.waymarkedtrails.org/api/v1/details/relation/156553",
        "license_status": "open_license_share_alike",
        "source_license": "ODbL",
        "attribution": "OpenStreetMap contributors",
        "last_checked": "2026-05-13",
        "last_generated": "2026-05-14",
        "ai_answer_rule": "Generated mile based on Scout MVP3 Mid-Atlantic open route geometry, not an official ATC mile. Use for source-aware planning only."
      },
      "geometry": {
        "type": "Point",
        "coordinates": [
          -76.549719,
          40.484327
        ]
      }
    },
    {
      "type": "Feature",
      "properties": {
        "trail": "Appalachian Trail",
        "route_id": "at-mvp3-midatlantic-harpers-ferry-delaware-water-gap-open-2026",
        "source_route_id": "at-main-osm-2026-open",
        "mile_nobo_global_est": 1160,
        "mile_nobo_mvp3": 154,
        "mile_sobo_mvp3": 110,
        "state": "PA",
        "milepoint_type": "generated",
        "official": false,
        "confidence": "estimated_from_open_route_geometry_with_known_length_gap",
        "source_id": "osm",
        "source_url": "https://www.openstreetmap.org/relation/156553",
        "source_access_url": "https://hiking.waymarkedtrails.org/api/v1/details/relation/156553",
        "license_status": "open_license_share_alike",
        "source_license": "ODbL",
        "attribution": "OpenStreetMap contributors",
        "last_checked": "2026-05-13",
        "last_generated": "2026-05-14",
        "ai_answer_rule": "Generated mile based on Scout MVP3 Mid-Atlantic open route geometry, not an official ATC mile. Use for source-aware planning only."
      },
      "geometry": {
        "type": "Point",
        "coordinates": [
          -76.539877,
          40.478604
        ]
      }
    },
    {
      "type": "Feature",
      "properties": {
        "trail": "Appalachian Trail",
        "route_id": "at-mvp3-midatlantic-harpers-ferry-delaware-water-gap-open-2026",
        "source_route_id": "at-main-osm-2026-open",
        "mile_nobo_global_est": 1161,
        "mile_nobo_mvp3": 155,
        "mile_sobo_mvp3": 109,
        "state": "PA",
        "milepoint_type": "generated",
        "official": false,
        "confidence": "estimated_from_open_route_geometry_with_known_length_gap",
        "source_id": "osm",
        "source_url": "https://www.openstreetmap.org/relation/156553",
        "source_access_url": "https://hiking.waymarkedtrails.org/api/v1/details/relation/156553",
        "license_status": "open_license_share_alike",
        "source_license": "ODbL",
        "attribution": "OpenStreetMap contributors",
        "last_checked": "2026-05-13",
        "last_generated": "2026-05-14",
        "ai_answer_rule": "Generated mile based on Scout MVP3 Mid-Atlantic open route geometry, not an official ATC mile. Use for source-aware planning only."
      },
      "geometry": {
        "type": "Point",
        "coordinates": [
          -76.528325,
          40.480036
        ]
      }
    },
    {
      "type": "Feature",
      "properties": {
        "trail": "Appalachian Trail",
        "route_id": "at-mvp3-midatlantic-harpers-ferry-delaware-water-gap-open-2026",
        "source_route_id": "at-main-osm-2026-open",
        "mile_nobo_global_est": 1162,
        "mile_nobo_mvp3": 156,
        "mile_sobo_mvp3": 108,
        "state": "PA",
        "milepoint_type": "generated",
        "official": false,
        "confidence": "estimated_from_open_route_geometry_with_known_length_gap",
        "source_id": "osm",
        "source_url": "https://www.openstreetmap.org/relation/156553",
        "source_access_url": "https://hiking.waymarkedtrails.org/api/v1/details/relation/156553",
        "license_status": "open_license_share_alike",
        "source_license": "ODbL",
        "attribution": "OpenStreetMap contributors",
        "last_checked": "2026-05-13",
        "last_generated": "2026-05-14",
        "ai_answer_rule": "Generated mile based on Scout MVP3 Mid-Atlantic open route geometry, not an official ATC mile. Use for source-aware planning only."
      },
      "geometry": {
        "type": "Point",
        "coordinates": [
          -76.517919,
          40.483238
        ]
      }
    },
    {
      "type": "Feature",
      "properties": {
        "trail": "Appalachian Trail",
        "route_id": "at-mvp3-midatlantic-harpers-ferry-delaware-water-gap-open-2026",
        "source_route_id": "at-main-osm-2026-open",
        "mile_nobo_global_est": 1163,
        "mile_nobo_mvp3": 157,
        "mile_sobo_mvp3": 107,
        "state": "PA",
        "milepoint_type": "generated",
        "official": false,
        "confidence": "estimated_from_open_route_geometry_with_known_length_gap",
        "source_id": "osm",
        "source_url": "https://www.openstreetmap.org/relation/156553",
        "source_access_url": "https://hiking.waymarkedtrails.org/api/v1/details/relation/156553",
        "license_status": "open_license_share_alike",
        "source_license": "ODbL",
        "attribution": "OpenStreetMap contributors",
        "last_checked": "2026-05-13",
        "last_generated": "2026-05-14",
        "ai_answer_rule": "Generated mile based on Scout MVP3 Mid-Atlantic open route geometry, not an official ATC mile. Use for source-aware planning only."
      },
      "geometry": {
        "type": "Point",
        "coordinates": [
          -76.501684,
          40.490174
        ]
      }
    },
    {
      "type": "Feature",
      "properties": {
        "trail": "Appalachian Trail",
        "route_id": "at-mvp3-midatlantic-harpers-ferry-delaware-water-gap-open-2026",
        "source_route_id": "at-main-osm-2026-open",
        "mile_nobo_global_est": 1164,
        "mile_nobo_mvp3": 158,
        "mile_sobo_mvp3": 106,
        "state": "PA",
        "milepoint_type": "generated",
        "official": false,
        "confidence": "estimated_from_open_route_geometry_with_known_length_gap",
        "source_id": "osm",
        "source_url": "https://www.openstreetmap.org/relation/156553",
        "source_access_url": "https://hiking.waymarkedtrails.org/api/v1/details/relation/156553",
        "license_status": "open_license_share_alike",
        "source_license": "ODbL",
        "attribution": "OpenStreetMap contributors",
        "last_checked": "2026-05-13",
        "last_generated": "2026-05-14",
        "ai_answer_rule": "Generated mile based on Scout MVP3 Mid-Atlantic open route geometry, not an official ATC mile. Use for source-aware planning only."
      },
      "geometry": {
        "type": "Point",
        "coordinates": [
          -76.483832,
          40.49428
        ]
      }
    },
    {
      "type": "Feature",
      "properties": {
        "trail": "Appalachian Trail",
        "route_id": "at-mvp3-midatlantic-harpers-ferry-delaware-water-gap-open-2026",
        "source_route_id": "at-main-osm-2026-open",
        "mile_nobo_global_est": 1165,
        "mile_nobo_mvp3": 159,
        "mile_sobo_mvp3": 105,
        "state": "PA",
        "milepoint_type": "generated",
        "official": false,
        "confidence": "estimated_from_open_route_geometry_with_known_length_gap",
        "source_id": "osm",
        "source_url": "https://www.openstreetmap.org/relation/156553",
        "source_access_url": "https://hiking.waymarkedtrails.org/api/v1/details/relation/156553",
        "license_status": "open_license_share_alike",
        "source_license": "ODbL",
        "attribution": "OpenStreetMap contributors",
        "last_checked": "2026-05-13",
        "last_generated": "2026-05-14",
        "ai_answer_rule": "Generated mile based on Scout MVP3 Mid-Atlantic open route geometry, not an official ATC mile. Use for source-aware planning only."
      },
      "geometry": {
        "type": "Point",
        "coordinates": [
          -76.466506,
          40.496023
        ]
      }
    },
    {
      "type": "Feature",
      "properties": {
        "trail": "Appalachian Trail",
        "route_id": "at-mvp3-midatlantic-harpers-ferry-delaware-water-gap-open-2026",
        "source_route_id": "at-main-osm-2026-open",
        "mile_nobo_global_est": 1166,
        "mile_nobo_mvp3": 160,
        "mile_sobo_mvp3": 104,
        "state": "PA",
        "milepoint_type": "generated",
        "official": false,
        "confidence": "estimated_from_open_route_geometry_with_known_length_gap",
        "source_id": "osm",
        "source_url": "https://www.openstreetmap.org/relation/156553",
        "source_access_url": "https://hiking.waymarkedtrails.org/api/v1/details/relation/156553",
        "license_status": "open_license_share_alike",
        "source_license": "ODbL",
        "attribution": "OpenStreetMap contributors",
        "last_checked": "2026-05-13",
        "last_generated": "2026-05-14",
        "ai_answer_rule": "Generated mile based on Scout MVP3 Mid-Atlantic open route geometry, not an official ATC mile. Use for source-aware planning only."
      },
      "geometry": {
        "type": "Point",
        "coordinates": [
          -76.448086,
          40.496341
        ]
      }
    },
    {
      "type": "Feature",
      "properties": {
        "trail": "Appalachian Trail",
        "route_id": "at-mvp3-midatlantic-harpers-ferry-delaware-water-gap-open-2026",
        "source_route_id": "at-main-osm-2026-open",
        "mile_nobo_global_est": 1167,
        "mile_nobo_mvp3": 161,
        "mile_sobo_mvp3": 103,
        "state": "PA",
        "milepoint_type": "generated",
        "official": false,
        "confidence": "estimated_from_open_route_geometry_with_known_length_gap",
        "source_id": "osm",
        "source_url": "https://www.openstreetmap.org/relation/156553",
        "source_access_url": "https://hiking.waymarkedtrails.org/api/v1/details/relation/156553",
        "license_status": "open_license_share_alike",
        "source_license": "ODbL",
        "attribution": "OpenStreetMap contributors",
        "last_checked": "2026-05-13",
        "last_generated": "2026-05-14",
        "ai_answer_rule": "Generated mile based on Scout MVP3 Mid-Atlantic open route geometry, not an official ATC mile. Use for source-aware planning only."
      },
      "geometry": {
        "type": "Point",
        "coordinates": [
          -76.430021,
          40.494932
        ]
      }
    },
    {
      "type": "Feature",
      "properties": {
        "trail": "Appalachian Trail",
        "route_id": "at-mvp3-midatlantic-harpers-ferry-delaware-water-gap-open-2026",
        "source_route_id": "at-main-osm-2026-open",
        "mile_nobo_global_est": 1168,
        "mile_nobo_mvp3": 162,
        "mile_sobo_mvp3": 102,
        "state": "PA",
        "milepoint_type": "generated",
        "official": false,
        "confidence": "estimated_from_open_route_geometry_with_known_length_gap",
        "source_id": "osm",
        "source_url": "https://www.openstreetmap.org/relation/156553",
        "source_access_url": "https://hiking.waymarkedtrails.org/api/v1/details/relation/156553",
        "license_status": "open_license_share_alike",
        "source_license": "ODbL",
        "attribution": "OpenStreetMap contributors",
        "last_checked": "2026-05-13",
        "last_generated": "2026-05-14",
        "ai_answer_rule": "Generated mile based on Scout MVP3 Mid-Atlantic open route geometry, not an official ATC mile. Use for source-aware planning only."
      },
      "geometry": {
        "type": "Point",
        "coordinates": [
          -76.411881,
          40.49751
        ]
      }
    },
    {
      "type": "Feature",
      "properties": {
        "trail": "Appalachian Trail",
        "route_id": "at-mvp3-midatlantic-harpers-ferry-delaware-water-gap-open-2026",
        "source_route_id": "at-main-osm-2026-open",
        "mile_nobo_global_est": 1169,
        "mile_nobo_mvp3": 163,
        "mile_sobo_mvp3": 101,
        "state": "PA",
        "milepoint_type": "generated",
        "official": false,
        "confidence": "estimated_from_open_route_geometry_with_known_length_gap",
        "source_id": "osm",
        "source_url": "https://www.openstreetmap.org/relation/156553",
        "source_access_url": "https://hiking.waymarkedtrails.org/api/v1/details/relation/156553",
        "license_status": "open_license_share_alike",
        "source_license": "ODbL",
        "attribution": "OpenStreetMap contributors",
        "last_checked": "2026-05-13",
        "last_generated": "2026-05-14",
        "ai_answer_rule": "Generated mile based on Scout MVP3 Mid-Atlantic open route geometry, not an official ATC mile. Use for source-aware planning only."
      },
      "geometry": {
        "type": "Point",
        "coordinates": [
          -76.394548,
          40.502624
        ]
      }
    },
    {
      "type": "Feature",
      "properties": {
        "trail": "Appalachian Trail",
        "route_id": "at-mvp3-midatlantic-harpers-ferry-delaware-water-gap-open-2026",
        "source_route_id": "at-main-osm-2026-open",
        "mile_nobo_global_est": 1170,
        "mile_nobo_mvp3": 164,
        "mile_sobo_mvp3": 100,
        "state": "PA",
        "milepoint_type": "generated",
        "official": false,
        "confidence": "estimated_from_open_route_geometry_with_known_length_gap",
        "source_id": "osm",
        "source_url": "https://www.openstreetmap.org/relation/156553",
        "source_access_url": "https://hiking.waymarkedtrails.org/api/v1/details/relation/156553",
        "license_status": "open_license_share_alike",
        "source_license": "ODbL",
        "attribution": "OpenStreetMap contributors",
        "last_checked": "2026-05-13",
        "last_generated": "2026-05-14",
        "ai_answer_rule": "Generated mile based on Scout MVP3 Mid-Atlantic open route geometry, not an official ATC mile. Use for source-aware planning only."
      },
      "geometry": {
        "type": "Point",
        "coordinates": [
          -76.376987,
          40.507119
        ]
      }
    },
    {
      "type": "Feature",
      "properties": {
        "trail": "Appalachian Trail",
        "route_id": "at-mvp3-midatlantic-harpers-ferry-delaware-water-gap-open-2026",
        "source_route_id": "at-main-osm-2026-open",
        "mile_nobo_global_est": 1171,
        "mile_nobo_mvp3": 165,
        "mile_sobo_mvp3": 99,
        "state": "PA",
        "milepoint_type": "generated",
        "official": false,
        "confidence": "estimated_from_open_route_geometry_with_known_length_gap",
        "source_id": "osm",
        "source_url": "https://www.openstreetmap.org/relation/156553",
        "source_access_url": "https://hiking.waymarkedtrails.org/api/v1/details/relation/156553",
        "license_status": "open_license_share_alike",
        "source_license": "ODbL",
        "attribution": "OpenStreetMap contributors",
        "last_checked": "2026-05-13",
        "last_generated": "2026-05-14",
        "ai_answer_rule": "Generated mile based on Scout MVP3 Mid-Atlantic open route geometry, not an official ATC mile. Use for source-aware planning only."
      },
      "geometry": {
        "type": "Point",
        "coordinates": [
          -76.359502,
          40.510783
        ]
      }
    },
    {
      "type": "Feature",
      "properties": {
        "trail": "Appalachian Trail",
        "route_id": "at-mvp3-midatlantic-harpers-ferry-delaware-water-gap-open-2026",
        "source_route_id": "at-main-osm-2026-open",
        "mile_nobo_global_est": 1172,
        "mile_nobo_mvp3": 166,
        "mile_sobo_mvp3": 98,
        "state": "PA",
        "milepoint_type": "generated",
        "official": false,
        "confidence": "estimated_from_open_route_geometry_with_known_length_gap",
        "source_id": "osm",
        "source_url": "https://www.openstreetmap.org/relation/156553",
        "source_access_url": "https://hiking.waymarkedtrails.org/api/v1/details/relation/156553",
        "license_status": "open_license_share_alike",
        "source_license": "ODbL",
        "attribution": "OpenStreetMap contributors",
        "last_checked": "2026-05-13",
        "last_generated": "2026-05-14",
        "ai_answer_rule": "Generated mile based on Scout MVP3 Mid-Atlantic open route geometry, not an official ATC mile. Use for source-aware planning only."
      },
      "geometry": {
        "type": "Point",
        "coordinates": [
          -76.343897,
          40.512974
        ]
      }
    },
    {
      "type": "Feature",
      "properties": {
        "trail": "Appalachian Trail",
        "route_id": "at-mvp3-midatlantic-harpers-ferry-delaware-water-gap-open-2026",
        "source_route_id": "at-main-osm-2026-open",
        "mile_nobo_global_est": 1173,
        "mile_nobo_mvp3": 167,
        "mile_sobo_mvp3": 97,
        "state": "PA",
        "milepoint_type": "generated",
        "official": false,
        "confidence": "estimated_from_open_route_geometry_with_known_length_gap",
        "source_id": "osm",
        "source_url": "https://www.openstreetmap.org/relation/156553",
        "source_access_url": "https://hiking.waymarkedtrails.org/api/v1/details/relation/156553",
        "license_status": "open_license_share_alike",
        "source_license": "ODbL",
        "attribution": "OpenStreetMap contributors",
        "last_checked": "2026-05-13",
        "last_generated": "2026-05-14",
        "ai_answer_rule": "Generated mile based on Scout MVP3 Mid-Atlantic open route geometry, not an official ATC mile. Use for source-aware planning only."
      },
      "geometry": {
        "type": "Point",
        "coordinates": [
          -76.326762,
          40.51761
        ]
      }
    },
    {
      "type": "Feature",
      "properties": {
        "trail": "Appalachian Trail",
        "route_id": "at-mvp3-midatlantic-harpers-ferry-delaware-water-gap-open-2026",
        "source_route_id": "at-main-osm-2026-open",
        "mile_nobo_global_est": 1174,
        "mile_nobo_mvp3": 168,
        "mile_sobo_mvp3": 96,
        "state": "PA",
        "milepoint_type": "generated",
        "official": false,
        "confidence": "estimated_from_open_route_geometry_with_known_length_gap",
        "source_id": "osm",
        "source_url": "https://www.openstreetmap.org/relation/156553",
        "source_access_url": "https://hiking.waymarkedtrails.org/api/v1/details/relation/156553",
        "license_status": "open_license_share_alike",
        "source_license": "ODbL",
        "attribution": "OpenStreetMap contributors",
        "last_checked": "2026-05-13",
        "last_generated": "2026-05-14",
        "ai_answer_rule": "Generated mile based on Scout MVP3 Mid-Atlantic open route geometry, not an official ATC mile. Use for source-aware planning only."
      },
      "geometry": {
        "type": "Point",
        "coordinates": [
          -76.310709,
          40.515612
        ]
      }
    },
    {
      "type": "Feature",
      "properties": {
        "trail": "Appalachian Trail",
        "route_id": "at-mvp3-midatlantic-harpers-ferry-delaware-water-gap-open-2026",
        "source_route_id": "at-main-osm-2026-open",
        "mile_nobo_global_est": 1175,
        "mile_nobo_mvp3": 169,
        "mile_sobo_mvp3": 95,
        "state": "PA",
        "milepoint_type": "generated",
        "official": false,
        "confidence": "estimated_from_open_route_geometry_with_known_length_gap",
        "source_id": "osm",
        "source_url": "https://www.openstreetmap.org/relation/156553",
        "source_access_url": "https://hiking.waymarkedtrails.org/api/v1/details/relation/156553",
        "license_status": "open_license_share_alike",
        "source_license": "ODbL",
        "attribution": "OpenStreetMap contributors",
        "last_checked": "2026-05-13",
        "last_generated": "2026-05-14",
        "ai_answer_rule": "Generated mile based on Scout MVP3 Mid-Atlantic open route geometry, not an official ATC mile. Use for source-aware planning only."
      },
      "geometry": {
        "type": "Point",
        "coordinates": [
          -76.309195,
          40.508276
        ]
      }
    },
    {
      "type": "Feature",
      "properties": {
        "trail": "Appalachian Trail",
        "route_id": "at-mvp3-midatlantic-harpers-ferry-delaware-water-gap-open-2026",
        "source_route_id": "at-main-osm-2026-open",
        "mile_nobo_global_est": 1176,
        "mile_nobo_mvp3": 170,
        "mile_sobo_mvp3": 94,
        "state": "PA",
        "milepoint_type": "generated",
        "official": false,
        "confidence": "estimated_from_open_route_geometry_with_known_length_gap",
        "source_id": "osm",
        "source_url": "https://www.openstreetmap.org/relation/156553",
        "source_access_url": "https://hiking.waymarkedtrails.org/api/v1/details/relation/156553",
        "license_status": "open_license_share_alike",
        "source_license": "ODbL",
        "attribution": "OpenStreetMap contributors",
        "last_checked": "2026-05-13",
        "last_generated": "2026-05-14",
        "ai_answer_rule": "Generated mile based on Scout MVP3 Mid-Atlantic open route geometry, not an official ATC mile. Use for source-aware planning only."
      },
      "geometry": {
        "type": "Point",
        "coordinates": [
          -76.293103,
          40.511168
        ]
      }
    },
    {
      "type": "Feature",
      "properties": {
        "trail": "Appalachian Trail",
        "route_id": "at-mvp3-midatlantic-harpers-ferry-delaware-water-gap-open-2026",
        "source_route_id": "at-main-osm-2026-open",
        "mile_nobo_global_est": 1177,
        "mile_nobo_mvp3": 171,
        "mile_sobo_mvp3": 93,
        "state": "PA",
        "milepoint_type": "generated",
        "official": false,
        "confidence": "estimated_from_open_route_geometry_with_known_length_gap",
        "source_id": "osm",
        "source_url": "https://www.openstreetmap.org/relation/156553",
        "source_access_url": "https://hiking.waymarkedtrails.org/api/v1/details/relation/156553",
        "license_status": "open_license_share_alike",
        "source_license": "ODbL",
        "attribution": "OpenStreetMap contributors",
        "last_checked": "2026-05-13",
        "last_generated": "2026-05-14",
        "ai_answer_rule": "Generated mile based on Scout MVP3 Mid-Atlantic open route geometry, not an official ATC mile. Use for source-aware planning only."
      },
      "geometry": {
        "type": "Point",
        "coordinates": [
          -76.278143,
          40.510167
        ]
      }
    },
    {
      "type": "Feature",
      "properties": {
        "trail": "Appalachian Trail",
        "route_id": "at-mvp3-midatlantic-harpers-ferry-delaware-water-gap-open-2026",
        "source_route_id": "at-main-osm-2026-open",
        "mile_nobo_global_est": 1178,
        "mile_nobo_mvp3": 172,
        "mile_sobo_mvp3": 92,
        "state": "PA",
        "milepoint_type": "generated",
        "official": false,
        "confidence": "estimated_from_open_route_geometry_with_known_length_gap",
        "source_id": "osm",
        "source_url": "https://www.openstreetmap.org/relation/156553",
        "source_access_url": "https://hiking.waymarkedtrails.org/api/v1/details/relation/156553",
        "license_status": "open_license_share_alike",
        "source_license": "ODbL",
        "attribution": "OpenStreetMap contributors",
        "last_checked": "2026-05-13",
        "last_generated": "2026-05-14",
        "ai_answer_rule": "Generated mile based on Scout MVP3 Mid-Atlantic open route geometry, not an official ATC mile. Use for source-aware planning only."
      },
      "geometry": {
        "type": "Point",
        "coordinates": [
          -76.26507,
          40.513346
        ]
      }
    },
    {
      "type": "Feature",
      "properties": {
        "trail": "Appalachian Trail",
        "route_id": "at-mvp3-midatlantic-harpers-ferry-delaware-water-gap-open-2026",
        "source_route_id": "at-main-osm-2026-open",
        "mile_nobo_global_est": 1179,
        "mile_nobo_mvp3": 173,
        "mile_sobo_mvp3": 91,
        "state": "PA",
        "milepoint_type": "generated",
        "official": false,
        "confidence": "estimated_from_open_route_geometry_with_known_length_gap",
        "source_id": "osm",
        "source_url": "https://www.openstreetmap.org/relation/156553",
        "source_access_url": "https://hiking.waymarkedtrails.org/api/v1/details/relation/156553",
        "license_status": "open_license_share_alike",
        "source_license": "ODbL",
        "attribution": "OpenStreetMap contributors",
        "last_checked": "2026-05-13",
        "last_generated": "2026-05-14",
        "ai_answer_rule": "Generated mile based on Scout MVP3 Mid-Atlantic open route geometry, not an official ATC mile. Use for source-aware planning only."
      },
      "geometry": {
        "type": "Point",
        "coordinates": [
          -76.250637,
          40.519994
        ]
      }
    },
    {
      "type": "Feature",
      "properties": {
        "trail": "Appalachian Trail",
        "route_id": "at-mvp3-midatlantic-harpers-ferry-delaware-water-gap-open-2026",
        "source_route_id": "at-main-osm-2026-open",
        "mile_nobo_global_est": 1180,
        "mile_nobo_mvp3": 174,
        "mile_sobo_mvp3": 90,
        "state": "PA",
        "milepoint_type": "generated",
        "official": false,
        "confidence": "estimated_from_open_route_geometry_with_known_length_gap",
        "source_id": "osm",
        "source_url": "https://www.openstreetmap.org/relation/156553",
        "source_access_url": "https://hiking.waymarkedtrails.org/api/v1/details/relation/156553",
        "license_status": "open_license_share_alike",
        "source_license": "ODbL",
        "attribution": "OpenStreetMap contributors",
        "last_checked": "2026-05-13",
        "last_generated": "2026-05-14",
        "ai_answer_rule": "Generated mile based on Scout MVP3 Mid-Atlantic open route geometry, not an official ATC mile. Use for source-aware planning only."
      },
      "geometry": {
        "type": "Point",
        "coordinates": [
          -76.234585,
          40.525716
        ]
      }
    },
    {
      "type": "Feature",
      "properties": {
        "trail": "Appalachian Trail",
        "route_id": "at-mvp3-midatlantic-harpers-ferry-delaware-water-gap-open-2026",
        "source_route_id": "at-main-osm-2026-open",
        "mile_nobo_global_est": 1181,
        "mile_nobo_mvp3": 175,
        "mile_sobo_mvp3": 89,
        "state": "PA",
        "milepoint_type": "generated",
        "official": false,
        "confidence": "estimated_from_open_route_geometry_with_known_length_gap",
        "source_id": "osm",
        "source_url": "https://www.openstreetmap.org/relation/156553",
        "source_access_url": "https://hiking.waymarkedtrails.org/api/v1/details/relation/156553",
        "license_status": "open_license_share_alike",
        "source_license": "ODbL",
        "attribution": "OpenStreetMap contributors",
        "last_checked": "2026-05-13",
        "last_generated": "2026-05-14",
        "ai_answer_rule": "Generated mile based on Scout MVP3 Mid-Atlantic open route geometry, not an official ATC mile. Use for source-aware planning only."
      },
      "geometry": {
        "type": "Point",
        "coordinates": [
          -76.216789,
          40.528149
        ]
      }
    },
    {
      "type": "Feature",
      "properties": {
        "trail": "Appalachian Trail",
        "route_id": "at-mvp3-midatlantic-harpers-ferry-delaware-water-gap-open-2026",
        "source_route_id": "at-main-osm-2026-open",
        "mile_nobo_global_est": 1182,
        "mile_nobo_mvp3": 176,
        "mile_sobo_mvp3": 88,
        "state": "PA",
        "milepoint_type": "generated",
        "official": false,
        "confidence": "estimated_from_open_route_geometry_with_known_length_gap",
        "source_id": "osm",
        "source_url": "https://www.openstreetmap.org/relation/156553",
        "source_access_url": "https://hiking.waymarkedtrails.org/api/v1/details/relation/156553",
        "license_status": "open_license_share_alike",
        "source_license": "ODbL",
        "attribution": "OpenStreetMap contributors",
        "last_checked": "2026-05-13",
        "last_generated": "2026-05-14",
        "ai_answer_rule": "Generated mile based on Scout MVP3 Mid-Atlantic open route geometry, not an official ATC mile. Use for source-aware planning only."
      },
      "geometry": {
        "type": "Point",
        "coordinates": [
          -76.200994,
          40.52776
        ]
      }
    },
    {
      "type": "Feature",
      "properties": {
        "trail": "Appalachian Trail",
        "route_id": "at-mvp3-midatlantic-harpers-ferry-delaware-water-gap-open-2026",
        "source_route_id": "at-main-osm-2026-open",
        "mile_nobo_global_est": 1183,
        "mile_nobo_mvp3": 177,
        "mile_sobo_mvp3": 87,
        "state": "PA",
        "milepoint_type": "generated",
        "official": false,
        "confidence": "estimated_from_open_route_geometry_with_known_length_gap",
        "source_id": "osm",
        "source_url": "https://www.openstreetmap.org/relation/156553",
        "source_access_url": "https://hiking.waymarkedtrails.org/api/v1/details/relation/156553",
        "license_status": "open_license_share_alike",
        "source_license": "ODbL",
        "attribution": "OpenStreetMap contributors",
        "last_checked": "2026-05-13",
        "last_generated": "2026-05-14",
        "ai_answer_rule": "Generated mile based on Scout MVP3 Mid-Atlantic open route geometry, not an official ATC mile. Use for source-aware planning only."
      },
      "geometry": {
        "type": "Point",
        "coordinates": [
          -76.186865,
          40.532901
        ]
      }
    },
    {
      "type": "Feature",
      "properties": {
        "trail": "Appalachian Trail",
        "route_id": "at-mvp3-midatlantic-harpers-ferry-delaware-water-gap-open-2026",
        "source_route_id": "at-main-osm-2026-open",
        "mile_nobo_global_est": 1184,
        "mile_nobo_mvp3": 178,
        "mile_sobo_mvp3": 86,
        "state": "PA",
        "milepoint_type": "generated",
        "official": false,
        "confidence": "estimated_from_open_route_geometry_with_known_length_gap",
        "source_id": "osm",
        "source_url": "https://www.openstreetmap.org/relation/156553",
        "source_access_url": "https://hiking.waymarkedtrails.org/api/v1/details/relation/156553",
        "license_status": "open_license_share_alike",
        "source_license": "ODbL",
        "attribution": "OpenStreetMap contributors",
        "last_checked": "2026-05-13",
        "last_generated": "2026-05-14",
        "ai_answer_rule": "Generated mile based on Scout MVP3 Mid-Atlantic open route geometry, not an official ATC mile. Use for source-aware planning only."
      },
      "geometry": {
        "type": "Point",
        "coordinates": [
          -76.169642,
          40.531639
        ]
      }
    },
    {
      "type": "Feature",
      "properties": {
        "trail": "Appalachian Trail",
        "route_id": "at-mvp3-midatlantic-harpers-ferry-delaware-water-gap-open-2026",
        "source_route_id": "at-main-osm-2026-open",
        "mile_nobo_global_est": 1185,
        "mile_nobo_mvp3": 179,
        "mile_sobo_mvp3": 85,
        "state": "PA",
        "milepoint_type": "generated",
        "official": false,
        "confidence": "estimated_from_open_route_geometry_with_known_length_gap",
        "source_id": "osm",
        "source_url": "https://www.openstreetmap.org/relation/156553",
        "source_access_url": "https://hiking.waymarkedtrails.org/api/v1/details/relation/156553",
        "license_status": "open_license_share_alike",
        "source_license": "ODbL",
        "attribution": "OpenStreetMap contributors",
        "last_checked": "2026-05-13",
        "last_generated": "2026-05-14",
        "ai_answer_rule": "Generated mile based on Scout MVP3 Mid-Atlantic open route geometry, not an official ATC mile. Use for source-aware planning only."
      },
      "geometry": {
        "type": "Point",
        "coordinates": [
          -76.158515,
          40.538288
        ]
      }
    },
    {
      "type": "Feature",
      "properties": {
        "trail": "Appalachian Trail",
        "route_id": "at-mvp3-midatlantic-harpers-ferry-delaware-water-gap-open-2026",
        "source_route_id": "at-main-osm-2026-open",
        "mile_nobo_global_est": 1186,
        "mile_nobo_mvp3": 180,
        "mile_sobo_mvp3": 84,
        "state": "PA",
        "milepoint_type": "generated",
        "official": false,
        "confidence": "estimated_from_open_route_geometry_with_known_length_gap",
        "source_id": "osm",
        "source_url": "https://www.openstreetmap.org/relation/156553",
        "source_access_url": "https://hiking.waymarkedtrails.org/api/v1/details/relation/156553",
        "license_status": "open_license_share_alike",
        "source_license": "ODbL",
        "attribution": "OpenStreetMap contributors",
        "last_checked": "2026-05-13",
        "last_generated": "2026-05-14",
        "ai_answer_rule": "Generated mile based on Scout MVP3 Mid-Atlantic open route geometry, not an official ATC mile. Use for source-aware planning only."
      },
      "geometry": {
        "type": "Point",
        "coordinates": [
          -76.14977,
          40.545792
        ]
      }
    },
    {
      "type": "Feature",
      "properties": {
        "trail": "Appalachian Trail",
        "route_id": "at-mvp3-midatlantic-harpers-ferry-delaware-water-gap-open-2026",
        "source_route_id": "at-main-osm-2026-open",
        "mile_nobo_global_est": 1187,
        "mile_nobo_mvp3": 181,
        "mile_sobo_mvp3": 83,
        "state": "PA",
        "milepoint_type": "generated",
        "official": false,
        "confidence": "estimated_from_open_route_geometry_with_known_length_gap",
        "source_id": "osm",
        "source_url": "https://www.openstreetmap.org/relation/156553",
        "source_access_url": "https://hiking.waymarkedtrails.org/api/v1/details/relation/156553",
        "license_status": "open_license_share_alike",
        "source_license": "ODbL",
        "attribution": "OpenStreetMap contributors",
        "last_checked": "2026-05-13",
        "last_generated": "2026-05-14",
        "ai_answer_rule": "Generated mile based on Scout MVP3 Mid-Atlantic open route geometry, not an official ATC mile. Use for source-aware planning only."
      },
      "geometry": {
        "type": "Point",
        "coordinates": [
          -76.136747,
          40.552981
        ]
      }
    },
    {
      "type": "Feature",
      "properties": {
        "trail": "Appalachian Trail",
        "route_id": "at-mvp3-midatlantic-harpers-ferry-delaware-water-gap-open-2026",
        "source_route_id": "at-main-osm-2026-open",
        "mile_nobo_global_est": 1188,
        "mile_nobo_mvp3": 182,
        "mile_sobo_mvp3": 82,
        "state": "PA",
        "milepoint_type": "generated",
        "official": false,
        "confidence": "estimated_from_open_route_geometry_with_known_length_gap",
        "source_id": "osm",
        "source_url": "https://www.openstreetmap.org/relation/156553",
        "source_access_url": "https://hiking.waymarkedtrails.org/api/v1/details/relation/156553",
        "license_status": "open_license_share_alike",
        "source_license": "ODbL",
        "attribution": "OpenStreetMap contributors",
        "last_checked": "2026-05-13",
        "last_generated": "2026-05-14",
        "ai_answer_rule": "Generated mile based on Scout MVP3 Mid-Atlantic open route geometry, not an official ATC mile. Use for source-aware planning only."
      },
      "geometry": {
        "type": "Point",
        "coordinates": [
          -76.120131,
          40.557916
        ]
      }
    },
    {
      "type": "Feature",
      "properties": {
        "trail": "Appalachian Trail",
        "route_id": "at-mvp3-midatlantic-harpers-ferry-delaware-water-gap-open-2026",
        "source_route_id": "at-main-osm-2026-open",
        "mile_nobo_global_est": 1189,
        "mile_nobo_mvp3": 183,
        "mile_sobo_mvp3": 81,
        "state": "PA",
        "milepoint_type": "generated",
        "official": false,
        "confidence": "estimated_from_open_route_geometry_with_known_length_gap",
        "source_id": "osm",
        "source_url": "https://www.openstreetmap.org/relation/156553",
        "source_access_url": "https://hiking.waymarkedtrails.org/api/v1/details/relation/156553",
        "license_status": "open_license_share_alike",
        "source_license": "ODbL",
        "attribution": "OpenStreetMap contributors",
        "last_checked": "2026-05-13",
        "last_generated": "2026-05-14",
        "ai_answer_rule": "Generated mile based on Scout MVP3 Mid-Atlantic open route geometry, not an official ATC mile. Use for source-aware planning only."
      },
      "geometry": {
        "type": "Point",
        "coordinates": [
          -76.108336,
          40.55264
        ]
      }
    },
    {
      "type": "Feature",
      "properties": {
        "trail": "Appalachian Trail",
        "route_id": "at-mvp3-midatlantic-harpers-ferry-delaware-water-gap-open-2026",
        "source_route_id": "at-main-osm-2026-open",
        "mile_nobo_global_est": 1190,
        "mile_nobo_mvp3": 184,
        "mile_sobo_mvp3": 80,
        "state": "PA",
        "milepoint_type": "generated",
        "official": false,
        "confidence": "estimated_from_open_route_geometry_with_known_length_gap",
        "source_id": "osm",
        "source_url": "https://www.openstreetmap.org/relation/156553",
        "source_access_url": "https://hiking.waymarkedtrails.org/api/v1/details/relation/156553",
        "license_status": "open_license_share_alike",
        "source_license": "ODbL",
        "attribution": "OpenStreetMap contributors",
        "last_checked": "2026-05-13",
        "last_generated": "2026-05-14",
        "ai_answer_rule": "Generated mile based on Scout MVP3 Mid-Atlantic open route geometry, not an official ATC mile. Use for source-aware planning only."
      },
      "geometry": {
        "type": "Point",
        "coordinates": [
          -76.098637,
          40.546062
        ]
      }
    },
    {
      "type": "Feature",
      "properties": {
        "trail": "Appalachian Trail",
        "route_id": "at-mvp3-midatlantic-harpers-ferry-delaware-water-gap-open-2026",
        "source_route_id": "at-main-osm-2026-open",
        "mile_nobo_global_est": 1191,
        "mile_nobo_mvp3": 185,
        "mile_sobo_mvp3": 79,
        "state": "PA",
        "milepoint_type": "generated",
        "official": false,
        "confidence": "estimated_from_open_route_geometry_with_known_length_gap",
        "source_id": "osm",
        "source_url": "https://www.openstreetmap.org/relation/156553",
        "source_access_url": "https://hiking.waymarkedtrails.org/api/v1/details/relation/156553",
        "license_status": "open_license_share_alike",
        "source_license": "ODbL",
        "attribution": "OpenStreetMap contributors",
        "last_checked": "2026-05-13",
        "last_generated": "2026-05-14",
        "ai_answer_rule": "Generated mile based on Scout MVP3 Mid-Atlantic open route geometry, not an official ATC mile. Use for source-aware planning only."
      },
      "geometry": {
        "type": "Point",
        "coordinates": [
          -76.081931,
          40.551251
        ]
      }
    },
    {
      "type": "Feature",
      "properties": {
        "trail": "Appalachian Trail",
        "route_id": "at-mvp3-midatlantic-harpers-ferry-delaware-water-gap-open-2026",
        "source_route_id": "at-main-osm-2026-open",
        "mile_nobo_global_est": 1192,
        "mile_nobo_mvp3": 186,
        "mile_sobo_mvp3": 78,
        "state": "PA",
        "milepoint_type": "generated",
        "official": false,
        "confidence": "estimated_from_open_route_geometry_with_known_length_gap",
        "source_id": "osm",
        "source_url": "https://www.openstreetmap.org/relation/156553",
        "source_access_url": "https://hiking.waymarkedtrails.org/api/v1/details/relation/156553",
        "license_status": "open_license_share_alike",
        "source_license": "ODbL",
        "attribution": "OpenStreetMap contributors",
        "last_checked": "2026-05-13",
        "last_generated": "2026-05-14",
        "ai_answer_rule": "Generated mile based on Scout MVP3 Mid-Atlantic open route geometry, not an official ATC mile. Use for source-aware planning only."
      },
      "geometry": {
        "type": "Point",
        "coordinates": [
          -76.067833,
          40.557732
        ]
      }
    },
    {
      "type": "Feature",
      "properties": {
        "trail": "Appalachian Trail",
        "route_id": "at-mvp3-midatlantic-harpers-ferry-delaware-water-gap-open-2026",
        "source_route_id": "at-main-osm-2026-open",
        "mile_nobo_global_est": 1193,
        "mile_nobo_mvp3": 187,
        "mile_sobo_mvp3": 77,
        "state": "PA",
        "milepoint_type": "generated",
        "official": false,
        "confidence": "estimated_from_open_route_geometry_with_known_length_gap",
        "source_id": "osm",
        "source_url": "https://www.openstreetmap.org/relation/156553",
        "source_access_url": "https://hiking.waymarkedtrails.org/api/v1/details/relation/156553",
        "license_status": "open_license_share_alike",
        "source_license": "ODbL",
        "attribution": "OpenStreetMap contributors",
        "last_checked": "2026-05-13",
        "last_generated": "2026-05-14",
        "ai_answer_rule": "Generated mile based on Scout MVP3 Mid-Atlantic open route geometry, not an official ATC mile. Use for source-aware planning only."
      },
      "geometry": {
        "type": "Point",
        "coordinates": [
          -76.051284,
          40.563935
        ]
      }
    },
    {
      "type": "Feature",
      "properties": {
        "trail": "Appalachian Trail",
        "route_id": "at-mvp3-midatlantic-harpers-ferry-delaware-water-gap-open-2026",
        "source_route_id": "at-main-osm-2026-open",
        "mile_nobo_global_est": 1194,
        "mile_nobo_mvp3": 188,
        "mile_sobo_mvp3": 76,
        "state": "PA",
        "milepoint_type": "generated",
        "official": false,
        "confidence": "estimated_from_open_route_geometry_with_known_length_gap",
        "source_id": "osm",
        "source_url": "https://www.openstreetmap.org/relation/156553",
        "source_access_url": "https://hiking.waymarkedtrails.org/api/v1/details/relation/156553",
        "license_status": "open_license_share_alike",
        "source_license": "ODbL",
        "attribution": "OpenStreetMap contributors",
        "last_checked": "2026-05-13",
        "last_generated": "2026-05-14",
        "ai_answer_rule": "Generated mile based on Scout MVP3 Mid-Atlantic open route geometry, not an official ATC mile. Use for source-aware planning only."
      },
      "geometry": {
        "type": "Point",
        "coordinates": [
          -76.034642,
          40.569578
        ]
      }
    },
    {
      "type": "Feature",
      "properties": {
        "trail": "Appalachian Trail",
        "route_id": "at-mvp3-midatlantic-harpers-ferry-delaware-water-gap-open-2026",
        "source_route_id": "at-main-osm-2026-open",
        "mile_nobo_global_est": 1195,
        "mile_nobo_mvp3": 189,
        "mile_sobo_mvp3": 75,
        "state": "PA",
        "milepoint_type": "generated",
        "official": false,
        "confidence": "estimated_from_open_route_geometry_with_known_length_gap",
        "source_id": "osm",
        "source_url": "https://www.openstreetmap.org/relation/156553",
        "source_access_url": "https://hiking.waymarkedtrails.org/api/v1/details/relation/156553",
        "license_status": "open_license_share_alike",
        "source_license": "ODbL",
        "attribution": "OpenStreetMap contributors",
        "last_checked": "2026-05-13",
        "last_generated": "2026-05-14",
        "ai_answer_rule": "Generated mile based on Scout MVP3 Mid-Atlantic open route geometry, not an official ATC mile. Use for source-aware planning only."
      },
      "geometry": {
        "type": "Point",
        "coordinates": [
          -76.026671,
          40.579973
        ]
      }
    },
    {
      "type": "Feature",
      "properties": {
        "trail": "Appalachian Trail",
        "route_id": "at-mvp3-midatlantic-harpers-ferry-delaware-water-gap-open-2026",
        "source_route_id": "at-main-osm-2026-open",
        "mile_nobo_global_est": 1196,
        "mile_nobo_mvp3": 190,
        "mile_sobo_mvp3": 74,
        "state": "PA",
        "milepoint_type": "generated",
        "official": false,
        "confidence": "estimated_from_open_route_geometry_with_known_length_gap",
        "source_id": "osm",
        "source_url": "https://www.openstreetmap.org/relation/156553",
        "source_access_url": "https://hiking.waymarkedtrails.org/api/v1/details/relation/156553",
        "license_status": "open_license_share_alike",
        "source_license": "ODbL",
        "attribution": "OpenStreetMap contributors",
        "last_checked": "2026-05-13",
        "last_generated": "2026-05-14",
        "ai_answer_rule": "Generated mile based on Scout MVP3 Mid-Atlantic open route geometry, not an official ATC mile. Use for source-aware planning only."
      },
      "geometry": {
        "type": "Point",
        "coordinates": [
          -76.021845,
          40.578517
        ]
      }
    },
    {
      "type": "Feature",
      "properties": {
        "trail": "Appalachian Trail",
        "route_id": "at-mvp3-midatlantic-harpers-ferry-delaware-water-gap-open-2026",
        "source_route_id": "at-main-osm-2026-open",
        "mile_nobo_global_est": 1197,
        "mile_nobo_mvp3": 191,
        "mile_sobo_mvp3": 73,
        "state": "PA",
        "milepoint_type": "generated",
        "official": false,
        "confidence": "estimated_from_open_route_geometry_with_known_length_gap",
        "source_id": "osm",
        "source_url": "https://www.openstreetmap.org/relation/156553",
        "source_access_url": "https://hiking.waymarkedtrails.org/api/v1/details/relation/156553",
        "license_status": "open_license_share_alike",
        "source_license": "ODbL",
        "attribution": "OpenStreetMap contributors",
        "last_checked": "2026-05-13",
        "last_generated": "2026-05-14",
        "ai_answer_rule": "Generated mile based on Scout MVP3 Mid-Atlantic open route geometry, not an official ATC mile. Use for source-aware planning only."
      },
      "geometry": {
        "type": "Point",
        "coordinates": [
          -76.005446,
          40.58183
        ]
      }
    },
    {
      "type": "Feature",
      "properties": {
        "trail": "Appalachian Trail",
        "route_id": "at-mvp3-midatlantic-harpers-ferry-delaware-water-gap-open-2026",
        "source_route_id": "at-main-osm-2026-open",
        "mile_nobo_global_est": 1198,
        "mile_nobo_mvp3": 192,
        "mile_sobo_mvp3": 72,
        "state": "PA",
        "milepoint_type": "generated",
        "official": false,
        "confidence": "estimated_from_open_route_geometry_with_known_length_gap",
        "source_id": "osm",
        "source_url": "https://www.openstreetmap.org/relation/156553",
        "source_access_url": "https://hiking.waymarkedtrails.org/api/v1/details/relation/156553",
        "license_status": "open_license_share_alike",
        "source_license": "ODbL",
        "attribution": "OpenStreetMap contributors",
        "last_checked": "2026-05-13",
        "last_generated": "2026-05-14",
        "ai_answer_rule": "Generated mile based on Scout MVP3 Mid-Atlantic open route geometry, not an official ATC mile. Use for source-aware planning only."
      },
      "geometry": {
        "type": "Point",
        "coordinates": [
          -75.987747,
          40.582827
        ]
      }
    },
    {
      "type": "Feature",
      "properties": {
        "trail": "Appalachian Trail",
        "route_id": "at-mvp3-midatlantic-harpers-ferry-delaware-water-gap-open-2026",
        "source_route_id": "at-main-osm-2026-open",
        "mile_nobo_global_est": 1199,
        "mile_nobo_mvp3": 193,
        "mile_sobo_mvp3": 71,
        "state": "PA",
        "milepoint_type": "generated",
        "official": false,
        "confidence": "estimated_from_open_route_geometry_with_known_length_gap",
        "source_id": "osm",
        "source_url": "https://www.openstreetmap.org/relation/156553",
        "source_access_url": "https://hiking.waymarkedtrails.org/api/v1/details/relation/156553",
        "license_status": "open_license_share_alike",
        "source_license": "ODbL",
        "attribution": "OpenStreetMap contributors",
        "last_checked": "2026-05-13",
        "last_generated": "2026-05-14",
        "ai_answer_rule": "Generated mile based on Scout MVP3 Mid-Atlantic open route geometry, not an official ATC mile. Use for source-aware planning only."
      },
      "geometry": {
        "type": "Point",
        "coordinates": [
          -75.971954,
          40.587199
        ]
      }
    },
    {
      "type": "Feature",
      "properties": {
        "trail": "Appalachian Trail",
        "route_id": "at-mvp3-midatlantic-harpers-ferry-delaware-water-gap-open-2026",
        "source_route_id": "at-main-osm-2026-open",
        "mile_nobo_global_est": 1200,
        "mile_nobo_mvp3": 194,
        "mile_sobo_mvp3": 70,
        "state": "PA",
        "milepoint_type": "generated",
        "official": false,
        "confidence": "estimated_from_open_route_geometry_with_known_length_gap",
        "source_id": "osm",
        "source_url": "https://www.openstreetmap.org/relation/156553",
        "source_access_url": "https://hiking.waymarkedtrails.org/api/v1/details/relation/156553",
        "license_status": "open_license_share_alike",
        "source_license": "ODbL",
        "attribution": "OpenStreetMap contributors",
        "last_checked": "2026-05-13",
        "last_generated": "2026-05-14",
        "ai_answer_rule": "Generated mile based on Scout MVP3 Mid-Atlantic open route geometry, not an official ATC mile. Use for source-aware planning only."
      },
      "geometry": {
        "type": "Point",
        "coordinates": [
          -75.954286,
          40.587261
        ]
      }
    },
    {
      "type": "Feature",
      "properties": {
        "trail": "Appalachian Trail",
        "route_id": "at-mvp3-midatlantic-harpers-ferry-delaware-water-gap-open-2026",
        "source_route_id": "at-main-osm-2026-open",
        "mile_nobo_global_est": 1201,
        "mile_nobo_mvp3": 195,
        "mile_sobo_mvp3": 69,
        "state": "PA",
        "milepoint_type": "generated",
        "official": false,
        "confidence": "estimated_from_open_route_geometry_with_known_length_gap",
        "source_id": "osm",
        "source_url": "https://www.openstreetmap.org/relation/156553",
        "source_access_url": "https://hiking.waymarkedtrails.org/api/v1/details/relation/156553",
        "license_status": "open_license_share_alike",
        "source_license": "ODbL",
        "attribution": "OpenStreetMap contributors",
        "last_checked": "2026-05-13",
        "last_generated": "2026-05-14",
        "ai_answer_rule": "Generated mile based on Scout MVP3 Mid-Atlantic open route geometry, not an official ATC mile. Use for source-aware planning only."
      },
      "geometry": {
        "type": "Point",
        "coordinates": [
          -75.938205,
          40.589598
        ]
      }
    },
    {
      "type": "Feature",
      "properties": {
        "trail": "Appalachian Trail",
        "route_id": "at-mvp3-midatlantic-harpers-ferry-delaware-water-gap-open-2026",
        "source_route_id": "at-main-osm-2026-open",
        "mile_nobo_global_est": 1202,
        "mile_nobo_mvp3": 196,
        "mile_sobo_mvp3": 68,
        "state": "PA",
        "milepoint_type": "generated",
        "official": false,
        "confidence": "estimated_from_open_route_geometry_with_known_length_gap",
        "source_id": "osm",
        "source_url": "https://www.openstreetmap.org/relation/156553",
        "source_access_url": "https://hiking.waymarkedtrails.org/api/v1/details/relation/156553",
        "license_status": "open_license_share_alike",
        "source_license": "ODbL",
        "attribution": "OpenStreetMap contributors",
        "last_checked": "2026-05-13",
        "last_generated": "2026-05-14",
        "ai_answer_rule": "Generated mile based on Scout MVP3 Mid-Atlantic open route geometry, not an official ATC mile. Use for source-aware planning only."
      },
      "geometry": {
        "type": "Point",
        "coordinates": [
          -75.929026,
          40.597134
        ]
      }
    },
    {
      "type": "Feature",
      "properties": {
        "trail": "Appalachian Trail",
        "route_id": "at-mvp3-midatlantic-harpers-ferry-delaware-water-gap-open-2026",
        "source_route_id": "at-main-osm-2026-open",
        "mile_nobo_global_est": 1203,
        "mile_nobo_mvp3": 197,
        "mile_sobo_mvp3": 67,
        "state": "PA",
        "milepoint_type": "generated",
        "official": false,
        "confidence": "estimated_from_open_route_geometry_with_known_length_gap",
        "source_id": "osm",
        "source_url": "https://www.openstreetmap.org/relation/156553",
        "source_access_url": "https://hiking.waymarkedtrails.org/api/v1/details/relation/156553",
        "license_status": "open_license_share_alike",
        "source_license": "ODbL",
        "attribution": "OpenStreetMap contributors",
        "last_checked": "2026-05-13",
        "last_generated": "2026-05-14",
        "ai_answer_rule": "Generated mile based on Scout MVP3 Mid-Atlantic open route geometry, not an official ATC mile. Use for source-aware planning only."
      },
      "geometry": {
        "type": "Point",
        "coordinates": [
          -75.93481,
          40.600763
        ]
      }
    },
    {
      "type": "Feature",
      "properties": {
        "trail": "Appalachian Trail",
        "route_id": "at-mvp3-midatlantic-harpers-ferry-delaware-water-gap-open-2026",
        "source_route_id": "at-main-osm-2026-open",
        "mile_nobo_global_est": 1204,
        "mile_nobo_mvp3": 198,
        "mile_sobo_mvp3": 66,
        "state": "PA",
        "milepoint_type": "generated",
        "official": false,
        "confidence": "estimated_from_open_route_geometry_with_known_length_gap",
        "source_id": "osm",
        "source_url": "https://www.openstreetmap.org/relation/156553",
        "source_access_url": "https://hiking.waymarkedtrails.org/api/v1/details/relation/156553",
        "license_status": "open_license_share_alike",
        "source_license": "ODbL",
        "attribution": "OpenStreetMap contributors",
        "last_checked": "2026-05-13",
        "last_generated": "2026-05-14",
        "ai_answer_rule": "Generated mile based on Scout MVP3 Mid-Atlantic open route geometry, not an official ATC mile. Use for source-aware planning only."
      },
      "geometry": {
        "type": "Point",
        "coordinates": [
          -75.918948,
          40.607258
        ]
      }
    },
    {
      "type": "Feature",
      "properties": {
        "trail": "Appalachian Trail",
        "route_id": "at-mvp3-midatlantic-harpers-ferry-delaware-water-gap-open-2026",
        "source_route_id": "at-main-osm-2026-open",
        "mile_nobo_global_est": 1205,
        "mile_nobo_mvp3": 199,
        "mile_sobo_mvp3": 65,
        "state": "PA",
        "milepoint_type": "generated",
        "official": false,
        "confidence": "estimated_from_open_route_geometry_with_known_length_gap",
        "source_id": "osm",
        "source_url": "https://www.openstreetmap.org/relation/156553",
        "source_access_url": "https://hiking.waymarkedtrails.org/api/v1/details/relation/156553",
        "license_status": "open_license_share_alike",
        "source_license": "ODbL",
        "attribution": "OpenStreetMap contributors",
        "last_checked": "2026-05-13",
        "last_generated": "2026-05-14",
        "ai_answer_rule": "Generated mile based on Scout MVP3 Mid-Atlantic open route geometry, not an official ATC mile. Use for source-aware planning only."
      },
      "geometry": {
        "type": "Point",
        "coordinates": [
          -75.920988,
          40.612358
        ]
      }
    },
    {
      "type": "Feature",
      "properties": {
        "trail": "Appalachian Trail",
        "route_id": "at-mvp3-midatlantic-harpers-ferry-delaware-water-gap-open-2026",
        "source_route_id": "at-main-osm-2026-open",
        "mile_nobo_global_est": 1206,
        "mile_nobo_mvp3": 200,
        "mile_sobo_mvp3": 64,
        "state": "PA",
        "milepoint_type": "generated",
        "official": false,
        "confidence": "estimated_from_open_route_geometry_with_known_length_gap",
        "source_id": "osm",
        "source_url": "https://www.openstreetmap.org/relation/156553",
        "source_access_url": "https://hiking.waymarkedtrails.org/api/v1/details/relation/156553",
        "license_status": "open_license_share_alike",
        "source_license": "ODbL",
        "attribution": "OpenStreetMap contributors",
        "last_checked": "2026-05-13",
        "last_generated": "2026-05-14",
        "ai_answer_rule": "Generated mile based on Scout MVP3 Mid-Atlantic open route geometry, not an official ATC mile. Use for source-aware planning only."
      },
      "geometry": {
        "type": "Point",
        "coordinates": [
          -75.93768,
          40.608866
        ]
      }
    },
    {
      "type": "Feature",
      "properties": {
        "trail": "Appalachian Trail",
        "route_id": "at-mvp3-midatlantic-harpers-ferry-delaware-water-gap-open-2026",
        "source_route_id": "at-main-osm-2026-open",
        "mile_nobo_global_est": 1207,
        "mile_nobo_mvp3": 201,
        "mile_sobo_mvp3": 63,
        "state": "PA",
        "milepoint_type": "generated",
        "official": false,
        "confidence": "estimated_from_open_route_geometry_with_known_length_gap",
        "source_id": "osm",
        "source_url": "https://www.openstreetmap.org/relation/156553",
        "source_access_url": "https://hiking.waymarkedtrails.org/api/v1/details/relation/156553",
        "license_status": "open_license_share_alike",
        "source_license": "ODbL",
        "attribution": "OpenStreetMap contributors",
        "last_checked": "2026-05-13",
        "last_generated": "2026-05-14",
        "ai_answer_rule": "Generated mile based on Scout MVP3 Mid-Atlantic open route geometry, not an official ATC mile. Use for source-aware planning only."
      },
      "geometry": {
        "type": "Point",
        "coordinates": [
          -75.955007,
          40.605871
        ]
      }
    },
    {
      "type": "Feature",
      "properties": {
        "trail": "Appalachian Trail",
        "route_id": "at-mvp3-midatlantic-harpers-ferry-delaware-water-gap-open-2026",
        "source_route_id": "at-main-osm-2026-open",
        "mile_nobo_global_est": 1208,
        "mile_nobo_mvp3": 202,
        "mile_sobo_mvp3": 62,
        "state": "PA",
        "milepoint_type": "generated",
        "official": false,
        "confidence": "estimated_from_open_route_geometry_with_known_length_gap",
        "source_id": "osm",
        "source_url": "https://www.openstreetmap.org/relation/156553",
        "source_access_url": "https://hiking.waymarkedtrails.org/api/v1/details/relation/156553",
        "license_status": "open_license_share_alike",
        "source_license": "ODbL",
        "attribution": "OpenStreetMap contributors",
        "last_checked": "2026-05-13",
        "last_generated": "2026-05-14",
        "ai_answer_rule": "Generated mile based on Scout MVP3 Mid-Atlantic open route geometry, not an official ATC mile. Use for source-aware planning only."
      },
      "geometry": {
        "type": "Point",
        "coordinates": [
          -75.964533,
          40.612157
        ]
      }
    },
    {
      "type": "Feature",
      "properties": {
        "trail": "Appalachian Trail",
        "route_id": "at-mvp3-midatlantic-harpers-ferry-delaware-water-gap-open-2026",
        "source_route_id": "at-main-osm-2026-open",
        "mile_nobo_global_est": 1209,
        "mile_nobo_mvp3": 203,
        "mile_sobo_mvp3": 61,
        "state": "PA",
        "milepoint_type": "generated",
        "official": false,
        "confidence": "estimated_from_open_route_geometry_with_known_length_gap",
        "source_id": "osm",
        "source_url": "https://www.openstreetmap.org/relation/156553",
        "source_access_url": "https://hiking.waymarkedtrails.org/api/v1/details/relation/156553",
        "license_status": "open_license_share_alike",
        "source_license": "ODbL",
        "attribution": "OpenStreetMap contributors",
        "last_checked": "2026-05-13",
        "last_generated": "2026-05-14",
        "ai_answer_rule": "Generated mile based on Scout MVP3 Mid-Atlantic open route geometry, not an official ATC mile. Use for source-aware planning only."
      },
      "geometry": {
        "type": "Point",
        "coordinates": [
          -75.95892,
          40.624927
        ]
      }
    },
    {
      "type": "Feature",
      "properties": {
        "trail": "Appalachian Trail",
        "route_id": "at-mvp3-midatlantic-harpers-ferry-delaware-water-gap-open-2026",
        "source_route_id": "at-main-osm-2026-open",
        "mile_nobo_global_est": 1210,
        "mile_nobo_mvp3": 204,
        "mile_sobo_mvp3": 60,
        "state": "PA",
        "milepoint_type": "generated",
        "official": false,
        "confidence": "estimated_from_open_route_geometry_with_known_length_gap",
        "source_id": "osm",
        "source_url": "https://www.openstreetmap.org/relation/156553",
        "source_access_url": "https://hiking.waymarkedtrails.org/api/v1/details/relation/156553",
        "license_status": "open_license_share_alike",
        "source_license": "ODbL",
        "attribution": "OpenStreetMap contributors",
        "last_checked": "2026-05-13",
        "last_generated": "2026-05-14",
        "ai_answer_rule": "Generated mile based on Scout MVP3 Mid-Atlantic open route geometry, not an official ATC mile. Use for source-aware planning only."
      },
      "geometry": {
        "type": "Point",
        "coordinates": [
          -75.958339,
          40.636124
        ]
      }
    },
    {
      "type": "Feature",
      "properties": {
        "trail": "Appalachian Trail",
        "route_id": "at-mvp3-midatlantic-harpers-ferry-delaware-water-gap-open-2026",
        "source_route_id": "at-main-osm-2026-open",
        "mile_nobo_global_est": 1211,
        "mile_nobo_mvp3": 205,
        "mile_sobo_mvp3": 59,
        "state": "PA",
        "milepoint_type": "generated",
        "official": false,
        "confidence": "estimated_from_open_route_geometry_with_known_length_gap",
        "source_id": "osm",
        "source_url": "https://www.openstreetmap.org/relation/156553",
        "source_access_url": "https://hiking.waymarkedtrails.org/api/v1/details/relation/156553",
        "license_status": "open_license_share_alike",
        "source_license": "ODbL",
        "attribution": "OpenStreetMap contributors",
        "last_checked": "2026-05-13",
        "last_generated": "2026-05-14",
        "ai_answer_rule": "Generated mile based on Scout MVP3 Mid-Atlantic open route geometry, not an official ATC mile. Use for source-aware planning only."
      },
      "geometry": {
        "type": "Point",
        "coordinates": [
          -75.954746,
          40.64794
        ]
      }
    },
    {
      "type": "Feature",
      "properties": {
        "trail": "Appalachian Trail",
        "route_id": "at-mvp3-midatlantic-harpers-ferry-delaware-water-gap-open-2026",
        "source_route_id": "at-main-osm-2026-open",
        "mile_nobo_global_est": 1212,
        "mile_nobo_mvp3": 206,
        "mile_sobo_mvp3": 58,
        "state": "PA",
        "milepoint_type": "generated",
        "official": false,
        "confidence": "estimated_from_open_route_geometry_with_known_length_gap",
        "source_id": "osm",
        "source_url": "https://www.openstreetmap.org/relation/156553",
        "source_access_url": "https://hiking.waymarkedtrails.org/api/v1/details/relation/156553",
        "license_status": "open_license_share_alike",
        "source_license": "ODbL",
        "attribution": "OpenStreetMap contributors",
        "last_checked": "2026-05-13",
        "last_generated": "2026-05-14",
        "ai_answer_rule": "Generated mile based on Scout MVP3 Mid-Atlantic open route geometry, not an official ATC mile. Use for source-aware planning only."
      },
      "geometry": {
        "type": "Point",
        "coordinates": [
          -75.955339,
          40.655946
        ]
      }
    },
    {
      "type": "Feature",
      "properties": {
        "trail": "Appalachian Trail",
        "route_id": "at-mvp3-midatlantic-harpers-ferry-delaware-water-gap-open-2026",
        "source_route_id": "at-main-osm-2026-open",
        "mile_nobo_global_est": 1213,
        "mile_nobo_mvp3": 207,
        "mile_sobo_mvp3": 57,
        "state": "PA",
        "milepoint_type": "generated",
        "official": false,
        "confidence": "estimated_from_open_route_geometry_with_known_length_gap",
        "source_id": "osm",
        "source_url": "https://www.openstreetmap.org/relation/156553",
        "source_access_url": "https://hiking.waymarkedtrails.org/api/v1/details/relation/156553",
        "license_status": "open_license_share_alike",
        "source_license": "ODbL",
        "attribution": "OpenStreetMap contributors",
        "last_checked": "2026-05-13",
        "last_generated": "2026-05-14",
        "ai_answer_rule": "Generated mile based on Scout MVP3 Mid-Atlantic open route geometry, not an official ATC mile. Use for source-aware planning only."
      },
      "geometry": {
        "type": "Point",
        "coordinates": [
          -75.939082,
          40.660496
        ]
      }
    },
    {
      "type": "Feature",
      "properties": {
        "trail": "Appalachian Trail",
        "route_id": "at-mvp3-midatlantic-harpers-ferry-delaware-water-gap-open-2026",
        "source_route_id": "at-main-osm-2026-open",
        "mile_nobo_global_est": 1214,
        "mile_nobo_mvp3": 208,
        "mile_sobo_mvp3": 56,
        "state": "PA",
        "milepoint_type": "generated",
        "official": false,
        "confidence": "estimated_from_open_route_geometry_with_known_length_gap",
        "source_id": "osm",
        "source_url": "https://www.openstreetmap.org/relation/156553",
        "source_access_url": "https://hiking.waymarkedtrails.org/api/v1/details/relation/156553",
        "license_status": "open_license_share_alike",
        "source_license": "ODbL",
        "attribution": "OpenStreetMap contributors",
        "last_checked": "2026-05-13",
        "last_generated": "2026-05-14",
        "ai_answer_rule": "Generated mile based on Scout MVP3 Mid-Atlantic open route geometry, not an official ATC mile. Use for source-aware planning only."
      },
      "geometry": {
        "type": "Point",
        "coordinates": [
          -75.920995,
          40.663771
        ]
      }
    },
    {
      "type": "Feature",
      "properties": {
        "trail": "Appalachian Trail",
        "route_id": "at-mvp3-midatlantic-harpers-ferry-delaware-water-gap-open-2026",
        "source_route_id": "at-main-osm-2026-open",
        "mile_nobo_global_est": 1215,
        "mile_nobo_mvp3": 209,
        "mile_sobo_mvp3": 55,
        "state": "PA",
        "milepoint_type": "generated",
        "official": false,
        "confidence": "estimated_from_open_route_geometry_with_known_length_gap",
        "source_id": "osm",
        "source_url": "https://www.openstreetmap.org/relation/156553",
        "source_access_url": "https://hiking.waymarkedtrails.org/api/v1/details/relation/156553",
        "license_status": "open_license_share_alike",
        "source_license": "ODbL",
        "attribution": "OpenStreetMap contributors",
        "last_checked": "2026-05-13",
        "last_generated": "2026-05-14",
        "ai_answer_rule": "Generated mile based on Scout MVP3 Mid-Atlantic open route geometry, not an official ATC mile. Use for source-aware planning only."
      },
      "geometry": {
        "type": "Point",
        "coordinates": [
          -75.904789,
          40.67074
        ]
      }
    },
    {
      "type": "Feature",
      "properties": {
        "trail": "Appalachian Trail",
        "route_id": "at-mvp3-midatlantic-harpers-ferry-delaware-water-gap-open-2026",
        "source_route_id": "at-main-osm-2026-open",
        "mile_nobo_global_est": 1216,
        "mile_nobo_mvp3": 210,
        "mile_sobo_mvp3": 54,
        "state": "PA",
        "milepoint_type": "generated",
        "official": false,
        "confidence": "estimated_from_open_route_geometry_with_known_length_gap",
        "source_id": "osm",
        "source_url": "https://www.openstreetmap.org/relation/156553",
        "source_access_url": "https://hiking.waymarkedtrails.org/api/v1/details/relation/156553",
        "license_status": "open_license_share_alike",
        "source_license": "ODbL",
        "attribution": "OpenStreetMap contributors",
        "last_checked": "2026-05-13",
        "last_generated": "2026-05-14",
        "ai_answer_rule": "Generated mile based on Scout MVP3 Mid-Atlantic open route geometry, not an official ATC mile. Use for source-aware planning only."
      },
      "geometry": {
        "type": "Point",
        "coordinates": [
          -75.890015,
          40.677087
        ]
      }
    },
    {
      "type": "Feature",
      "properties": {
        "trail": "Appalachian Trail",
        "route_id": "at-mvp3-midatlantic-harpers-ferry-delaware-water-gap-open-2026",
        "source_route_id": "at-main-osm-2026-open",
        "mile_nobo_global_est": 1217,
        "mile_nobo_mvp3": 211,
        "mile_sobo_mvp3": 53,
        "state": "PA",
        "milepoint_type": "generated",
        "official": false,
        "confidence": "estimated_from_open_route_geometry_with_known_length_gap",
        "source_id": "osm",
        "source_url": "https://www.openstreetmap.org/relation/156553",
        "source_access_url": "https://hiking.waymarkedtrails.org/api/v1/details/relation/156553",
        "license_status": "open_license_share_alike",
        "source_license": "ODbL",
        "attribution": "OpenStreetMap contributors",
        "last_checked": "2026-05-13",
        "last_generated": "2026-05-14",
        "ai_answer_rule": "Generated mile based on Scout MVP3 Mid-Atlantic open route geometry, not an official ATC mile. Use for source-aware planning only."
      },
      "geometry": {
        "type": "Point",
        "coordinates": [
          -75.873975,
          40.683434
        ]
      }
    },
    {
      "type": "Feature",
      "properties": {
        "trail": "Appalachian Trail",
        "route_id": "at-mvp3-midatlantic-harpers-ferry-delaware-water-gap-open-2026",
        "source_route_id": "at-main-osm-2026-open",
        "mile_nobo_global_est": 1218,
        "mile_nobo_mvp3": 212,
        "mile_sobo_mvp3": 52,
        "state": "PA",
        "milepoint_type": "generated",
        "official": false,
        "confidence": "estimated_from_open_route_geometry_with_known_length_gap",
        "source_id": "osm",
        "source_url": "https://www.openstreetmap.org/relation/156553",
        "source_access_url": "https://hiking.waymarkedtrails.org/api/v1/details/relation/156553",
        "license_status": "open_license_share_alike",
        "source_license": "ODbL",
        "attribution": "OpenStreetMap contributors",
        "last_checked": "2026-05-13",
        "last_generated": "2026-05-14",
        "ai_answer_rule": "Generated mile based on Scout MVP3 Mid-Atlantic open route geometry, not an official ATC mile. Use for source-aware planning only."
      },
      "geometry": {
        "type": "Point",
        "coordinates": [
          -75.856838,
          40.687677
        ]
      }
    },
    {
      "type": "Feature",
      "properties": {
        "trail": "Appalachian Trail",
        "route_id": "at-mvp3-midatlantic-harpers-ferry-delaware-water-gap-open-2026",
        "source_route_id": "at-main-osm-2026-open",
        "mile_nobo_global_est": 1219,
        "mile_nobo_mvp3": 213,
        "mile_sobo_mvp3": 51,
        "state": "PA",
        "milepoint_type": "generated",
        "official": false,
        "confidence": "estimated_from_open_route_geometry_with_known_length_gap",
        "source_id": "osm",
        "source_url": "https://www.openstreetmap.org/relation/156553",
        "source_access_url": "https://hiking.waymarkedtrails.org/api/v1/details/relation/156553",
        "license_status": "open_license_share_alike",
        "source_license": "ODbL",
        "attribution": "OpenStreetMap contributors",
        "last_checked": "2026-05-13",
        "last_generated": "2026-05-14",
        "ai_answer_rule": "Generated mile based on Scout MVP3 Mid-Atlantic open route geometry, not an official ATC mile. Use for source-aware planning only."
      },
      "geometry": {
        "type": "Point",
        "coordinates": [
          -75.840665,
          40.694681
        ]
      }
    },
    {
      "type": "Feature",
      "properties": {
        "trail": "Appalachian Trail",
        "route_id": "at-mvp3-midatlantic-harpers-ferry-delaware-water-gap-open-2026",
        "source_route_id": "at-main-osm-2026-open",
        "mile_nobo_global_est": 1220,
        "mile_nobo_mvp3": 214,
        "mile_sobo_mvp3": 50,
        "state": "PA",
        "milepoint_type": "generated",
        "official": false,
        "confidence": "estimated_from_open_route_geometry_with_known_length_gap",
        "source_id": "osm",
        "source_url": "https://www.openstreetmap.org/relation/156553",
        "source_access_url": "https://hiking.waymarkedtrails.org/api/v1/details/relation/156553",
        "license_status": "open_license_share_alike",
        "source_license": "ODbL",
        "attribution": "OpenStreetMap contributors",
        "last_checked": "2026-05-13",
        "last_generated": "2026-05-14",
        "ai_answer_rule": "Generated mile based on Scout MVP3 Mid-Atlantic open route geometry, not an official ATC mile. Use for source-aware planning only."
      },
      "geometry": {
        "type": "Point",
        "coordinates": [
          -75.824835,
          40.701529
        ]
      }
    },
    {
      "type": "Feature",
      "properties": {
        "trail": "Appalachian Trail",
        "route_id": "at-mvp3-midatlantic-harpers-ferry-delaware-water-gap-open-2026",
        "source_route_id": "at-main-osm-2026-open",
        "mile_nobo_global_est": 1221,
        "mile_nobo_mvp3": 215,
        "mile_sobo_mvp3": 49,
        "state": "PA",
        "milepoint_type": "generated",
        "official": false,
        "confidence": "estimated_from_open_route_geometry_with_known_length_gap",
        "source_id": "osm",
        "source_url": "https://www.openstreetmap.org/relation/156553",
        "source_access_url": "https://hiking.waymarkedtrails.org/api/v1/details/relation/156553",
        "license_status": "open_license_share_alike",
        "source_license": "ODbL",
        "attribution": "OpenStreetMap contributors",
        "last_checked": "2026-05-13",
        "last_generated": "2026-05-14",
        "ai_answer_rule": "Generated mile based on Scout MVP3 Mid-Atlantic open route geometry, not an official ATC mile. Use for source-aware planning only."
      },
      "geometry": {
        "type": "Point",
        "coordinates": [
          -75.807798,
          40.706814
        ]
      }
    },
    {
      "type": "Feature",
      "properties": {
        "trail": "Appalachian Trail",
        "route_id": "at-mvp3-midatlantic-harpers-ferry-delaware-water-gap-open-2026",
        "source_route_id": "at-main-osm-2026-open",
        "mile_nobo_global_est": 1222,
        "mile_nobo_mvp3": 216,
        "mile_sobo_mvp3": 48,
        "state": "PA",
        "milepoint_type": "generated",
        "official": false,
        "confidence": "estimated_from_open_route_geometry_with_known_length_gap",
        "source_id": "osm",
        "source_url": "https://www.openstreetmap.org/relation/156553",
        "source_access_url": "https://hiking.waymarkedtrails.org/api/v1/details/relation/156553",
        "license_status": "open_license_share_alike",
        "source_license": "ODbL",
        "attribution": "OpenStreetMap contributors",
        "last_checked": "2026-05-13",
        "last_generated": "2026-05-14",
        "ai_answer_rule": "Generated mile based on Scout MVP3 Mid-Atlantic open route geometry, not an official ATC mile. Use for source-aware planning only."
      },
      "geometry": {
        "type": "Point",
        "coordinates": [
          -75.795155,
          40.71628
        ]
      }
    },
    {
      "type": "Feature",
      "properties": {
        "trail": "Appalachian Trail",
        "route_id": "at-mvp3-midatlantic-harpers-ferry-delaware-water-gap-open-2026",
        "source_route_id": "at-main-osm-2026-open",
        "mile_nobo_global_est": 1223,
        "mile_nobo_mvp3": 217,
        "mile_sobo_mvp3": 47,
        "state": "PA",
        "milepoint_type": "generated",
        "official": false,
        "confidence": "estimated_from_open_route_geometry_with_known_length_gap",
        "source_id": "osm",
        "source_url": "https://www.openstreetmap.org/relation/156553",
        "source_access_url": "https://hiking.waymarkedtrails.org/api/v1/details/relation/156553",
        "license_status": "open_license_share_alike",
        "source_license": "ODbL",
        "attribution": "OpenStreetMap contributors",
        "last_checked": "2026-05-13",
        "last_generated": "2026-05-14",
        "ai_answer_rule": "Generated mile based on Scout MVP3 Mid-Atlantic open route geometry, not an official ATC mile. Use for source-aware planning only."
      },
      "geometry": {
        "type": "Point",
        "coordinates": [
          -75.780465,
          40.724396
        ]
      }
    },
    {
      "type": "Feature",
      "properties": {
        "trail": "Appalachian Trail",
        "route_id": "at-mvp3-midatlantic-harpers-ferry-delaware-water-gap-open-2026",
        "source_route_id": "at-main-osm-2026-open",
        "mile_nobo_global_est": 1224,
        "mile_nobo_mvp3": 218,
        "mile_sobo_mvp3": 46,
        "state": "PA",
        "milepoint_type": "generated",
        "official": false,
        "confidence": "estimated_from_open_route_geometry_with_known_length_gap",
        "source_id": "osm",
        "source_url": "https://www.openstreetmap.org/relation/156553",
        "source_access_url": "https://hiking.waymarkedtrails.org/api/v1/details/relation/156553",
        "license_status": "open_license_share_alike",
        "source_license": "ODbL",
        "attribution": "OpenStreetMap contributors",
        "last_checked": "2026-05-13",
        "last_generated": "2026-05-14",
        "ai_answer_rule": "Generated mile based on Scout MVP3 Mid-Atlantic open route geometry, not an official ATC mile. Use for source-aware planning only."
      },
      "geometry": {
        "type": "Point",
        "coordinates": [
          -75.765399,
          40.731175
        ]
      }
    },
    {
      "type": "Feature",
      "properties": {
        "trail": "Appalachian Trail",
        "route_id": "at-mvp3-midatlantic-harpers-ferry-delaware-water-gap-open-2026",
        "source_route_id": "at-main-osm-2026-open",
        "mile_nobo_global_est": 1225,
        "mile_nobo_mvp3": 219,
        "mile_sobo_mvp3": 45,
        "state": "PA",
        "milepoint_type": "generated",
        "official": false,
        "confidence": "estimated_from_open_route_geometry_with_known_length_gap",
        "source_id": "osm",
        "source_url": "https://www.openstreetmap.org/relation/156553",
        "source_access_url": "https://hiking.waymarkedtrails.org/api/v1/details/relation/156553",
        "license_status": "open_license_share_alike",
        "source_license": "ODbL",
        "attribution": "OpenStreetMap contributors",
        "last_checked": "2026-05-13",
        "last_generated": "2026-05-14",
        "ai_answer_rule": "Generated mile based on Scout MVP3 Mid-Atlantic open route geometry, not an official ATC mile. Use for source-aware planning only."
      },
      "geometry": {
        "type": "Point",
        "coordinates": [
          -75.75009,
          40.73861
        ]
      }
    },
    {
      "type": "Feature",
      "properties": {
        "trail": "Appalachian Trail",
        "route_id": "at-mvp3-midatlantic-harpers-ferry-delaware-water-gap-open-2026",
        "source_route_id": "at-main-osm-2026-open",
        "mile_nobo_global_est": 1226,
        "mile_nobo_mvp3": 220,
        "mile_sobo_mvp3": 44,
        "state": "PA",
        "milepoint_type": "generated",
        "official": false,
        "confidence": "estimated_from_open_route_geometry_with_known_length_gap",
        "source_id": "osm",
        "source_url": "https://www.openstreetmap.org/relation/156553",
        "source_access_url": "https://hiking.waymarkedtrails.org/api/v1/details/relation/156553",
        "license_status": "open_license_share_alike",
        "source_license": "ODbL",
        "attribution": "OpenStreetMap contributors",
        "last_checked": "2026-05-13",
        "last_generated": "2026-05-14",
        "ai_answer_rule": "Generated mile based on Scout MVP3 Mid-Atlantic open route geometry, not an official ATC mile. Use for source-aware planning only."
      },
      "geometry": {
        "type": "Point",
        "coordinates": [
          -75.735976,
          40.747132
        ]
      }
    },
    {
      "type": "Feature",
      "properties": {
        "trail": "Appalachian Trail",
        "route_id": "at-mvp3-midatlantic-harpers-ferry-delaware-water-gap-open-2026",
        "source_route_id": "at-main-osm-2026-open",
        "mile_nobo_global_est": 1227,
        "mile_nobo_mvp3": 221,
        "mile_sobo_mvp3": 43,
        "state": "PA",
        "milepoint_type": "generated",
        "official": false,
        "confidence": "estimated_from_open_route_geometry_with_known_length_gap",
        "source_id": "osm",
        "source_url": "https://www.openstreetmap.org/relation/156553",
        "source_access_url": "https://hiking.waymarkedtrails.org/api/v1/details/relation/156553",
        "license_status": "open_license_share_alike",
        "source_license": "ODbL",
        "attribution": "OpenStreetMap contributors",
        "last_checked": "2026-05-13",
        "last_generated": "2026-05-14",
        "ai_answer_rule": "Generated mile based on Scout MVP3 Mid-Atlantic open route geometry, not an official ATC mile. Use for source-aware planning only."
      },
      "geometry": {
        "type": "Point",
        "coordinates": [
          -75.722531,
          40.756477
        ]
      }
    },
    {
      "type": "Feature",
      "properties": {
        "trail": "Appalachian Trail",
        "route_id": "at-mvp3-midatlantic-harpers-ferry-delaware-water-gap-open-2026",
        "source_route_id": "at-main-osm-2026-open",
        "mile_nobo_global_est": 1228,
        "mile_nobo_mvp3": 222,
        "mile_sobo_mvp3": 42,
        "state": "PA",
        "milepoint_type": "generated",
        "official": false,
        "confidence": "estimated_from_open_route_geometry_with_known_length_gap",
        "source_id": "osm",
        "source_url": "https://www.openstreetmap.org/relation/156553",
        "source_access_url": "https://hiking.waymarkedtrails.org/api/v1/details/relation/156553",
        "license_status": "open_license_share_alike",
        "source_license": "ODbL",
        "attribution": "OpenStreetMap contributors",
        "last_checked": "2026-05-13",
        "last_generated": "2026-05-14",
        "ai_answer_rule": "Generated mile based on Scout MVP3 Mid-Atlantic open route geometry, not an official ATC mile. Use for source-aware planning only."
      },
      "geometry": {
        "type": "Point",
        "coordinates": [
          -75.706954,
          40.763044
        ]
      }
    },
    {
      "type": "Feature",
      "properties": {
        "trail": "Appalachian Trail",
        "route_id": "at-mvp3-midatlantic-harpers-ferry-delaware-water-gap-open-2026",
        "source_route_id": "at-main-osm-2026-open",
        "mile_nobo_global_est": 1229,
        "mile_nobo_mvp3": 223,
        "mile_sobo_mvp3": 41,
        "state": "PA",
        "milepoint_type": "generated",
        "official": false,
        "confidence": "estimated_from_open_route_geometry_with_known_length_gap",
        "source_id": "osm",
        "source_url": "https://www.openstreetmap.org/relation/156553",
        "source_access_url": "https://hiking.waymarkedtrails.org/api/v1/details/relation/156553",
        "license_status": "open_license_share_alike",
        "source_license": "ODbL",
        "attribution": "OpenStreetMap contributors",
        "last_checked": "2026-05-13",
        "last_generated": "2026-05-14",
        "ai_answer_rule": "Generated mile based on Scout MVP3 Mid-Atlantic open route geometry, not an official ATC mile. Use for source-aware planning only."
      },
      "geometry": {
        "type": "Point",
        "coordinates": [
          -75.693934,
          40.769965
        ]
      }
    },
    {
      "type": "Feature",
      "properties": {
        "trail": "Appalachian Trail",
        "route_id": "at-mvp3-midatlantic-harpers-ferry-delaware-water-gap-open-2026",
        "source_route_id": "at-main-osm-2026-open",
        "mile_nobo_global_est": 1230,
        "mile_nobo_mvp3": 224,
        "mile_sobo_mvp3": 40,
        "state": "PA",
        "milepoint_type": "generated",
        "official": false,
        "confidence": "estimated_from_open_route_geometry_with_known_length_gap",
        "source_id": "osm",
        "source_url": "https://www.openstreetmap.org/relation/156553",
        "source_access_url": "https://hiking.waymarkedtrails.org/api/v1/details/relation/156553",
        "license_status": "open_license_share_alike",
        "source_license": "ODbL",
        "attribution": "OpenStreetMap contributors",
        "last_checked": "2026-05-13",
        "last_generated": "2026-05-14",
        "ai_answer_rule": "Generated mile based on Scout MVP3 Mid-Atlantic open route geometry, not an official ATC mile. Use for source-aware planning only."
      },
      "geometry": {
        "type": "Point",
        "coordinates": [
          -75.676572,
          40.775155
        ]
      }
    },
    {
      "type": "Feature",
      "properties": {
        "trail": "Appalachian Trail",
        "route_id": "at-mvp3-midatlantic-harpers-ferry-delaware-water-gap-open-2026",
        "source_route_id": "at-main-osm-2026-open",
        "mile_nobo_global_est": 1231,
        "mile_nobo_mvp3": 225,
        "mile_sobo_mvp3": 39,
        "state": "PA",
        "milepoint_type": "generated",
        "official": false,
        "confidence": "estimated_from_open_route_geometry_with_known_length_gap",
        "source_id": "osm",
        "source_url": "https://www.openstreetmap.org/relation/156553",
        "source_access_url": "https://hiking.waymarkedtrails.org/api/v1/details/relation/156553",
        "license_status": "open_license_share_alike",
        "source_license": "ODbL",
        "attribution": "OpenStreetMap contributors",
        "last_checked": "2026-05-13",
        "last_generated": "2026-05-14",
        "ai_answer_rule": "Generated mile based on Scout MVP3 Mid-Atlantic open route geometry, not an official ATC mile. Use for source-aware planning only."
      },
      "geometry": {
        "type": "Point",
        "coordinates": [
          -75.659106,
          40.778187
        ]
      }
    },
    {
      "type": "Feature",
      "properties": {
        "trail": "Appalachian Trail",
        "route_id": "at-mvp3-midatlantic-harpers-ferry-delaware-water-gap-open-2026",
        "source_route_id": "at-main-osm-2026-open",
        "mile_nobo_global_est": 1232,
        "mile_nobo_mvp3": 226,
        "mile_sobo_mvp3": 38,
        "state": "PA",
        "milepoint_type": "generated",
        "official": false,
        "confidence": "estimated_from_open_route_geometry_with_known_length_gap",
        "source_id": "osm",
        "source_url": "https://www.openstreetmap.org/relation/156553",
        "source_access_url": "https://hiking.waymarkedtrails.org/api/v1/details/relation/156553",
        "license_status": "open_license_share_alike",
        "source_license": "ODbL",
        "attribution": "OpenStreetMap contributors",
        "last_checked": "2026-05-13",
        "last_generated": "2026-05-14",
        "ai_answer_rule": "Generated mile based on Scout MVP3 Mid-Atlantic open route geometry, not an official ATC mile. Use for source-aware planning only."
      },
      "geometry": {
        "type": "Point",
        "coordinates": [
          -75.643376,
          40.781744
        ]
      }
    },
    {
      "type": "Feature",
      "properties": {
        "trail": "Appalachian Trail",
        "route_id": "at-mvp3-midatlantic-harpers-ferry-delaware-water-gap-open-2026",
        "source_route_id": "at-main-osm-2026-open",
        "mile_nobo_global_est": 1233,
        "mile_nobo_mvp3": 227,
        "mile_sobo_mvp3": 37,
        "state": "PA",
        "milepoint_type": "generated",
        "official": false,
        "confidence": "estimated_from_open_route_geometry_with_known_length_gap",
        "source_id": "osm",
        "source_url": "https://www.openstreetmap.org/relation/156553",
        "source_access_url": "https://hiking.waymarkedtrails.org/api/v1/details/relation/156553",
        "license_status": "open_license_share_alike",
        "source_license": "ODbL",
        "attribution": "OpenStreetMap contributors",
        "last_checked": "2026-05-13",
        "last_generated": "2026-05-14",
        "ai_answer_rule": "Generated mile based on Scout MVP3 Mid-Atlantic open route geometry, not an official ATC mile. Use for source-aware planning only."
      },
      "geometry": {
        "type": "Point",
        "coordinates": [
          -75.626601,
          40.783768
        ]
      }
    },
    {
      "type": "Feature",
      "properties": {
        "trail": "Appalachian Trail",
        "route_id": "at-mvp3-midatlantic-harpers-ferry-delaware-water-gap-open-2026",
        "source_route_id": "at-main-osm-2026-open",
        "mile_nobo_global_est": 1234,
        "mile_nobo_mvp3": 228,
        "mile_sobo_mvp3": 36,
        "state": "PA",
        "milepoint_type": "generated",
        "official": false,
        "confidence": "estimated_from_open_route_geometry_with_known_length_gap",
        "source_id": "osm",
        "source_url": "https://www.openstreetmap.org/relation/156553",
        "source_access_url": "https://hiking.waymarkedtrails.org/api/v1/details/relation/156553",
        "license_status": "open_license_share_alike",
        "source_license": "ODbL",
        "attribution": "OpenStreetMap contributors",
        "last_checked": "2026-05-13",
        "last_generated": "2026-05-14",
        "ai_answer_rule": "Generated mile based on Scout MVP3 Mid-Atlantic open route geometry, not an official ATC mile. Use for source-aware planning only."
      },
      "geometry": {
        "type": "Point",
        "coordinates": [
          -75.617182,
          40.782761
        ]
      }
    },
    {
      "type": "Feature",
      "properties": {
        "trail": "Appalachian Trail",
        "route_id": "at-mvp3-midatlantic-harpers-ferry-delaware-water-gap-open-2026",
        "source_route_id": "at-main-osm-2026-open",
        "mile_nobo_global_est": 1235,
        "mile_nobo_mvp3": 229,
        "mile_sobo_mvp3": 35,
        "state": "PA",
        "milepoint_type": "generated",
        "official": false,
        "confidence": "estimated_from_open_route_geometry_with_known_length_gap",
        "source_id": "osm",
        "source_url": "https://www.openstreetmap.org/relation/156553",
        "source_access_url": "https://hiking.waymarkedtrails.org/api/v1/details/relation/156553",
        "license_status": "open_license_share_alike",
        "source_license": "ODbL",
        "attribution": "OpenStreetMap contributors",
        "last_checked": "2026-05-13",
        "last_generated": "2026-05-14",
        "ai_answer_rule": "Generated mile based on Scout MVP3 Mid-Atlantic open route geometry, not an official ATC mile. Use for source-aware planning only."
      },
      "geometry": {
        "type": "Point",
        "coordinates": [
          -75.60445,
          40.782842
        ]
      }
    },
    {
      "type": "Feature",
      "properties": {
        "trail": "Appalachian Trail",
        "route_id": "at-mvp3-midatlantic-harpers-ferry-delaware-water-gap-open-2026",
        "source_route_id": "at-main-osm-2026-open",
        "mile_nobo_global_est": 1236,
        "mile_nobo_mvp3": 230,
        "mile_sobo_mvp3": 34,
        "state": "PA",
        "milepoint_type": "generated",
        "official": false,
        "confidence": "estimated_from_open_route_geometry_with_known_length_gap",
        "source_id": "osm",
        "source_url": "https://www.openstreetmap.org/relation/156553",
        "source_access_url": "https://hiking.waymarkedtrails.org/api/v1/details/relation/156553",
        "license_status": "open_license_share_alike",
        "source_license": "ODbL",
        "attribution": "OpenStreetMap contributors",
        "last_checked": "2026-05-13",
        "last_generated": "2026-05-14",
        "ai_answer_rule": "Generated mile based on Scout MVP3 Mid-Atlantic open route geometry, not an official ATC mile. Use for source-aware planning only."
      },
      "geometry": {
        "type": "Point",
        "coordinates": [
          -75.598593,
          40.789895
        ]
      }
    },
    {
      "type": "Feature",
      "properties": {
        "trail": "Appalachian Trail",
        "route_id": "at-mvp3-midatlantic-harpers-ferry-delaware-water-gap-open-2026",
        "source_route_id": "at-main-osm-2026-open",
        "mile_nobo_global_est": 1237,
        "mile_nobo_mvp3": 231,
        "mile_sobo_mvp3": 33,
        "state": "PA",
        "milepoint_type": "generated",
        "official": false,
        "confidence": "estimated_from_open_route_geometry_with_known_length_gap",
        "source_id": "osm",
        "source_url": "https://www.openstreetmap.org/relation/156553",
        "source_access_url": "https://hiking.waymarkedtrails.org/api/v1/details/relation/156553",
        "license_status": "open_license_share_alike",
        "source_license": "ODbL",
        "attribution": "OpenStreetMap contributors",
        "last_checked": "2026-05-13",
        "last_generated": "2026-05-14",
        "ai_answer_rule": "Generated mile based on Scout MVP3 Mid-Atlantic open route geometry, not an official ATC mile. Use for source-aware planning only."
      },
      "geometry": {
        "type": "Point",
        "coordinates": [
          -75.584628,
          40.797061
        ]
      }
    },
    {
      "type": "Feature",
      "properties": {
        "trail": "Appalachian Trail",
        "route_id": "at-mvp3-midatlantic-harpers-ferry-delaware-water-gap-open-2026",
        "source_route_id": "at-main-osm-2026-open",
        "mile_nobo_global_est": 1238,
        "mile_nobo_mvp3": 232,
        "mile_sobo_mvp3": 32,
        "state": "PA",
        "milepoint_type": "generated",
        "official": false,
        "confidence": "estimated_from_open_route_geometry_with_known_length_gap",
        "source_id": "osm",
        "source_url": "https://www.openstreetmap.org/relation/156553",
        "source_access_url": "https://hiking.waymarkedtrails.org/api/v1/details/relation/156553",
        "license_status": "open_license_share_alike",
        "source_license": "ODbL",
        "attribution": "OpenStreetMap contributors",
        "last_checked": "2026-05-13",
        "last_generated": "2026-05-14",
        "ai_answer_rule": "Generated mile based on Scout MVP3 Mid-Atlantic open route geometry, not an official ATC mile. Use for source-aware planning only."
      },
      "geometry": {
        "type": "Point",
        "coordinates": [
          -75.568119,
          40.802269
        ]
      }
    },
    {
      "type": "Feature",
      "properties": {
        "trail": "Appalachian Trail",
        "route_id": "at-mvp3-midatlantic-harpers-ferry-delaware-water-gap-open-2026",
        "source_route_id": "at-main-osm-2026-open",
        "mile_nobo_global_est": 1239,
        "mile_nobo_mvp3": 233,
        "mile_sobo_mvp3": 31,
        "state": "PA",
        "milepoint_type": "generated",
        "official": false,
        "confidence": "estimated_from_open_route_geometry_with_known_length_gap",
        "source_id": "osm",
        "source_url": "https://www.openstreetmap.org/relation/156553",
        "source_access_url": "https://hiking.waymarkedtrails.org/api/v1/details/relation/156553",
        "license_status": "open_license_share_alike",
        "source_license": "ODbL",
        "attribution": "OpenStreetMap contributors",
        "last_checked": "2026-05-13",
        "last_generated": "2026-05-14",
        "ai_answer_rule": "Generated mile based on Scout MVP3 Mid-Atlantic open route geometry, not an official ATC mile. Use for source-aware planning only."
      },
      "geometry": {
        "type": "Point",
        "coordinates": [
          -75.551592,
          40.80536
        ]
      }
    },
    {
      "type": "Feature",
      "properties": {
        "trail": "Appalachian Trail",
        "route_id": "at-mvp3-midatlantic-harpers-ferry-delaware-water-gap-open-2026",
        "source_route_id": "at-main-osm-2026-open",
        "mile_nobo_global_est": 1240,
        "mile_nobo_mvp3": 234,
        "mile_sobo_mvp3": 30,
        "state": "PA",
        "milepoint_type": "generated",
        "official": false,
        "confidence": "estimated_from_open_route_geometry_with_known_length_gap",
        "source_id": "osm",
        "source_url": "https://www.openstreetmap.org/relation/156553",
        "source_access_url": "https://hiking.waymarkedtrails.org/api/v1/details/relation/156553",
        "license_status": "open_license_share_alike",
        "source_license": "ODbL",
        "attribution": "OpenStreetMap contributors",
        "last_checked": "2026-05-13",
        "last_generated": "2026-05-14",
        "ai_answer_rule": "Generated mile based on Scout MVP3 Mid-Atlantic open route geometry, not an official ATC mile. Use for source-aware planning only."
      },
      "geometry": {
        "type": "Point",
        "coordinates": [
          -75.53826,
          40.807556
        ]
      }
    },
    {
      "type": "Feature",
      "properties": {
        "trail": "Appalachian Trail",
        "route_id": "at-mvp3-midatlantic-harpers-ferry-delaware-water-gap-open-2026",
        "source_route_id": "at-main-osm-2026-open",
        "mile_nobo_global_est": 1241,
        "mile_nobo_mvp3": 235,
        "mile_sobo_mvp3": 29,
        "state": "PA",
        "milepoint_type": "generated",
        "official": false,
        "confidence": "estimated_from_open_route_geometry_with_known_length_gap",
        "source_id": "osm",
        "source_url": "https://www.openstreetmap.org/relation/156553",
        "source_access_url": "https://hiking.waymarkedtrails.org/api/v1/details/relation/156553",
        "license_status": "open_license_share_alike",
        "source_license": "ODbL",
        "attribution": "OpenStreetMap contributors",
        "last_checked": "2026-05-13",
        "last_generated": "2026-05-14",
        "ai_answer_rule": "Generated mile based on Scout MVP3 Mid-Atlantic open route geometry, not an official ATC mile. Use for source-aware planning only."
      },
      "geometry": {
        "type": "Point",
        "coordinates": [
          -75.521623,
          40.807765
        ]
      }
    },
    {
      "type": "Feature",
      "properties": {
        "trail": "Appalachian Trail",
        "route_id": "at-mvp3-midatlantic-harpers-ferry-delaware-water-gap-open-2026",
        "source_route_id": "at-main-osm-2026-open",
        "mile_nobo_global_est": 1242,
        "mile_nobo_mvp3": 236,
        "mile_sobo_mvp3": 28,
        "state": "PA",
        "milepoint_type": "generated",
        "official": false,
        "confidence": "estimated_from_open_route_geometry_with_known_length_gap",
        "source_id": "osm",
        "source_url": "https://www.openstreetmap.org/relation/156553",
        "source_access_url": "https://hiking.waymarkedtrails.org/api/v1/details/relation/156553",
        "license_status": "open_license_share_alike",
        "source_license": "ODbL",
        "attribution": "OpenStreetMap contributors",
        "last_checked": "2026-05-13",
        "last_generated": "2026-05-14",
        "ai_answer_rule": "Generated mile based on Scout MVP3 Mid-Atlantic open route geometry, not an official ATC mile. Use for source-aware planning only."
      },
      "geometry": {
        "type": "Point",
        "coordinates": [
          -75.503666,
          40.808977
        ]
      }
    },
    {
      "type": "Feature",
      "properties": {
        "trail": "Appalachian Trail",
        "route_id": "at-mvp3-midatlantic-harpers-ferry-delaware-water-gap-open-2026",
        "source_route_id": "at-main-osm-2026-open",
        "mile_nobo_global_est": 1243,
        "mile_nobo_mvp3": 237,
        "mile_sobo_mvp3": 27,
        "state": "PA",
        "milepoint_type": "generated",
        "official": false,
        "confidence": "estimated_from_open_route_geometry_with_known_length_gap",
        "source_id": "osm",
        "source_url": "https://www.openstreetmap.org/relation/156553",
        "source_access_url": "https://hiking.waymarkedtrails.org/api/v1/details/relation/156553",
        "license_status": "open_license_share_alike",
        "source_license": "ODbL",
        "attribution": "OpenStreetMap contributors",
        "last_checked": "2026-05-13",
        "last_generated": "2026-05-14",
        "ai_answer_rule": "Generated mile based on Scout MVP3 Mid-Atlantic open route geometry, not an official ATC mile. Use for source-aware planning only."
      },
      "geometry": {
        "type": "Point",
        "coordinates": [
          -75.486193,
          40.812352
        ]
      }
    },
    {
      "type": "Feature",
      "properties": {
        "trail": "Appalachian Trail",
        "route_id": "at-mvp3-midatlantic-harpers-ferry-delaware-water-gap-open-2026",
        "source_route_id": "at-main-osm-2026-open",
        "mile_nobo_global_est": 1244,
        "mile_nobo_mvp3": 238,
        "mile_sobo_mvp3": 26,
        "state": "PA",
        "milepoint_type": "generated",
        "official": false,
        "confidence": "estimated_from_open_route_geometry_with_known_length_gap",
        "source_id": "osm",
        "source_url": "https://www.openstreetmap.org/relation/156553",
        "source_access_url": "https://hiking.waymarkedtrails.org/api/v1/details/relation/156553",
        "license_status": "open_license_share_alike",
        "source_license": "ODbL",
        "attribution": "OpenStreetMap contributors",
        "last_checked": "2026-05-13",
        "last_generated": "2026-05-14",
        "ai_answer_rule": "Generated mile based on Scout MVP3 Mid-Atlantic open route geometry, not an official ATC mile. Use for source-aware planning only."
      },
      "geometry": {
        "type": "Point",
        "coordinates": [
          -75.468443,
          40.815896
        ]
      }
    },
    {
      "type": "Feature",
      "properties": {
        "trail": "Appalachian Trail",
        "route_id": "at-mvp3-midatlantic-harpers-ferry-delaware-water-gap-open-2026",
        "source_route_id": "at-main-osm-2026-open",
        "mile_nobo_global_est": 1245,
        "mile_nobo_mvp3": 239,
        "mile_sobo_mvp3": 25,
        "state": "PA",
        "milepoint_type": "generated",
        "official": false,
        "confidence": "estimated_from_open_route_geometry_with_known_length_gap",
        "source_id": "osm",
        "source_url": "https://www.openstreetmap.org/relation/156553",
        "source_access_url": "https://hiking.waymarkedtrails.org/api/v1/details/relation/156553",
        "license_status": "open_license_share_alike",
        "source_license": "ODbL",
        "attribution": "OpenStreetMap contributors",
        "last_checked": "2026-05-13",
        "last_generated": "2026-05-14",
        "ai_answer_rule": "Generated mile based on Scout MVP3 Mid-Atlantic open route geometry, not an official ATC mile. Use for source-aware planning only."
      },
      "geometry": {
        "type": "Point",
        "coordinates": [
          -75.450679,
          40.818161
        ]
      }
    },
    {
      "type": "Feature",
      "properties": {
        "trail": "Appalachian Trail",
        "route_id": "at-mvp3-midatlantic-harpers-ferry-delaware-water-gap-open-2026",
        "source_route_id": "at-main-osm-2026-open",
        "mile_nobo_global_est": 1246,
        "mile_nobo_mvp3": 240,
        "mile_sobo_mvp3": 24,
        "state": "PA",
        "milepoint_type": "generated",
        "official": false,
        "confidence": "estimated_from_open_route_geometry_with_known_length_gap",
        "source_id": "osm",
        "source_url": "https://www.openstreetmap.org/relation/156553",
        "source_access_url": "https://hiking.waymarkedtrails.org/api/v1/details/relation/156553",
        "license_status": "open_license_share_alike",
        "source_license": "ODbL",
        "attribution": "OpenStreetMap contributors",
        "last_checked": "2026-05-13",
        "last_generated": "2026-05-14",
        "ai_answer_rule": "Generated mile based on Scout MVP3 Mid-Atlantic open route geometry, not an official ATC mile. Use for source-aware planning only."
      },
      "geometry": {
        "type": "Point",
        "coordinates": [
          -75.435056,
          40.820443
        ]
      }
    },
    {
      "type": "Feature",
      "properties": {
        "trail": "Appalachian Trail",
        "route_id": "at-mvp3-midatlantic-harpers-ferry-delaware-water-gap-open-2026",
        "source_route_id": "at-main-osm-2026-open",
        "mile_nobo_global_est": 1247,
        "mile_nobo_mvp3": 241,
        "mile_sobo_mvp3": 23,
        "state": "PA",
        "milepoint_type": "generated",
        "official": false,
        "confidence": "estimated_from_open_route_geometry_with_known_length_gap",
        "source_id": "osm",
        "source_url": "https://www.openstreetmap.org/relation/156553",
        "source_access_url": "https://hiking.waymarkedtrails.org/api/v1/details/relation/156553",
        "license_status": "open_license_share_alike",
        "source_license": "ODbL",
        "attribution": "OpenStreetMap contributors",
        "last_checked": "2026-05-13",
        "last_generated": "2026-05-14",
        "ai_answer_rule": "Generated mile based on Scout MVP3 Mid-Atlantic open route geometry, not an official ATC mile. Use for source-aware planning only."
      },
      "geometry": {
        "type": "Point",
        "coordinates": [
          -75.417053,
          40.823773
        ]
      }
    },
    {
      "type": "Feature",
      "properties": {
        "trail": "Appalachian Trail",
        "route_id": "at-mvp3-midatlantic-harpers-ferry-delaware-water-gap-open-2026",
        "source_route_id": "at-main-osm-2026-open",
        "mile_nobo_global_est": 1248,
        "mile_nobo_mvp3": 242,
        "mile_sobo_mvp3": 22,
        "state": "PA",
        "milepoint_type": "generated",
        "official": false,
        "confidence": "estimated_from_open_route_geometry_with_known_length_gap",
        "source_id": "osm",
        "source_url": "https://www.openstreetmap.org/relation/156553",
        "source_access_url": "https://hiking.waymarkedtrails.org/api/v1/details/relation/156553",
        "license_status": "open_license_share_alike",
        "source_license": "ODbL",
        "attribution": "OpenStreetMap contributors",
        "last_checked": "2026-05-13",
        "last_generated": "2026-05-14",
        "ai_answer_rule": "Generated mile based on Scout MVP3 Mid-Atlantic open route geometry, not an official ATC mile. Use for source-aware planning only."
      },
      "geometry": {
        "type": "Point",
        "coordinates": [
          -75.40067,
          40.828872
        ]
      }
    },
    {
      "type": "Feature",
      "properties": {
        "trail": "Appalachian Trail",
        "route_id": "at-mvp3-midatlantic-harpers-ferry-delaware-water-gap-open-2026",
        "source_route_id": "at-main-osm-2026-open",
        "mile_nobo_global_est": 1249,
        "mile_nobo_mvp3": 243,
        "mile_sobo_mvp3": 21,
        "state": "PA",
        "milepoint_type": "generated",
        "official": false,
        "confidence": "estimated_from_open_route_geometry_with_known_length_gap",
        "source_id": "osm",
        "source_url": "https://www.openstreetmap.org/relation/156553",
        "source_access_url": "https://hiking.waymarkedtrails.org/api/v1/details/relation/156553",
        "license_status": "open_license_share_alike",
        "source_license": "ODbL",
        "attribution": "OpenStreetMap contributors",
        "last_checked": "2026-05-13",
        "last_generated": "2026-05-14",
        "ai_answer_rule": "Generated mile based on Scout MVP3 Mid-Atlantic open route geometry, not an official ATC mile. Use for source-aware planning only."
      },
      "geometry": {
        "type": "Point",
        "coordinates": [
          -75.384114,
          40.829809
        ]
      }
    },
    {
      "type": "Feature",
      "properties": {
        "trail": "Appalachian Trail",
        "route_id": "at-mvp3-midatlantic-harpers-ferry-delaware-water-gap-open-2026",
        "source_route_id": "at-main-osm-2026-open",
        "mile_nobo_global_est": 1250,
        "mile_nobo_mvp3": 244,
        "mile_sobo_mvp3": 20,
        "state": "PA",
        "milepoint_type": "generated",
        "official": false,
        "confidence": "estimated_from_open_route_geometry_with_known_length_gap",
        "source_id": "osm",
        "source_url": "https://www.openstreetmap.org/relation/156553",
        "source_access_url": "https://hiking.waymarkedtrails.org/api/v1/details/relation/156553",
        "license_status": "open_license_share_alike",
        "source_license": "ODbL",
        "attribution": "OpenStreetMap contributors",
        "last_checked": "2026-05-13",
        "last_generated": "2026-05-14",
        "ai_answer_rule": "Generated mile based on Scout MVP3 Mid-Atlantic open route geometry, not an official ATC mile. Use for source-aware planning only."
      },
      "geometry": {
        "type": "Point",
        "coordinates": [
          -75.367549,
          40.835606
        ]
      }
    },
    {
      "type": "Feature",
      "properties": {
        "trail": "Appalachian Trail",
        "route_id": "at-mvp3-midatlantic-harpers-ferry-delaware-water-gap-open-2026",
        "source_route_id": "at-main-osm-2026-open",
        "mile_nobo_global_est": 1251,
        "mile_nobo_mvp3": 245,
        "mile_sobo_mvp3": 19,
        "state": "PA",
        "milepoint_type": "generated",
        "official": false,
        "confidence": "estimated_from_open_route_geometry_with_known_length_gap",
        "source_id": "osm",
        "source_url": "https://www.openstreetmap.org/relation/156553",
        "source_access_url": "https://hiking.waymarkedtrails.org/api/v1/details/relation/156553",
        "license_status": "open_license_share_alike",
        "source_license": "ODbL",
        "attribution": "OpenStreetMap contributors",
        "last_checked": "2026-05-13",
        "last_generated": "2026-05-14",
        "ai_answer_rule": "Generated mile based on Scout MVP3 Mid-Atlantic open route geometry, not an official ATC mile. Use for source-aware planning only."
      },
      "geometry": {
        "type": "Point",
        "coordinates": [
          -75.353114,
          40.843451
        ]
      }
    },
    {
      "type": "Feature",
      "properties": {
        "trail": "Appalachian Trail",
        "route_id": "at-mvp3-midatlantic-harpers-ferry-delaware-water-gap-open-2026",
        "source_route_id": "at-main-osm-2026-open",
        "mile_nobo_global_est": 1252,
        "mile_nobo_mvp3": 246,
        "mile_sobo_mvp3": 18,
        "state": "PA",
        "milepoint_type": "generated",
        "official": false,
        "confidence": "estimated_from_open_route_geometry_with_known_length_gap",
        "source_id": "osm",
        "source_url": "https://www.openstreetmap.org/relation/156553",
        "source_access_url": "https://hiking.waymarkedtrails.org/api/v1/details/relation/156553",
        "license_status": "open_license_share_alike",
        "source_license": "ODbL",
        "attribution": "OpenStreetMap contributors",
        "last_checked": "2026-05-13",
        "last_generated": "2026-05-14",
        "ai_answer_rule": "Generated mile based on Scout MVP3 Mid-Atlantic open route geometry, not an official ATC mile. Use for source-aware planning only."
      },
      "geometry": {
        "type": "Point",
        "coordinates": [
          -75.336133,
          40.847548
        ]
      }
    },
    {
      "type": "Feature",
      "properties": {
        "trail": "Appalachian Trail",
        "route_id": "at-mvp3-midatlantic-harpers-ferry-delaware-water-gap-open-2026",
        "source_route_id": "at-main-osm-2026-open",
        "mile_nobo_global_est": 1253,
        "mile_nobo_mvp3": 247,
        "mile_sobo_mvp3": 17,
        "state": "PA",
        "milepoint_type": "generated",
        "official": false,
        "confidence": "estimated_from_open_route_geometry_with_known_length_gap",
        "source_id": "osm",
        "source_url": "https://www.openstreetmap.org/relation/156553",
        "source_access_url": "https://hiking.waymarkedtrails.org/api/v1/details/relation/156553",
        "license_status": "open_license_share_alike",
        "source_license": "ODbL",
        "attribution": "OpenStreetMap contributors",
        "last_checked": "2026-05-13",
        "last_generated": "2026-05-14",
        "ai_answer_rule": "Generated mile based on Scout MVP3 Mid-Atlantic open route geometry, not an official ATC mile. Use for source-aware planning only."
      },
      "geometry": {
        "type": "Point",
        "coordinates": [
          -75.320565,
          40.855482
        ]
      }
    },
    {
      "type": "Feature",
      "properties": {
        "trail": "Appalachian Trail",
        "route_id": "at-mvp3-midatlantic-harpers-ferry-delaware-water-gap-open-2026",
        "source_route_id": "at-main-osm-2026-open",
        "mile_nobo_global_est": 1254,
        "mile_nobo_mvp3": 248,
        "mile_sobo_mvp3": 16,
        "state": "PA",
        "milepoint_type": "generated",
        "official": false,
        "confidence": "estimated_from_open_route_geometry_with_known_length_gap",
        "source_id": "osm",
        "source_url": "https://www.openstreetmap.org/relation/156553",
        "source_access_url": "https://hiking.waymarkedtrails.org/api/v1/details/relation/156553",
        "license_status": "open_license_share_alike",
        "source_license": "ODbL",
        "attribution": "OpenStreetMap contributors",
        "last_checked": "2026-05-13",
        "last_generated": "2026-05-14",
        "ai_answer_rule": "Generated mile based on Scout MVP3 Mid-Atlantic open route geometry, not an official ATC mile. Use for source-aware planning only."
      },
      "geometry": {
        "type": "Point",
        "coordinates": [
          -75.303054,
          40.858911
        ]
      }
    },
    {
      "type": "Feature",
      "properties": {
        "trail": "Appalachian Trail",
        "route_id": "at-mvp3-midatlantic-harpers-ferry-delaware-water-gap-open-2026",
        "source_route_id": "at-main-osm-2026-open",
        "mile_nobo_global_est": 1255,
        "mile_nobo_mvp3": 249,
        "mile_sobo_mvp3": 15,
        "state": "PA",
        "milepoint_type": "generated",
        "official": false,
        "confidence": "estimated_from_open_route_geometry_with_known_length_gap",
        "source_id": "osm",
        "source_url": "https://www.openstreetmap.org/relation/156553",
        "source_access_url": "https://hiking.waymarkedtrails.org/api/v1/details/relation/156553",
        "license_status": "open_license_share_alike",
        "source_license": "ODbL",
        "attribution": "OpenStreetMap contributors",
        "last_checked": "2026-05-13",
        "last_generated": "2026-05-14",
        "ai_answer_rule": "Generated mile based on Scout MVP3 Mid-Atlantic open route geometry, not an official ATC mile. Use for source-aware planning only."
      },
      "geometry": {
        "type": "Point",
        "coordinates": [
          -75.29232,
          40.861533
        ]
      }
    },
    {
      "type": "Feature",
      "properties": {
        "trail": "Appalachian Trail",
        "route_id": "at-mvp3-midatlantic-harpers-ferry-delaware-water-gap-open-2026",
        "source_route_id": "at-main-osm-2026-open",
        "mile_nobo_global_est": 1256,
        "mile_nobo_mvp3": 250,
        "mile_sobo_mvp3": 14,
        "state": "PA",
        "milepoint_type": "generated",
        "official": false,
        "confidence": "estimated_from_open_route_geometry_with_known_length_gap",
        "source_id": "osm",
        "source_url": "https://www.openstreetmap.org/relation/156553",
        "source_access_url": "https://hiking.waymarkedtrails.org/api/v1/details/relation/156553",
        "license_status": "open_license_share_alike",
        "source_license": "ODbL",
        "attribution": "OpenStreetMap contributors",
        "last_checked": "2026-05-13",
        "last_generated": "2026-05-14",
        "ai_answer_rule": "Generated mile based on Scout MVP3 Mid-Atlantic open route geometry, not an official ATC mile. Use for source-aware planning only."
      },
      "geometry": {
        "type": "Point",
        "coordinates": [
          -75.278526,
          40.870154
        ]
      }
    },
    {
      "type": "Feature",
      "properties": {
        "trail": "Appalachian Trail",
        "route_id": "at-mvp3-midatlantic-harpers-ferry-delaware-water-gap-open-2026",
        "source_route_id": "at-main-osm-2026-open",
        "mile_nobo_global_est": 1257,
        "mile_nobo_mvp3": 251,
        "mile_sobo_mvp3": 13,
        "state": "PA",
        "milepoint_type": "generated",
        "official": false,
        "confidence": "estimated_from_open_route_geometry_with_known_length_gap",
        "source_id": "osm",
        "source_url": "https://www.openstreetmap.org/relation/156553",
        "source_access_url": "https://hiking.waymarkedtrails.org/api/v1/details/relation/156553",
        "license_status": "open_license_share_alike",
        "source_license": "ODbL",
        "attribution": "OpenStreetMap contributors",
        "last_checked": "2026-05-13",
        "last_generated": "2026-05-14",
        "ai_answer_rule": "Generated mile based on Scout MVP3 Mid-Atlantic open route geometry, not an official ATC mile. Use for source-aware planning only."
      },
      "geometry": {
        "type": "Point",
        "coordinates": [
          -75.274247,
          40.880542
        ]
      }
    },
    {
      "type": "Feature",
      "properties": {
        "trail": "Appalachian Trail",
        "route_id": "at-mvp3-midatlantic-harpers-ferry-delaware-water-gap-open-2026",
        "source_route_id": "at-main-osm-2026-open",
        "mile_nobo_global_est": 1258,
        "mile_nobo_mvp3": 252,
        "mile_sobo_mvp3": 12,
        "state": "PA",
        "milepoint_type": "generated",
        "official": false,
        "confidence": "estimated_from_open_route_geometry_with_known_length_gap",
        "source_id": "osm",
        "source_url": "https://www.openstreetmap.org/relation/156553",
        "source_access_url": "https://hiking.waymarkedtrails.org/api/v1/details/relation/156553",
        "license_status": "open_license_share_alike",
        "source_license": "ODbL",
        "attribution": "OpenStreetMap contributors",
        "last_checked": "2026-05-13",
        "last_generated": "2026-05-14",
        "ai_answer_rule": "Generated mile based on Scout MVP3 Mid-Atlantic open route geometry, not an official ATC mile. Use for source-aware planning only."
      },
      "geometry": {
        "type": "Point",
        "coordinates": [
          -75.262942,
          40.891482
        ]
      }
    },
    {
      "type": "Feature",
      "properties": {
        "trail": "Appalachian Trail",
        "route_id": "at-mvp3-midatlantic-harpers-ferry-delaware-water-gap-open-2026",
        "source_route_id": "at-main-osm-2026-open",
        "mile_nobo_global_est": 1259,
        "mile_nobo_mvp3": 253,
        "mile_sobo_mvp3": 11,
        "state": "PA",
        "milepoint_type": "generated",
        "official": false,
        "confidence": "estimated_from_open_route_geometry_with_known_length_gap",
        "source_id": "osm",
        "source_url": "https://www.openstreetmap.org/relation/156553",
        "source_access_url": "https://hiking.waymarkedtrails.org/api/v1/details/relation/156553",
        "license_status": "open_license_share_alike",
        "source_license": "ODbL",
        "attribution": "OpenStreetMap contributors",
        "last_checked": "2026-05-13",
        "last_generated": "2026-05-14",
        "ai_answer_rule": "Generated mile based on Scout MVP3 Mid-Atlantic open route geometry, not an official ATC mile. Use for source-aware planning only."
      },
      "geometry": {
        "type": "Point",
        "coordinates": [
          -75.248621,
          40.900315
        ]
      }
    },
    {
      "type": "Feature",
      "properties": {
        "trail": "Appalachian Trail",
        "route_id": "at-mvp3-midatlantic-harpers-ferry-delaware-water-gap-open-2026",
        "source_route_id": "at-main-osm-2026-open",
        "mile_nobo_global_est": 1260,
        "mile_nobo_mvp3": 254,
        "mile_sobo_mvp3": 10,
        "state": "PA",
        "milepoint_type": "generated",
        "official": false,
        "confidence": "estimated_from_open_route_geometry_with_known_length_gap",
        "source_id": "osm",
        "source_url": "https://www.openstreetmap.org/relation/156553",
        "source_access_url": "https://hiking.waymarkedtrails.org/api/v1/details/relation/156553",
        "license_status": "open_license_share_alike",
        "source_license": "ODbL",
        "attribution": "OpenStreetMap contributors",
        "last_checked": "2026-05-13",
        "last_generated": "2026-05-14",
        "ai_answer_rule": "Generated mile based on Scout MVP3 Mid-Atlantic open route geometry, not an official ATC mile. Use for source-aware planning only."
      },
      "geometry": {
        "type": "Point",
        "coordinates": [
          -75.239903,
          40.910606
        ]
      }
    },
    {
      "type": "Feature",
      "properties": {
        "trail": "Appalachian Trail",
        "route_id": "at-mvp3-midatlantic-harpers-ferry-delaware-water-gap-open-2026",
        "source_route_id": "at-main-osm-2026-open",
        "mile_nobo_global_est": 1261,
        "mile_nobo_mvp3": 255,
        "mile_sobo_mvp3": 9,
        "state": "PA",
        "milepoint_type": "generated",
        "official": false,
        "confidence": "estimated_from_open_route_geometry_with_known_length_gap",
        "source_id": "osm",
        "source_url": "https://www.openstreetmap.org/relation/156553",
        "source_access_url": "https://hiking.waymarkedtrails.org/api/v1/details/relation/156553",
        "license_status": "open_license_share_alike",
        "source_license": "ODbL",
        "attribution": "OpenStreetMap contributors",
        "last_checked": "2026-05-13",
        "last_generated": "2026-05-14",
        "ai_answer_rule": "Generated mile based on Scout MVP3 Mid-Atlantic open route geometry, not an official ATC mile. Use for source-aware planning only."
      },
      "geometry": {
        "type": "Point",
        "coordinates": [
          -75.226185,
          40.918931
        ]
      }
    },
    {
      "type": "Feature",
      "properties": {
        "trail": "Appalachian Trail",
        "route_id": "at-mvp3-midatlantic-harpers-ferry-delaware-water-gap-open-2026",
        "source_route_id": "at-main-osm-2026-open",
        "mile_nobo_global_est": 1262,
        "mile_nobo_mvp3": 256,
        "mile_sobo_mvp3": 8,
        "state": "PA",
        "milepoint_type": "generated",
        "official": false,
        "confidence": "estimated_from_open_route_geometry_with_known_length_gap",
        "source_id": "osm",
        "source_url": "https://www.openstreetmap.org/relation/156553",
        "source_access_url": "https://hiking.waymarkedtrails.org/api/v1/details/relation/156553",
        "license_status": "open_license_share_alike",
        "source_license": "ODbL",
        "attribution": "OpenStreetMap contributors",
        "last_checked": "2026-05-13",
        "last_generated": "2026-05-14",
        "ai_answer_rule": "Generated mile based on Scout MVP3 Mid-Atlantic open route geometry, not an official ATC mile. Use for source-aware planning only."
      },
      "geometry": {
        "type": "Point",
        "coordinates": [
          -75.217735,
          40.930008
        ]
      }
    },
    {
      "type": "Feature",
      "properties": {
        "trail": "Appalachian Trail",
        "route_id": "at-mvp3-midatlantic-harpers-ferry-delaware-water-gap-open-2026",
        "source_route_id": "at-main-osm-2026-open",
        "mile_nobo_global_est": 1263,
        "mile_nobo_mvp3": 257,
        "mile_sobo_mvp3": 7,
        "state": "PA",
        "milepoint_type": "generated",
        "official": false,
        "confidence": "estimated_from_open_route_geometry_with_known_length_gap",
        "source_id": "osm",
        "source_url": "https://www.openstreetmap.org/relation/156553",
        "source_access_url": "https://hiking.waymarkedtrails.org/api/v1/details/relation/156553",
        "license_status": "open_license_share_alike",
        "source_license": "ODbL",
        "attribution": "OpenStreetMap contributors",
        "last_checked": "2026-05-13",
        "last_generated": "2026-05-14",
        "ai_answer_rule": "Generated mile based on Scout MVP3 Mid-Atlantic open route geometry, not an official ATC mile. Use for source-aware planning only."
      },
      "geometry": {
        "type": "Point",
        "coordinates": [
          -75.200588,
          40.935412
        ]
      }
    },
    {
      "type": "Feature",
      "properties": {
        "trail": "Appalachian Trail",
        "route_id": "at-mvp3-midatlantic-harpers-ferry-delaware-water-gap-open-2026",
        "source_route_id": "at-main-osm-2026-open",
        "mile_nobo_global_est": 1264,
        "mile_nobo_mvp3": 258,
        "mile_sobo_mvp3": 6,
        "state": "PA",
        "milepoint_type": "generated",
        "official": false,
        "confidence": "estimated_from_open_route_geometry_with_known_length_gap",
        "source_id": "osm",
        "source_url": "https://www.openstreetmap.org/relation/156553",
        "source_access_url": "https://hiking.waymarkedtrails.org/api/v1/details/relation/156553",
        "license_status": "open_license_share_alike",
        "source_license": "ODbL",
        "attribution": "OpenStreetMap contributors",
        "last_checked": "2026-05-13",
        "last_generated": "2026-05-14",
        "ai_answer_rule": "Generated mile based on Scout MVP3 Mid-Atlantic open route geometry, not an official ATC mile. Use for source-aware planning only."
      },
      "geometry": {
        "type": "Point",
        "coordinates": [
          -75.183062,
          40.937878
        ]
      }
    },
    {
      "type": "Feature",
      "properties": {
        "trail": "Appalachian Trail",
        "route_id": "at-mvp3-midatlantic-harpers-ferry-delaware-water-gap-open-2026",
        "source_route_id": "at-main-osm-2026-open",
        "mile_nobo_global_est": 1265,
        "mile_nobo_mvp3": 259,
        "mile_sobo_mvp3": 5,
        "state": "PA",
        "milepoint_type": "generated",
        "official": false,
        "confidence": "estimated_from_open_route_geometry_with_known_length_gap",
        "source_id": "osm",
        "source_url": "https://www.openstreetmap.org/relation/156553",
        "source_access_url": "https://hiking.waymarkedtrails.org/api/v1/details/relation/156553",
        "license_status": "open_license_share_alike",
        "source_license": "ODbL",
        "attribution": "OpenStreetMap contributors",
        "last_checked": "2026-05-13",
        "last_generated": "2026-05-14",
        "ai_answer_rule": "Generated mile based on Scout MVP3 Mid-Atlantic open route geometry, not an official ATC mile. Use for source-aware planning only."
      },
      "geometry": {
        "type": "Point",
        "coordinates": [
          -75.171621,
          40.947098
        ]
      }
    },
    {
      "type": "Feature",
      "properties": {
        "trail": "Appalachian Trail",
        "route_id": "at-mvp3-midatlantic-harpers-ferry-delaware-water-gap-open-2026",
        "source_route_id": "at-main-osm-2026-open",
        "mile_nobo_global_est": 1266,
        "mile_nobo_mvp3": 260,
        "mile_sobo_mvp3": 4,
        "state": "PA",
        "milepoint_type": "generated",
        "official": false,
        "confidence": "estimated_from_open_route_geometry_with_known_length_gap",
        "source_id": "osm",
        "source_url": "https://www.openstreetmap.org/relation/156553",
        "source_access_url": "https://hiking.waymarkedtrails.org/api/v1/details/relation/156553",
        "license_status": "open_license_share_alike",
        "source_license": "ODbL",
        "attribution": "OpenStreetMap contributors",
        "last_checked": "2026-05-13",
        "last_generated": "2026-05-14",
        "ai_answer_rule": "Generated mile based on Scout MVP3 Mid-Atlantic open route geometry, not an official ATC mile. Use for source-aware planning only."
      },
      "geometry": {
        "type": "Point",
        "coordinates": [
          -75.153846,
          40.949074
        ]
      }
    },
    {
      "type": "Feature",
      "properties": {
        "trail": "Appalachian Trail",
        "route_id": "at-mvp3-midatlantic-harpers-ferry-delaware-water-gap-open-2026",
        "source_route_id": "at-main-osm-2026-open",
        "mile_nobo_global_est": 1267,
        "mile_nobo_mvp3": 261,
        "mile_sobo_mvp3": 3,
        "state": "PA",
        "milepoint_type": "generated",
        "official": false,
        "confidence": "estimated_from_open_route_geometry_with_known_length_gap",
        "source_id": "osm",
        "source_url": "https://www.openstreetmap.org/relation/156553",
        "source_access_url": "https://hiking.waymarkedtrails.org/api/v1/details/relation/156553",
        "license_status": "open_license_share_alike",
        "source_license": "ODbL",
        "attribution": "OpenStreetMap contributors",
        "last_checked": "2026-05-13",
        "last_generated": "2026-05-14",
        "ai_answer_rule": "Generated mile based on Scout MVP3 Mid-Atlantic open route geometry, not an official ATC mile. Use for source-aware planning only."
      },
      "geometry": {
        "type": "Point",
        "coordinates": [
          -75.137063,
          40.955083
        ]
      }
    },
    {
      "type": "Feature",
      "properties": {
        "trail": "Appalachian Trail",
        "route_id": "at-mvp3-midatlantic-harpers-ferry-delaware-water-gap-open-2026",
        "source_route_id": "at-main-osm-2026-open",
        "mile_nobo_global_est": 1268,
        "mile_nobo_mvp3": 262,
        "mile_sobo_mvp3": 2,
        "state": "PA",
        "milepoint_type": "generated",
        "official": false,
        "confidence": "estimated_from_open_route_geometry_with_known_length_gap",
        "source_id": "osm",
        "source_url": "https://www.openstreetmap.org/relation/156553",
        "source_access_url": "https://hiking.waymarkedtrails.org/api/v1/details/relation/156553",
        "license_status": "open_license_share_alike",
        "source_license": "ODbL",
        "attribution": "OpenStreetMap contributors",
        "last_checked": "2026-05-13",
        "last_generated": "2026-05-14",
        "ai_answer_rule": "Generated mile based on Scout MVP3 Mid-Atlantic open route geometry, not an official ATC mile. Use for source-aware planning only."
      },
      "geometry": {
        "type": "Point",
        "coordinates": [
          -75.129854,
          40.964033
        ]
      }
    },
    {
      "type": "Feature",
      "properties": {
        "trail": "Appalachian Trail",
        "route_id": "at-mvp3-midatlantic-harpers-ferry-delaware-water-gap-open-2026",
        "source_route_id": "at-main-osm-2026-open",
        "mile_nobo_global_est": 1269,
        "mile_nobo_mvp3": 263,
        "mile_sobo_mvp3": 1,
        "state": "PA",
        "milepoint_type": "generated",
        "official": false,
        "confidence": "estimated_from_open_route_geometry_with_known_length_gap",
        "source_id": "osm",
        "source_url": "https://www.openstreetmap.org/relation/156553",
        "source_access_url": "https://hiking.waymarkedtrails.org/api/v1/details/relation/156553",
        "license_status": "open_license_share_alike",
        "source_license": "ODbL",
        "attribution": "OpenStreetMap contributors",
        "last_checked": "2026-05-13",
        "last_generated": "2026-05-14",
        "ai_answer_rule": "Generated mile based on Scout MVP3 Mid-Atlantic open route geometry, not an official ATC mile. Use for source-aware planning only."
      },
      "geometry": {
        "type": "Point",
        "coordinates": [
          -75.137753,
          40.971977
        ]
      }
    },
    {
      "type": "Feature",
      "properties": {
        "trail": "Appalachian Trail",
        "route_id": "at-mvp3-midatlantic-harpers-ferry-delaware-water-gap-open-2026",
        "source_route_id": "at-main-osm-2026-open",
        "mile_nobo_global_est": 1270,
        "mile_nobo_mvp3": 264,
        "mile_sobo_mvp3": 0,
        "state": "PA",
        "milepoint_type": "generated",
        "official": false,
        "confidence": "estimated_from_open_route_geometry_with_known_length_gap",
        "source_id": "osm",
        "source_url": "https://www.openstreetmap.org/relation/156553",
        "source_access_url": "https://hiking.waymarkedtrails.org/api/v1/details/relation/156553",
        "license_status": "open_license_share_alike",
        "source_license": "ODbL",
        "attribution": "OpenStreetMap contributors",
        "last_checked": "2026-05-13",
        "last_generated": "2026-05-14",
        "ai_answer_rule": "Generated mile based on Scout MVP3 Mid-Atlantic open route geometry, not an official ATC mile. Use for source-aware planning only."
      },
      "geometry": {
        "type": "Point",
        "coordinates": [
          -75.139222,
          40.982788
        ]
      }
    }
  ]
}
