{
  "type": "FeatureCollection",
  "name": "Scout MVP3 Mid-Atlantic generated milepoints 0.5mi",
  "features": [
    {
      "type": "Feature",
      "properties": {
        "trail": "Appalachian Trail",
        "route_id": "at-mvp3-midatlantic-harpers-ferry-delaware-water-gap-open-2026",
        "source_route_id": "at-main-osm-2026-open",
        "mile_nobo_global_est": 1006,
        "mile_nobo_mvp3": 0,
        "mile_sobo_mvp3": 264,
        "state": "WV",
        "milepoint_type": "generated",
        "official": false,
        "confidence": "estimated_from_open_route_geometry_with_known_length_gap",
        "source_id": "osm",
        "source_url": "https://www.openstreetmap.org/relation/156553",
        "source_access_url": "https://hiking.waymarkedtrails.org/api/v1/details/relation/156553",
        "license_status": "open_license_share_alike",
        "source_license": "ODbL",
        "attribution": "OpenStreetMap contributors",
        "last_checked": "2026-05-13",
        "last_generated": "2026-05-14",
        "ai_answer_rule": "Generated mile based on Scout MVP3 Mid-Atlantic open route geometry, not an official ATC mile. Use for source-aware planning only."
      },
      "geometry": {
        "type": "Point",
        "coordinates": [
          -77.732901,
          39.32276
        ]
      }
    },
    {
      "type": "Feature",
      "properties": {
        "trail": "Appalachian Trail",
        "route_id": "at-mvp3-midatlantic-harpers-ferry-delaware-water-gap-open-2026",
        "source_route_id": "at-main-osm-2026-open",
        "mile_nobo_global_est": 1006.5,
        "mile_nobo_mvp3": 0.5,
        "mile_sobo_mvp3": 263.5,
        "state": "WV",
        "milepoint_type": "generated",
        "official": false,
        "confidence": "estimated_from_open_route_geometry_with_known_length_gap",
        "source_id": "osm",
        "source_url": "https://www.openstreetmap.org/relation/156553",
        "source_access_url": "https://hiking.waymarkedtrails.org/api/v1/details/relation/156553",
        "license_status": "open_license_share_alike",
        "source_license": "ODbL",
        "attribution": "OpenStreetMap contributors",
        "last_checked": "2026-05-13",
        "last_generated": "2026-05-14",
        "ai_answer_rule": "Generated mile based on Scout MVP3 Mid-Atlantic open route geometry, not an official ATC mile. Use for source-aware planning only."
      },
      "geometry": {
        "type": "Point",
        "coordinates": [
          -77.725444,
          39.323666
        ]
      }
    },
    {
      "type": "Feature",
      "properties": {
        "trail": "Appalachian Trail",
        "route_id": "at-mvp3-midatlantic-harpers-ferry-delaware-water-gap-open-2026",
        "source_route_id": "at-main-osm-2026-open",
        "mile_nobo_global_est": 1007,
        "mile_nobo_mvp3": 1,
        "mile_sobo_mvp3": 263,
        "state": "WV",
        "milepoint_type": "generated",
        "official": false,
        "confidence": "estimated_from_open_route_geometry_with_known_length_gap",
        "source_id": "osm",
        "source_url": "https://www.openstreetmap.org/relation/156553",
        "source_access_url": "https://hiking.waymarkedtrails.org/api/v1/details/relation/156553",
        "license_status": "open_license_share_alike",
        "source_license": "ODbL",
        "attribution": "OpenStreetMap contributors",
        "last_checked": "2026-05-13",
        "last_generated": "2026-05-14",
        "ai_answer_rule": "Generated mile based on Scout MVP3 Mid-Atlantic open route geometry, not an official ATC mile. Use for source-aware planning only."
      },
      "geometry": {
        "type": "Point",
        "coordinates": [
          -77.716278,
          39.324362
        ]
      }
    },
    {
      "type": "Feature",
      "properties": {
        "trail": "Appalachian Trail",
        "route_id": "at-mvp3-midatlantic-harpers-ferry-delaware-water-gap-open-2026",
        "source_route_id": "at-main-osm-2026-open",
        "mile_nobo_global_est": 1007.5,
        "mile_nobo_mvp3": 1.5,
        "mile_sobo_mvp3": 262.5,
        "state": "WV",
        "milepoint_type": "generated",
        "official": false,
        "confidence": "estimated_from_open_route_geometry_with_known_length_gap",
        "source_id": "osm",
        "source_url": "https://www.openstreetmap.org/relation/156553",
        "source_access_url": "https://hiking.waymarkedtrails.org/api/v1/details/relation/156553",
        "license_status": "open_license_share_alike",
        "source_license": "ODbL",
        "attribution": "OpenStreetMap contributors",
        "last_checked": "2026-05-13",
        "last_generated": "2026-05-14",
        "ai_answer_rule": "Generated mile based on Scout MVP3 Mid-Atlantic open route geometry, not an official ATC mile. Use for source-aware planning only."
      },
      "geometry": {
        "type": "Point",
        "coordinates": [
          -77.707082,
          39.325642
        ]
      }
    },
    {
      "type": "Feature",
      "properties": {
        "trail": "Appalachian Trail",
        "route_id": "at-mvp3-midatlantic-harpers-ferry-delaware-water-gap-open-2026",
        "source_route_id": "at-main-osm-2026-open",
        "mile_nobo_global_est": 1008,
        "mile_nobo_mvp3": 2,
        "mile_sobo_mvp3": 262,
        "state": "MD",
        "milepoint_type": "generated",
        "official": false,
        "confidence": "estimated_from_open_route_geometry_with_known_length_gap",
        "source_id": "osm",
        "source_url": "https://www.openstreetmap.org/relation/156553",
        "source_access_url": "https://hiking.waymarkedtrails.org/api/v1/details/relation/156553",
        "license_status": "open_license_share_alike",
        "source_license": "ODbL",
        "attribution": "OpenStreetMap contributors",
        "last_checked": "2026-05-13",
        "last_generated": "2026-05-14",
        "ai_answer_rule": "Generated mile based on Scout MVP3 Mid-Atlantic open route geometry, not an official ATC mile. Use for source-aware planning only."
      },
      "geometry": {
        "type": "Point",
        "coordinates": [
          -77.697923,
          39.324541
        ]
      }
    },
    {
      "type": "Feature",
      "properties": {
        "trail": "Appalachian Trail",
        "route_id": "at-mvp3-midatlantic-harpers-ferry-delaware-water-gap-open-2026",
        "source_route_id": "at-main-osm-2026-open",
        "mile_nobo_global_est": 1008.5,
        "mile_nobo_mvp3": 2.5,
        "mile_sobo_mvp3": 261.5,
        "state": "MD",
        "milepoint_type": "generated",
        "official": false,
        "confidence": "estimated_from_open_route_geometry_with_known_length_gap",
        "source_id": "osm",
        "source_url": "https://www.openstreetmap.org/relation/156553",
        "source_access_url": "https://hiking.waymarkedtrails.org/api/v1/details/relation/156553",
        "license_status": "open_license_share_alike",
        "source_license": "ODbL",
        "attribution": "OpenStreetMap contributors",
        "last_checked": "2026-05-13",
        "last_generated": "2026-05-14",
        "ai_answer_rule": "Generated mile based on Scout MVP3 Mid-Atlantic open route geometry, not an official ATC mile. Use for source-aware planning only."
      },
      "geometry": {
        "type": "Point",
        "coordinates": [
          -77.689119,
          39.324775
        ]
      }
    },
    {
      "type": "Feature",
      "properties": {
        "trail": "Appalachian Trail",
        "route_id": "at-mvp3-midatlantic-harpers-ferry-delaware-water-gap-open-2026",
        "source_route_id": "at-main-osm-2026-open",
        "mile_nobo_global_est": 1009,
        "mile_nobo_mvp3": 3,
        "mile_sobo_mvp3": 261,
        "state": "MD",
        "milepoint_type": "generated",
        "official": false,
        "confidence": "estimated_from_open_route_geometry_with_known_length_gap",
        "source_id": "osm",
        "source_url": "https://www.openstreetmap.org/relation/156553",
        "source_access_url": "https://hiking.waymarkedtrails.org/api/v1/details/relation/156553",
        "license_status": "open_license_share_alike",
        "source_license": "ODbL",
        "attribution": "OpenStreetMap contributors",
        "last_checked": "2026-05-13",
        "last_generated": "2026-05-14",
        "ai_answer_rule": "Generated mile based on Scout MVP3 Mid-Atlantic open route geometry, not an official ATC mile. Use for source-aware planning only."
      },
      "geometry": {
        "type": "Point",
        "coordinates": [
          -77.681724,
          39.329167
        ]
      }
    },
    {
      "type": "Feature",
      "properties": {
        "trail": "Appalachian Trail",
        "route_id": "at-mvp3-midatlantic-harpers-ferry-delaware-water-gap-open-2026",
        "source_route_id": "at-main-osm-2026-open",
        "mile_nobo_global_est": 1009.5,
        "mile_nobo_mvp3": 3.5,
        "mile_sobo_mvp3": 260.5,
        "state": "MD",
        "milepoint_type": "generated",
        "official": false,
        "confidence": "estimated_from_open_route_geometry_with_known_length_gap",
        "source_id": "osm",
        "source_url": "https://www.openstreetmap.org/relation/156553",
        "source_access_url": "https://hiking.waymarkedtrails.org/api/v1/details/relation/156553",
        "license_status": "open_license_share_alike",
        "source_license": "ODbL",
        "attribution": "OpenStreetMap contributors",
        "last_checked": "2026-05-13",
        "last_generated": "2026-05-14",
        "ai_answer_rule": "Generated mile based on Scout MVP3 Mid-Atlantic open route geometry, not an official ATC mile. Use for source-aware planning only."
      },
      "geometry": {
        "type": "Point",
        "coordinates": [
          -77.683266,
          39.332633
        ]
      }
    },
    {
      "type": "Feature",
      "properties": {
        "trail": "Appalachian Trail",
        "route_id": "at-mvp3-midatlantic-harpers-ferry-delaware-water-gap-open-2026",
        "source_route_id": "at-main-osm-2026-open",
        "mile_nobo_global_est": 1010,
        "mile_nobo_mvp3": 4,
        "mile_sobo_mvp3": 260,
        "state": "MD",
        "milepoint_type": "generated",
        "official": false,
        "confidence": "estimated_from_open_route_geometry_with_known_length_gap",
        "source_id": "osm",
        "source_url": "https://www.openstreetmap.org/relation/156553",
        "source_access_url": "https://hiking.waymarkedtrails.org/api/v1/details/relation/156553",
        "license_status": "open_license_share_alike",
        "source_license": "ODbL",
        "attribution": "OpenStreetMap contributors",
        "last_checked": "2026-05-13",
        "last_generated": "2026-05-14",
        "ai_answer_rule": "Generated mile based on Scout MVP3 Mid-Atlantic open route geometry, not an official ATC mile. Use for source-aware planning only."
      },
      "geometry": {
        "type": "Point",
        "coordinates": [
          -77.678024,
          39.332071
        ]
      }
    },
    {
      "type": "Feature",
      "properties": {
        "trail": "Appalachian Trail",
        "route_id": "at-mvp3-midatlantic-harpers-ferry-delaware-water-gap-open-2026",
        "source_route_id": "at-main-osm-2026-open",
        "mile_nobo_global_est": 1010.5,
        "mile_nobo_mvp3": 4.5,
        "mile_sobo_mvp3": 259.5,
        "state": "MD",
        "milepoint_type": "generated",
        "official": false,
        "confidence": "estimated_from_open_route_geometry_with_known_length_gap",
        "source_id": "osm",
        "source_url": "https://www.openstreetmap.org/relation/156553",
        "source_access_url": "https://hiking.waymarkedtrails.org/api/v1/details/relation/156553",
        "license_status": "open_license_share_alike",
        "source_license": "ODbL",
        "attribution": "OpenStreetMap contributors",
        "last_checked": "2026-05-13",
        "last_generated": "2026-05-14",
        "ai_answer_rule": "Generated mile based on Scout MVP3 Mid-Atlantic open route geometry, not an official ATC mile. Use for source-aware planning only."
      },
      "geometry": {
        "type": "Point",
        "coordinates": [
          -77.676016,
          39.335436
        ]
      }
    },
    {
      "type": "Feature",
      "properties": {
        "trail": "Appalachian Trail",
        "route_id": "at-mvp3-midatlantic-harpers-ferry-delaware-water-gap-open-2026",
        "source_route_id": "at-main-osm-2026-open",
        "mile_nobo_global_est": 1011,
        "mile_nobo_mvp3": 5,
        "mile_sobo_mvp3": 259,
        "state": "MD",
        "milepoint_type": "generated",
        "official": false,
        "confidence": "estimated_from_open_route_geometry_with_known_length_gap",
        "source_id": "osm",
        "source_url": "https://www.openstreetmap.org/relation/156553",
        "source_access_url": "https://hiking.waymarkedtrails.org/api/v1/details/relation/156553",
        "license_status": "open_license_share_alike",
        "source_license": "ODbL",
        "attribution": "OpenStreetMap contributors",
        "last_checked": "2026-05-13",
        "last_generated": "2026-05-14",
        "ai_answer_rule": "Generated mile based on Scout MVP3 Mid-Atlantic open route geometry, not an official ATC mile. Use for source-aware planning only."
      },
      "geometry": {
        "type": "Point",
        "coordinates": [
          -77.674124,
          39.342416
        ]
      }
    },
    {
      "type": "Feature",
      "properties": {
        "trail": "Appalachian Trail",
        "route_id": "at-mvp3-midatlantic-harpers-ferry-delaware-water-gap-open-2026",
        "source_route_id": "at-main-osm-2026-open",
        "mile_nobo_global_est": 1011.5,
        "mile_nobo_mvp3": 5.5,
        "mile_sobo_mvp3": 258.5,
        "state": "MD",
        "milepoint_type": "generated",
        "official": false,
        "confidence": "estimated_from_open_route_geometry_with_known_length_gap",
        "source_id": "osm",
        "source_url": "https://www.openstreetmap.org/relation/156553",
        "source_access_url": "https://hiking.waymarkedtrails.org/api/v1/details/relation/156553",
        "license_status": "open_license_share_alike",
        "source_license": "ODbL",
        "attribution": "OpenStreetMap contributors",
        "last_checked": "2026-05-13",
        "last_generated": "2026-05-14",
        "ai_answer_rule": "Generated mile based on Scout MVP3 Mid-Atlantic open route geometry, not an official ATC mile. Use for source-aware planning only."
      },
      "geometry": {
        "type": "Point",
        "coordinates": [
          -77.669954,
          39.348621
        ]
      }
    },
    {
      "type": "Feature",
      "properties": {
        "trail": "Appalachian Trail",
        "route_id": "at-mvp3-midatlantic-harpers-ferry-delaware-water-gap-open-2026",
        "source_route_id": "at-main-osm-2026-open",
        "mile_nobo_global_est": 1012,
        "mile_nobo_mvp3": 6,
        "mile_sobo_mvp3": 258,
        "state": "MD",
        "milepoint_type": "generated",
        "official": false,
        "confidence": "estimated_from_open_route_geometry_with_known_length_gap",
        "source_id": "osm",
        "source_url": "https://www.openstreetmap.org/relation/156553",
        "source_access_url": "https://hiking.waymarkedtrails.org/api/v1/details/relation/156553",
        "license_status": "open_license_share_alike",
        "source_license": "ODbL",
        "attribution": "OpenStreetMap contributors",
        "last_checked": "2026-05-13",
        "last_generated": "2026-05-14",
        "ai_answer_rule": "Generated mile based on Scout MVP3 Mid-Atlantic open route geometry, not an official ATC mile. Use for source-aware planning only."
      },
      "geometry": {
        "type": "Point",
        "coordinates": [
          -77.665772,
          39.354887
        ]
      }
    },
    {
      "type": "Feature",
      "properties": {
        "trail": "Appalachian Trail",
        "route_id": "at-mvp3-midatlantic-harpers-ferry-delaware-water-gap-open-2026",
        "source_route_id": "at-main-osm-2026-open",
        "mile_nobo_global_est": 1012.5,
        "mile_nobo_mvp3": 6.5,
        "mile_sobo_mvp3": 257.5,
        "state": "MD",
        "milepoint_type": "generated",
        "official": false,
        "confidence": "estimated_from_open_route_geometry_with_known_length_gap",
        "source_id": "osm",
        "source_url": "https://www.openstreetmap.org/relation/156553",
        "source_access_url": "https://hiking.waymarkedtrails.org/api/v1/details/relation/156553",
        "license_status": "open_license_share_alike",
        "source_license": "ODbL",
        "attribution": "OpenStreetMap contributors",
        "last_checked": "2026-05-13",
        "last_generated": "2026-05-14",
        "ai_answer_rule": "Generated mile based on Scout MVP3 Mid-Atlantic open route geometry, not an official ATC mile. Use for source-aware planning only."
      },
      "geometry": {
        "type": "Point",
        "coordinates": [
          -77.662368,
          39.361347
        ]
      }
    },
    {
      "type": "Feature",
      "properties": {
        "trail": "Appalachian Trail",
        "route_id": "at-mvp3-midatlantic-harpers-ferry-delaware-water-gap-open-2026",
        "source_route_id": "at-main-osm-2026-open",
        "mile_nobo_global_est": 1013,
        "mile_nobo_mvp3": 7,
        "mile_sobo_mvp3": 257,
        "state": "MD",
        "milepoint_type": "generated",
        "official": false,
        "confidence": "estimated_from_open_route_geometry_with_known_length_gap",
        "source_id": "osm",
        "source_url": "https://www.openstreetmap.org/relation/156553",
        "source_access_url": "https://hiking.waymarkedtrails.org/api/v1/details/relation/156553",
        "license_status": "open_license_share_alike",
        "source_license": "ODbL",
        "attribution": "OpenStreetMap contributors",
        "last_checked": "2026-05-13",
        "last_generated": "2026-05-14",
        "ai_answer_rule": "Generated mile based on Scout MVP3 Mid-Atlantic open route geometry, not an official ATC mile. Use for source-aware planning only."
      },
      "geometry": {
        "type": "Point",
        "coordinates": [
          -77.657906,
          39.367481
        ]
      }
    },
    {
      "type": "Feature",
      "properties": {
        "trail": "Appalachian Trail",
        "route_id": "at-mvp3-midatlantic-harpers-ferry-delaware-water-gap-open-2026",
        "source_route_id": "at-main-osm-2026-open",
        "mile_nobo_global_est": 1013.5,
        "mile_nobo_mvp3": 7.5,
        "mile_sobo_mvp3": 256.5,
        "state": "MD",
        "milepoint_type": "generated",
        "official": false,
        "confidence": "estimated_from_open_route_geometry_with_known_length_gap",
        "source_id": "osm",
        "source_url": "https://www.openstreetmap.org/relation/156553",
        "source_access_url": "https://hiking.waymarkedtrails.org/api/v1/details/relation/156553",
        "license_status": "open_license_share_alike",
        "source_license": "ODbL",
        "attribution": "OpenStreetMap contributors",
        "last_checked": "2026-05-13",
        "last_generated": "2026-05-14",
        "ai_answer_rule": "Generated mile based on Scout MVP3 Mid-Atlantic open route geometry, not an official ATC mile. Use for source-aware planning only."
      },
      "geometry": {
        "type": "Point",
        "coordinates": [
          -77.65331,
          39.373689
        ]
      }
    },
    {
      "type": "Feature",
      "properties": {
        "trail": "Appalachian Trail",
        "route_id": "at-mvp3-midatlantic-harpers-ferry-delaware-water-gap-open-2026",
        "source_route_id": "at-main-osm-2026-open",
        "mile_nobo_global_est": 1014,
        "mile_nobo_mvp3": 8,
        "mile_sobo_mvp3": 256,
        "state": "MD",
        "milepoint_type": "generated",
        "official": false,
        "confidence": "estimated_from_open_route_geometry_with_known_length_gap",
        "source_id": "osm",
        "source_url": "https://www.openstreetmap.org/relation/156553",
        "source_access_url": "https://hiking.waymarkedtrails.org/api/v1/details/relation/156553",
        "license_status": "open_license_share_alike",
        "source_license": "ODbL",
        "attribution": "OpenStreetMap contributors",
        "last_checked": "2026-05-13",
        "last_generated": "2026-05-14",
        "ai_answer_rule": "Generated mile based on Scout MVP3 Mid-Atlantic open route geometry, not an official ATC mile. Use for source-aware planning only."
      },
      "geometry": {
        "type": "Point",
        "coordinates": [
          -77.65081,
          39.380471
        ]
      }
    },
    {
      "type": "Feature",
      "properties": {
        "trail": "Appalachian Trail",
        "route_id": "at-mvp3-midatlantic-harpers-ferry-delaware-water-gap-open-2026",
        "source_route_id": "at-main-osm-2026-open",
        "mile_nobo_global_est": 1014.5,
        "mile_nobo_mvp3": 8.5,
        "mile_sobo_mvp3": 255.5,
        "state": "MD",
        "milepoint_type": "generated",
        "official": false,
        "confidence": "estimated_from_open_route_geometry_with_known_length_gap",
        "source_id": "osm",
        "source_url": "https://www.openstreetmap.org/relation/156553",
        "source_access_url": "https://hiking.waymarkedtrails.org/api/v1/details/relation/156553",
        "license_status": "open_license_share_alike",
        "source_license": "ODbL",
        "attribution": "OpenStreetMap contributors",
        "last_checked": "2026-05-13",
        "last_generated": "2026-05-14",
        "ai_answer_rule": "Generated mile based on Scout MVP3 Mid-Atlantic open route geometry, not an official ATC mile. Use for source-aware planning only."
      },
      "geometry": {
        "type": "Point",
        "coordinates": [
          -77.647987,
          39.386924
        ]
      }
    },
    {
      "type": "Feature",
      "properties": {
        "trail": "Appalachian Trail",
        "route_id": "at-mvp3-midatlantic-harpers-ferry-delaware-water-gap-open-2026",
        "source_route_id": "at-main-osm-2026-open",
        "mile_nobo_global_est": 1015,
        "mile_nobo_mvp3": 9,
        "mile_sobo_mvp3": 255,
        "state": "MD",
        "milepoint_type": "generated",
        "official": false,
        "confidence": "estimated_from_open_route_geometry_with_known_length_gap",
        "source_id": "osm",
        "source_url": "https://www.openstreetmap.org/relation/156553",
        "source_access_url": "https://hiking.waymarkedtrails.org/api/v1/details/relation/156553",
        "license_status": "open_license_share_alike",
        "source_license": "ODbL",
        "attribution": "OpenStreetMap contributors",
        "last_checked": "2026-05-13",
        "last_generated": "2026-05-14",
        "ai_answer_rule": "Generated mile based on Scout MVP3 Mid-Atlantic open route geometry, not an official ATC mile. Use for source-aware planning only."
      },
      "geometry": {
        "type": "Point",
        "coordinates": [
          -77.645208,
          39.3936
        ]
      }
    },
    {
      "type": "Feature",
      "properties": {
        "trail": "Appalachian Trail",
        "route_id": "at-mvp3-midatlantic-harpers-ferry-delaware-water-gap-open-2026",
        "source_route_id": "at-main-osm-2026-open",
        "mile_nobo_global_est": 1015.5,
        "mile_nobo_mvp3": 9.5,
        "mile_sobo_mvp3": 254.5,
        "state": "MD",
        "milepoint_type": "generated",
        "official": false,
        "confidence": "estimated_from_open_route_geometry_with_known_length_gap",
        "source_id": "osm",
        "source_url": "https://www.openstreetmap.org/relation/156553",
        "source_access_url": "https://hiking.waymarkedtrails.org/api/v1/details/relation/156553",
        "license_status": "open_license_share_alike",
        "source_license": "ODbL",
        "attribution": "OpenStreetMap contributors",
        "last_checked": "2026-05-13",
        "last_generated": "2026-05-14",
        "ai_answer_rule": "Generated mile based on Scout MVP3 Mid-Atlantic open route geometry, not an official ATC mile. Use for source-aware planning only."
      },
      "geometry": {
        "type": "Point",
        "coordinates": [
          -77.641833,
          39.400254
        ]
      }
    },
    {
      "type": "Feature",
      "properties": {
        "trail": "Appalachian Trail",
        "route_id": "at-mvp3-midatlantic-harpers-ferry-delaware-water-gap-open-2026",
        "source_route_id": "at-main-osm-2026-open",
        "mile_nobo_global_est": 1016,
        "mile_nobo_mvp3": 10,
        "mile_sobo_mvp3": 254,
        "state": "MD",
        "milepoint_type": "generated",
        "official": false,
        "confidence": "estimated_from_open_route_geometry_with_known_length_gap",
        "source_id": "osm",
        "source_url": "https://www.openstreetmap.org/relation/156553",
        "source_access_url": "https://hiking.waymarkedtrails.org/api/v1/details/relation/156553",
        "license_status": "open_license_share_alike",
        "source_license": "ODbL",
        "attribution": "OpenStreetMap contributors",
        "last_checked": "2026-05-13",
        "last_generated": "2026-05-14",
        "ai_answer_rule": "Generated mile based on Scout MVP3 Mid-Atlantic open route geometry, not an official ATC mile. Use for source-aware planning only."
      },
      "geometry": {
        "type": "Point",
        "coordinates": [
          -77.639661,
          39.406387
        ]
      }
    },
    {
      "type": "Feature",
      "properties": {
        "trail": "Appalachian Trail",
        "route_id": "at-mvp3-midatlantic-harpers-ferry-delaware-water-gap-open-2026",
        "source_route_id": "at-main-osm-2026-open",
        "mile_nobo_global_est": 1016.5,
        "mile_nobo_mvp3": 10.5,
        "mile_sobo_mvp3": 253.5,
        "state": "MD",
        "milepoint_type": "generated",
        "official": false,
        "confidence": "estimated_from_open_route_geometry_with_known_length_gap",
        "source_id": "osm",
        "source_url": "https://www.openstreetmap.org/relation/156553",
        "source_access_url": "https://hiking.waymarkedtrails.org/api/v1/details/relation/156553",
        "license_status": "open_license_share_alike",
        "source_license": "ODbL",
        "attribution": "OpenStreetMap contributors",
        "last_checked": "2026-05-13",
        "last_generated": "2026-05-14",
        "ai_answer_rule": "Generated mile based on Scout MVP3 Mid-Atlantic open route geometry, not an official ATC mile. Use for source-aware planning only."
      },
      "geometry": {
        "type": "Point",
        "coordinates": [
          -77.640786,
          39.412865
        ]
      }
    },
    {
      "type": "Feature",
      "properties": {
        "trail": "Appalachian Trail",
        "route_id": "at-mvp3-midatlantic-harpers-ferry-delaware-water-gap-open-2026",
        "source_route_id": "at-main-osm-2026-open",
        "mile_nobo_global_est": 1017,
        "mile_nobo_mvp3": 11,
        "mile_sobo_mvp3": 253,
        "state": "MD",
        "milepoint_type": "generated",
        "official": false,
        "confidence": "estimated_from_open_route_geometry_with_known_length_gap",
        "source_id": "osm",
        "source_url": "https://www.openstreetmap.org/relation/156553",
        "source_access_url": "https://hiking.waymarkedtrails.org/api/v1/details/relation/156553",
        "license_status": "open_license_share_alike",
        "source_license": "ODbL",
        "attribution": "OpenStreetMap contributors",
        "last_checked": "2026-05-13",
        "last_generated": "2026-05-14",
        "ai_answer_rule": "Generated mile based on Scout MVP3 Mid-Atlantic open route geometry, not an official ATC mile. Use for source-aware planning only."
      },
      "geometry": {
        "type": "Point",
        "coordinates": [
          -77.639941,
          39.419961
        ]
      }
    },
    {
      "type": "Feature",
      "properties": {
        "trail": "Appalachian Trail",
        "route_id": "at-mvp3-midatlantic-harpers-ferry-delaware-water-gap-open-2026",
        "source_route_id": "at-main-osm-2026-open",
        "mile_nobo_global_est": 1017.5,
        "mile_nobo_mvp3": 11.5,
        "mile_sobo_mvp3": 252.5,
        "state": "MD",
        "milepoint_type": "generated",
        "official": false,
        "confidence": "estimated_from_open_route_geometry_with_known_length_gap",
        "source_id": "osm",
        "source_url": "https://www.openstreetmap.org/relation/156553",
        "source_access_url": "https://hiking.waymarkedtrails.org/api/v1/details/relation/156553",
        "license_status": "open_license_share_alike",
        "source_license": "ODbL",
        "attribution": "OpenStreetMap contributors",
        "last_checked": "2026-05-13",
        "last_generated": "2026-05-14",
        "ai_answer_rule": "Generated mile based on Scout MVP3 Mid-Atlantic open route geometry, not an official ATC mile. Use for source-aware planning only."
      },
      "geometry": {
        "type": "Point",
        "coordinates": [
          -77.638965,
          39.426864
        ]
      }
    },
    {
      "type": "Feature",
      "properties": {
        "trail": "Appalachian Trail",
        "route_id": "at-mvp3-midatlantic-harpers-ferry-delaware-water-gap-open-2026",
        "source_route_id": "at-main-osm-2026-open",
        "mile_nobo_global_est": 1018,
        "mile_nobo_mvp3": 12,
        "mile_sobo_mvp3": 252,
        "state": "MD",
        "milepoint_type": "generated",
        "official": false,
        "confidence": "estimated_from_open_route_geometry_with_known_length_gap",
        "source_id": "osm",
        "source_url": "https://www.openstreetmap.org/relation/156553",
        "source_access_url": "https://hiking.waymarkedtrails.org/api/v1/details/relation/156553",
        "license_status": "open_license_share_alike",
        "source_license": "ODbL",
        "attribution": "OpenStreetMap contributors",
        "last_checked": "2026-05-13",
        "last_generated": "2026-05-14",
        "ai_answer_rule": "Generated mile based on Scout MVP3 Mid-Atlantic open route geometry, not an official ATC mile. Use for source-aware planning only."
      },
      "geometry": {
        "type": "Point",
        "coordinates": [
          -77.638162,
          39.433653
        ]
      }
    },
    {
      "type": "Feature",
      "properties": {
        "trail": "Appalachian Trail",
        "route_id": "at-mvp3-midatlantic-harpers-ferry-delaware-water-gap-open-2026",
        "source_route_id": "at-main-osm-2026-open",
        "mile_nobo_global_est": 1018.5,
        "mile_nobo_mvp3": 12.5,
        "mile_sobo_mvp3": 251.5,
        "state": "MD",
        "milepoint_type": "generated",
        "official": false,
        "confidence": "estimated_from_open_route_geometry_with_known_length_gap",
        "source_id": "osm",
        "source_url": "https://www.openstreetmap.org/relation/156553",
        "source_access_url": "https://hiking.waymarkedtrails.org/api/v1/details/relation/156553",
        "license_status": "open_license_share_alike",
        "source_license": "ODbL",
        "attribution": "OpenStreetMap contributors",
        "last_checked": "2026-05-13",
        "last_generated": "2026-05-14",
        "ai_answer_rule": "Generated mile based on Scout MVP3 Mid-Atlantic open route geometry, not an official ATC mile. Use for source-aware planning only."
      },
      "geometry": {
        "type": "Point",
        "coordinates": [
          -77.636214,
          39.440433
        ]
      }
    },
    {
      "type": "Feature",
      "properties": {
        "trail": "Appalachian Trail",
        "route_id": "at-mvp3-midatlantic-harpers-ferry-delaware-water-gap-open-2026",
        "source_route_id": "at-main-osm-2026-open",
        "mile_nobo_global_est": 1019,
        "mile_nobo_mvp3": 13,
        "mile_sobo_mvp3": 251,
        "state": "MD",
        "milepoint_type": "generated",
        "official": false,
        "confidence": "estimated_from_open_route_geometry_with_known_length_gap",
        "source_id": "osm",
        "source_url": "https://www.openstreetmap.org/relation/156553",
        "source_access_url": "https://hiking.waymarkedtrails.org/api/v1/details/relation/156553",
        "license_status": "open_license_share_alike",
        "source_license": "ODbL",
        "attribution": "OpenStreetMap contributors",
        "last_checked": "2026-05-13",
        "last_generated": "2026-05-14",
        "ai_answer_rule": "Generated mile based on Scout MVP3 Mid-Atlantic open route geometry, not an official ATC mile. Use for source-aware planning only."
      },
      "geometry": {
        "type": "Point",
        "coordinates": [
          -77.634072,
          39.446193
        ]
      }
    },
    {
      "type": "Feature",
      "properties": {
        "trail": "Appalachian Trail",
        "route_id": "at-mvp3-midatlantic-harpers-ferry-delaware-water-gap-open-2026",
        "source_route_id": "at-main-osm-2026-open",
        "mile_nobo_global_est": 1019.5,
        "mile_nobo_mvp3": 13.5,
        "mile_sobo_mvp3": 250.5,
        "state": "MD",
        "milepoint_type": "generated",
        "official": false,
        "confidence": "estimated_from_open_route_geometry_with_known_length_gap",
        "source_id": "osm",
        "source_url": "https://www.openstreetmap.org/relation/156553",
        "source_access_url": "https://hiking.waymarkedtrails.org/api/v1/details/relation/156553",
        "license_status": "open_license_share_alike",
        "source_license": "ODbL",
        "attribution": "OpenStreetMap contributors",
        "last_checked": "2026-05-13",
        "last_generated": "2026-05-14",
        "ai_answer_rule": "Generated mile based on Scout MVP3 Mid-Atlantic open route geometry, not an official ATC mile. Use for source-aware planning only."
      },
      "geometry": {
        "type": "Point",
        "coordinates": [
          -77.62883,
          39.447816
        ]
      }
    },
    {
      "type": "Feature",
      "properties": {
        "trail": "Appalachian Trail",
        "route_id": "at-mvp3-midatlantic-harpers-ferry-delaware-water-gap-open-2026",
        "source_route_id": "at-main-osm-2026-open",
        "mile_nobo_global_est": 1020,
        "mile_nobo_mvp3": 14,
        "mile_sobo_mvp3": 250,
        "state": "MD",
        "milepoint_type": "generated",
        "official": false,
        "confidence": "estimated_from_open_route_geometry_with_known_length_gap",
        "source_id": "osm",
        "source_url": "https://www.openstreetmap.org/relation/156553",
        "source_access_url": "https://hiking.waymarkedtrails.org/api/v1/details/relation/156553",
        "license_status": "open_license_share_alike",
        "source_license": "ODbL",
        "attribution": "OpenStreetMap contributors",
        "last_checked": "2026-05-13",
        "last_generated": "2026-05-14",
        "ai_answer_rule": "Generated mile based on Scout MVP3 Mid-Atlantic open route geometry, not an official ATC mile. Use for source-aware planning only."
      },
      "geometry": {
        "type": "Point",
        "coordinates": [
          -77.62246,
          39.449408
        ]
      }
    },
    {
      "type": "Feature",
      "properties": {
        "trail": "Appalachian Trail",
        "route_id": "at-mvp3-midatlantic-harpers-ferry-delaware-water-gap-open-2026",
        "source_route_id": "at-main-osm-2026-open",
        "mile_nobo_global_est": 1020.5,
        "mile_nobo_mvp3": 14.5,
        "mile_sobo_mvp3": 249.5,
        "state": "MD",
        "milepoint_type": "generated",
        "official": false,
        "confidence": "estimated_from_open_route_geometry_with_known_length_gap",
        "source_id": "osm",
        "source_url": "https://www.openstreetmap.org/relation/156553",
        "source_access_url": "https://hiking.waymarkedtrails.org/api/v1/details/relation/156553",
        "license_status": "open_license_share_alike",
        "source_license": "ODbL",
        "attribution": "OpenStreetMap contributors",
        "last_checked": "2026-05-13",
        "last_generated": "2026-05-14",
        "ai_answer_rule": "Generated mile based on Scout MVP3 Mid-Atlantic open route geometry, not an official ATC mile. Use for source-aware planning only."
      },
      "geometry": {
        "type": "Point",
        "coordinates": [
          -77.624981,
          39.454609
        ]
      }
    },
    {
      "type": "Feature",
      "properties": {
        "trail": "Appalachian Trail",
        "route_id": "at-mvp3-midatlantic-harpers-ferry-delaware-water-gap-open-2026",
        "source_route_id": "at-main-osm-2026-open",
        "mile_nobo_global_est": 1021,
        "mile_nobo_mvp3": 15,
        "mile_sobo_mvp3": 249,
        "state": "MD",
        "milepoint_type": "generated",
        "official": false,
        "confidence": "estimated_from_open_route_geometry_with_known_length_gap",
        "source_id": "osm",
        "source_url": "https://www.openstreetmap.org/relation/156553",
        "source_access_url": "https://hiking.waymarkedtrails.org/api/v1/details/relation/156553",
        "license_status": "open_license_share_alike",
        "source_license": "ODbL",
        "attribution": "OpenStreetMap contributors",
        "last_checked": "2026-05-13",
        "last_generated": "2026-05-14",
        "ai_answer_rule": "Generated mile based on Scout MVP3 Mid-Atlantic open route geometry, not an official ATC mile. Use for source-aware planning only."
      },
      "geometry": {
        "type": "Point",
        "coordinates": [
          -77.628296,
          39.460821
        ]
      }
    },
    {
      "type": "Feature",
      "properties": {
        "trail": "Appalachian Trail",
        "route_id": "at-mvp3-midatlantic-harpers-ferry-delaware-water-gap-open-2026",
        "source_route_id": "at-main-osm-2026-open",
        "mile_nobo_global_est": 1021.5,
        "mile_nobo_mvp3": 15.5,
        "mile_sobo_mvp3": 248.5,
        "state": "MD",
        "milepoint_type": "generated",
        "official": false,
        "confidence": "estimated_from_open_route_geometry_with_known_length_gap",
        "source_id": "osm",
        "source_url": "https://www.openstreetmap.org/relation/156553",
        "source_access_url": "https://hiking.waymarkedtrails.org/api/v1/details/relation/156553",
        "license_status": "open_license_share_alike",
        "source_license": "ODbL",
        "attribution": "OpenStreetMap contributors",
        "last_checked": "2026-05-13",
        "last_generated": "2026-05-14",
        "ai_answer_rule": "Generated mile based on Scout MVP3 Mid-Atlantic open route geometry, not an official ATC mile. Use for source-aware planning only."
      },
      "geometry": {
        "type": "Point",
        "coordinates": [
          -77.624184,
          39.46526
        ]
      }
    },
    {
      "type": "Feature",
      "properties": {
        "trail": "Appalachian Trail",
        "route_id": "at-mvp3-midatlantic-harpers-ferry-delaware-water-gap-open-2026",
        "source_route_id": "at-main-osm-2026-open",
        "mile_nobo_global_est": 1022,
        "mile_nobo_mvp3": 16,
        "mile_sobo_mvp3": 248,
        "state": "MD",
        "milepoint_type": "generated",
        "official": false,
        "confidence": "estimated_from_open_route_geometry_with_known_length_gap",
        "source_id": "osm",
        "source_url": "https://www.openstreetmap.org/relation/156553",
        "source_access_url": "https://hiking.waymarkedtrails.org/api/v1/details/relation/156553",
        "license_status": "open_license_share_alike",
        "source_license": "ODbL",
        "attribution": "OpenStreetMap contributors",
        "last_checked": "2026-05-13",
        "last_generated": "2026-05-14",
        "ai_answer_rule": "Generated mile based on Scout MVP3 Mid-Atlantic open route geometry, not an official ATC mile. Use for source-aware planning only."
      },
      "geometry": {
        "type": "Point",
        "coordinates": [
          -77.618932,
          39.469184
        ]
      }
    },
    {
      "type": "Feature",
      "properties": {
        "trail": "Appalachian Trail",
        "route_id": "at-mvp3-midatlantic-harpers-ferry-delaware-water-gap-open-2026",
        "source_route_id": "at-main-osm-2026-open",
        "mile_nobo_global_est": 1022.5,
        "mile_nobo_mvp3": 16.5,
        "mile_sobo_mvp3": 247.5,
        "state": "MD",
        "milepoint_type": "generated",
        "official": false,
        "confidence": "estimated_from_open_route_geometry_with_known_length_gap",
        "source_id": "osm",
        "source_url": "https://www.openstreetmap.org/relation/156553",
        "source_access_url": "https://hiking.waymarkedtrails.org/api/v1/details/relation/156553",
        "license_status": "open_license_share_alike",
        "source_license": "ODbL",
        "attribution": "OpenStreetMap contributors",
        "last_checked": "2026-05-13",
        "last_generated": "2026-05-14",
        "ai_answer_rule": "Generated mile based on Scout MVP3 Mid-Atlantic open route geometry, not an official ATC mile. Use for source-aware planning only."
      },
      "geometry": {
        "type": "Point",
        "coordinates": [
          -77.618726,
          39.475684
        ]
      }
    },
    {
      "type": "Feature",
      "properties": {
        "trail": "Appalachian Trail",
        "route_id": "at-mvp3-midatlantic-harpers-ferry-delaware-water-gap-open-2026",
        "source_route_id": "at-main-osm-2026-open",
        "mile_nobo_global_est": 1023,
        "mile_nobo_mvp3": 17,
        "mile_sobo_mvp3": 247,
        "state": "MD",
        "milepoint_type": "generated",
        "official": false,
        "confidence": "estimated_from_open_route_geometry_with_known_length_gap",
        "source_id": "osm",
        "source_url": "https://www.openstreetmap.org/relation/156553",
        "source_access_url": "https://hiking.waymarkedtrails.org/api/v1/details/relation/156553",
        "license_status": "open_license_share_alike",
        "source_license": "ODbL",
        "attribution": "OpenStreetMap contributors",
        "last_checked": "2026-05-13",
        "last_generated": "2026-05-14",
        "ai_answer_rule": "Generated mile based on Scout MVP3 Mid-Atlantic open route geometry, not an official ATC mile. Use for source-aware planning only."
      },
      "geometry": {
        "type": "Point",
        "coordinates": [
          -77.619105,
          39.482679
        ]
      }
    },
    {
      "type": "Feature",
      "properties": {
        "trail": "Appalachian Trail",
        "route_id": "at-mvp3-midatlantic-harpers-ferry-delaware-water-gap-open-2026",
        "source_route_id": "at-main-osm-2026-open",
        "mile_nobo_global_est": 1023.5,
        "mile_nobo_mvp3": 17.5,
        "mile_sobo_mvp3": 246.5,
        "state": "MD",
        "milepoint_type": "generated",
        "official": false,
        "confidence": "estimated_from_open_route_geometry_with_known_length_gap",
        "source_id": "osm",
        "source_url": "https://www.openstreetmap.org/relation/156553",
        "source_access_url": "https://hiking.waymarkedtrails.org/api/v1/details/relation/156553",
        "license_status": "open_license_share_alike",
        "source_license": "ODbL",
        "attribution": "OpenStreetMap contributors",
        "last_checked": "2026-05-13",
        "last_generated": "2026-05-14",
        "ai_answer_rule": "Generated mile based on Scout MVP3 Mid-Atlantic open route geometry, not an official ATC mile. Use for source-aware planning only."
      },
      "geometry": {
        "type": "Point",
        "coordinates": [
          -77.615504,
          39.487067
        ]
      }
    },
    {
      "type": "Feature",
      "properties": {
        "trail": "Appalachian Trail",
        "route_id": "at-mvp3-midatlantic-harpers-ferry-delaware-water-gap-open-2026",
        "source_route_id": "at-main-osm-2026-open",
        "mile_nobo_global_est": 1024,
        "mile_nobo_mvp3": 18,
        "mile_sobo_mvp3": 246,
        "state": "MD",
        "milepoint_type": "generated",
        "official": false,
        "confidence": "estimated_from_open_route_geometry_with_known_length_gap",
        "source_id": "osm",
        "source_url": "https://www.openstreetmap.org/relation/156553",
        "source_access_url": "https://hiking.waymarkedtrails.org/api/v1/details/relation/156553",
        "license_status": "open_license_share_alike",
        "source_license": "ODbL",
        "attribution": "OpenStreetMap contributors",
        "last_checked": "2026-05-13",
        "last_generated": "2026-05-14",
        "ai_answer_rule": "Generated mile based on Scout MVP3 Mid-Atlantic open route geometry, not an official ATC mile. Use for source-aware planning only."
      },
      "geometry": {
        "type": "Point",
        "coordinates": [
          -77.616758,
          39.491221
        ]
      }
    },
    {
      "type": "Feature",
      "properties": {
        "trail": "Appalachian Trail",
        "route_id": "at-mvp3-midatlantic-harpers-ferry-delaware-water-gap-open-2026",
        "source_route_id": "at-main-osm-2026-open",
        "mile_nobo_global_est": 1024.5,
        "mile_nobo_mvp3": 18.5,
        "mile_sobo_mvp3": 245.5,
        "state": "MD",
        "milepoint_type": "generated",
        "official": false,
        "confidence": "estimated_from_open_route_geometry_with_known_length_gap",
        "source_id": "osm",
        "source_url": "https://www.openstreetmap.org/relation/156553",
        "source_access_url": "https://hiking.waymarkedtrails.org/api/v1/details/relation/156553",
        "license_status": "open_license_share_alike",
        "source_license": "ODbL",
        "attribution": "OpenStreetMap contributors",
        "last_checked": "2026-05-13",
        "last_generated": "2026-05-14",
        "ai_answer_rule": "Generated mile based on Scout MVP3 Mid-Atlantic open route geometry, not an official ATC mile. Use for source-aware planning only."
      },
      "geometry": {
        "type": "Point",
        "coordinates": [
          -77.617274,
          39.498014
        ]
      }
    },
    {
      "type": "Feature",
      "properties": {
        "trail": "Appalachian Trail",
        "route_id": "at-mvp3-midatlantic-harpers-ferry-delaware-water-gap-open-2026",
        "source_route_id": "at-main-osm-2026-open",
        "mile_nobo_global_est": 1025,
        "mile_nobo_mvp3": 19,
        "mile_sobo_mvp3": 245,
        "state": "MD",
        "milepoint_type": "generated",
        "official": false,
        "confidence": "estimated_from_open_route_geometry_with_known_length_gap",
        "source_id": "osm",
        "source_url": "https://www.openstreetmap.org/relation/156553",
        "source_access_url": "https://hiking.waymarkedtrails.org/api/v1/details/relation/156553",
        "license_status": "open_license_share_alike",
        "source_license": "ODbL",
        "attribution": "OpenStreetMap contributors",
        "last_checked": "2026-05-13",
        "last_generated": "2026-05-14",
        "ai_answer_rule": "Generated mile based on Scout MVP3 Mid-Atlantic open route geometry, not an official ATC mile. Use for source-aware planning only."
      },
      "geometry": {
        "type": "Point",
        "coordinates": [
          -77.622613,
          39.500011
        ]
      }
    },
    {
      "type": "Feature",
      "properties": {
        "trail": "Appalachian Trail",
        "route_id": "at-mvp3-midatlantic-harpers-ferry-delaware-water-gap-open-2026",
        "source_route_id": "at-main-osm-2026-open",
        "mile_nobo_global_est": 1025.5,
        "mile_nobo_mvp3": 19.5,
        "mile_sobo_mvp3": 244.5,
        "state": "MD",
        "milepoint_type": "generated",
        "official": false,
        "confidence": "estimated_from_open_route_geometry_with_known_length_gap",
        "source_id": "osm",
        "source_url": "https://www.openstreetmap.org/relation/156553",
        "source_access_url": "https://hiking.waymarkedtrails.org/api/v1/details/relation/156553",
        "license_status": "open_license_share_alike",
        "source_license": "ODbL",
        "attribution": "OpenStreetMap contributors",
        "last_checked": "2026-05-13",
        "last_generated": "2026-05-14",
        "ai_answer_rule": "Generated mile based on Scout MVP3 Mid-Atlantic open route geometry, not an official ATC mile. Use for source-aware planning only."
      },
      "geometry": {
        "type": "Point",
        "coordinates": [
          -77.620517,
          39.506763
        ]
      }
    },
    {
      "type": "Feature",
      "properties": {
        "trail": "Appalachian Trail",
        "route_id": "at-mvp3-midatlantic-harpers-ferry-delaware-water-gap-open-2026",
        "source_route_id": "at-main-osm-2026-open",
        "mile_nobo_global_est": 1026,
        "mile_nobo_mvp3": 20,
        "mile_sobo_mvp3": 244,
        "state": "MD",
        "milepoint_type": "generated",
        "official": false,
        "confidence": "estimated_from_open_route_geometry_with_known_length_gap",
        "source_id": "osm",
        "source_url": "https://www.openstreetmap.org/relation/156553",
        "source_access_url": "https://hiking.waymarkedtrails.org/api/v1/details/relation/156553",
        "license_status": "open_license_share_alike",
        "source_license": "ODbL",
        "attribution": "OpenStreetMap contributors",
        "last_checked": "2026-05-13",
        "last_generated": "2026-05-14",
        "ai_answer_rule": "Generated mile based on Scout MVP3 Mid-Atlantic open route geometry, not an official ATC mile. Use for source-aware planning only."
      },
      "geometry": {
        "type": "Point",
        "coordinates": [
          -77.61956,
          39.513403
        ]
      }
    },
    {
      "type": "Feature",
      "properties": {
        "trail": "Appalachian Trail",
        "route_id": "at-mvp3-midatlantic-harpers-ferry-delaware-water-gap-open-2026",
        "source_route_id": "at-main-osm-2026-open",
        "mile_nobo_global_est": 1026.5,
        "mile_nobo_mvp3": 20.5,
        "mile_sobo_mvp3": 243.5,
        "state": "MD",
        "milepoint_type": "generated",
        "official": false,
        "confidence": "estimated_from_open_route_geometry_with_known_length_gap",
        "source_id": "osm",
        "source_url": "https://www.openstreetmap.org/relation/156553",
        "source_access_url": "https://hiking.waymarkedtrails.org/api/v1/details/relation/156553",
        "license_status": "open_license_share_alike",
        "source_license": "ODbL",
        "attribution": "OpenStreetMap contributors",
        "last_checked": "2026-05-13",
        "last_generated": "2026-05-14",
        "ai_answer_rule": "Generated mile based on Scout MVP3 Mid-Atlantic open route geometry, not an official ATC mile. Use for source-aware planning only."
      },
      "geometry": {
        "type": "Point",
        "coordinates": [
          -77.61666,
          39.519865
        ]
      }
    },
    {
      "type": "Feature",
      "properties": {
        "trail": "Appalachian Trail",
        "route_id": "at-mvp3-midatlantic-harpers-ferry-delaware-water-gap-open-2026",
        "source_route_id": "at-main-osm-2026-open",
        "mile_nobo_global_est": 1027,
        "mile_nobo_mvp3": 21,
        "mile_sobo_mvp3": 243,
        "state": "MD",
        "milepoint_type": "generated",
        "official": false,
        "confidence": "estimated_from_open_route_geometry_with_known_length_gap",
        "source_id": "osm",
        "source_url": "https://www.openstreetmap.org/relation/156553",
        "source_access_url": "https://hiking.waymarkedtrails.org/api/v1/details/relation/156553",
        "license_status": "open_license_share_alike",
        "source_license": "ODbL",
        "attribution": "OpenStreetMap contributors",
        "last_checked": "2026-05-13",
        "last_generated": "2026-05-14",
        "ai_answer_rule": "Generated mile based on Scout MVP3 Mid-Atlantic open route geometry, not an official ATC mile. Use for source-aware planning only."
      },
      "geometry": {
        "type": "Point",
        "coordinates": [
          -77.613437,
          39.525361
        ]
      }
    },
    {
      "type": "Feature",
      "properties": {
        "trail": "Appalachian Trail",
        "route_id": "at-mvp3-midatlantic-harpers-ferry-delaware-water-gap-open-2026",
        "source_route_id": "at-main-osm-2026-open",
        "mile_nobo_global_est": 1027.5,
        "mile_nobo_mvp3": 21.5,
        "mile_sobo_mvp3": 242.5,
        "state": "MD",
        "milepoint_type": "generated",
        "official": false,
        "confidence": "estimated_from_open_route_geometry_with_known_length_gap",
        "source_id": "osm",
        "source_url": "https://www.openstreetmap.org/relation/156553",
        "source_access_url": "https://hiking.waymarkedtrails.org/api/v1/details/relation/156553",
        "license_status": "open_license_share_alike",
        "source_license": "ODbL",
        "attribution": "OpenStreetMap contributors",
        "last_checked": "2026-05-13",
        "last_generated": "2026-05-14",
        "ai_answer_rule": "Generated mile based on Scout MVP3 Mid-Atlantic open route geometry, not an official ATC mile. Use for source-aware planning only."
      },
      "geometry": {
        "type": "Point",
        "coordinates": [
          -77.60984,
          39.530427
        ]
      }
    },
    {
      "type": "Feature",
      "properties": {
        "trail": "Appalachian Trail",
        "route_id": "at-mvp3-midatlantic-harpers-ferry-delaware-water-gap-open-2026",
        "source_route_id": "at-main-osm-2026-open",
        "mile_nobo_global_est": 1028,
        "mile_nobo_mvp3": 22,
        "mile_sobo_mvp3": 242,
        "state": "MD",
        "milepoint_type": "generated",
        "official": false,
        "confidence": "estimated_from_open_route_geometry_with_known_length_gap",
        "source_id": "osm",
        "source_url": "https://www.openstreetmap.org/relation/156553",
        "source_access_url": "https://hiking.waymarkedtrails.org/api/v1/details/relation/156553",
        "license_status": "open_license_share_alike",
        "source_license": "ODbL",
        "attribution": "OpenStreetMap contributors",
        "last_checked": "2026-05-13",
        "last_generated": "2026-05-14",
        "ai_answer_rule": "Generated mile based on Scout MVP3 Mid-Atlantic open route geometry, not an official ATC mile. Use for source-aware planning only."
      },
      "geometry": {
        "type": "Point",
        "coordinates": [
          -77.605916,
          39.535609
        ]
      }
    },
    {
      "type": "Feature",
      "properties": {
        "trail": "Appalachian Trail",
        "route_id": "at-mvp3-midatlantic-harpers-ferry-delaware-water-gap-open-2026",
        "source_route_id": "at-main-osm-2026-open",
        "mile_nobo_global_est": 1028.5,
        "mile_nobo_mvp3": 22.5,
        "mile_sobo_mvp3": 241.5,
        "state": "MD",
        "milepoint_type": "generated",
        "official": false,
        "confidence": "estimated_from_open_route_geometry_with_known_length_gap",
        "source_id": "osm",
        "source_url": "https://www.openstreetmap.org/relation/156553",
        "source_access_url": "https://hiking.waymarkedtrails.org/api/v1/details/relation/156553",
        "license_status": "open_license_share_alike",
        "source_license": "ODbL",
        "attribution": "OpenStreetMap contributors",
        "last_checked": "2026-05-13",
        "last_generated": "2026-05-14",
        "ai_answer_rule": "Generated mile based on Scout MVP3 Mid-Atlantic open route geometry, not an official ATC mile. Use for source-aware planning only."
      },
      "geometry": {
        "type": "Point",
        "coordinates": [
          -77.601268,
          39.540552
        ]
      }
    },
    {
      "type": "Feature",
      "properties": {
        "trail": "Appalachian Trail",
        "route_id": "at-mvp3-midatlantic-harpers-ferry-delaware-water-gap-open-2026",
        "source_route_id": "at-main-osm-2026-open",
        "mile_nobo_global_est": 1029,
        "mile_nobo_mvp3": 23,
        "mile_sobo_mvp3": 241,
        "state": "MD",
        "milepoint_type": "generated",
        "official": false,
        "confidence": "estimated_from_open_route_geometry_with_known_length_gap",
        "source_id": "osm",
        "source_url": "https://www.openstreetmap.org/relation/156553",
        "source_access_url": "https://hiking.waymarkedtrails.org/api/v1/details/relation/156553",
        "license_status": "open_license_share_alike",
        "source_license": "ODbL",
        "attribution": "OpenStreetMap contributors",
        "last_checked": "2026-05-13",
        "last_generated": "2026-05-14",
        "ai_answer_rule": "Generated mile based on Scout MVP3 Mid-Atlantic open route geometry, not an official ATC mile. Use for source-aware planning only."
      },
      "geometry": {
        "type": "Point",
        "coordinates": [
          -77.596675,
          39.544835
        ]
      }
    },
    {
      "type": "Feature",
      "properties": {
        "trail": "Appalachian Trail",
        "route_id": "at-mvp3-midatlantic-harpers-ferry-delaware-water-gap-open-2026",
        "source_route_id": "at-main-osm-2026-open",
        "mile_nobo_global_est": 1029.5,
        "mile_nobo_mvp3": 23.5,
        "mile_sobo_mvp3": 240.5,
        "state": "MD",
        "milepoint_type": "generated",
        "official": false,
        "confidence": "estimated_from_open_route_geometry_with_known_length_gap",
        "source_id": "osm",
        "source_url": "https://www.openstreetmap.org/relation/156553",
        "source_access_url": "https://hiking.waymarkedtrails.org/api/v1/details/relation/156553",
        "license_status": "open_license_share_alike",
        "source_license": "ODbL",
        "attribution": "OpenStreetMap contributors",
        "last_checked": "2026-05-13",
        "last_generated": "2026-05-14",
        "ai_answer_rule": "Generated mile based on Scout MVP3 Mid-Atlantic open route geometry, not an official ATC mile. Use for source-aware planning only."
      },
      "geometry": {
        "type": "Point",
        "coordinates": [
          -77.593109,
          39.55128
        ]
      }
    },
    {
      "type": "Feature",
      "properties": {
        "trail": "Appalachian Trail",
        "route_id": "at-mvp3-midatlantic-harpers-ferry-delaware-water-gap-open-2026",
        "source_route_id": "at-main-osm-2026-open",
        "mile_nobo_global_est": 1030,
        "mile_nobo_mvp3": 24,
        "mile_sobo_mvp3": 240,
        "state": "MD",
        "milepoint_type": "generated",
        "official": false,
        "confidence": "estimated_from_open_route_geometry_with_known_length_gap",
        "source_id": "osm",
        "source_url": "https://www.openstreetmap.org/relation/156553",
        "source_access_url": "https://hiking.waymarkedtrails.org/api/v1/details/relation/156553",
        "license_status": "open_license_share_alike",
        "source_license": "ODbL",
        "attribution": "OpenStreetMap contributors",
        "last_checked": "2026-05-13",
        "last_generated": "2026-05-14",
        "ai_answer_rule": "Generated mile based on Scout MVP3 Mid-Atlantic open route geometry, not an official ATC mile. Use for source-aware planning only."
      },
      "geometry": {
        "type": "Point",
        "coordinates": [
          -77.594508,
          39.557475
        ]
      }
    },
    {
      "type": "Feature",
      "properties": {
        "trail": "Appalachian Trail",
        "route_id": "at-mvp3-midatlantic-harpers-ferry-delaware-water-gap-open-2026",
        "source_route_id": "at-main-osm-2026-open",
        "mile_nobo_global_est": 1030.5,
        "mile_nobo_mvp3": 24.5,
        "mile_sobo_mvp3": 239.5,
        "state": "MD",
        "milepoint_type": "generated",
        "official": false,
        "confidence": "estimated_from_open_route_geometry_with_known_length_gap",
        "source_id": "osm",
        "source_url": "https://www.openstreetmap.org/relation/156553",
        "source_access_url": "https://hiking.waymarkedtrails.org/api/v1/details/relation/156553",
        "license_status": "open_license_share_alike",
        "source_license": "ODbL",
        "attribution": "OpenStreetMap contributors",
        "last_checked": "2026-05-13",
        "last_generated": "2026-05-14",
        "ai_answer_rule": "Generated mile based on Scout MVP3 Mid-Atlantic open route geometry, not an official ATC mile. Use for source-aware planning only."
      },
      "geometry": {
        "type": "Point",
        "coordinates": [
          -77.598438,
          39.563777
        ]
      }
    },
    {
      "type": "Feature",
      "properties": {
        "trail": "Appalachian Trail",
        "route_id": "at-mvp3-midatlantic-harpers-ferry-delaware-water-gap-open-2026",
        "source_route_id": "at-main-osm-2026-open",
        "mile_nobo_global_est": 1031,
        "mile_nobo_mvp3": 25,
        "mile_sobo_mvp3": 239,
        "state": "MD",
        "milepoint_type": "generated",
        "official": false,
        "confidence": "estimated_from_open_route_geometry_with_known_length_gap",
        "source_id": "osm",
        "source_url": "https://www.openstreetmap.org/relation/156553",
        "source_access_url": "https://hiking.waymarkedtrails.org/api/v1/details/relation/156553",
        "license_status": "open_license_share_alike",
        "source_license": "ODbL",
        "attribution": "OpenStreetMap contributors",
        "last_checked": "2026-05-13",
        "last_generated": "2026-05-14",
        "ai_answer_rule": "Generated mile based on Scout MVP3 Mid-Atlantic open route geometry, not an official ATC mile. Use for source-aware planning only."
      },
      "geometry": {
        "type": "Point",
        "coordinates": [
          -77.597111,
          39.570431
        ]
      }
    },
    {
      "type": "Feature",
      "properties": {
        "trail": "Appalachian Trail",
        "route_id": "at-mvp3-midatlantic-harpers-ferry-delaware-water-gap-open-2026",
        "source_route_id": "at-main-osm-2026-open",
        "mile_nobo_global_est": 1031.5,
        "mile_nobo_mvp3": 25.5,
        "mile_sobo_mvp3": 238.5,
        "state": "MD",
        "milepoint_type": "generated",
        "official": false,
        "confidence": "estimated_from_open_route_geometry_with_known_length_gap",
        "source_id": "osm",
        "source_url": "https://www.openstreetmap.org/relation/156553",
        "source_access_url": "https://hiking.waymarkedtrails.org/api/v1/details/relation/156553",
        "license_status": "open_license_share_alike",
        "source_license": "ODbL",
        "attribution": "OpenStreetMap contributors",
        "last_checked": "2026-05-13",
        "last_generated": "2026-05-14",
        "ai_answer_rule": "Generated mile based on Scout MVP3 Mid-Atlantic open route geometry, not an official ATC mile. Use for source-aware planning only."
      },
      "geometry": {
        "type": "Point",
        "coordinates": [
          -77.591386,
          39.573781
        ]
      }
    },
    {
      "type": "Feature",
      "properties": {
        "trail": "Appalachian Trail",
        "route_id": "at-mvp3-midatlantic-harpers-ferry-delaware-water-gap-open-2026",
        "source_route_id": "at-main-osm-2026-open",
        "mile_nobo_global_est": 1032,
        "mile_nobo_mvp3": 26,
        "mile_sobo_mvp3": 238,
        "state": "MD",
        "milepoint_type": "generated",
        "official": false,
        "confidence": "estimated_from_open_route_geometry_with_known_length_gap",
        "source_id": "osm",
        "source_url": "https://www.openstreetmap.org/relation/156553",
        "source_access_url": "https://hiking.waymarkedtrails.org/api/v1/details/relation/156553",
        "license_status": "open_license_share_alike",
        "source_license": "ODbL",
        "attribution": "OpenStreetMap contributors",
        "last_checked": "2026-05-13",
        "last_generated": "2026-05-14",
        "ai_answer_rule": "Generated mile based on Scout MVP3 Mid-Atlantic open route geometry, not an official ATC mile. Use for source-aware planning only."
      },
      "geometry": {
        "type": "Point",
        "coordinates": [
          -77.588698,
          39.578817
        ]
      }
    },
    {
      "type": "Feature",
      "properties": {
        "trail": "Appalachian Trail",
        "route_id": "at-mvp3-midatlantic-harpers-ferry-delaware-water-gap-open-2026",
        "source_route_id": "at-main-osm-2026-open",
        "mile_nobo_global_est": 1032.5,
        "mile_nobo_mvp3": 26.5,
        "mile_sobo_mvp3": 237.5,
        "state": "MD",
        "milepoint_type": "generated",
        "official": false,
        "confidence": "estimated_from_open_route_geometry_with_known_length_gap",
        "source_id": "osm",
        "source_url": "https://www.openstreetmap.org/relation/156553",
        "source_access_url": "https://hiking.waymarkedtrails.org/api/v1/details/relation/156553",
        "license_status": "open_license_share_alike",
        "source_license": "ODbL",
        "attribution": "OpenStreetMap contributors",
        "last_checked": "2026-05-13",
        "last_generated": "2026-05-14",
        "ai_answer_rule": "Generated mile based on Scout MVP3 Mid-Atlantic open route geometry, not an official ATC mile. Use for source-aware planning only."
      },
      "geometry": {
        "type": "Point",
        "coordinates": [
          -77.583585,
          39.584305
        ]
      }
    },
    {
      "type": "Feature",
      "properties": {
        "trail": "Appalachian Trail",
        "route_id": "at-mvp3-midatlantic-harpers-ferry-delaware-water-gap-open-2026",
        "source_route_id": "at-main-osm-2026-open",
        "mile_nobo_global_est": 1033,
        "mile_nobo_mvp3": 27,
        "mile_sobo_mvp3": 237,
        "state": "MD",
        "milepoint_type": "generated",
        "official": false,
        "confidence": "estimated_from_open_route_geometry_with_known_length_gap",
        "source_id": "osm",
        "source_url": "https://www.openstreetmap.org/relation/156553",
        "source_access_url": "https://hiking.waymarkedtrails.org/api/v1/details/relation/156553",
        "license_status": "open_license_share_alike",
        "source_license": "ODbL",
        "attribution": "OpenStreetMap contributors",
        "last_checked": "2026-05-13",
        "last_generated": "2026-05-14",
        "ai_answer_rule": "Generated mile based on Scout MVP3 Mid-Atlantic open route geometry, not an official ATC mile. Use for source-aware planning only."
      },
      "geometry": {
        "type": "Point",
        "coordinates": [
          -77.581247,
          39.590632
        ]
      }
    },
    {
      "type": "Feature",
      "properties": {
        "trail": "Appalachian Trail",
        "route_id": "at-mvp3-midatlantic-harpers-ferry-delaware-water-gap-open-2026",
        "source_route_id": "at-main-osm-2026-open",
        "mile_nobo_global_est": 1033.5,
        "mile_nobo_mvp3": 27.5,
        "mile_sobo_mvp3": 236.5,
        "state": "MD",
        "milepoint_type": "generated",
        "official": false,
        "confidence": "estimated_from_open_route_geometry_with_known_length_gap",
        "source_id": "osm",
        "source_url": "https://www.openstreetmap.org/relation/156553",
        "source_access_url": "https://hiking.waymarkedtrails.org/api/v1/details/relation/156553",
        "license_status": "open_license_share_alike",
        "source_license": "ODbL",
        "attribution": "OpenStreetMap contributors",
        "last_checked": "2026-05-13",
        "last_generated": "2026-05-14",
        "ai_answer_rule": "Generated mile based on Scout MVP3 Mid-Atlantic open route geometry, not an official ATC mile. Use for source-aware planning only."
      },
      "geometry": {
        "type": "Point",
        "coordinates": [
          -77.57821,
          39.597073
        ]
      }
    },
    {
      "type": "Feature",
      "properties": {
        "trail": "Appalachian Trail",
        "route_id": "at-mvp3-midatlantic-harpers-ferry-delaware-water-gap-open-2026",
        "source_route_id": "at-main-osm-2026-open",
        "mile_nobo_global_est": 1034,
        "mile_nobo_mvp3": 28,
        "mile_sobo_mvp3": 236,
        "state": "MD",
        "milepoint_type": "generated",
        "official": false,
        "confidence": "estimated_from_open_route_geometry_with_known_length_gap",
        "source_id": "osm",
        "source_url": "https://www.openstreetmap.org/relation/156553",
        "source_access_url": "https://hiking.waymarkedtrails.org/api/v1/details/relation/156553",
        "license_status": "open_license_share_alike",
        "source_license": "ODbL",
        "attribution": "OpenStreetMap contributors",
        "last_checked": "2026-05-13",
        "last_generated": "2026-05-14",
        "ai_answer_rule": "Generated mile based on Scout MVP3 Mid-Atlantic open route geometry, not an official ATC mile. Use for source-aware planning only."
      },
      "geometry": {
        "type": "Point",
        "coordinates": [
          -77.577357,
          39.603905
        ]
      }
    },
    {
      "type": "Feature",
      "properties": {
        "trail": "Appalachian Trail",
        "route_id": "at-mvp3-midatlantic-harpers-ferry-delaware-water-gap-open-2026",
        "source_route_id": "at-main-osm-2026-open",
        "mile_nobo_global_est": 1034.5,
        "mile_nobo_mvp3": 28.5,
        "mile_sobo_mvp3": 235.5,
        "state": "MD",
        "milepoint_type": "generated",
        "official": false,
        "confidence": "estimated_from_open_route_geometry_with_known_length_gap",
        "source_id": "osm",
        "source_url": "https://www.openstreetmap.org/relation/156553",
        "source_access_url": "https://hiking.waymarkedtrails.org/api/v1/details/relation/156553",
        "license_status": "open_license_share_alike",
        "source_license": "ODbL",
        "attribution": "OpenStreetMap contributors",
        "last_checked": "2026-05-13",
        "last_generated": "2026-05-14",
        "ai_answer_rule": "Generated mile based on Scout MVP3 Mid-Atlantic open route geometry, not an official ATC mile. Use for source-aware planning only."
      },
      "geometry": {
        "type": "Point",
        "coordinates": [
          -77.57597,
          39.610432
        ]
      }
    },
    {
      "type": "Feature",
      "properties": {
        "trail": "Appalachian Trail",
        "route_id": "at-mvp3-midatlantic-harpers-ferry-delaware-water-gap-open-2026",
        "source_route_id": "at-main-osm-2026-open",
        "mile_nobo_global_est": 1035,
        "mile_nobo_mvp3": 29,
        "mile_sobo_mvp3": 235,
        "state": "MD",
        "milepoint_type": "generated",
        "official": false,
        "confidence": "estimated_from_open_route_geometry_with_known_length_gap",
        "source_id": "osm",
        "source_url": "https://www.openstreetmap.org/relation/156553",
        "source_access_url": "https://hiking.waymarkedtrails.org/api/v1/details/relation/156553",
        "license_status": "open_license_share_alike",
        "source_license": "ODbL",
        "attribution": "OpenStreetMap contributors",
        "last_checked": "2026-05-13",
        "last_generated": "2026-05-14",
        "ai_answer_rule": "Generated mile based on Scout MVP3 Mid-Atlantic open route geometry, not an official ATC mile. Use for source-aware planning only."
      },
      "geometry": {
        "type": "Point",
        "coordinates": [
          -77.572003,
          39.616837
        ]
      }
    },
    {
      "type": "Feature",
      "properties": {
        "trail": "Appalachian Trail",
        "route_id": "at-mvp3-midatlantic-harpers-ferry-delaware-water-gap-open-2026",
        "source_route_id": "at-main-osm-2026-open",
        "mile_nobo_global_est": 1035.5,
        "mile_nobo_mvp3": 29.5,
        "mile_sobo_mvp3": 234.5,
        "state": "MD",
        "milepoint_type": "generated",
        "official": false,
        "confidence": "estimated_from_open_route_geometry_with_known_length_gap",
        "source_id": "osm",
        "source_url": "https://www.openstreetmap.org/relation/156553",
        "source_access_url": "https://hiking.waymarkedtrails.org/api/v1/details/relation/156553",
        "license_status": "open_license_share_alike",
        "source_license": "ODbL",
        "attribution": "OpenStreetMap contributors",
        "last_checked": "2026-05-13",
        "last_generated": "2026-05-14",
        "ai_answer_rule": "Generated mile based on Scout MVP3 Mid-Atlantic open route geometry, not an official ATC mile. Use for source-aware planning only."
      },
      "geometry": {
        "type": "Point",
        "coordinates": [
          -77.569178,
          39.623515
        ]
      }
    },
    {
      "type": "Feature",
      "properties": {
        "trail": "Appalachian Trail",
        "route_id": "at-mvp3-midatlantic-harpers-ferry-delaware-water-gap-open-2026",
        "source_route_id": "at-main-osm-2026-open",
        "mile_nobo_global_est": 1036,
        "mile_nobo_mvp3": 30,
        "mile_sobo_mvp3": 234,
        "state": "MD",
        "milepoint_type": "generated",
        "official": false,
        "confidence": "estimated_from_open_route_geometry_with_known_length_gap",
        "source_id": "osm",
        "source_url": "https://www.openstreetmap.org/relation/156553",
        "source_access_url": "https://hiking.waymarkedtrails.org/api/v1/details/relation/156553",
        "license_status": "open_license_share_alike",
        "source_license": "ODbL",
        "attribution": "OpenStreetMap contributors",
        "last_checked": "2026-05-13",
        "last_generated": "2026-05-14",
        "ai_answer_rule": "Generated mile based on Scout MVP3 Mid-Atlantic open route geometry, not an official ATC mile. Use for source-aware planning only."
      },
      "geometry": {
        "type": "Point",
        "coordinates": [
          -77.565069,
          39.627909
        ]
      }
    },
    {
      "type": "Feature",
      "properties": {
        "trail": "Appalachian Trail",
        "route_id": "at-mvp3-midatlantic-harpers-ferry-delaware-water-gap-open-2026",
        "source_route_id": "at-main-osm-2026-open",
        "mile_nobo_global_est": 1036.5,
        "mile_nobo_mvp3": 30.5,
        "mile_sobo_mvp3": 233.5,
        "state": "MD",
        "milepoint_type": "generated",
        "official": false,
        "confidence": "estimated_from_open_route_geometry_with_known_length_gap",
        "source_id": "osm",
        "source_url": "https://www.openstreetmap.org/relation/156553",
        "source_access_url": "https://hiking.waymarkedtrails.org/api/v1/details/relation/156553",
        "license_status": "open_license_share_alike",
        "source_license": "ODbL",
        "attribution": "OpenStreetMap contributors",
        "last_checked": "2026-05-13",
        "last_generated": "2026-05-14",
        "ai_answer_rule": "Generated mile based on Scout MVP3 Mid-Atlantic open route geometry, not an official ATC mile. Use for source-aware planning only."
      },
      "geometry": {
        "type": "Point",
        "coordinates": [
          -77.558296,
          39.630222
        ]
      }
    },
    {
      "type": "Feature",
      "properties": {
        "trail": "Appalachian Trail",
        "route_id": "at-mvp3-midatlantic-harpers-ferry-delaware-water-gap-open-2026",
        "source_route_id": "at-main-osm-2026-open",
        "mile_nobo_global_est": 1037,
        "mile_nobo_mvp3": 31,
        "mile_sobo_mvp3": 233,
        "state": "MD",
        "milepoint_type": "generated",
        "official": false,
        "confidence": "estimated_from_open_route_geometry_with_known_length_gap",
        "source_id": "osm",
        "source_url": "https://www.openstreetmap.org/relation/156553",
        "source_access_url": "https://hiking.waymarkedtrails.org/api/v1/details/relation/156553",
        "license_status": "open_license_share_alike",
        "source_license": "ODbL",
        "attribution": "OpenStreetMap contributors",
        "last_checked": "2026-05-13",
        "last_generated": "2026-05-14",
        "ai_answer_rule": "Generated mile based on Scout MVP3 Mid-Atlantic open route geometry, not an official ATC mile. Use for source-aware planning only."
      },
      "geometry": {
        "type": "Point",
        "coordinates": [
          -77.550686,
          39.631042
        ]
      }
    },
    {
      "type": "Feature",
      "properties": {
        "trail": "Appalachian Trail",
        "route_id": "at-mvp3-midatlantic-harpers-ferry-delaware-water-gap-open-2026",
        "source_route_id": "at-main-osm-2026-open",
        "mile_nobo_global_est": 1037.5,
        "mile_nobo_mvp3": 31.5,
        "mile_sobo_mvp3": 232.5,
        "state": "MD",
        "milepoint_type": "generated",
        "official": false,
        "confidence": "estimated_from_open_route_geometry_with_known_length_gap",
        "source_id": "osm",
        "source_url": "https://www.openstreetmap.org/relation/156553",
        "source_access_url": "https://hiking.waymarkedtrails.org/api/v1/details/relation/156553",
        "license_status": "open_license_share_alike",
        "source_license": "ODbL",
        "attribution": "OpenStreetMap contributors",
        "last_checked": "2026-05-13",
        "last_generated": "2026-05-14",
        "ai_answer_rule": "Generated mile based on Scout MVP3 Mid-Atlantic open route geometry, not an official ATC mile. Use for source-aware planning only."
      },
      "geometry": {
        "type": "Point",
        "coordinates": [
          -77.542448,
          39.632075
        ]
      }
    },
    {
      "type": "Feature",
      "properties": {
        "trail": "Appalachian Trail",
        "route_id": "at-mvp3-midatlantic-harpers-ferry-delaware-water-gap-open-2026",
        "source_route_id": "at-main-osm-2026-open",
        "mile_nobo_global_est": 1038,
        "mile_nobo_mvp3": 32,
        "mile_sobo_mvp3": 232,
        "state": "MD",
        "milepoint_type": "generated",
        "official": false,
        "confidence": "estimated_from_open_route_geometry_with_known_length_gap",
        "source_id": "osm",
        "source_url": "https://www.openstreetmap.org/relation/156553",
        "source_access_url": "https://hiking.waymarkedtrails.org/api/v1/details/relation/156553",
        "license_status": "open_license_share_alike",
        "source_license": "ODbL",
        "attribution": "OpenStreetMap contributors",
        "last_checked": "2026-05-13",
        "last_generated": "2026-05-14",
        "ai_answer_rule": "Generated mile based on Scout MVP3 Mid-Atlantic open route geometry, not an official ATC mile. Use for source-aware planning only."
      },
      "geometry": {
        "type": "Point",
        "coordinates": [
          -77.540662,
          39.638796
        ]
      }
    },
    {
      "type": "Feature",
      "properties": {
        "trail": "Appalachian Trail",
        "route_id": "at-mvp3-midatlantic-harpers-ferry-delaware-water-gap-open-2026",
        "source_route_id": "at-main-osm-2026-open",
        "mile_nobo_global_est": 1038.5,
        "mile_nobo_mvp3": 32.5,
        "mile_sobo_mvp3": 231.5,
        "state": "MD",
        "milepoint_type": "generated",
        "official": false,
        "confidence": "estimated_from_open_route_geometry_with_known_length_gap",
        "source_id": "osm",
        "source_url": "https://www.openstreetmap.org/relation/156553",
        "source_access_url": "https://hiking.waymarkedtrails.org/api/v1/details/relation/156553",
        "license_status": "open_license_share_alike",
        "source_license": "ODbL",
        "attribution": "OpenStreetMap contributors",
        "last_checked": "2026-05-13",
        "last_generated": "2026-05-14",
        "ai_answer_rule": "Generated mile based on Scout MVP3 Mid-Atlantic open route geometry, not an official ATC mile. Use for source-aware planning only."
      },
      "geometry": {
        "type": "Point",
        "coordinates": [
          -77.53866,
          39.645097
        ]
      }
    },
    {
      "type": "Feature",
      "properties": {
        "trail": "Appalachian Trail",
        "route_id": "at-mvp3-midatlantic-harpers-ferry-delaware-water-gap-open-2026",
        "source_route_id": "at-main-osm-2026-open",
        "mile_nobo_global_est": 1039,
        "mile_nobo_mvp3": 33,
        "mile_sobo_mvp3": 231,
        "state": "MD",
        "milepoint_type": "generated",
        "official": false,
        "confidence": "estimated_from_open_route_geometry_with_known_length_gap",
        "source_id": "osm",
        "source_url": "https://www.openstreetmap.org/relation/156553",
        "source_access_url": "https://hiking.waymarkedtrails.org/api/v1/details/relation/156553",
        "license_status": "open_license_share_alike",
        "source_license": "ODbL",
        "attribution": "OpenStreetMap contributors",
        "last_checked": "2026-05-13",
        "last_generated": "2026-05-14",
        "ai_answer_rule": "Generated mile based on Scout MVP3 Mid-Atlantic open route geometry, not an official ATC mile. Use for source-aware planning only."
      },
      "geometry": {
        "type": "Point",
        "coordinates": [
          -77.542123,
          39.650516
        ]
      }
    },
    {
      "type": "Feature",
      "properties": {
        "trail": "Appalachian Trail",
        "route_id": "at-mvp3-midatlantic-harpers-ferry-delaware-water-gap-open-2026",
        "source_route_id": "at-main-osm-2026-open",
        "mile_nobo_global_est": 1039.5,
        "mile_nobo_mvp3": 33.5,
        "mile_sobo_mvp3": 230.5,
        "state": "MD",
        "milepoint_type": "generated",
        "official": false,
        "confidence": "estimated_from_open_route_geometry_with_known_length_gap",
        "source_id": "osm",
        "source_url": "https://www.openstreetmap.org/relation/156553",
        "source_access_url": "https://hiking.waymarkedtrails.org/api/v1/details/relation/156553",
        "license_status": "open_license_share_alike",
        "source_license": "ODbL",
        "attribution": "OpenStreetMap contributors",
        "last_checked": "2026-05-13",
        "last_generated": "2026-05-14",
        "ai_answer_rule": "Generated mile based on Scout MVP3 Mid-Atlantic open route geometry, not an official ATC mile. Use for source-aware planning only."
      },
      "geometry": {
        "type": "Point",
        "coordinates": [
          -77.538478,
          39.655767
        ]
      }
    },
    {
      "type": "Feature",
      "properties": {
        "trail": "Appalachian Trail",
        "route_id": "at-mvp3-midatlantic-harpers-ferry-delaware-water-gap-open-2026",
        "source_route_id": "at-main-osm-2026-open",
        "mile_nobo_global_est": 1040,
        "mile_nobo_mvp3": 34,
        "mile_sobo_mvp3": 230,
        "state": "MD",
        "milepoint_type": "generated",
        "official": false,
        "confidence": "estimated_from_open_route_geometry_with_known_length_gap",
        "source_id": "osm",
        "source_url": "https://www.openstreetmap.org/relation/156553",
        "source_access_url": "https://hiking.waymarkedtrails.org/api/v1/details/relation/156553",
        "license_status": "open_license_share_alike",
        "source_license": "ODbL",
        "attribution": "OpenStreetMap contributors",
        "last_checked": "2026-05-13",
        "last_generated": "2026-05-14",
        "ai_answer_rule": "Generated mile based on Scout MVP3 Mid-Atlantic open route geometry, not an official ATC mile. Use for source-aware planning only."
      },
      "geometry": {
        "type": "Point",
        "coordinates": [
          -77.534845,
          39.661373
        ]
      }
    },
    {
      "type": "Feature",
      "properties": {
        "trail": "Appalachian Trail",
        "route_id": "at-mvp3-midatlantic-harpers-ferry-delaware-water-gap-open-2026",
        "source_route_id": "at-main-osm-2026-open",
        "mile_nobo_global_est": 1040.5,
        "mile_nobo_mvp3": 34.5,
        "mile_sobo_mvp3": 229.5,
        "state": "MD",
        "milepoint_type": "generated",
        "official": false,
        "confidence": "estimated_from_open_route_geometry_with_known_length_gap",
        "source_id": "osm",
        "source_url": "https://www.openstreetmap.org/relation/156553",
        "source_access_url": "https://hiking.waymarkedtrails.org/api/v1/details/relation/156553",
        "license_status": "open_license_share_alike",
        "source_license": "ODbL",
        "attribution": "OpenStreetMap contributors",
        "last_checked": "2026-05-13",
        "last_generated": "2026-05-14",
        "ai_answer_rule": "Generated mile based on Scout MVP3 Mid-Atlantic open route geometry, not an official ATC mile. Use for source-aware planning only."
      },
      "geometry": {
        "type": "Point",
        "coordinates": [
          -77.533796,
          39.664808
        ]
      }
    },
    {
      "type": "Feature",
      "properties": {
        "trail": "Appalachian Trail",
        "route_id": "at-mvp3-midatlantic-harpers-ferry-delaware-water-gap-open-2026",
        "source_route_id": "at-main-osm-2026-open",
        "mile_nobo_global_est": 1041,
        "mile_nobo_mvp3": 35,
        "mile_sobo_mvp3": 229,
        "state": "MD",
        "milepoint_type": "generated",
        "official": false,
        "confidence": "estimated_from_open_route_geometry_with_known_length_gap",
        "source_id": "osm",
        "source_url": "https://www.openstreetmap.org/relation/156553",
        "source_access_url": "https://hiking.waymarkedtrails.org/api/v1/details/relation/156553",
        "license_status": "open_license_share_alike",
        "source_license": "ODbL",
        "attribution": "OpenStreetMap contributors",
        "last_checked": "2026-05-13",
        "last_generated": "2026-05-14",
        "ai_answer_rule": "Generated mile based on Scout MVP3 Mid-Atlantic open route geometry, not an official ATC mile. Use for source-aware planning only."
      },
      "geometry": {
        "type": "Point",
        "coordinates": [
          -77.531432,
          39.669924
        ]
      }
    },
    {
      "type": "Feature",
      "properties": {
        "trail": "Appalachian Trail",
        "route_id": "at-mvp3-midatlantic-harpers-ferry-delaware-water-gap-open-2026",
        "source_route_id": "at-main-osm-2026-open",
        "mile_nobo_global_est": 1041.5,
        "mile_nobo_mvp3": 35.5,
        "mile_sobo_mvp3": 228.5,
        "state": "MD",
        "milepoint_type": "generated",
        "official": false,
        "confidence": "estimated_from_open_route_geometry_with_known_length_gap",
        "source_id": "osm",
        "source_url": "https://www.openstreetmap.org/relation/156553",
        "source_access_url": "https://hiking.waymarkedtrails.org/api/v1/details/relation/156553",
        "license_status": "open_license_share_alike",
        "source_license": "ODbL",
        "attribution": "OpenStreetMap contributors",
        "last_checked": "2026-05-13",
        "last_generated": "2026-05-14",
        "ai_answer_rule": "Generated mile based on Scout MVP3 Mid-Atlantic open route geometry, not an official ATC mile. Use for source-aware planning only."
      },
      "geometry": {
        "type": "Point",
        "coordinates": [
          -77.526903,
          39.675893
        ]
      }
    },
    {
      "type": "Feature",
      "properties": {
        "trail": "Appalachian Trail",
        "route_id": "at-mvp3-midatlantic-harpers-ferry-delaware-water-gap-open-2026",
        "source_route_id": "at-main-osm-2026-open",
        "mile_nobo_global_est": 1042,
        "mile_nobo_mvp3": 36,
        "mile_sobo_mvp3": 228,
        "state": "MD",
        "milepoint_type": "generated",
        "official": false,
        "confidence": "estimated_from_open_route_geometry_with_known_length_gap",
        "source_id": "osm",
        "source_url": "https://www.openstreetmap.org/relation/156553",
        "source_access_url": "https://hiking.waymarkedtrails.org/api/v1/details/relation/156553",
        "license_status": "open_license_share_alike",
        "source_license": "ODbL",
        "attribution": "OpenStreetMap contributors",
        "last_checked": "2026-05-13",
        "last_generated": "2026-05-14",
        "ai_answer_rule": "Generated mile based on Scout MVP3 Mid-Atlantic open route geometry, not an official ATC mile. Use for source-aware planning only."
      },
      "geometry": {
        "type": "Point",
        "coordinates": [
          -77.523486,
          39.682055
        ]
      }
    },
    {
      "type": "Feature",
      "properties": {
        "trail": "Appalachian Trail",
        "route_id": "at-mvp3-midatlantic-harpers-ferry-delaware-water-gap-open-2026",
        "source_route_id": "at-main-osm-2026-open",
        "mile_nobo_global_est": 1042.5,
        "mile_nobo_mvp3": 36.5,
        "mile_sobo_mvp3": 227.5,
        "state": "MD",
        "milepoint_type": "generated",
        "official": false,
        "confidence": "estimated_from_open_route_geometry_with_known_length_gap",
        "source_id": "osm",
        "source_url": "https://www.openstreetmap.org/relation/156553",
        "source_access_url": "https://hiking.waymarkedtrails.org/api/v1/details/relation/156553",
        "license_status": "open_license_share_alike",
        "source_license": "ODbL",
        "attribution": "OpenStreetMap contributors",
        "last_checked": "2026-05-13",
        "last_generated": "2026-05-14",
        "ai_answer_rule": "Generated mile based on Scout MVP3 Mid-Atlantic open route geometry, not an official ATC mile. Use for source-aware planning only."
      },
      "geometry": {
        "type": "Point",
        "coordinates": [
          -77.520554,
          39.688542
        ]
      }
    },
    {
      "type": "Feature",
      "properties": {
        "trail": "Appalachian Trail",
        "route_id": "at-mvp3-midatlantic-harpers-ferry-delaware-water-gap-open-2026",
        "source_route_id": "at-main-osm-2026-open",
        "mile_nobo_global_est": 1043,
        "mile_nobo_mvp3": 37,
        "mile_sobo_mvp3": 227,
        "state": "MD",
        "milepoint_type": "generated",
        "official": false,
        "confidence": "estimated_from_open_route_geometry_with_known_length_gap",
        "source_id": "osm",
        "source_url": "https://www.openstreetmap.org/relation/156553",
        "source_access_url": "https://hiking.waymarkedtrails.org/api/v1/details/relation/156553",
        "license_status": "open_license_share_alike",
        "source_license": "ODbL",
        "attribution": "OpenStreetMap contributors",
        "last_checked": "2026-05-13",
        "last_generated": "2026-05-14",
        "ai_answer_rule": "Generated mile based on Scout MVP3 Mid-Atlantic open route geometry, not an official ATC mile. Use for source-aware planning only."
      },
      "geometry": {
        "type": "Point",
        "coordinates": [
          -77.523389,
          39.693439
        ]
      }
    },
    {
      "type": "Feature",
      "properties": {
        "trail": "Appalachian Trail",
        "route_id": "at-mvp3-midatlantic-harpers-ferry-delaware-water-gap-open-2026",
        "source_route_id": "at-main-osm-2026-open",
        "mile_nobo_global_est": 1043.5,
        "mile_nobo_mvp3": 37.5,
        "mile_sobo_mvp3": 226.5,
        "state": "MD",
        "milepoint_type": "generated",
        "official": false,
        "confidence": "estimated_from_open_route_geometry_with_known_length_gap",
        "source_id": "osm",
        "source_url": "https://www.openstreetmap.org/relation/156553",
        "source_access_url": "https://hiking.waymarkedtrails.org/api/v1/details/relation/156553",
        "license_status": "open_license_share_alike",
        "source_license": "ODbL",
        "attribution": "OpenStreetMap contributors",
        "last_checked": "2026-05-13",
        "last_generated": "2026-05-14",
        "ai_answer_rule": "Generated mile based on Scout MVP3 Mid-Atlantic open route geometry, not an official ATC mile. Use for source-aware planning only."
      },
      "geometry": {
        "type": "Point",
        "coordinates": [
          -77.528527,
          39.692476
        ]
      }
    },
    {
      "type": "Feature",
      "properties": {
        "trail": "Appalachian Trail",
        "route_id": "at-mvp3-midatlantic-harpers-ferry-delaware-water-gap-open-2026",
        "source_route_id": "at-main-osm-2026-open",
        "mile_nobo_global_est": 1044,
        "mile_nobo_mvp3": 38,
        "mile_sobo_mvp3": 226,
        "state": "MD",
        "milepoint_type": "generated",
        "official": false,
        "confidence": "estimated_from_open_route_geometry_with_known_length_gap",
        "source_id": "osm",
        "source_url": "https://www.openstreetmap.org/relation/156553",
        "source_access_url": "https://hiking.waymarkedtrails.org/api/v1/details/relation/156553",
        "license_status": "open_license_share_alike",
        "source_license": "ODbL",
        "attribution": "OpenStreetMap contributors",
        "last_checked": "2026-05-13",
        "last_generated": "2026-05-14",
        "ai_answer_rule": "Generated mile based on Scout MVP3 Mid-Atlantic open route geometry, not an official ATC mile. Use for source-aware planning only."
      },
      "geometry": {
        "type": "Point",
        "coordinates": [
          -77.525561,
          39.697923
        ]
      }
    },
    {
      "type": "Feature",
      "properties": {
        "trail": "Appalachian Trail",
        "route_id": "at-mvp3-midatlantic-harpers-ferry-delaware-water-gap-open-2026",
        "source_route_id": "at-main-osm-2026-open",
        "mile_nobo_global_est": 1044.5,
        "mile_nobo_mvp3": 38.5,
        "mile_sobo_mvp3": 225.5,
        "state": "MD",
        "milepoint_type": "generated",
        "official": false,
        "confidence": "estimated_from_open_route_geometry_with_known_length_gap",
        "source_id": "osm",
        "source_url": "https://www.openstreetmap.org/relation/156553",
        "source_access_url": "https://hiking.waymarkedtrails.org/api/v1/details/relation/156553",
        "license_status": "open_license_share_alike",
        "source_license": "ODbL",
        "attribution": "OpenStreetMap contributors",
        "last_checked": "2026-05-13",
        "last_generated": "2026-05-14",
        "ai_answer_rule": "Generated mile based on Scout MVP3 Mid-Atlantic open route geometry, not an official ATC mile. Use for source-aware planning only."
      },
      "geometry": {
        "type": "Point",
        "coordinates": [
          -77.520975,
          39.703673
        ]
      }
    },
    {
      "type": "Feature",
      "properties": {
        "trail": "Appalachian Trail",
        "route_id": "at-mvp3-midatlantic-harpers-ferry-delaware-water-gap-open-2026",
        "source_route_id": "at-main-osm-2026-open",
        "mile_nobo_global_est": 1045,
        "mile_nobo_mvp3": 39,
        "mile_sobo_mvp3": 225,
        "state": "MD",
        "milepoint_type": "generated",
        "official": false,
        "confidence": "estimated_from_open_route_geometry_with_known_length_gap",
        "source_id": "osm",
        "source_url": "https://www.openstreetmap.org/relation/156553",
        "source_access_url": "https://hiking.waymarkedtrails.org/api/v1/details/relation/156553",
        "license_status": "open_license_share_alike",
        "source_license": "ODbL",
        "attribution": "OpenStreetMap contributors",
        "last_checked": "2026-05-13",
        "last_generated": "2026-05-14",
        "ai_answer_rule": "Generated mile based on Scout MVP3 Mid-Atlantic open route geometry, not an official ATC mile. Use for source-aware planning only."
      },
      "geometry": {
        "type": "Point",
        "coordinates": [
          -77.516989,
          39.709302
        ]
      }
    },
    {
      "type": "Feature",
      "properties": {
        "trail": "Appalachian Trail",
        "route_id": "at-mvp3-midatlantic-harpers-ferry-delaware-water-gap-open-2026",
        "source_route_id": "at-main-osm-2026-open",
        "mile_nobo_global_est": 1045.5,
        "mile_nobo_mvp3": 39.5,
        "mile_sobo_mvp3": 224.5,
        "state": "MD",
        "milepoint_type": "generated",
        "official": false,
        "confidence": "estimated_from_open_route_geometry_with_known_length_gap",
        "source_id": "osm",
        "source_url": "https://www.openstreetmap.org/relation/156553",
        "source_access_url": "https://hiking.waymarkedtrails.org/api/v1/details/relation/156553",
        "license_status": "open_license_share_alike",
        "source_license": "ODbL",
        "attribution": "OpenStreetMap contributors",
        "last_checked": "2026-05-13",
        "last_generated": "2026-05-14",
        "ai_answer_rule": "Generated mile based on Scout MVP3 Mid-Atlantic open route geometry, not an official ATC mile. Use for source-aware planning only."
      },
      "geometry": {
        "type": "Point",
        "coordinates": [
          -77.510267,
          39.713351
        ]
      }
    },
    {
      "type": "Feature",
      "properties": {
        "trail": "Appalachian Trail",
        "route_id": "at-mvp3-midatlantic-harpers-ferry-delaware-water-gap-open-2026",
        "source_route_id": "at-main-osm-2026-open",
        "mile_nobo_global_est": 1046,
        "mile_nobo_mvp3": 40,
        "mile_sobo_mvp3": 224,
        "state": "PA",
        "milepoint_type": "generated",
        "official": false,
        "confidence": "estimated_from_open_route_geometry_with_known_length_gap",
        "source_id": "osm",
        "source_url": "https://www.openstreetmap.org/relation/156553",
        "source_access_url": "https://hiking.waymarkedtrails.org/api/v1/details/relation/156553",
        "license_status": "open_license_share_alike",
        "source_license": "ODbL",
        "attribution": "OpenStreetMap contributors",
        "last_checked": "2026-05-13",
        "last_generated": "2026-05-14",
        "ai_answer_rule": "Generated mile based on Scout MVP3 Mid-Atlantic open route geometry, not an official ATC mile. Use for source-aware planning only."
      },
      "geometry": {
        "type": "Point",
        "coordinates": [
          -77.507026,
          39.719685
        ]
      }
    },
    {
      "type": "Feature",
      "properties": {
        "trail": "Appalachian Trail",
        "route_id": "at-mvp3-midatlantic-harpers-ferry-delaware-water-gap-open-2026",
        "source_route_id": "at-main-osm-2026-open",
        "mile_nobo_global_est": 1046.5,
        "mile_nobo_mvp3": 40.5,
        "mile_sobo_mvp3": 223.5,
        "state": "PA",
        "milepoint_type": "generated",
        "official": false,
        "confidence": "estimated_from_open_route_geometry_with_known_length_gap",
        "source_id": "osm",
        "source_url": "https://www.openstreetmap.org/relation/156553",
        "source_access_url": "https://hiking.waymarkedtrails.org/api/v1/details/relation/156553",
        "license_status": "open_license_share_alike",
        "source_license": "ODbL",
        "attribution": "OpenStreetMap contributors",
        "last_checked": "2026-05-13",
        "last_generated": "2026-05-14",
        "ai_answer_rule": "Generated mile based on Scout MVP3 Mid-Atlantic open route geometry, not an official ATC mile. Use for source-aware planning only."
      },
      "geometry": {
        "type": "Point",
        "coordinates": [
          -77.50158,
          39.722805
        ]
      }
    },
    {
      "type": "Feature",
      "properties": {
        "trail": "Appalachian Trail",
        "route_id": "at-mvp3-midatlantic-harpers-ferry-delaware-water-gap-open-2026",
        "source_route_id": "at-main-osm-2026-open",
        "mile_nobo_global_est": 1047,
        "mile_nobo_mvp3": 41,
        "mile_sobo_mvp3": 223,
        "state": "PA",
        "milepoint_type": "generated",
        "official": false,
        "confidence": "estimated_from_open_route_geometry_with_known_length_gap",
        "source_id": "osm",
        "source_url": "https://www.openstreetmap.org/relation/156553",
        "source_access_url": "https://hiking.waymarkedtrails.org/api/v1/details/relation/156553",
        "license_status": "open_license_share_alike",
        "source_license": "ODbL",
        "attribution": "OpenStreetMap contributors",
        "last_checked": "2026-05-13",
        "last_generated": "2026-05-14",
        "ai_answer_rule": "Generated mile based on Scout MVP3 Mid-Atlantic open route geometry, not an official ATC mile. Use for source-aware planning only."
      },
      "geometry": {
        "type": "Point",
        "coordinates": [
          -77.494605,
          39.724836
        ]
      }
    },
    {
      "type": "Feature",
      "properties": {
        "trail": "Appalachian Trail",
        "route_id": "at-mvp3-midatlantic-harpers-ferry-delaware-water-gap-open-2026",
        "source_route_id": "at-main-osm-2026-open",
        "mile_nobo_global_est": 1047.5,
        "mile_nobo_mvp3": 41.5,
        "mile_sobo_mvp3": 222.5,
        "state": "PA",
        "milepoint_type": "generated",
        "official": false,
        "confidence": "estimated_from_open_route_geometry_with_known_length_gap",
        "source_id": "osm",
        "source_url": "https://www.openstreetmap.org/relation/156553",
        "source_access_url": "https://hiking.waymarkedtrails.org/api/v1/details/relation/156553",
        "license_status": "open_license_share_alike",
        "source_license": "ODbL",
        "attribution": "OpenStreetMap contributors",
        "last_checked": "2026-05-13",
        "last_generated": "2026-05-14",
        "ai_answer_rule": "Generated mile based on Scout MVP3 Mid-Atlantic open route geometry, not an official ATC mile. Use for source-aware planning only."
      },
      "geometry": {
        "type": "Point",
        "coordinates": [
          -77.491024,
          39.729716
        ]
      }
    },
    {
      "type": "Feature",
      "properties": {
        "trail": "Appalachian Trail",
        "route_id": "at-mvp3-midatlantic-harpers-ferry-delaware-water-gap-open-2026",
        "source_route_id": "at-main-osm-2026-open",
        "mile_nobo_global_est": 1048,
        "mile_nobo_mvp3": 42,
        "mile_sobo_mvp3": 222,
        "state": "PA",
        "milepoint_type": "generated",
        "official": false,
        "confidence": "estimated_from_open_route_geometry_with_known_length_gap",
        "source_id": "osm",
        "source_url": "https://www.openstreetmap.org/relation/156553",
        "source_access_url": "https://hiking.waymarkedtrails.org/api/v1/details/relation/156553",
        "license_status": "open_license_share_alike",
        "source_license": "ODbL",
        "attribution": "OpenStreetMap contributors",
        "last_checked": "2026-05-13",
        "last_generated": "2026-05-14",
        "ai_answer_rule": "Generated mile based on Scout MVP3 Mid-Atlantic open route geometry, not an official ATC mile. Use for source-aware planning only."
      },
      "geometry": {
        "type": "Point",
        "coordinates": [
          -77.488975,
          39.736341
        ]
      }
    },
    {
      "type": "Feature",
      "properties": {
        "trail": "Appalachian Trail",
        "route_id": "at-mvp3-midatlantic-harpers-ferry-delaware-water-gap-open-2026",
        "source_route_id": "at-main-osm-2026-open",
        "mile_nobo_global_est": 1048.5,
        "mile_nobo_mvp3": 42.5,
        "mile_sobo_mvp3": 221.5,
        "state": "PA",
        "milepoint_type": "generated",
        "official": false,
        "confidence": "estimated_from_open_route_geometry_with_known_length_gap",
        "source_id": "osm",
        "source_url": "https://www.openstreetmap.org/relation/156553",
        "source_access_url": "https://hiking.waymarkedtrails.org/api/v1/details/relation/156553",
        "license_status": "open_license_share_alike",
        "source_license": "ODbL",
        "attribution": "OpenStreetMap contributors",
        "last_checked": "2026-05-13",
        "last_generated": "2026-05-14",
        "ai_answer_rule": "Generated mile based on Scout MVP3 Mid-Atlantic open route geometry, not an official ATC mile. Use for source-aware planning only."
      },
      "geometry": {
        "type": "Point",
        "coordinates": [
          -77.489544,
          39.742829
        ]
      }
    },
    {
      "type": "Feature",
      "properties": {
        "trail": "Appalachian Trail",
        "route_id": "at-mvp3-midatlantic-harpers-ferry-delaware-water-gap-open-2026",
        "source_route_id": "at-main-osm-2026-open",
        "mile_nobo_global_est": 1049,
        "mile_nobo_mvp3": 43,
        "mile_sobo_mvp3": 221,
        "state": "PA",
        "milepoint_type": "generated",
        "official": false,
        "confidence": "estimated_from_open_route_geometry_with_known_length_gap",
        "source_id": "osm",
        "source_url": "https://www.openstreetmap.org/relation/156553",
        "source_access_url": "https://hiking.waymarkedtrails.org/api/v1/details/relation/156553",
        "license_status": "open_license_share_alike",
        "source_license": "ODbL",
        "attribution": "OpenStreetMap contributors",
        "last_checked": "2026-05-13",
        "last_generated": "2026-05-14",
        "ai_answer_rule": "Generated mile based on Scout MVP3 Mid-Atlantic open route geometry, not an official ATC mile. Use for source-aware planning only."
      },
      "geometry": {
        "type": "Point",
        "coordinates": [
          -77.490733,
          39.749004
        ]
      }
    },
    {
      "type": "Feature",
      "properties": {
        "trail": "Appalachian Trail",
        "route_id": "at-mvp3-midatlantic-harpers-ferry-delaware-water-gap-open-2026",
        "source_route_id": "at-main-osm-2026-open",
        "mile_nobo_global_est": 1049.5,
        "mile_nobo_mvp3": 43.5,
        "mile_sobo_mvp3": 220.5,
        "state": "PA",
        "milepoint_type": "generated",
        "official": false,
        "confidence": "estimated_from_open_route_geometry_with_known_length_gap",
        "source_id": "osm",
        "source_url": "https://www.openstreetmap.org/relation/156553",
        "source_access_url": "https://hiking.waymarkedtrails.org/api/v1/details/relation/156553",
        "license_status": "open_license_share_alike",
        "source_license": "ODbL",
        "attribution": "OpenStreetMap contributors",
        "last_checked": "2026-05-13",
        "last_generated": "2026-05-14",
        "ai_answer_rule": "Generated mile based on Scout MVP3 Mid-Atlantic open route geometry, not an official ATC mile. Use for source-aware planning only."
      },
      "geometry": {
        "type": "Point",
        "coordinates": [
          -77.493005,
          39.755053
        ]
      }
    },
    {
      "type": "Feature",
      "properties": {
        "trail": "Appalachian Trail",
        "route_id": "at-mvp3-midatlantic-harpers-ferry-delaware-water-gap-open-2026",
        "source_route_id": "at-main-osm-2026-open",
        "mile_nobo_global_est": 1050,
        "mile_nobo_mvp3": 44,
        "mile_sobo_mvp3": 220,
        "state": "PA",
        "milepoint_type": "generated",
        "official": false,
        "confidence": "estimated_from_open_route_geometry_with_known_length_gap",
        "source_id": "osm",
        "source_url": "https://www.openstreetmap.org/relation/156553",
        "source_access_url": "https://hiking.waymarkedtrails.org/api/v1/details/relation/156553",
        "license_status": "open_license_share_alike",
        "source_license": "ODbL",
        "attribution": "OpenStreetMap contributors",
        "last_checked": "2026-05-13",
        "last_generated": "2026-05-14",
        "ai_answer_rule": "Generated mile based on Scout MVP3 Mid-Atlantic open route geometry, not an official ATC mile. Use for source-aware planning only."
      },
      "geometry": {
        "type": "Point",
        "coordinates": [
          -77.488758,
          39.760938
        ]
      }
    },
    {
      "type": "Feature",
      "properties": {
        "trail": "Appalachian Trail",
        "route_id": "at-mvp3-midatlantic-harpers-ferry-delaware-water-gap-open-2026",
        "source_route_id": "at-main-osm-2026-open",
        "mile_nobo_global_est": 1050.5,
        "mile_nobo_mvp3": 44.5,
        "mile_sobo_mvp3": 219.5,
        "state": "PA",
        "milepoint_type": "generated",
        "official": false,
        "confidence": "estimated_from_open_route_geometry_with_known_length_gap",
        "source_id": "osm",
        "source_url": "https://www.openstreetmap.org/relation/156553",
        "source_access_url": "https://hiking.waymarkedtrails.org/api/v1/details/relation/156553",
        "license_status": "open_license_share_alike",
        "source_license": "ODbL",
        "attribution": "OpenStreetMap contributors",
        "last_checked": "2026-05-13",
        "last_generated": "2026-05-14",
        "ai_answer_rule": "Generated mile based on Scout MVP3 Mid-Atlantic open route geometry, not an official ATC mile. Use for source-aware planning only."
      },
      "geometry": {
        "type": "Point",
        "coordinates": [
          -77.484624,
          39.767325
        ]
      }
    },
    {
      "type": "Feature",
      "properties": {
        "trail": "Appalachian Trail",
        "route_id": "at-mvp3-midatlantic-harpers-ferry-delaware-water-gap-open-2026",
        "source_route_id": "at-main-osm-2026-open",
        "mile_nobo_global_est": 1051,
        "mile_nobo_mvp3": 45,
        "mile_sobo_mvp3": 219,
        "state": "PA",
        "milepoint_type": "generated",
        "official": false,
        "confidence": "estimated_from_open_route_geometry_with_known_length_gap",
        "source_id": "osm",
        "source_url": "https://www.openstreetmap.org/relation/156553",
        "source_access_url": "https://hiking.waymarkedtrails.org/api/v1/details/relation/156553",
        "license_status": "open_license_share_alike",
        "source_license": "ODbL",
        "attribution": "OpenStreetMap contributors",
        "last_checked": "2026-05-13",
        "last_generated": "2026-05-14",
        "ai_answer_rule": "Generated mile based on Scout MVP3 Mid-Atlantic open route geometry, not an official ATC mile. Use for source-aware planning only."
      },
      "geometry": {
        "type": "Point",
        "coordinates": [
          -77.479781,
          39.773238
        ]
      }
    },
    {
      "type": "Feature",
      "properties": {
        "trail": "Appalachian Trail",
        "route_id": "at-mvp3-midatlantic-harpers-ferry-delaware-water-gap-open-2026",
        "source_route_id": "at-main-osm-2026-open",
        "mile_nobo_global_est": 1051.5,
        "mile_nobo_mvp3": 45.5,
        "mile_sobo_mvp3": 218.5,
        "state": "PA",
        "milepoint_type": "generated",
        "official": false,
        "confidence": "estimated_from_open_route_geometry_with_known_length_gap",
        "source_id": "osm",
        "source_url": "https://www.openstreetmap.org/relation/156553",
        "source_access_url": "https://hiking.waymarkedtrails.org/api/v1/details/relation/156553",
        "license_status": "open_license_share_alike",
        "source_license": "ODbL",
        "attribution": "OpenStreetMap contributors",
        "last_checked": "2026-05-13",
        "last_generated": "2026-05-14",
        "ai_answer_rule": "Generated mile based on Scout MVP3 Mid-Atlantic open route geometry, not an official ATC mile. Use for source-aware planning only."
      },
      "geometry": {
        "type": "Point",
        "coordinates": [
          -77.482618,
          39.77977
        ]
      }
    },
    {
      "type": "Feature",
      "properties": {
        "trail": "Appalachian Trail",
        "route_id": "at-mvp3-midatlantic-harpers-ferry-delaware-water-gap-open-2026",
        "source_route_id": "at-main-osm-2026-open",
        "mile_nobo_global_est": 1052,
        "mile_nobo_mvp3": 46,
        "mile_sobo_mvp3": 218,
        "state": "PA",
        "milepoint_type": "generated",
        "official": false,
        "confidence": "estimated_from_open_route_geometry_with_known_length_gap",
        "source_id": "osm",
        "source_url": "https://www.openstreetmap.org/relation/156553",
        "source_access_url": "https://hiking.waymarkedtrails.org/api/v1/details/relation/156553",
        "license_status": "open_license_share_alike",
        "source_license": "ODbL",
        "attribution": "OpenStreetMap contributors",
        "last_checked": "2026-05-13",
        "last_generated": "2026-05-14",
        "ai_answer_rule": "Generated mile based on Scout MVP3 Mid-Atlantic open route geometry, not an official ATC mile. Use for source-aware planning only."
      },
      "geometry": {
        "type": "Point",
        "coordinates": [
          -77.482029,
          39.785586
        ]
      }
    },
    {
      "type": "Feature",
      "properties": {
        "trail": "Appalachian Trail",
        "route_id": "at-mvp3-midatlantic-harpers-ferry-delaware-water-gap-open-2026",
        "source_route_id": "at-main-osm-2026-open",
        "mile_nobo_global_est": 1052.5,
        "mile_nobo_mvp3": 46.5,
        "mile_sobo_mvp3": 217.5,
        "state": "PA",
        "milepoint_type": "generated",
        "official": false,
        "confidence": "estimated_from_open_route_geometry_with_known_length_gap",
        "source_id": "osm",
        "source_url": "https://www.openstreetmap.org/relation/156553",
        "source_access_url": "https://hiking.waymarkedtrails.org/api/v1/details/relation/156553",
        "license_status": "open_license_share_alike",
        "source_license": "ODbL",
        "attribution": "OpenStreetMap contributors",
        "last_checked": "2026-05-13",
        "last_generated": "2026-05-14",
        "ai_answer_rule": "Generated mile based on Scout MVP3 Mid-Atlantic open route geometry, not an official ATC mile. Use for source-aware planning only."
      },
      "geometry": {
        "type": "Point",
        "coordinates": [
          -77.482283,
          39.791798
        ]
      }
    },
    {
      "type": "Feature",
      "properties": {
        "trail": "Appalachian Trail",
        "route_id": "at-mvp3-midatlantic-harpers-ferry-delaware-water-gap-open-2026",
        "source_route_id": "at-main-osm-2026-open",
        "mile_nobo_global_est": 1053,
        "mile_nobo_mvp3": 47,
        "mile_sobo_mvp3": 217,
        "state": "PA",
        "milepoint_type": "generated",
        "official": false,
        "confidence": "estimated_from_open_route_geometry_with_known_length_gap",
        "source_id": "osm",
        "source_url": "https://www.openstreetmap.org/relation/156553",
        "source_access_url": "https://hiking.waymarkedtrails.org/api/v1/details/relation/156553",
        "license_status": "open_license_share_alike",
        "source_license": "ODbL",
        "attribution": "OpenStreetMap contributors",
        "last_checked": "2026-05-13",
        "last_generated": "2026-05-14",
        "ai_answer_rule": "Generated mile based on Scout MVP3 Mid-Atlantic open route geometry, not an official ATC mile. Use for source-aware planning only."
      },
      "geometry": {
        "type": "Point",
        "coordinates": [
          -77.480575,
          39.79696
        ]
      }
    },
    {
      "type": "Feature",
      "properties": {
        "trail": "Appalachian Trail",
        "route_id": "at-mvp3-midatlantic-harpers-ferry-delaware-water-gap-open-2026",
        "source_route_id": "at-main-osm-2026-open",
        "mile_nobo_global_est": 1053.5,
        "mile_nobo_mvp3": 47.5,
        "mile_sobo_mvp3": 216.5,
        "state": "PA",
        "milepoint_type": "generated",
        "official": false,
        "confidence": "estimated_from_open_route_geometry_with_known_length_gap",
        "source_id": "osm",
        "source_url": "https://www.openstreetmap.org/relation/156553",
        "source_access_url": "https://hiking.waymarkedtrails.org/api/v1/details/relation/156553",
        "license_status": "open_license_share_alike",
        "source_license": "ODbL",
        "attribution": "OpenStreetMap contributors",
        "last_checked": "2026-05-13",
        "last_generated": "2026-05-14",
        "ai_answer_rule": "Generated mile based on Scout MVP3 Mid-Atlantic open route geometry, not an official ATC mile. Use for source-aware planning only."
      },
      "geometry": {
        "type": "Point",
        "coordinates": [
          -77.476673,
          39.801852
        ]
      }
    },
    {
      "type": "Feature",
      "properties": {
        "trail": "Appalachian Trail",
        "route_id": "at-mvp3-midatlantic-harpers-ferry-delaware-water-gap-open-2026",
        "source_route_id": "at-main-osm-2026-open",
        "mile_nobo_global_est": 1054,
        "mile_nobo_mvp3": 48,
        "mile_sobo_mvp3": 216,
        "state": "PA",
        "milepoint_type": "generated",
        "official": false,
        "confidence": "estimated_from_open_route_geometry_with_known_length_gap",
        "source_id": "osm",
        "source_url": "https://www.openstreetmap.org/relation/156553",
        "source_access_url": "https://hiking.waymarkedtrails.org/api/v1/details/relation/156553",
        "license_status": "open_license_share_alike",
        "source_license": "ODbL",
        "attribution": "OpenStreetMap contributors",
        "last_checked": "2026-05-13",
        "last_generated": "2026-05-14",
        "ai_answer_rule": "Generated mile based on Scout MVP3 Mid-Atlantic open route geometry, not an official ATC mile. Use for source-aware planning only."
      },
      "geometry": {
        "type": "Point",
        "coordinates": [
          -77.477095,
          39.808236
        ]
      }
    },
    {
      "type": "Feature",
      "properties": {
        "trail": "Appalachian Trail",
        "route_id": "at-mvp3-midatlantic-harpers-ferry-delaware-water-gap-open-2026",
        "source_route_id": "at-main-osm-2026-open",
        "mile_nobo_global_est": 1054.5,
        "mile_nobo_mvp3": 48.5,
        "mile_sobo_mvp3": 215.5,
        "state": "PA",
        "milepoint_type": "generated",
        "official": false,
        "confidence": "estimated_from_open_route_geometry_with_known_length_gap",
        "source_id": "osm",
        "source_url": "https://www.openstreetmap.org/relation/156553",
        "source_access_url": "https://hiking.waymarkedtrails.org/api/v1/details/relation/156553",
        "license_status": "open_license_share_alike",
        "source_license": "ODbL",
        "attribution": "OpenStreetMap contributors",
        "last_checked": "2026-05-13",
        "last_generated": "2026-05-14",
        "ai_answer_rule": "Generated mile based on Scout MVP3 Mid-Atlantic open route geometry, not an official ATC mile. Use for source-aware planning only."
      },
      "geometry": {
        "type": "Point",
        "coordinates": [
          -77.474212,
          39.814547
        ]
      }
    },
    {
      "type": "Feature",
      "properties": {
        "trail": "Appalachian Trail",
        "route_id": "at-mvp3-midatlantic-harpers-ferry-delaware-water-gap-open-2026",
        "source_route_id": "at-main-osm-2026-open",
        "mile_nobo_global_est": 1055,
        "mile_nobo_mvp3": 49,
        "mile_sobo_mvp3": 215,
        "state": "PA",
        "milepoint_type": "generated",
        "official": false,
        "confidence": "estimated_from_open_route_geometry_with_known_length_gap",
        "source_id": "osm",
        "source_url": "https://www.openstreetmap.org/relation/156553",
        "source_access_url": "https://hiking.waymarkedtrails.org/api/v1/details/relation/156553",
        "license_status": "open_license_share_alike",
        "source_license": "ODbL",
        "attribution": "OpenStreetMap contributors",
        "last_checked": "2026-05-13",
        "last_generated": "2026-05-14",
        "ai_answer_rule": "Generated mile based on Scout MVP3 Mid-Atlantic open route geometry, not an official ATC mile. Use for source-aware planning only."
      },
      "geometry": {
        "type": "Point",
        "coordinates": [
          -77.472276,
          39.821117
        ]
      }
    },
    {
      "type": "Feature",
      "properties": {
        "trail": "Appalachian Trail",
        "route_id": "at-mvp3-midatlantic-harpers-ferry-delaware-water-gap-open-2026",
        "source_route_id": "at-main-osm-2026-open",
        "mile_nobo_global_est": 1055.5,
        "mile_nobo_mvp3": 49.5,
        "mile_sobo_mvp3": 214.5,
        "state": "PA",
        "milepoint_type": "generated",
        "official": false,
        "confidence": "estimated_from_open_route_geometry_with_known_length_gap",
        "source_id": "osm",
        "source_url": "https://www.openstreetmap.org/relation/156553",
        "source_access_url": "https://hiking.waymarkedtrails.org/api/v1/details/relation/156553",
        "license_status": "open_license_share_alike",
        "source_license": "ODbL",
        "attribution": "OpenStreetMap contributors",
        "last_checked": "2026-05-13",
        "last_generated": "2026-05-14",
        "ai_answer_rule": "Generated mile based on Scout MVP3 Mid-Atlantic open route geometry, not an official ATC mile. Use for source-aware planning only."
      },
      "geometry": {
        "type": "Point",
        "coordinates": [
          -77.47954,
          39.824794
        ]
      }
    },
    {
      "type": "Feature",
      "properties": {
        "trail": "Appalachian Trail",
        "route_id": "at-mvp3-midatlantic-harpers-ferry-delaware-water-gap-open-2026",
        "source_route_id": "at-main-osm-2026-open",
        "mile_nobo_global_est": 1056,
        "mile_nobo_mvp3": 50,
        "mile_sobo_mvp3": 214,
        "state": "PA",
        "milepoint_type": "generated",
        "official": false,
        "confidence": "estimated_from_open_route_geometry_with_known_length_gap",
        "source_id": "osm",
        "source_url": "https://www.openstreetmap.org/relation/156553",
        "source_access_url": "https://hiking.waymarkedtrails.org/api/v1/details/relation/156553",
        "license_status": "open_license_share_alike",
        "source_license": "ODbL",
        "attribution": "OpenStreetMap contributors",
        "last_checked": "2026-05-13",
        "last_generated": "2026-05-14",
        "ai_answer_rule": "Generated mile based on Scout MVP3 Mid-Atlantic open route geometry, not an official ATC mile. Use for source-aware planning only."
      },
      "geometry": {
        "type": "Point",
        "coordinates": [
          -77.48362,
          39.830577
        ]
      }
    },
    {
      "type": "Feature",
      "properties": {
        "trail": "Appalachian Trail",
        "route_id": "at-mvp3-midatlantic-harpers-ferry-delaware-water-gap-open-2026",
        "source_route_id": "at-main-osm-2026-open",
        "mile_nobo_global_est": 1056.5,
        "mile_nobo_mvp3": 50.5,
        "mile_sobo_mvp3": 213.5,
        "state": "PA",
        "milepoint_type": "generated",
        "official": false,
        "confidence": "estimated_from_open_route_geometry_with_known_length_gap",
        "source_id": "osm",
        "source_url": "https://www.openstreetmap.org/relation/156553",
        "source_access_url": "https://hiking.waymarkedtrails.org/api/v1/details/relation/156553",
        "license_status": "open_license_share_alike",
        "source_license": "ODbL",
        "attribution": "OpenStreetMap contributors",
        "last_checked": "2026-05-13",
        "last_generated": "2026-05-14",
        "ai_answer_rule": "Generated mile based on Scout MVP3 Mid-Atlantic open route geometry, not an official ATC mile. Use for source-aware planning only."
      },
      "geometry": {
        "type": "Point",
        "coordinates": [
          -77.488464,
          39.835185
        ]
      }
    },
    {
      "type": "Feature",
      "properties": {
        "trail": "Appalachian Trail",
        "route_id": "at-mvp3-midatlantic-harpers-ferry-delaware-water-gap-open-2026",
        "source_route_id": "at-main-osm-2026-open",
        "mile_nobo_global_est": 1057,
        "mile_nobo_mvp3": 51,
        "mile_sobo_mvp3": 213,
        "state": "PA",
        "milepoint_type": "generated",
        "official": false,
        "confidence": "estimated_from_open_route_geometry_with_known_length_gap",
        "source_id": "osm",
        "source_url": "https://www.openstreetmap.org/relation/156553",
        "source_access_url": "https://hiking.waymarkedtrails.org/api/v1/details/relation/156553",
        "license_status": "open_license_share_alike",
        "source_license": "ODbL",
        "attribution": "OpenStreetMap contributors",
        "last_checked": "2026-05-13",
        "last_generated": "2026-05-14",
        "ai_answer_rule": "Generated mile based on Scout MVP3 Mid-Atlantic open route geometry, not an official ATC mile. Use for source-aware planning only."
      },
      "geometry": {
        "type": "Point",
        "coordinates": [
          -77.497325,
          39.835928
        ]
      }
    },
    {
      "type": "Feature",
      "properties": {
        "trail": "Appalachian Trail",
        "route_id": "at-mvp3-midatlantic-harpers-ferry-delaware-water-gap-open-2026",
        "source_route_id": "at-main-osm-2026-open",
        "mile_nobo_global_est": 1057.5,
        "mile_nobo_mvp3": 51.5,
        "mile_sobo_mvp3": 212.5,
        "state": "PA",
        "milepoint_type": "generated",
        "official": false,
        "confidence": "estimated_from_open_route_geometry_with_known_length_gap",
        "source_id": "osm",
        "source_url": "https://www.openstreetmap.org/relation/156553",
        "source_access_url": "https://hiking.waymarkedtrails.org/api/v1/details/relation/156553",
        "license_status": "open_license_share_alike",
        "source_license": "ODbL",
        "attribution": "OpenStreetMap contributors",
        "last_checked": "2026-05-13",
        "last_generated": "2026-05-14",
        "ai_answer_rule": "Generated mile based on Scout MVP3 Mid-Atlantic open route geometry, not an official ATC mile. Use for source-aware planning only."
      },
      "geometry": {
        "type": "Point",
        "coordinates": [
          -77.504842,
          39.83858
        ]
      }
    },
    {
      "type": "Feature",
      "properties": {
        "trail": "Appalachian Trail",
        "route_id": "at-mvp3-midatlantic-harpers-ferry-delaware-water-gap-open-2026",
        "source_route_id": "at-main-osm-2026-open",
        "mile_nobo_global_est": 1058,
        "mile_nobo_mvp3": 52,
        "mile_sobo_mvp3": 212,
        "state": "PA",
        "milepoint_type": "generated",
        "official": false,
        "confidence": "estimated_from_open_route_geometry_with_known_length_gap",
        "source_id": "osm",
        "source_url": "https://www.openstreetmap.org/relation/156553",
        "source_access_url": "https://hiking.waymarkedtrails.org/api/v1/details/relation/156553",
        "license_status": "open_license_share_alike",
        "source_license": "ODbL",
        "attribution": "OpenStreetMap contributors",
        "last_checked": "2026-05-13",
        "last_generated": "2026-05-14",
        "ai_answer_rule": "Generated mile based on Scout MVP3 Mid-Atlantic open route geometry, not an official ATC mile. Use for source-aware planning only."
      },
      "geometry": {
        "type": "Point",
        "coordinates": [
          -77.505424,
          39.845226
        ]
      }
    },
    {
      "type": "Feature",
      "properties": {
        "trail": "Appalachian Trail",
        "route_id": "at-mvp3-midatlantic-harpers-ferry-delaware-water-gap-open-2026",
        "source_route_id": "at-main-osm-2026-open",
        "mile_nobo_global_est": 1058.5,
        "mile_nobo_mvp3": 52.5,
        "mile_sobo_mvp3": 211.5,
        "state": "PA",
        "milepoint_type": "generated",
        "official": false,
        "confidence": "estimated_from_open_route_geometry_with_known_length_gap",
        "source_id": "osm",
        "source_url": "https://www.openstreetmap.org/relation/156553",
        "source_access_url": "https://hiking.waymarkedtrails.org/api/v1/details/relation/156553",
        "license_status": "open_license_share_alike",
        "source_license": "ODbL",
        "attribution": "OpenStreetMap contributors",
        "last_checked": "2026-05-13",
        "last_generated": "2026-05-14",
        "ai_answer_rule": "Generated mile based on Scout MVP3 Mid-Atlantic open route geometry, not an official ATC mile. Use for source-aware planning only."
      },
      "geometry": {
        "type": "Point",
        "coordinates": [
          -77.509635,
          39.849978
        ]
      }
    },
    {
      "type": "Feature",
      "properties": {
        "trail": "Appalachian Trail",
        "route_id": "at-mvp3-midatlantic-harpers-ferry-delaware-water-gap-open-2026",
        "source_route_id": "at-main-osm-2026-open",
        "mile_nobo_global_est": 1059,
        "mile_nobo_mvp3": 53,
        "mile_sobo_mvp3": 211,
        "state": "PA",
        "milepoint_type": "generated",
        "official": false,
        "confidence": "estimated_from_open_route_geometry_with_known_length_gap",
        "source_id": "osm",
        "source_url": "https://www.openstreetmap.org/relation/156553",
        "source_access_url": "https://hiking.waymarkedtrails.org/api/v1/details/relation/156553",
        "license_status": "open_license_share_alike",
        "source_license": "ODbL",
        "attribution": "OpenStreetMap contributors",
        "last_checked": "2026-05-13",
        "last_generated": "2026-05-14",
        "ai_answer_rule": "Generated mile based on Scout MVP3 Mid-Atlantic open route geometry, not an official ATC mile. Use for source-aware planning only."
      },
      "geometry": {
        "type": "Point",
        "coordinates": [
          -77.509531,
          39.855359
        ]
      }
    },
    {
      "type": "Feature",
      "properties": {
        "trail": "Appalachian Trail",
        "route_id": "at-mvp3-midatlantic-harpers-ferry-delaware-water-gap-open-2026",
        "source_route_id": "at-main-osm-2026-open",
        "mile_nobo_global_est": 1059.5,
        "mile_nobo_mvp3": 53.5,
        "mile_sobo_mvp3": 210.5,
        "state": "PA",
        "milepoint_type": "generated",
        "official": false,
        "confidence": "estimated_from_open_route_geometry_with_known_length_gap",
        "source_id": "osm",
        "source_url": "https://www.openstreetmap.org/relation/156553",
        "source_access_url": "https://hiking.waymarkedtrails.org/api/v1/details/relation/156553",
        "license_status": "open_license_share_alike",
        "source_license": "ODbL",
        "attribution": "OpenStreetMap contributors",
        "last_checked": "2026-05-13",
        "last_generated": "2026-05-14",
        "ai_answer_rule": "Generated mile based on Scout MVP3 Mid-Atlantic open route geometry, not an official ATC mile. Use for source-aware planning only."
      },
      "geometry": {
        "type": "Point",
        "coordinates": [
          -77.506217,
          39.86207
        ]
      }
    },
    {
      "type": "Feature",
      "properties": {
        "trail": "Appalachian Trail",
        "route_id": "at-mvp3-midatlantic-harpers-ferry-delaware-water-gap-open-2026",
        "source_route_id": "at-main-osm-2026-open",
        "mile_nobo_global_est": 1060,
        "mile_nobo_mvp3": 54,
        "mile_sobo_mvp3": 210,
        "state": "PA",
        "milepoint_type": "generated",
        "official": false,
        "confidence": "estimated_from_open_route_geometry_with_known_length_gap",
        "source_id": "osm",
        "source_url": "https://www.openstreetmap.org/relation/156553",
        "source_access_url": "https://hiking.waymarkedtrails.org/api/v1/details/relation/156553",
        "license_status": "open_license_share_alike",
        "source_license": "ODbL",
        "attribution": "OpenStreetMap contributors",
        "last_checked": "2026-05-13",
        "last_generated": "2026-05-14",
        "ai_answer_rule": "Generated mile based on Scout MVP3 Mid-Atlantic open route geometry, not an official ATC mile. Use for source-aware planning only."
      },
      "geometry": {
        "type": "Point",
        "coordinates": [
          -77.502179,
          39.868049
        ]
      }
    },
    {
      "type": "Feature",
      "properties": {
        "trail": "Appalachian Trail",
        "route_id": "at-mvp3-midatlantic-harpers-ferry-delaware-water-gap-open-2026",
        "source_route_id": "at-main-osm-2026-open",
        "mile_nobo_global_est": 1060.5,
        "mile_nobo_mvp3": 54.5,
        "mile_sobo_mvp3": 209.5,
        "state": "PA",
        "milepoint_type": "generated",
        "official": false,
        "confidence": "estimated_from_open_route_geometry_with_known_length_gap",
        "source_id": "osm",
        "source_url": "https://www.openstreetmap.org/relation/156553",
        "source_access_url": "https://hiking.waymarkedtrails.org/api/v1/details/relation/156553",
        "license_status": "open_license_share_alike",
        "source_license": "ODbL",
        "attribution": "OpenStreetMap contributors",
        "last_checked": "2026-05-13",
        "last_generated": "2026-05-14",
        "ai_answer_rule": "Generated mile based on Scout MVP3 Mid-Atlantic open route geometry, not an official ATC mile. Use for source-aware planning only."
      },
      "geometry": {
        "type": "Point",
        "coordinates": [
          -77.499671,
          39.874739
        ]
      }
    },
    {
      "type": "Feature",
      "properties": {
        "trail": "Appalachian Trail",
        "route_id": "at-mvp3-midatlantic-harpers-ferry-delaware-water-gap-open-2026",
        "source_route_id": "at-main-osm-2026-open",
        "mile_nobo_global_est": 1061,
        "mile_nobo_mvp3": 55,
        "mile_sobo_mvp3": 209,
        "state": "PA",
        "milepoint_type": "generated",
        "official": false,
        "confidence": "estimated_from_open_route_geometry_with_known_length_gap",
        "source_id": "osm",
        "source_url": "https://www.openstreetmap.org/relation/156553",
        "source_access_url": "https://hiking.waymarkedtrails.org/api/v1/details/relation/156553",
        "license_status": "open_license_share_alike",
        "source_license": "ODbL",
        "attribution": "OpenStreetMap contributors",
        "last_checked": "2026-05-13",
        "last_generated": "2026-05-14",
        "ai_answer_rule": "Generated mile based on Scout MVP3 Mid-Atlantic open route geometry, not an official ATC mile. Use for source-aware planning only."
      },
      "geometry": {
        "type": "Point",
        "coordinates": [
          -77.497844,
          39.881449
        ]
      }
    },
    {
      "type": "Feature",
      "properties": {
        "trail": "Appalachian Trail",
        "route_id": "at-mvp3-midatlantic-harpers-ferry-delaware-water-gap-open-2026",
        "source_route_id": "at-main-osm-2026-open",
        "mile_nobo_global_est": 1061.5,
        "mile_nobo_mvp3": 55.5,
        "mile_sobo_mvp3": 208.5,
        "state": "PA",
        "milepoint_type": "generated",
        "official": false,
        "confidence": "estimated_from_open_route_geometry_with_known_length_gap",
        "source_id": "osm",
        "source_url": "https://www.openstreetmap.org/relation/156553",
        "source_access_url": "https://hiking.waymarkedtrails.org/api/v1/details/relation/156553",
        "license_status": "open_license_share_alike",
        "source_license": "ODbL",
        "attribution": "OpenStreetMap contributors",
        "last_checked": "2026-05-13",
        "last_generated": "2026-05-14",
        "ai_answer_rule": "Generated mile based on Scout MVP3 Mid-Atlantic open route geometry, not an official ATC mile. Use for source-aware planning only."
      },
      "geometry": {
        "type": "Point",
        "coordinates": [
          -77.493926,
          39.887447
        ]
      }
    },
    {
      "type": "Feature",
      "properties": {
        "trail": "Appalachian Trail",
        "route_id": "at-mvp3-midatlantic-harpers-ferry-delaware-water-gap-open-2026",
        "source_route_id": "at-main-osm-2026-open",
        "mile_nobo_global_est": 1062,
        "mile_nobo_mvp3": 56,
        "mile_sobo_mvp3": 208,
        "state": "PA",
        "milepoint_type": "generated",
        "official": false,
        "confidence": "estimated_from_open_route_geometry_with_known_length_gap",
        "source_id": "osm",
        "source_url": "https://www.openstreetmap.org/relation/156553",
        "source_access_url": "https://hiking.waymarkedtrails.org/api/v1/details/relation/156553",
        "license_status": "open_license_share_alike",
        "source_license": "ODbL",
        "attribution": "OpenStreetMap contributors",
        "last_checked": "2026-05-13",
        "last_generated": "2026-05-14",
        "ai_answer_rule": "Generated mile based on Scout MVP3 Mid-Atlantic open route geometry, not an official ATC mile. Use for source-aware planning only."
      },
      "geometry": {
        "type": "Point",
        "coordinates": [
          -77.491037,
          39.893332
        ]
      }
    },
    {
      "type": "Feature",
      "properties": {
        "trail": "Appalachian Trail",
        "route_id": "at-mvp3-midatlantic-harpers-ferry-delaware-water-gap-open-2026",
        "source_route_id": "at-main-osm-2026-open",
        "mile_nobo_global_est": 1062.5,
        "mile_nobo_mvp3": 56.5,
        "mile_sobo_mvp3": 207.5,
        "state": "PA",
        "milepoint_type": "generated",
        "official": false,
        "confidence": "estimated_from_open_route_geometry_with_known_length_gap",
        "source_id": "osm",
        "source_url": "https://www.openstreetmap.org/relation/156553",
        "source_access_url": "https://hiking.waymarkedtrails.org/api/v1/details/relation/156553",
        "license_status": "open_license_share_alike",
        "source_license": "ODbL",
        "attribution": "OpenStreetMap contributors",
        "last_checked": "2026-05-13",
        "last_generated": "2026-05-14",
        "ai_answer_rule": "Generated mile based on Scout MVP3 Mid-Atlantic open route geometry, not an official ATC mile. Use for source-aware planning only."
      },
      "geometry": {
        "type": "Point",
        "coordinates": [
          -77.489659,
          39.900055
        ]
      }
    },
    {
      "type": "Feature",
      "properties": {
        "trail": "Appalachian Trail",
        "route_id": "at-mvp3-midatlantic-harpers-ferry-delaware-water-gap-open-2026",
        "source_route_id": "at-main-osm-2026-open",
        "mile_nobo_global_est": 1063,
        "mile_nobo_mvp3": 57,
        "mile_sobo_mvp3": 207,
        "state": "PA",
        "milepoint_type": "generated",
        "official": false,
        "confidence": "estimated_from_open_route_geometry_with_known_length_gap",
        "source_id": "osm",
        "source_url": "https://www.openstreetmap.org/relation/156553",
        "source_access_url": "https://hiking.waymarkedtrails.org/api/v1/details/relation/156553",
        "license_status": "open_license_share_alike",
        "source_license": "ODbL",
        "attribution": "OpenStreetMap contributors",
        "last_checked": "2026-05-13",
        "last_generated": "2026-05-14",
        "ai_answer_rule": "Generated mile based on Scout MVP3 Mid-Atlantic open route geometry, not an official ATC mile. Use for source-aware planning only."
      },
      "geometry": {
        "type": "Point",
        "coordinates": [
          -77.48907,
          39.906683
        ]
      }
    },
    {
      "type": "Feature",
      "properties": {
        "trail": "Appalachian Trail",
        "route_id": "at-mvp3-midatlantic-harpers-ferry-delaware-water-gap-open-2026",
        "source_route_id": "at-main-osm-2026-open",
        "mile_nobo_global_est": 1063.5,
        "mile_nobo_mvp3": 57.5,
        "mile_sobo_mvp3": 206.5,
        "state": "PA",
        "milepoint_type": "generated",
        "official": false,
        "confidence": "estimated_from_open_route_geometry_with_known_length_gap",
        "source_id": "osm",
        "source_url": "https://www.openstreetmap.org/relation/156553",
        "source_access_url": "https://hiking.waymarkedtrails.org/api/v1/details/relation/156553",
        "license_status": "open_license_share_alike",
        "source_license": "ODbL",
        "attribution": "OpenStreetMap contributors",
        "last_checked": "2026-05-13",
        "last_generated": "2026-05-14",
        "ai_answer_rule": "Generated mile based on Scout MVP3 Mid-Atlantic open route geometry, not an official ATC mile. Use for source-aware planning only."
      },
      "geometry": {
        "type": "Point",
        "coordinates": [
          -77.485366,
          39.909279
        ]
      }
    },
    {
      "type": "Feature",
      "properties": {
        "trail": "Appalachian Trail",
        "route_id": "at-mvp3-midatlantic-harpers-ferry-delaware-water-gap-open-2026",
        "source_route_id": "at-main-osm-2026-open",
        "mile_nobo_global_est": 1064,
        "mile_nobo_mvp3": 58,
        "mile_sobo_mvp3": 206,
        "state": "PA",
        "milepoint_type": "generated",
        "official": false,
        "confidence": "estimated_from_open_route_geometry_with_known_length_gap",
        "source_id": "osm",
        "source_url": "https://www.openstreetmap.org/relation/156553",
        "source_access_url": "https://hiking.waymarkedtrails.org/api/v1/details/relation/156553",
        "license_status": "open_license_share_alike",
        "source_license": "ODbL",
        "attribution": "OpenStreetMap contributors",
        "last_checked": "2026-05-13",
        "last_generated": "2026-05-14",
        "ai_answer_rule": "Generated mile based on Scout MVP3 Mid-Atlantic open route geometry, not an official ATC mile. Use for source-aware planning only."
      },
      "geometry": {
        "type": "Point",
        "coordinates": [
          -77.488057,
          39.914664
        ]
      }
    },
    {
      "type": "Feature",
      "properties": {
        "trail": "Appalachian Trail",
        "route_id": "at-mvp3-midatlantic-harpers-ferry-delaware-water-gap-open-2026",
        "source_route_id": "at-main-osm-2026-open",
        "mile_nobo_global_est": 1064.5,
        "mile_nobo_mvp3": 58.5,
        "mile_sobo_mvp3": 205.5,
        "state": "PA",
        "milepoint_type": "generated",
        "official": false,
        "confidence": "estimated_from_open_route_geometry_with_known_length_gap",
        "source_id": "osm",
        "source_url": "https://www.openstreetmap.org/relation/156553",
        "source_access_url": "https://hiking.waymarkedtrails.org/api/v1/details/relation/156553",
        "license_status": "open_license_share_alike",
        "source_license": "ODbL",
        "attribution": "OpenStreetMap contributors",
        "last_checked": "2026-05-13",
        "last_generated": "2026-05-14",
        "ai_answer_rule": "Generated mile based on Scout MVP3 Mid-Atlantic open route geometry, not an official ATC mile. Use for source-aware planning only."
      },
      "geometry": {
        "type": "Point",
        "coordinates": [
          -77.485079,
          39.920454
        ]
      }
    },
    {
      "type": "Feature",
      "properties": {
        "trail": "Appalachian Trail",
        "route_id": "at-mvp3-midatlantic-harpers-ferry-delaware-water-gap-open-2026",
        "source_route_id": "at-main-osm-2026-open",
        "mile_nobo_global_est": 1065,
        "mile_nobo_mvp3": 59,
        "mile_sobo_mvp3": 205,
        "state": "PA",
        "milepoint_type": "generated",
        "official": false,
        "confidence": "estimated_from_open_route_geometry_with_known_length_gap",
        "source_id": "osm",
        "source_url": "https://www.openstreetmap.org/relation/156553",
        "source_access_url": "https://hiking.waymarkedtrails.org/api/v1/details/relation/156553",
        "license_status": "open_license_share_alike",
        "source_license": "ODbL",
        "attribution": "OpenStreetMap contributors",
        "last_checked": "2026-05-13",
        "last_generated": "2026-05-14",
        "ai_answer_rule": "Generated mile based on Scout MVP3 Mid-Atlantic open route geometry, not an official ATC mile. Use for source-aware planning only."
      },
      "geometry": {
        "type": "Point",
        "coordinates": [
          -77.482402,
          39.927066
        ]
      }
    },
    {
      "type": "Feature",
      "properties": {
        "trail": "Appalachian Trail",
        "route_id": "at-mvp3-midatlantic-harpers-ferry-delaware-water-gap-open-2026",
        "source_route_id": "at-main-osm-2026-open",
        "mile_nobo_global_est": 1065.5,
        "mile_nobo_mvp3": 59.5,
        "mile_sobo_mvp3": 204.5,
        "state": "PA",
        "milepoint_type": "generated",
        "official": false,
        "confidence": "estimated_from_open_route_geometry_with_known_length_gap",
        "source_id": "osm",
        "source_url": "https://www.openstreetmap.org/relation/156553",
        "source_access_url": "https://hiking.waymarkedtrails.org/api/v1/details/relation/156553",
        "license_status": "open_license_share_alike",
        "source_license": "ODbL",
        "attribution": "OpenStreetMap contributors",
        "last_checked": "2026-05-13",
        "last_generated": "2026-05-14",
        "ai_answer_rule": "Generated mile based on Scout MVP3 Mid-Atlantic open route geometry, not an official ATC mile. Use for source-aware planning only."
      },
      "geometry": {
        "type": "Point",
        "coordinates": [
          -77.487484,
          39.93292
        ]
      }
    },
    {
      "type": "Feature",
      "properties": {
        "trail": "Appalachian Trail",
        "route_id": "at-mvp3-midatlantic-harpers-ferry-delaware-water-gap-open-2026",
        "source_route_id": "at-main-osm-2026-open",
        "mile_nobo_global_est": 1066,
        "mile_nobo_mvp3": 60,
        "mile_sobo_mvp3": 204,
        "state": "PA",
        "milepoint_type": "generated",
        "official": false,
        "confidence": "estimated_from_open_route_geometry_with_known_length_gap",
        "source_id": "osm",
        "source_url": "https://www.openstreetmap.org/relation/156553",
        "source_access_url": "https://hiking.waymarkedtrails.org/api/v1/details/relation/156553",
        "license_status": "open_license_share_alike",
        "source_license": "ODbL",
        "attribution": "OpenStreetMap contributors",
        "last_checked": "2026-05-13",
        "last_generated": "2026-05-14",
        "ai_answer_rule": "Generated mile based on Scout MVP3 Mid-Atlantic open route geometry, not an official ATC mile. Use for source-aware planning only."
      },
      "geometry": {
        "type": "Point",
        "coordinates": [
          -77.484579,
          39.938629
        ]
      }
    },
    {
      "type": "Feature",
      "properties": {
        "trail": "Appalachian Trail",
        "route_id": "at-mvp3-midatlantic-harpers-ferry-delaware-water-gap-open-2026",
        "source_route_id": "at-main-osm-2026-open",
        "mile_nobo_global_est": 1066.5,
        "mile_nobo_mvp3": 60.5,
        "mile_sobo_mvp3": 203.5,
        "state": "PA",
        "milepoint_type": "generated",
        "official": false,
        "confidence": "estimated_from_open_route_geometry_with_known_length_gap",
        "source_id": "osm",
        "source_url": "https://www.openstreetmap.org/relation/156553",
        "source_access_url": "https://hiking.waymarkedtrails.org/api/v1/details/relation/156553",
        "license_status": "open_license_share_alike",
        "source_license": "ODbL",
        "attribution": "OpenStreetMap contributors",
        "last_checked": "2026-05-13",
        "last_generated": "2026-05-14",
        "ai_answer_rule": "Generated mile based on Scout MVP3 Mid-Atlantic open route geometry, not an official ATC mile. Use for source-aware planning only."
      },
      "geometry": {
        "type": "Point",
        "coordinates": [
          -77.487097,
          39.944148
        ]
      }
    },
    {
      "type": "Feature",
      "properties": {
        "trail": "Appalachian Trail",
        "route_id": "at-mvp3-midatlantic-harpers-ferry-delaware-water-gap-open-2026",
        "source_route_id": "at-main-osm-2026-open",
        "mile_nobo_global_est": 1067,
        "mile_nobo_mvp3": 61,
        "mile_sobo_mvp3": 203,
        "state": "PA",
        "milepoint_type": "generated",
        "official": false,
        "confidence": "estimated_from_open_route_geometry_with_known_length_gap",
        "source_id": "osm",
        "source_url": "https://www.openstreetmap.org/relation/156553",
        "source_access_url": "https://hiking.waymarkedtrails.org/api/v1/details/relation/156553",
        "license_status": "open_license_share_alike",
        "source_license": "ODbL",
        "attribution": "OpenStreetMap contributors",
        "last_checked": "2026-05-13",
        "last_generated": "2026-05-14",
        "ai_answer_rule": "Generated mile based on Scout MVP3 Mid-Atlantic open route geometry, not an official ATC mile. Use for source-aware planning only."
      },
      "geometry": {
        "type": "Point",
        "coordinates": [
          -77.489703,
          39.949521
        ]
      }
    },
    {
      "type": "Feature",
      "properties": {
        "trail": "Appalachian Trail",
        "route_id": "at-mvp3-midatlantic-harpers-ferry-delaware-water-gap-open-2026",
        "source_route_id": "at-main-osm-2026-open",
        "mile_nobo_global_est": 1067.5,
        "mile_nobo_mvp3": 61.5,
        "mile_sobo_mvp3": 202.5,
        "state": "PA",
        "milepoint_type": "generated",
        "official": false,
        "confidence": "estimated_from_open_route_geometry_with_known_length_gap",
        "source_id": "osm",
        "source_url": "https://www.openstreetmap.org/relation/156553",
        "source_access_url": "https://hiking.waymarkedtrails.org/api/v1/details/relation/156553",
        "license_status": "open_license_share_alike",
        "source_license": "ODbL",
        "attribution": "OpenStreetMap contributors",
        "last_checked": "2026-05-13",
        "last_generated": "2026-05-14",
        "ai_answer_rule": "Generated mile based on Scout MVP3 Mid-Atlantic open route geometry, not an official ATC mile. Use for source-aware planning only."
      },
      "geometry": {
        "type": "Point",
        "coordinates": [
          -77.482573,
          39.953716
        ]
      }
    },
    {
      "type": "Feature",
      "properties": {
        "trail": "Appalachian Trail",
        "route_id": "at-mvp3-midatlantic-harpers-ferry-delaware-water-gap-open-2026",
        "source_route_id": "at-main-osm-2026-open",
        "mile_nobo_global_est": 1068,
        "mile_nobo_mvp3": 62,
        "mile_sobo_mvp3": 202,
        "state": "PA",
        "milepoint_type": "generated",
        "official": false,
        "confidence": "estimated_from_open_route_geometry_with_known_length_gap",
        "source_id": "osm",
        "source_url": "https://www.openstreetmap.org/relation/156553",
        "source_access_url": "https://hiking.waymarkedtrails.org/api/v1/details/relation/156553",
        "license_status": "open_license_share_alike",
        "source_license": "ODbL",
        "attribution": "OpenStreetMap contributors",
        "last_checked": "2026-05-13",
        "last_generated": "2026-05-14",
        "ai_answer_rule": "Generated mile based on Scout MVP3 Mid-Atlantic open route geometry, not an official ATC mile. Use for source-aware planning only."
      },
      "geometry": {
        "type": "Point",
        "coordinates": [
          -77.48224,
          39.96018
        ]
      }
    },
    {
      "type": "Feature",
      "properties": {
        "trail": "Appalachian Trail",
        "route_id": "at-mvp3-midatlantic-harpers-ferry-delaware-water-gap-open-2026",
        "source_route_id": "at-main-osm-2026-open",
        "mile_nobo_global_est": 1068.5,
        "mile_nobo_mvp3": 62.5,
        "mile_sobo_mvp3": 201.5,
        "state": "PA",
        "milepoint_type": "generated",
        "official": false,
        "confidence": "estimated_from_open_route_geometry_with_known_length_gap",
        "source_id": "osm",
        "source_url": "https://www.openstreetmap.org/relation/156553",
        "source_access_url": "https://hiking.waymarkedtrails.org/api/v1/details/relation/156553",
        "license_status": "open_license_share_alike",
        "source_license": "ODbL",
        "attribution": "OpenStreetMap contributors",
        "last_checked": "2026-05-13",
        "last_generated": "2026-05-14",
        "ai_answer_rule": "Generated mile based on Scout MVP3 Mid-Atlantic open route geometry, not an official ATC mile. Use for source-aware planning only."
      },
      "geometry": {
        "type": "Point",
        "coordinates": [
          -77.476175,
          39.965219
        ]
      }
    },
    {
      "type": "Feature",
      "properties": {
        "trail": "Appalachian Trail",
        "route_id": "at-mvp3-midatlantic-harpers-ferry-delaware-water-gap-open-2026",
        "source_route_id": "at-main-osm-2026-open",
        "mile_nobo_global_est": 1069,
        "mile_nobo_mvp3": 63,
        "mile_sobo_mvp3": 201,
        "state": "PA",
        "milepoint_type": "generated",
        "official": false,
        "confidence": "estimated_from_open_route_geometry_with_known_length_gap",
        "source_id": "osm",
        "source_url": "https://www.openstreetmap.org/relation/156553",
        "source_access_url": "https://hiking.waymarkedtrails.org/api/v1/details/relation/156553",
        "license_status": "open_license_share_alike",
        "source_license": "ODbL",
        "attribution": "OpenStreetMap contributors",
        "last_checked": "2026-05-13",
        "last_generated": "2026-05-14",
        "ai_answer_rule": "Generated mile based on Scout MVP3 Mid-Atlantic open route geometry, not an official ATC mile. Use for source-aware planning only."
      },
      "geometry": {
        "type": "Point",
        "coordinates": [
          -77.472437,
          39.971423
        ]
      }
    },
    {
      "type": "Feature",
      "properties": {
        "trail": "Appalachian Trail",
        "route_id": "at-mvp3-midatlantic-harpers-ferry-delaware-water-gap-open-2026",
        "source_route_id": "at-main-osm-2026-open",
        "mile_nobo_global_est": 1069.5,
        "mile_nobo_mvp3": 63.5,
        "mile_sobo_mvp3": 200.5,
        "state": "PA",
        "milepoint_type": "generated",
        "official": false,
        "confidence": "estimated_from_open_route_geometry_with_known_length_gap",
        "source_id": "osm",
        "source_url": "https://www.openstreetmap.org/relation/156553",
        "source_access_url": "https://hiking.waymarkedtrails.org/api/v1/details/relation/156553",
        "license_status": "open_license_share_alike",
        "source_license": "ODbL",
        "attribution": "OpenStreetMap contributors",
        "last_checked": "2026-05-13",
        "last_generated": "2026-05-14",
        "ai_answer_rule": "Generated mile based on Scout MVP3 Mid-Atlantic open route geometry, not an official ATC mile. Use for source-aware planning only."
      },
      "geometry": {
        "type": "Point",
        "coordinates": [
          -77.465427,
          39.975972
        ]
      }
    },
    {
      "type": "Feature",
      "properties": {
        "trail": "Appalachian Trail",
        "route_id": "at-mvp3-midatlantic-harpers-ferry-delaware-water-gap-open-2026",
        "source_route_id": "at-main-osm-2026-open",
        "mile_nobo_global_est": 1070,
        "mile_nobo_mvp3": 64,
        "mile_sobo_mvp3": 200,
        "state": "PA",
        "milepoint_type": "generated",
        "official": false,
        "confidence": "estimated_from_open_route_geometry_with_known_length_gap",
        "source_id": "osm",
        "source_url": "https://www.openstreetmap.org/relation/156553",
        "source_access_url": "https://hiking.waymarkedtrails.org/api/v1/details/relation/156553",
        "license_status": "open_license_share_alike",
        "source_license": "ODbL",
        "attribution": "OpenStreetMap contributors",
        "last_checked": "2026-05-13",
        "last_generated": "2026-05-14",
        "ai_answer_rule": "Generated mile based on Scout MVP3 Mid-Atlantic open route geometry, not an official ATC mile. Use for source-aware planning only."
      },
      "geometry": {
        "type": "Point",
        "coordinates": [
          -77.456506,
          39.976479
        ]
      }
    },
    {
      "type": "Feature",
      "properties": {
        "trail": "Appalachian Trail",
        "route_id": "at-mvp3-midatlantic-harpers-ferry-delaware-water-gap-open-2026",
        "source_route_id": "at-main-osm-2026-open",
        "mile_nobo_global_est": 1070.5,
        "mile_nobo_mvp3": 64.5,
        "mile_sobo_mvp3": 199.5,
        "state": "PA",
        "milepoint_type": "generated",
        "official": false,
        "confidence": "estimated_from_open_route_geometry_with_known_length_gap",
        "source_id": "osm",
        "source_url": "https://www.openstreetmap.org/relation/156553",
        "source_access_url": "https://hiking.waymarkedtrails.org/api/v1/details/relation/156553",
        "license_status": "open_license_share_alike",
        "source_license": "ODbL",
        "attribution": "OpenStreetMap contributors",
        "last_checked": "2026-05-13",
        "last_generated": "2026-05-14",
        "ai_answer_rule": "Generated mile based on Scout MVP3 Mid-Atlantic open route geometry, not an official ATC mile. Use for source-aware planning only."
      },
      "geometry": {
        "type": "Point",
        "coordinates": [
          -77.450404,
          39.973941
        ]
      }
    },
    {
      "type": "Feature",
      "properties": {
        "trail": "Appalachian Trail",
        "route_id": "at-mvp3-midatlantic-harpers-ferry-delaware-water-gap-open-2026",
        "source_route_id": "at-main-osm-2026-open",
        "mile_nobo_global_est": 1071,
        "mile_nobo_mvp3": 65,
        "mile_sobo_mvp3": 199,
        "state": "PA",
        "milepoint_type": "generated",
        "official": false,
        "confidence": "estimated_from_open_route_geometry_with_known_length_gap",
        "source_id": "osm",
        "source_url": "https://www.openstreetmap.org/relation/156553",
        "source_access_url": "https://hiking.waymarkedtrails.org/api/v1/details/relation/156553",
        "license_status": "open_license_share_alike",
        "source_license": "ODbL",
        "attribution": "OpenStreetMap contributors",
        "last_checked": "2026-05-13",
        "last_generated": "2026-05-14",
        "ai_answer_rule": "Generated mile based on Scout MVP3 Mid-Atlantic open route geometry, not an official ATC mile. Use for source-aware planning only."
      },
      "geometry": {
        "type": "Point",
        "coordinates": [
          -77.442046,
          39.974329
        ]
      }
    },
    {
      "type": "Feature",
      "properties": {
        "trail": "Appalachian Trail",
        "route_id": "at-mvp3-midatlantic-harpers-ferry-delaware-water-gap-open-2026",
        "source_route_id": "at-main-osm-2026-open",
        "mile_nobo_global_est": 1071.5,
        "mile_nobo_mvp3": 65.5,
        "mile_sobo_mvp3": 198.5,
        "state": "PA",
        "milepoint_type": "generated",
        "official": false,
        "confidence": "estimated_from_open_route_geometry_with_known_length_gap",
        "source_id": "osm",
        "source_url": "https://www.openstreetmap.org/relation/156553",
        "source_access_url": "https://hiking.waymarkedtrails.org/api/v1/details/relation/156553",
        "license_status": "open_license_share_alike",
        "source_license": "ODbL",
        "attribution": "OpenStreetMap contributors",
        "last_checked": "2026-05-13",
        "last_generated": "2026-05-14",
        "ai_answer_rule": "Generated mile based on Scout MVP3 Mid-Atlantic open route geometry, not an official ATC mile. Use for source-aware planning only."
      },
      "geometry": {
        "type": "Point",
        "coordinates": [
          -77.435828,
          39.979405
        ]
      }
    },
    {
      "type": "Feature",
      "properties": {
        "trail": "Appalachian Trail",
        "route_id": "at-mvp3-midatlantic-harpers-ferry-delaware-water-gap-open-2026",
        "source_route_id": "at-main-osm-2026-open",
        "mile_nobo_global_est": 1072,
        "mile_nobo_mvp3": 66,
        "mile_sobo_mvp3": 198,
        "state": "PA",
        "milepoint_type": "generated",
        "official": false,
        "confidence": "estimated_from_open_route_geometry_with_known_length_gap",
        "source_id": "osm",
        "source_url": "https://www.openstreetmap.org/relation/156553",
        "source_access_url": "https://hiking.waymarkedtrails.org/api/v1/details/relation/156553",
        "license_status": "open_license_share_alike",
        "source_license": "ODbL",
        "attribution": "OpenStreetMap contributors",
        "last_checked": "2026-05-13",
        "last_generated": "2026-05-14",
        "ai_answer_rule": "Generated mile based on Scout MVP3 Mid-Atlantic open route geometry, not an official ATC mile. Use for source-aware planning only."
      },
      "geometry": {
        "type": "Point",
        "coordinates": [
          -77.428787,
          39.98363
        ]
      }
    },
    {
      "type": "Feature",
      "properties": {
        "trail": "Appalachian Trail",
        "route_id": "at-mvp3-midatlantic-harpers-ferry-delaware-water-gap-open-2026",
        "source_route_id": "at-main-osm-2026-open",
        "mile_nobo_global_est": 1072.5,
        "mile_nobo_mvp3": 66.5,
        "mile_sobo_mvp3": 197.5,
        "state": "PA",
        "milepoint_type": "generated",
        "official": false,
        "confidence": "estimated_from_open_route_geometry_with_known_length_gap",
        "source_id": "osm",
        "source_url": "https://www.openstreetmap.org/relation/156553",
        "source_access_url": "https://hiking.waymarkedtrails.org/api/v1/details/relation/156553",
        "license_status": "open_license_share_alike",
        "source_license": "ODbL",
        "attribution": "OpenStreetMap contributors",
        "last_checked": "2026-05-13",
        "last_generated": "2026-05-14",
        "ai_answer_rule": "Generated mile based on Scout MVP3 Mid-Atlantic open route geometry, not an official ATC mile. Use for source-aware planning only."
      },
      "geometry": {
        "type": "Point",
        "coordinates": [
          -77.420543,
          39.985718
        ]
      }
    },
    {
      "type": "Feature",
      "properties": {
        "trail": "Appalachian Trail",
        "route_id": "at-mvp3-midatlantic-harpers-ferry-delaware-water-gap-open-2026",
        "source_route_id": "at-main-osm-2026-open",
        "mile_nobo_global_est": 1073,
        "mile_nobo_mvp3": 67,
        "mile_sobo_mvp3": 197,
        "state": "PA",
        "milepoint_type": "generated",
        "official": false,
        "confidence": "estimated_from_open_route_geometry_with_known_length_gap",
        "source_id": "osm",
        "source_url": "https://www.openstreetmap.org/relation/156553",
        "source_access_url": "https://hiking.waymarkedtrails.org/api/v1/details/relation/156553",
        "license_status": "open_license_share_alike",
        "source_license": "ODbL",
        "attribution": "OpenStreetMap contributors",
        "last_checked": "2026-05-13",
        "last_generated": "2026-05-14",
        "ai_answer_rule": "Generated mile based on Scout MVP3 Mid-Atlantic open route geometry, not an official ATC mile. Use for source-aware planning only."
      },
      "geometry": {
        "type": "Point",
        "coordinates": [
          -77.414424,
          39.988831
        ]
      }
    },
    {
      "type": "Feature",
      "properties": {
        "trail": "Appalachian Trail",
        "route_id": "at-mvp3-midatlantic-harpers-ferry-delaware-water-gap-open-2026",
        "source_route_id": "at-main-osm-2026-open",
        "mile_nobo_global_est": 1073.5,
        "mile_nobo_mvp3": 67.5,
        "mile_sobo_mvp3": 196.5,
        "state": "PA",
        "milepoint_type": "generated",
        "official": false,
        "confidence": "estimated_from_open_route_geometry_with_known_length_gap",
        "source_id": "osm",
        "source_url": "https://www.openstreetmap.org/relation/156553",
        "source_access_url": "https://hiking.waymarkedtrails.org/api/v1/details/relation/156553",
        "license_status": "open_license_share_alike",
        "source_license": "ODbL",
        "attribution": "OpenStreetMap contributors",
        "last_checked": "2026-05-13",
        "last_generated": "2026-05-14",
        "ai_answer_rule": "Generated mile based on Scout MVP3 Mid-Atlantic open route geometry, not an official ATC mile. Use for source-aware planning only."
      },
      "geometry": {
        "type": "Point",
        "coordinates": [
          -77.409942,
          39.994626
        ]
      }
    },
    {
      "type": "Feature",
      "properties": {
        "trail": "Appalachian Trail",
        "route_id": "at-mvp3-midatlantic-harpers-ferry-delaware-water-gap-open-2026",
        "source_route_id": "at-main-osm-2026-open",
        "mile_nobo_global_est": 1074,
        "mile_nobo_mvp3": 68,
        "mile_sobo_mvp3": 196,
        "state": "PA",
        "milepoint_type": "generated",
        "official": false,
        "confidence": "estimated_from_open_route_geometry_with_known_length_gap",
        "source_id": "osm",
        "source_url": "https://www.openstreetmap.org/relation/156553",
        "source_access_url": "https://hiking.waymarkedtrails.org/api/v1/details/relation/156553",
        "license_status": "open_license_share_alike",
        "source_license": "ODbL",
        "attribution": "OpenStreetMap contributors",
        "last_checked": "2026-05-13",
        "last_generated": "2026-05-14",
        "ai_answer_rule": "Generated mile based on Scout MVP3 Mid-Atlantic open route geometry, not an official ATC mile. Use for source-aware planning only."
      },
      "geometry": {
        "type": "Point",
        "coordinates": [
          -77.405054,
          39.999419
        ]
      }
    },
    {
      "type": "Feature",
      "properties": {
        "trail": "Appalachian Trail",
        "route_id": "at-mvp3-midatlantic-harpers-ferry-delaware-water-gap-open-2026",
        "source_route_id": "at-main-osm-2026-open",
        "mile_nobo_global_est": 1074.5,
        "mile_nobo_mvp3": 68.5,
        "mile_sobo_mvp3": 195.5,
        "state": "PA",
        "milepoint_type": "generated",
        "official": false,
        "confidence": "estimated_from_open_route_geometry_with_known_length_gap",
        "source_id": "osm",
        "source_url": "https://www.openstreetmap.org/relation/156553",
        "source_access_url": "https://hiking.waymarkedtrails.org/api/v1/details/relation/156553",
        "license_status": "open_license_share_alike",
        "source_license": "ODbL",
        "attribution": "OpenStreetMap contributors",
        "last_checked": "2026-05-13",
        "last_generated": "2026-05-14",
        "ai_answer_rule": "Generated mile based on Scout MVP3 Mid-Atlantic open route geometry, not an official ATC mile. Use for source-aware planning only."
      },
      "geometry": {
        "type": "Point",
        "coordinates": [
          -77.399159,
          40.0039
        ]
      }
    },
    {
      "type": "Feature",
      "properties": {
        "trail": "Appalachian Trail",
        "route_id": "at-mvp3-midatlantic-harpers-ferry-delaware-water-gap-open-2026",
        "source_route_id": "at-main-osm-2026-open",
        "mile_nobo_global_est": 1075,
        "mile_nobo_mvp3": 69,
        "mile_sobo_mvp3": 195,
        "state": "PA",
        "milepoint_type": "generated",
        "official": false,
        "confidence": "estimated_from_open_route_geometry_with_known_length_gap",
        "source_id": "osm",
        "source_url": "https://www.openstreetmap.org/relation/156553",
        "source_access_url": "https://hiking.waymarkedtrails.org/api/v1/details/relation/156553",
        "license_status": "open_license_share_alike",
        "source_license": "ODbL",
        "attribution": "OpenStreetMap contributors",
        "last_checked": "2026-05-13",
        "last_generated": "2026-05-14",
        "ai_answer_rule": "Generated mile based on Scout MVP3 Mid-Atlantic open route geometry, not an official ATC mile. Use for source-aware planning only."
      },
      "geometry": {
        "type": "Point",
        "coordinates": [
          -77.393027,
          40.009234
        ]
      }
    },
    {
      "type": "Feature",
      "properties": {
        "trail": "Appalachian Trail",
        "route_id": "at-mvp3-midatlantic-harpers-ferry-delaware-water-gap-open-2026",
        "source_route_id": "at-main-osm-2026-open",
        "mile_nobo_global_est": 1075.5,
        "mile_nobo_mvp3": 69.5,
        "mile_sobo_mvp3": 194.5,
        "state": "PA",
        "milepoint_type": "generated",
        "official": false,
        "confidence": "estimated_from_open_route_geometry_with_known_length_gap",
        "source_id": "osm",
        "source_url": "https://www.openstreetmap.org/relation/156553",
        "source_access_url": "https://hiking.waymarkedtrails.org/api/v1/details/relation/156553",
        "license_status": "open_license_share_alike",
        "source_license": "ODbL",
        "attribution": "OpenStreetMap contributors",
        "last_checked": "2026-05-13",
        "last_generated": "2026-05-14",
        "ai_answer_rule": "Generated mile based on Scout MVP3 Mid-Atlantic open route geometry, not an official ATC mile. Use for source-aware planning only."
      },
      "geometry": {
        "type": "Point",
        "coordinates": [
          -77.385174,
          40.012177
        ]
      }
    },
    {
      "type": "Feature",
      "properties": {
        "trail": "Appalachian Trail",
        "route_id": "at-mvp3-midatlantic-harpers-ferry-delaware-water-gap-open-2026",
        "source_route_id": "at-main-osm-2026-open",
        "mile_nobo_global_est": 1076,
        "mile_nobo_mvp3": 70,
        "mile_sobo_mvp3": 194,
        "state": "PA",
        "milepoint_type": "generated",
        "official": false,
        "confidence": "estimated_from_open_route_geometry_with_known_length_gap",
        "source_id": "osm",
        "source_url": "https://www.openstreetmap.org/relation/156553",
        "source_access_url": "https://hiking.waymarkedtrails.org/api/v1/details/relation/156553",
        "license_status": "open_license_share_alike",
        "source_license": "ODbL",
        "attribution": "OpenStreetMap contributors",
        "last_checked": "2026-05-13",
        "last_generated": "2026-05-14",
        "ai_answer_rule": "Generated mile based on Scout MVP3 Mid-Atlantic open route geometry, not an official ATC mile. Use for source-aware planning only."
      },
      "geometry": {
        "type": "Point",
        "coordinates": [
          -77.380616,
          40.015686
        ]
      }
    },
    {
      "type": "Feature",
      "properties": {
        "trail": "Appalachian Trail",
        "route_id": "at-mvp3-midatlantic-harpers-ferry-delaware-water-gap-open-2026",
        "source_route_id": "at-main-osm-2026-open",
        "mile_nobo_global_est": 1076.5,
        "mile_nobo_mvp3": 70.5,
        "mile_sobo_mvp3": 193.5,
        "state": "PA",
        "milepoint_type": "generated",
        "official": false,
        "confidence": "estimated_from_open_route_geometry_with_known_length_gap",
        "source_id": "osm",
        "source_url": "https://www.openstreetmap.org/relation/156553",
        "source_access_url": "https://hiking.waymarkedtrails.org/api/v1/details/relation/156553",
        "license_status": "open_license_share_alike",
        "source_license": "ODbL",
        "attribution": "OpenStreetMap contributors",
        "last_checked": "2026-05-13",
        "last_generated": "2026-05-14",
        "ai_answer_rule": "Generated mile based on Scout MVP3 Mid-Atlantic open route geometry, not an official ATC mile. Use for source-aware planning only."
      },
      "geometry": {
        "type": "Point",
        "coordinates": [
          -77.376523,
          40.020175
        ]
      }
    },
    {
      "type": "Feature",
      "properties": {
        "trail": "Appalachian Trail",
        "route_id": "at-mvp3-midatlantic-harpers-ferry-delaware-water-gap-open-2026",
        "source_route_id": "at-main-osm-2026-open",
        "mile_nobo_global_est": 1077,
        "mile_nobo_mvp3": 71,
        "mile_sobo_mvp3": 193,
        "state": "PA",
        "milepoint_type": "generated",
        "official": false,
        "confidence": "estimated_from_open_route_geometry_with_known_length_gap",
        "source_id": "osm",
        "source_url": "https://www.openstreetmap.org/relation/156553",
        "source_access_url": "https://hiking.waymarkedtrails.org/api/v1/details/relation/156553",
        "license_status": "open_license_share_alike",
        "source_license": "ODbL",
        "attribution": "OpenStreetMap contributors",
        "last_checked": "2026-05-13",
        "last_generated": "2026-05-14",
        "ai_answer_rule": "Generated mile based on Scout MVP3 Mid-Atlantic open route geometry, not an official ATC mile. Use for source-aware planning only."
      },
      "geometry": {
        "type": "Point",
        "coordinates": [
          -77.372964,
          40.025766
        ]
      }
    },
    {
      "type": "Feature",
      "properties": {
        "trail": "Appalachian Trail",
        "route_id": "at-mvp3-midatlantic-harpers-ferry-delaware-water-gap-open-2026",
        "source_route_id": "at-main-osm-2026-open",
        "mile_nobo_global_est": 1077.5,
        "mile_nobo_mvp3": 71.5,
        "mile_sobo_mvp3": 192.5,
        "state": "PA",
        "milepoint_type": "generated",
        "official": false,
        "confidence": "estimated_from_open_route_geometry_with_known_length_gap",
        "source_id": "osm",
        "source_url": "https://www.openstreetmap.org/relation/156553",
        "source_access_url": "https://hiking.waymarkedtrails.org/api/v1/details/relation/156553",
        "license_status": "open_license_share_alike",
        "source_license": "ODbL",
        "attribution": "OpenStreetMap contributors",
        "last_checked": "2026-05-13",
        "last_generated": "2026-05-14",
        "ai_answer_rule": "Generated mile based on Scout MVP3 Mid-Atlantic open route geometry, not an official ATC mile. Use for source-aware planning only."
      },
      "geometry": {
        "type": "Point",
        "coordinates": [
          -77.366152,
          40.028919
        ]
      }
    },
    {
      "type": "Feature",
      "properties": {
        "trail": "Appalachian Trail",
        "route_id": "at-mvp3-midatlantic-harpers-ferry-delaware-water-gap-open-2026",
        "source_route_id": "at-main-osm-2026-open",
        "mile_nobo_global_est": 1078,
        "mile_nobo_mvp3": 72,
        "mile_sobo_mvp3": 192,
        "state": "PA",
        "milepoint_type": "generated",
        "official": false,
        "confidence": "estimated_from_open_route_geometry_with_known_length_gap",
        "source_id": "osm",
        "source_url": "https://www.openstreetmap.org/relation/156553",
        "source_access_url": "https://hiking.waymarkedtrails.org/api/v1/details/relation/156553",
        "license_status": "open_license_share_alike",
        "source_license": "ODbL",
        "attribution": "OpenStreetMap contributors",
        "last_checked": "2026-05-13",
        "last_generated": "2026-05-14",
        "ai_answer_rule": "Generated mile based on Scout MVP3 Mid-Atlantic open route geometry, not an official ATC mile. Use for source-aware planning only."
      },
      "geometry": {
        "type": "Point",
        "coordinates": [
          -77.359817,
          40.027719
        ]
      }
    },
    {
      "type": "Feature",
      "properties": {
        "trail": "Appalachian Trail",
        "route_id": "at-mvp3-midatlantic-harpers-ferry-delaware-water-gap-open-2026",
        "source_route_id": "at-main-osm-2026-open",
        "mile_nobo_global_est": 1078.5,
        "mile_nobo_mvp3": 72.5,
        "mile_sobo_mvp3": 191.5,
        "state": "PA",
        "milepoint_type": "generated",
        "official": false,
        "confidence": "estimated_from_open_route_geometry_with_known_length_gap",
        "source_id": "osm",
        "source_url": "https://www.openstreetmap.org/relation/156553",
        "source_access_url": "https://hiking.waymarkedtrails.org/api/v1/details/relation/156553",
        "license_status": "open_license_share_alike",
        "source_license": "ODbL",
        "attribution": "OpenStreetMap contributors",
        "last_checked": "2026-05-13",
        "last_generated": "2026-05-14",
        "ai_answer_rule": "Generated mile based on Scout MVP3 Mid-Atlantic open route geometry, not an official ATC mile. Use for source-aware planning only."
      },
      "geometry": {
        "type": "Point",
        "coordinates": [
          -77.35684,
          40.033536
        ]
      }
    },
    {
      "type": "Feature",
      "properties": {
        "trail": "Appalachian Trail",
        "route_id": "at-mvp3-midatlantic-harpers-ferry-delaware-water-gap-open-2026",
        "source_route_id": "at-main-osm-2026-open",
        "mile_nobo_global_est": 1079,
        "mile_nobo_mvp3": 73,
        "mile_sobo_mvp3": 191,
        "state": "PA",
        "milepoint_type": "generated",
        "official": false,
        "confidence": "estimated_from_open_route_geometry_with_known_length_gap",
        "source_id": "osm",
        "source_url": "https://www.openstreetmap.org/relation/156553",
        "source_access_url": "https://hiking.waymarkedtrails.org/api/v1/details/relation/156553",
        "license_status": "open_license_share_alike",
        "source_license": "ODbL",
        "attribution": "OpenStreetMap contributors",
        "last_checked": "2026-05-13",
        "last_generated": "2026-05-14",
        "ai_answer_rule": "Generated mile based on Scout MVP3 Mid-Atlantic open route geometry, not an official ATC mile. Use for source-aware planning only."
      },
      "geometry": {
        "type": "Point",
        "coordinates": [
          -77.353179,
          40.037673
        ]
      }
    },
    {
      "type": "Feature",
      "properties": {
        "trail": "Appalachian Trail",
        "route_id": "at-mvp3-midatlantic-harpers-ferry-delaware-water-gap-open-2026",
        "source_route_id": "at-main-osm-2026-open",
        "mile_nobo_global_est": 1079.5,
        "mile_nobo_mvp3": 73.5,
        "mile_sobo_mvp3": 190.5,
        "state": "PA",
        "milepoint_type": "generated",
        "official": false,
        "confidence": "estimated_from_open_route_geometry_with_known_length_gap",
        "source_id": "osm",
        "source_url": "https://www.openstreetmap.org/relation/156553",
        "source_access_url": "https://hiking.waymarkedtrails.org/api/v1/details/relation/156553",
        "license_status": "open_license_share_alike",
        "source_license": "ODbL",
        "attribution": "OpenStreetMap contributors",
        "last_checked": "2026-05-13",
        "last_generated": "2026-05-14",
        "ai_answer_rule": "Generated mile based on Scout MVP3 Mid-Atlantic open route geometry, not an official ATC mile. Use for source-aware planning only."
      },
      "geometry": {
        "type": "Point",
        "coordinates": [
          -77.344718,
          40.040549
        ]
      }
    },
    {
      "type": "Feature",
      "properties": {
        "trail": "Appalachian Trail",
        "route_id": "at-mvp3-midatlantic-harpers-ferry-delaware-water-gap-open-2026",
        "source_route_id": "at-main-osm-2026-open",
        "mile_nobo_global_est": 1080,
        "mile_nobo_mvp3": 74,
        "mile_sobo_mvp3": 190,
        "state": "PA",
        "milepoint_type": "generated",
        "official": false,
        "confidence": "estimated_from_open_route_geometry_with_known_length_gap",
        "source_id": "osm",
        "source_url": "https://www.openstreetmap.org/relation/156553",
        "source_access_url": "https://hiking.waymarkedtrails.org/api/v1/details/relation/156553",
        "license_status": "open_license_share_alike",
        "source_license": "ODbL",
        "attribution": "OpenStreetMap contributors",
        "last_checked": "2026-05-13",
        "last_generated": "2026-05-14",
        "ai_answer_rule": "Generated mile based on Scout MVP3 Mid-Atlantic open route geometry, not an official ATC mile. Use for source-aware planning only."
      },
      "geometry": {
        "type": "Point",
        "coordinates": [
          -77.335991,
          40.039352
        ]
      }
    },
    {
      "type": "Feature",
      "properties": {
        "trail": "Appalachian Trail",
        "route_id": "at-mvp3-midatlantic-harpers-ferry-delaware-water-gap-open-2026",
        "source_route_id": "at-main-osm-2026-open",
        "mile_nobo_global_est": 1080.5,
        "mile_nobo_mvp3": 74.5,
        "mile_sobo_mvp3": 189.5,
        "state": "PA",
        "milepoint_type": "generated",
        "official": false,
        "confidence": "estimated_from_open_route_geometry_with_known_length_gap",
        "source_id": "osm",
        "source_url": "https://www.openstreetmap.org/relation/156553",
        "source_access_url": "https://hiking.waymarkedtrails.org/api/v1/details/relation/156553",
        "license_status": "open_license_share_alike",
        "source_license": "ODbL",
        "attribution": "OpenStreetMap contributors",
        "last_checked": "2026-05-13",
        "last_generated": "2026-05-14",
        "ai_answer_rule": "Generated mile based on Scout MVP3 Mid-Atlantic open route geometry, not an official ATC mile. Use for source-aware planning only."
      },
      "geometry": {
        "type": "Point",
        "coordinates": [
          -77.32744,
          40.038554
        ]
      }
    },
    {
      "type": "Feature",
      "properties": {
        "trail": "Appalachian Trail",
        "route_id": "at-mvp3-midatlantic-harpers-ferry-delaware-water-gap-open-2026",
        "source_route_id": "at-main-osm-2026-open",
        "mile_nobo_global_est": 1081,
        "mile_nobo_mvp3": 75,
        "mile_sobo_mvp3": 189,
        "state": "PA",
        "milepoint_type": "generated",
        "official": false,
        "confidence": "estimated_from_open_route_geometry_with_known_length_gap",
        "source_id": "osm",
        "source_url": "https://www.openstreetmap.org/relation/156553",
        "source_access_url": "https://hiking.waymarkedtrails.org/api/v1/details/relation/156553",
        "license_status": "open_license_share_alike",
        "source_license": "ODbL",
        "attribution": "OpenStreetMap contributors",
        "last_checked": "2026-05-13",
        "last_generated": "2026-05-14",
        "ai_answer_rule": "Generated mile based on Scout MVP3 Mid-Atlantic open route geometry, not an official ATC mile. Use for source-aware planning only."
      },
      "geometry": {
        "type": "Point",
        "coordinates": [
          -77.321184,
          40.035088
        ]
      }
    },
    {
      "type": "Feature",
      "properties": {
        "trail": "Appalachian Trail",
        "route_id": "at-mvp3-midatlantic-harpers-ferry-delaware-water-gap-open-2026",
        "source_route_id": "at-main-osm-2026-open",
        "mile_nobo_global_est": 1081.5,
        "mile_nobo_mvp3": 75.5,
        "mile_sobo_mvp3": 188.5,
        "state": "PA",
        "milepoint_type": "generated",
        "official": false,
        "confidence": "estimated_from_open_route_geometry_with_known_length_gap",
        "source_id": "osm",
        "source_url": "https://www.openstreetmap.org/relation/156553",
        "source_access_url": "https://hiking.waymarkedtrails.org/api/v1/details/relation/156553",
        "license_status": "open_license_share_alike",
        "source_license": "ODbL",
        "attribution": "OpenStreetMap contributors",
        "last_checked": "2026-05-13",
        "last_generated": "2026-05-14",
        "ai_answer_rule": "Generated mile based on Scout MVP3 Mid-Atlantic open route geometry, not an official ATC mile. Use for source-aware planning only."
      },
      "geometry": {
        "type": "Point",
        "coordinates": [
          -77.313138,
          40.035455
        ]
      }
    },
    {
      "type": "Feature",
      "properties": {
        "trail": "Appalachian Trail",
        "route_id": "at-mvp3-midatlantic-harpers-ferry-delaware-water-gap-open-2026",
        "source_route_id": "at-main-osm-2026-open",
        "mile_nobo_global_est": 1082,
        "mile_nobo_mvp3": 76,
        "mile_sobo_mvp3": 188,
        "state": "PA",
        "milepoint_type": "generated",
        "official": false,
        "confidence": "estimated_from_open_route_geometry_with_known_length_gap",
        "source_id": "osm",
        "source_url": "https://www.openstreetmap.org/relation/156553",
        "source_access_url": "https://hiking.waymarkedtrails.org/api/v1/details/relation/156553",
        "license_status": "open_license_share_alike",
        "source_license": "ODbL",
        "attribution": "OpenStreetMap contributors",
        "last_checked": "2026-05-13",
        "last_generated": "2026-05-14",
        "ai_answer_rule": "Generated mile based on Scout MVP3 Mid-Atlantic open route geometry, not an official ATC mile. Use for source-aware planning only."
      },
      "geometry": {
        "type": "Point",
        "coordinates": [
          -77.308734,
          40.031775
        ]
      }
    },
    {
      "type": "Feature",
      "properties": {
        "trail": "Appalachian Trail",
        "route_id": "at-mvp3-midatlantic-harpers-ferry-delaware-water-gap-open-2026",
        "source_route_id": "at-main-osm-2026-open",
        "mile_nobo_global_est": 1082.5,
        "mile_nobo_mvp3": 76.5,
        "mile_sobo_mvp3": 187.5,
        "state": "PA",
        "milepoint_type": "generated",
        "official": false,
        "confidence": "estimated_from_open_route_geometry_with_known_length_gap",
        "source_id": "osm",
        "source_url": "https://www.openstreetmap.org/relation/156553",
        "source_access_url": "https://hiking.waymarkedtrails.org/api/v1/details/relation/156553",
        "license_status": "open_license_share_alike",
        "source_license": "ODbL",
        "attribution": "OpenStreetMap contributors",
        "last_checked": "2026-05-13",
        "last_generated": "2026-05-14",
        "ai_answer_rule": "Generated mile based on Scout MVP3 Mid-Atlantic open route geometry, not an official ATC mile. Use for source-aware planning only."
      },
      "geometry": {
        "type": "Point",
        "coordinates": [
          -77.300675,
          40.031178
        ]
      }
    },
    {
      "type": "Feature",
      "properties": {
        "trail": "Appalachian Trail",
        "route_id": "at-mvp3-midatlantic-harpers-ferry-delaware-water-gap-open-2026",
        "source_route_id": "at-main-osm-2026-open",
        "mile_nobo_global_est": 1083,
        "mile_nobo_mvp3": 77,
        "mile_sobo_mvp3": 187,
        "state": "PA",
        "milepoint_type": "generated",
        "official": false,
        "confidence": "estimated_from_open_route_geometry_with_known_length_gap",
        "source_id": "osm",
        "source_url": "https://www.openstreetmap.org/relation/156553",
        "source_access_url": "https://hiking.waymarkedtrails.org/api/v1/details/relation/156553",
        "license_status": "open_license_share_alike",
        "source_license": "ODbL",
        "attribution": "OpenStreetMap contributors",
        "last_checked": "2026-05-13",
        "last_generated": "2026-05-14",
        "ai_answer_rule": "Generated mile based on Scout MVP3 Mid-Atlantic open route geometry, not an official ATC mile. Use for source-aware planning only."
      },
      "geometry": {
        "type": "Point",
        "coordinates": [
          -77.293326,
          40.028831
        ]
      }
    },
    {
      "type": "Feature",
      "properties": {
        "trail": "Appalachian Trail",
        "route_id": "at-mvp3-midatlantic-harpers-ferry-delaware-water-gap-open-2026",
        "source_route_id": "at-main-osm-2026-open",
        "mile_nobo_global_est": 1083.5,
        "mile_nobo_mvp3": 77.5,
        "mile_sobo_mvp3": 186.5,
        "state": "PA",
        "milepoint_type": "generated",
        "official": false,
        "confidence": "estimated_from_open_route_geometry_with_known_length_gap",
        "source_id": "osm",
        "source_url": "https://www.openstreetmap.org/relation/156553",
        "source_access_url": "https://hiking.waymarkedtrails.org/api/v1/details/relation/156553",
        "license_status": "open_license_share_alike",
        "source_license": "ODbL",
        "attribution": "OpenStreetMap contributors",
        "last_checked": "2026-05-13",
        "last_generated": "2026-05-14",
        "ai_answer_rule": "Generated mile based on Scout MVP3 Mid-Atlantic open route geometry, not an official ATC mile. Use for source-aware planning only."
      },
      "geometry": {
        "type": "Point",
        "coordinates": [
          -77.287007,
          40.030326
        ]
      }
    },
    {
      "type": "Feature",
      "properties": {
        "trail": "Appalachian Trail",
        "route_id": "at-mvp3-midatlantic-harpers-ferry-delaware-water-gap-open-2026",
        "source_route_id": "at-main-osm-2026-open",
        "mile_nobo_global_est": 1084,
        "mile_nobo_mvp3": 78,
        "mile_sobo_mvp3": 186,
        "state": "PA",
        "milepoint_type": "generated",
        "official": false,
        "confidence": "estimated_from_open_route_geometry_with_known_length_gap",
        "source_id": "osm",
        "source_url": "https://www.openstreetmap.org/relation/156553",
        "source_access_url": "https://hiking.waymarkedtrails.org/api/v1/details/relation/156553",
        "license_status": "open_license_share_alike",
        "source_license": "ODbL",
        "attribution": "OpenStreetMap contributors",
        "last_checked": "2026-05-13",
        "last_generated": "2026-05-14",
        "ai_answer_rule": "Generated mile based on Scout MVP3 Mid-Atlantic open route geometry, not an official ATC mile. Use for source-aware planning only."
      },
      "geometry": {
        "type": "Point",
        "coordinates": [
          -77.278656,
          40.027412
        ]
      }
    },
    {
      "type": "Feature",
      "properties": {
        "trail": "Appalachian Trail",
        "route_id": "at-mvp3-midatlantic-harpers-ferry-delaware-water-gap-open-2026",
        "source_route_id": "at-main-osm-2026-open",
        "mile_nobo_global_est": 1084.5,
        "mile_nobo_mvp3": 78.5,
        "mile_sobo_mvp3": 185.5,
        "state": "PA",
        "milepoint_type": "generated",
        "official": false,
        "confidence": "estimated_from_open_route_geometry_with_known_length_gap",
        "source_id": "osm",
        "source_url": "https://www.openstreetmap.org/relation/156553",
        "source_access_url": "https://hiking.waymarkedtrails.org/api/v1/details/relation/156553",
        "license_status": "open_license_share_alike",
        "source_license": "ODbL",
        "attribution": "OpenStreetMap contributors",
        "last_checked": "2026-05-13",
        "last_generated": "2026-05-14",
        "ai_answer_rule": "Generated mile based on Scout MVP3 Mid-Atlantic open route geometry, not an official ATC mile. Use for source-aware planning only."
      },
      "geometry": {
        "type": "Point",
        "coordinates": [
          -77.269561,
          40.028068
        ]
      }
    },
    {
      "type": "Feature",
      "properties": {
        "trail": "Appalachian Trail",
        "route_id": "at-mvp3-midatlantic-harpers-ferry-delaware-water-gap-open-2026",
        "source_route_id": "at-main-osm-2026-open",
        "mile_nobo_global_est": 1085,
        "mile_nobo_mvp3": 79,
        "mile_sobo_mvp3": 185,
        "state": "PA",
        "milepoint_type": "generated",
        "official": false,
        "confidence": "estimated_from_open_route_geometry_with_known_length_gap",
        "source_id": "osm",
        "source_url": "https://www.openstreetmap.org/relation/156553",
        "source_access_url": "https://hiking.waymarkedtrails.org/api/v1/details/relation/156553",
        "license_status": "open_license_share_alike",
        "source_license": "ODbL",
        "attribution": "OpenStreetMap contributors",
        "last_checked": "2026-05-13",
        "last_generated": "2026-05-14",
        "ai_answer_rule": "Generated mile based on Scout MVP3 Mid-Atlantic open route geometry, not an official ATC mile. Use for source-aware planning only."
      },
      "geometry": {
        "type": "Point",
        "coordinates": [
          -77.261051,
          40.029808
        ]
      }
    },
    {
      "type": "Feature",
      "properties": {
        "trail": "Appalachian Trail",
        "route_id": "at-mvp3-midatlantic-harpers-ferry-delaware-water-gap-open-2026",
        "source_route_id": "at-main-osm-2026-open",
        "mile_nobo_global_est": 1085.5,
        "mile_nobo_mvp3": 79.5,
        "mile_sobo_mvp3": 184.5,
        "state": "PA",
        "milepoint_type": "generated",
        "official": false,
        "confidence": "estimated_from_open_route_geometry_with_known_length_gap",
        "source_id": "osm",
        "source_url": "https://www.openstreetmap.org/relation/156553",
        "source_access_url": "https://hiking.waymarkedtrails.org/api/v1/details/relation/156553",
        "license_status": "open_license_share_alike",
        "source_license": "ODbL",
        "attribution": "OpenStreetMap contributors",
        "last_checked": "2026-05-13",
        "last_generated": "2026-05-14",
        "ai_answer_rule": "Generated mile based on Scout MVP3 Mid-Atlantic open route geometry, not an official ATC mile. Use for source-aware planning only."
      },
      "geometry": {
        "type": "Point",
        "coordinates": [
          -77.254005,
          40.029271
        ]
      }
    },
    {
      "type": "Feature",
      "properties": {
        "trail": "Appalachian Trail",
        "route_id": "at-mvp3-midatlantic-harpers-ferry-delaware-water-gap-open-2026",
        "source_route_id": "at-main-osm-2026-open",
        "mile_nobo_global_est": 1086,
        "mile_nobo_mvp3": 80,
        "mile_sobo_mvp3": 184,
        "state": "PA",
        "milepoint_type": "generated",
        "official": false,
        "confidence": "estimated_from_open_route_geometry_with_known_length_gap",
        "source_id": "osm",
        "source_url": "https://www.openstreetmap.org/relation/156553",
        "source_access_url": "https://hiking.waymarkedtrails.org/api/v1/details/relation/156553",
        "license_status": "open_license_share_alike",
        "source_license": "ODbL",
        "attribution": "OpenStreetMap contributors",
        "last_checked": "2026-05-13",
        "last_generated": "2026-05-14",
        "ai_answer_rule": "Generated mile based on Scout MVP3 Mid-Atlantic open route geometry, not an official ATC mile. Use for source-aware planning only."
      },
      "geometry": {
        "type": "Point",
        "coordinates": [
          -77.248202,
          40.033863
        ]
      }
    },
    {
      "type": "Feature",
      "properties": {
        "trail": "Appalachian Trail",
        "route_id": "at-mvp3-midatlantic-harpers-ferry-delaware-water-gap-open-2026",
        "source_route_id": "at-main-osm-2026-open",
        "mile_nobo_global_est": 1086.5,
        "mile_nobo_mvp3": 80.5,
        "mile_sobo_mvp3": 183.5,
        "state": "PA",
        "milepoint_type": "generated",
        "official": false,
        "confidence": "estimated_from_open_route_geometry_with_known_length_gap",
        "source_id": "osm",
        "source_url": "https://www.openstreetmap.org/relation/156553",
        "source_access_url": "https://hiking.waymarkedtrails.org/api/v1/details/relation/156553",
        "license_status": "open_license_share_alike",
        "source_license": "ODbL",
        "attribution": "OpenStreetMap contributors",
        "last_checked": "2026-05-13",
        "last_generated": "2026-05-14",
        "ai_answer_rule": "Generated mile based on Scout MVP3 Mid-Atlantic open route geometry, not an official ATC mile. Use for source-aware planning only."
      },
      "geometry": {
        "type": "Point",
        "coordinates": [
          -77.242,
          40.038818
        ]
      }
    },
    {
      "type": "Feature",
      "properties": {
        "trail": "Appalachian Trail",
        "route_id": "at-mvp3-midatlantic-harpers-ferry-delaware-water-gap-open-2026",
        "source_route_id": "at-main-osm-2026-open",
        "mile_nobo_global_est": 1087,
        "mile_nobo_mvp3": 81,
        "mile_sobo_mvp3": 183,
        "state": "PA",
        "milepoint_type": "generated",
        "official": false,
        "confidence": "estimated_from_open_route_geometry_with_known_length_gap",
        "source_id": "osm",
        "source_url": "https://www.openstreetmap.org/relation/156553",
        "source_access_url": "https://hiking.waymarkedtrails.org/api/v1/details/relation/156553",
        "license_status": "open_license_share_alike",
        "source_license": "ODbL",
        "attribution": "OpenStreetMap contributors",
        "last_checked": "2026-05-13",
        "last_generated": "2026-05-14",
        "ai_answer_rule": "Generated mile based on Scout MVP3 Mid-Atlantic open route geometry, not an official ATC mile. Use for source-aware planning only."
      },
      "geometry": {
        "type": "Point",
        "coordinates": [
          -77.236597,
          40.04418
        ]
      }
    },
    {
      "type": "Feature",
      "properties": {
        "trail": "Appalachian Trail",
        "route_id": "at-mvp3-midatlantic-harpers-ferry-delaware-water-gap-open-2026",
        "source_route_id": "at-main-osm-2026-open",
        "mile_nobo_global_est": 1087.5,
        "mile_nobo_mvp3": 81.5,
        "mile_sobo_mvp3": 182.5,
        "state": "PA",
        "milepoint_type": "generated",
        "official": false,
        "confidence": "estimated_from_open_route_geometry_with_known_length_gap",
        "source_id": "osm",
        "source_url": "https://www.openstreetmap.org/relation/156553",
        "source_access_url": "https://hiking.waymarkedtrails.org/api/v1/details/relation/156553",
        "license_status": "open_license_share_alike",
        "source_license": "ODbL",
        "attribution": "OpenStreetMap contributors",
        "last_checked": "2026-05-13",
        "last_generated": "2026-05-14",
        "ai_answer_rule": "Generated mile based on Scout MVP3 Mid-Atlantic open route geometry, not an official ATC mile. Use for source-aware planning only."
      },
      "geometry": {
        "type": "Point",
        "coordinates": [
          -77.231276,
          40.049981
        ]
      }
    },
    {
      "type": "Feature",
      "properties": {
        "trail": "Appalachian Trail",
        "route_id": "at-mvp3-midatlantic-harpers-ferry-delaware-water-gap-open-2026",
        "source_route_id": "at-main-osm-2026-open",
        "mile_nobo_global_est": 1088,
        "mile_nobo_mvp3": 82,
        "mile_sobo_mvp3": 182,
        "state": "PA",
        "milepoint_type": "generated",
        "official": false,
        "confidence": "estimated_from_open_route_geometry_with_known_length_gap",
        "source_id": "osm",
        "source_url": "https://www.openstreetmap.org/relation/156553",
        "source_access_url": "https://hiking.waymarkedtrails.org/api/v1/details/relation/156553",
        "license_status": "open_license_share_alike",
        "source_license": "ODbL",
        "attribution": "OpenStreetMap contributors",
        "last_checked": "2026-05-13",
        "last_generated": "2026-05-14",
        "ai_answer_rule": "Generated mile based on Scout MVP3 Mid-Atlantic open route geometry, not an official ATC mile. Use for source-aware planning only."
      },
      "geometry": {
        "type": "Point",
        "coordinates": [
          -77.225,
          40.054857
        ]
      }
    },
    {
      "type": "Feature",
      "properties": {
        "trail": "Appalachian Trail",
        "route_id": "at-mvp3-midatlantic-harpers-ferry-delaware-water-gap-open-2026",
        "source_route_id": "at-main-osm-2026-open",
        "mile_nobo_global_est": 1088.5,
        "mile_nobo_mvp3": 82.5,
        "mile_sobo_mvp3": 181.5,
        "state": "PA",
        "milepoint_type": "generated",
        "official": false,
        "confidence": "estimated_from_open_route_geometry_with_known_length_gap",
        "source_id": "osm",
        "source_url": "https://www.openstreetmap.org/relation/156553",
        "source_access_url": "https://hiking.waymarkedtrails.org/api/v1/details/relation/156553",
        "license_status": "open_license_share_alike",
        "source_license": "ODbL",
        "attribution": "OpenStreetMap contributors",
        "last_checked": "2026-05-13",
        "last_generated": "2026-05-14",
        "ai_answer_rule": "Generated mile based on Scout MVP3 Mid-Atlantic open route geometry, not an official ATC mile. Use for source-aware planning only."
      },
      "geometry": {
        "type": "Point",
        "coordinates": [
          -77.217508,
          40.058774
        ]
      }
    },
    {
      "type": "Feature",
      "properties": {
        "trail": "Appalachian Trail",
        "route_id": "at-mvp3-midatlantic-harpers-ferry-delaware-water-gap-open-2026",
        "source_route_id": "at-main-osm-2026-open",
        "mile_nobo_global_est": 1089,
        "mile_nobo_mvp3": 83,
        "mile_sobo_mvp3": 181,
        "state": "PA",
        "milepoint_type": "generated",
        "official": false,
        "confidence": "estimated_from_open_route_geometry_with_known_length_gap",
        "source_id": "osm",
        "source_url": "https://www.openstreetmap.org/relation/156553",
        "source_access_url": "https://hiking.waymarkedtrails.org/api/v1/details/relation/156553",
        "license_status": "open_license_share_alike",
        "source_license": "ODbL",
        "attribution": "OpenStreetMap contributors",
        "last_checked": "2026-05-13",
        "last_generated": "2026-05-14",
        "ai_answer_rule": "Generated mile based on Scout MVP3 Mid-Atlantic open route geometry, not an official ATC mile. Use for source-aware planning only."
      },
      "geometry": {
        "type": "Point",
        "coordinates": [
          -77.21282,
          40.064502
        ]
      }
    },
    {
      "type": "Feature",
      "properties": {
        "trail": "Appalachian Trail",
        "route_id": "at-mvp3-midatlantic-harpers-ferry-delaware-water-gap-open-2026",
        "source_route_id": "at-main-osm-2026-open",
        "mile_nobo_global_est": 1089.5,
        "mile_nobo_mvp3": 83.5,
        "mile_sobo_mvp3": 180.5,
        "state": "PA",
        "milepoint_type": "generated",
        "official": false,
        "confidence": "estimated_from_open_route_geometry_with_known_length_gap",
        "source_id": "osm",
        "source_url": "https://www.openstreetmap.org/relation/156553",
        "source_access_url": "https://hiking.waymarkedtrails.org/api/v1/details/relation/156553",
        "license_status": "open_license_share_alike",
        "source_license": "ODbL",
        "attribution": "OpenStreetMap contributors",
        "last_checked": "2026-05-13",
        "last_generated": "2026-05-14",
        "ai_answer_rule": "Generated mile based on Scout MVP3 Mid-Atlantic open route geometry, not an official ATC mile. Use for source-aware planning only."
      },
      "geometry": {
        "type": "Point",
        "coordinates": [
          -77.205951,
          40.067977
        ]
      }
    },
    {
      "type": "Feature",
      "properties": {
        "trail": "Appalachian Trail",
        "route_id": "at-mvp3-midatlantic-harpers-ferry-delaware-water-gap-open-2026",
        "source_route_id": "at-main-osm-2026-open",
        "mile_nobo_global_est": 1090,
        "mile_nobo_mvp3": 84,
        "mile_sobo_mvp3": 180,
        "state": "PA",
        "milepoint_type": "generated",
        "official": false,
        "confidence": "estimated_from_open_route_geometry_with_known_length_gap",
        "source_id": "osm",
        "source_url": "https://www.openstreetmap.org/relation/156553",
        "source_access_url": "https://hiking.waymarkedtrails.org/api/v1/details/relation/156553",
        "license_status": "open_license_share_alike",
        "source_license": "ODbL",
        "attribution": "OpenStreetMap contributors",
        "last_checked": "2026-05-13",
        "last_generated": "2026-05-14",
        "ai_answer_rule": "Generated mile based on Scout MVP3 Mid-Atlantic open route geometry, not an official ATC mile. Use for source-aware planning only."
      },
      "geometry": {
        "type": "Point",
        "coordinates": [
          -77.20194,
          40.073424
        ]
      }
    },
    {
      "type": "Feature",
      "properties": {
        "trail": "Appalachian Trail",
        "route_id": "at-mvp3-midatlantic-harpers-ferry-delaware-water-gap-open-2026",
        "source_route_id": "at-main-osm-2026-open",
        "mile_nobo_global_est": 1090.5,
        "mile_nobo_mvp3": 84.5,
        "mile_sobo_mvp3": 179.5,
        "state": "PA",
        "milepoint_type": "generated",
        "official": false,
        "confidence": "estimated_from_open_route_geometry_with_known_length_gap",
        "source_id": "osm",
        "source_url": "https://www.openstreetmap.org/relation/156553",
        "source_access_url": "https://hiking.waymarkedtrails.org/api/v1/details/relation/156553",
        "license_status": "open_license_share_alike",
        "source_license": "ODbL",
        "attribution": "OpenStreetMap contributors",
        "last_checked": "2026-05-13",
        "last_generated": "2026-05-14",
        "ai_answer_rule": "Generated mile based on Scout MVP3 Mid-Atlantic open route geometry, not an official ATC mile. Use for source-aware planning only."
      },
      "geometry": {
        "type": "Point",
        "coordinates": [
          -77.194974,
          40.078029
        ]
      }
    },
    {
      "type": "Feature",
      "properties": {
        "trail": "Appalachian Trail",
        "route_id": "at-mvp3-midatlantic-harpers-ferry-delaware-water-gap-open-2026",
        "source_route_id": "at-main-osm-2026-open",
        "mile_nobo_global_est": 1091,
        "mile_nobo_mvp3": 85,
        "mile_sobo_mvp3": 179,
        "state": "PA",
        "milepoint_type": "generated",
        "official": false,
        "confidence": "estimated_from_open_route_geometry_with_known_length_gap",
        "source_id": "osm",
        "source_url": "https://www.openstreetmap.org/relation/156553",
        "source_access_url": "https://hiking.waymarkedtrails.org/api/v1/details/relation/156553",
        "license_status": "open_license_share_alike",
        "source_license": "ODbL",
        "attribution": "OpenStreetMap contributors",
        "last_checked": "2026-05-13",
        "last_generated": "2026-05-14",
        "ai_answer_rule": "Generated mile based on Scout MVP3 Mid-Atlantic open route geometry, not an official ATC mile. Use for source-aware planning only."
      },
      "geometry": {
        "type": "Point",
        "coordinates": [
          -77.187512,
          40.080258
        ]
      }
    },
    {
      "type": "Feature",
      "properties": {
        "trail": "Appalachian Trail",
        "route_id": "at-mvp3-midatlantic-harpers-ferry-delaware-water-gap-open-2026",
        "source_route_id": "at-main-osm-2026-open",
        "mile_nobo_global_est": 1091.5,
        "mile_nobo_mvp3": 85.5,
        "mile_sobo_mvp3": 178.5,
        "state": "PA",
        "milepoint_type": "generated",
        "official": false,
        "confidence": "estimated_from_open_route_geometry_with_known_length_gap",
        "source_id": "osm",
        "source_url": "https://www.openstreetmap.org/relation/156553",
        "source_access_url": "https://hiking.waymarkedtrails.org/api/v1/details/relation/156553",
        "license_status": "open_license_share_alike",
        "source_license": "ODbL",
        "attribution": "OpenStreetMap contributors",
        "last_checked": "2026-05-13",
        "last_generated": "2026-05-14",
        "ai_answer_rule": "Generated mile based on Scout MVP3 Mid-Atlantic open route geometry, not an official ATC mile. Use for source-aware planning only."
      },
      "geometry": {
        "type": "Point",
        "coordinates": [
          -77.179732,
          40.082564
        ]
      }
    },
    {
      "type": "Feature",
      "properties": {
        "trail": "Appalachian Trail",
        "route_id": "at-mvp3-midatlantic-harpers-ferry-delaware-water-gap-open-2026",
        "source_route_id": "at-main-osm-2026-open",
        "mile_nobo_global_est": 1092,
        "mile_nobo_mvp3": 86,
        "mile_sobo_mvp3": 178,
        "state": "PA",
        "milepoint_type": "generated",
        "official": false,
        "confidence": "estimated_from_open_route_geometry_with_known_length_gap",
        "source_id": "osm",
        "source_url": "https://www.openstreetmap.org/relation/156553",
        "source_access_url": "https://hiking.waymarkedtrails.org/api/v1/details/relation/156553",
        "license_status": "open_license_share_alike",
        "source_license": "ODbL",
        "attribution": "OpenStreetMap contributors",
        "last_checked": "2026-05-13",
        "last_generated": "2026-05-14",
        "ai_answer_rule": "Generated mile based on Scout MVP3 Mid-Atlantic open route geometry, not an official ATC mile. Use for source-aware planning only."
      },
      "geometry": {
        "type": "Point",
        "coordinates": [
          -77.17395,
          40.087333
        ]
      }
    },
    {
      "type": "Feature",
      "properties": {
        "trail": "Appalachian Trail",
        "route_id": "at-mvp3-midatlantic-harpers-ferry-delaware-water-gap-open-2026",
        "source_route_id": "at-main-osm-2026-open",
        "mile_nobo_global_est": 1092.5,
        "mile_nobo_mvp3": 86.5,
        "mile_sobo_mvp3": 177.5,
        "state": "PA",
        "milepoint_type": "generated",
        "official": false,
        "confidence": "estimated_from_open_route_geometry_with_known_length_gap",
        "source_id": "osm",
        "source_url": "https://www.openstreetmap.org/relation/156553",
        "source_access_url": "https://hiking.waymarkedtrails.org/api/v1/details/relation/156553",
        "license_status": "open_license_share_alike",
        "source_license": "ODbL",
        "attribution": "OpenStreetMap contributors",
        "last_checked": "2026-05-13",
        "last_generated": "2026-05-14",
        "ai_answer_rule": "Generated mile based on Scout MVP3 Mid-Atlantic open route geometry, not an official ATC mile. Use for source-aware planning only."
      },
      "geometry": {
        "type": "Point",
        "coordinates": [
          -77.171127,
          40.0928
        ]
      }
    },
    {
      "type": "Feature",
      "properties": {
        "trail": "Appalachian Trail",
        "route_id": "at-mvp3-midatlantic-harpers-ferry-delaware-water-gap-open-2026",
        "source_route_id": "at-main-osm-2026-open",
        "mile_nobo_global_est": 1093,
        "mile_nobo_mvp3": 87,
        "mile_sobo_mvp3": 177,
        "state": "PA",
        "milepoint_type": "generated",
        "official": false,
        "confidence": "estimated_from_open_route_geometry_with_known_length_gap",
        "source_id": "osm",
        "source_url": "https://www.openstreetmap.org/relation/156553",
        "source_access_url": "https://hiking.waymarkedtrails.org/api/v1/details/relation/156553",
        "license_status": "open_license_share_alike",
        "source_license": "ODbL",
        "attribution": "OpenStreetMap contributors",
        "last_checked": "2026-05-13",
        "last_generated": "2026-05-14",
        "ai_answer_rule": "Generated mile based on Scout MVP3 Mid-Atlantic open route geometry, not an official ATC mile. Use for source-aware planning only."
      },
      "geometry": {
        "type": "Point",
        "coordinates": [
          -77.163738,
          40.093017
        ]
      }
    },
    {
      "type": "Feature",
      "properties": {
        "trail": "Appalachian Trail",
        "route_id": "at-mvp3-midatlantic-harpers-ferry-delaware-water-gap-open-2026",
        "source_route_id": "at-main-osm-2026-open",
        "mile_nobo_global_est": 1093.5,
        "mile_nobo_mvp3": 87.5,
        "mile_sobo_mvp3": 176.5,
        "state": "PA",
        "milepoint_type": "generated",
        "official": false,
        "confidence": "estimated_from_open_route_geometry_with_known_length_gap",
        "source_id": "osm",
        "source_url": "https://www.openstreetmap.org/relation/156553",
        "source_access_url": "https://hiking.waymarkedtrails.org/api/v1/details/relation/156553",
        "license_status": "open_license_share_alike",
        "source_license": "ODbL",
        "attribution": "OpenStreetMap contributors",
        "last_checked": "2026-05-13",
        "last_generated": "2026-05-14",
        "ai_answer_rule": "Generated mile based on Scout MVP3 Mid-Atlantic open route geometry, not an official ATC mile. Use for source-aware planning only."
      },
      "geometry": {
        "type": "Point",
        "coordinates": [
          -77.155977,
          40.091385
        ]
      }
    },
    {
      "type": "Feature",
      "properties": {
        "trail": "Appalachian Trail",
        "route_id": "at-mvp3-midatlantic-harpers-ferry-delaware-water-gap-open-2026",
        "source_route_id": "at-main-osm-2026-open",
        "mile_nobo_global_est": 1094,
        "mile_nobo_mvp3": 88,
        "mile_sobo_mvp3": 176,
        "state": "PA",
        "milepoint_type": "generated",
        "official": false,
        "confidence": "estimated_from_open_route_geometry_with_known_length_gap",
        "source_id": "osm",
        "source_url": "https://www.openstreetmap.org/relation/156553",
        "source_access_url": "https://hiking.waymarkedtrails.org/api/v1/details/relation/156553",
        "license_status": "open_license_share_alike",
        "source_license": "ODbL",
        "attribution": "OpenStreetMap contributors",
        "last_checked": "2026-05-13",
        "last_generated": "2026-05-14",
        "ai_answer_rule": "Generated mile based on Scout MVP3 Mid-Atlantic open route geometry, not an official ATC mile. Use for source-aware planning only."
      },
      "geometry": {
        "type": "Point",
        "coordinates": [
          -77.149595,
          40.091197
        ]
      }
    },
    {
      "type": "Feature",
      "properties": {
        "trail": "Appalachian Trail",
        "route_id": "at-mvp3-midatlantic-harpers-ferry-delaware-water-gap-open-2026",
        "source_route_id": "at-main-osm-2026-open",
        "mile_nobo_global_est": 1094.5,
        "mile_nobo_mvp3": 88.5,
        "mile_sobo_mvp3": 175.5,
        "state": "PA",
        "milepoint_type": "generated",
        "official": false,
        "confidence": "estimated_from_open_route_geometry_with_known_length_gap",
        "source_id": "osm",
        "source_url": "https://www.openstreetmap.org/relation/156553",
        "source_access_url": "https://hiking.waymarkedtrails.org/api/v1/details/relation/156553",
        "license_status": "open_license_share_alike",
        "source_license": "ODbL",
        "attribution": "OpenStreetMap contributors",
        "last_checked": "2026-05-13",
        "last_generated": "2026-05-14",
        "ai_answer_rule": "Generated mile based on Scout MVP3 Mid-Atlantic open route geometry, not an official ATC mile. Use for source-aware planning only."
      },
      "geometry": {
        "type": "Point",
        "coordinates": [
          -77.141795,
          40.093006
        ]
      }
    },
    {
      "type": "Feature",
      "properties": {
        "trail": "Appalachian Trail",
        "route_id": "at-mvp3-midatlantic-harpers-ferry-delaware-water-gap-open-2026",
        "source_route_id": "at-main-osm-2026-open",
        "mile_nobo_global_est": 1095,
        "mile_nobo_mvp3": 89,
        "mile_sobo_mvp3": 175,
        "state": "PA",
        "milepoint_type": "generated",
        "official": false,
        "confidence": "estimated_from_open_route_geometry_with_known_length_gap",
        "source_id": "osm",
        "source_url": "https://www.openstreetmap.org/relation/156553",
        "source_access_url": "https://hiking.waymarkedtrails.org/api/v1/details/relation/156553",
        "license_status": "open_license_share_alike",
        "source_license": "ODbL",
        "attribution": "OpenStreetMap contributors",
        "last_checked": "2026-05-13",
        "last_generated": "2026-05-14",
        "ai_answer_rule": "Generated mile based on Scout MVP3 Mid-Atlantic open route geometry, not an official ATC mile. Use for source-aware planning only."
      },
      "geometry": {
        "type": "Point",
        "coordinates": [
          -77.13391,
          40.095486
        ]
      }
    },
    {
      "type": "Feature",
      "properties": {
        "trail": "Appalachian Trail",
        "route_id": "at-mvp3-midatlantic-harpers-ferry-delaware-water-gap-open-2026",
        "source_route_id": "at-main-osm-2026-open",
        "mile_nobo_global_est": 1095.5,
        "mile_nobo_mvp3": 89.5,
        "mile_sobo_mvp3": 174.5,
        "state": "PA",
        "milepoint_type": "generated",
        "official": false,
        "confidence": "estimated_from_open_route_geometry_with_known_length_gap",
        "source_id": "osm",
        "source_url": "https://www.openstreetmap.org/relation/156553",
        "source_access_url": "https://hiking.waymarkedtrails.org/api/v1/details/relation/156553",
        "license_status": "open_license_share_alike",
        "source_license": "ODbL",
        "attribution": "OpenStreetMap contributors",
        "last_checked": "2026-05-13",
        "last_generated": "2026-05-14",
        "ai_answer_rule": "Generated mile based on Scout MVP3 Mid-Atlantic open route geometry, not an official ATC mile. Use for source-aware planning only."
      },
      "geometry": {
        "type": "Point",
        "coordinates": [
          -77.126504,
          40.098736
        ]
      }
    },
    {
      "type": "Feature",
      "properties": {
        "trail": "Appalachian Trail",
        "route_id": "at-mvp3-midatlantic-harpers-ferry-delaware-water-gap-open-2026",
        "source_route_id": "at-main-osm-2026-open",
        "mile_nobo_global_est": 1096,
        "mile_nobo_mvp3": 90,
        "mile_sobo_mvp3": 174,
        "state": "PA",
        "milepoint_type": "generated",
        "official": false,
        "confidence": "estimated_from_open_route_geometry_with_known_length_gap",
        "source_id": "osm",
        "source_url": "https://www.openstreetmap.org/relation/156553",
        "source_access_url": "https://hiking.waymarkedtrails.org/api/v1/details/relation/156553",
        "license_status": "open_license_share_alike",
        "source_license": "ODbL",
        "attribution": "OpenStreetMap contributors",
        "last_checked": "2026-05-13",
        "last_generated": "2026-05-14",
        "ai_answer_rule": "Generated mile based on Scout MVP3 Mid-Atlantic open route geometry, not an official ATC mile. Use for source-aware planning only."
      },
      "geometry": {
        "type": "Point",
        "coordinates": [
          -77.118026,
          40.100151
        ]
      }
    },
    {
      "type": "Feature",
      "properties": {
        "trail": "Appalachian Trail",
        "route_id": "at-mvp3-midatlantic-harpers-ferry-delaware-water-gap-open-2026",
        "source_route_id": "at-main-osm-2026-open",
        "mile_nobo_global_est": 1096.5,
        "mile_nobo_mvp3": 90.5,
        "mile_sobo_mvp3": 173.5,
        "state": "PA",
        "milepoint_type": "generated",
        "official": false,
        "confidence": "estimated_from_open_route_geometry_with_known_length_gap",
        "source_id": "osm",
        "source_url": "https://www.openstreetmap.org/relation/156553",
        "source_access_url": "https://hiking.waymarkedtrails.org/api/v1/details/relation/156553",
        "license_status": "open_license_share_alike",
        "source_license": "ODbL",
        "attribution": "OpenStreetMap contributors",
        "last_checked": "2026-05-13",
        "last_generated": "2026-05-14",
        "ai_answer_rule": "Generated mile based on Scout MVP3 Mid-Atlantic open route geometry, not an official ATC mile. Use for source-aware planning only."
      },
      "geometry": {
        "type": "Point",
        "coordinates": [
          -77.112567,
          40.104871
        ]
      }
    },
    {
      "type": "Feature",
      "properties": {
        "trail": "Appalachian Trail",
        "route_id": "at-mvp3-midatlantic-harpers-ferry-delaware-water-gap-open-2026",
        "source_route_id": "at-main-osm-2026-open",
        "mile_nobo_global_est": 1097,
        "mile_nobo_mvp3": 91,
        "mile_sobo_mvp3": 173,
        "state": "PA",
        "milepoint_type": "generated",
        "official": false,
        "confidence": "estimated_from_open_route_geometry_with_known_length_gap",
        "source_id": "osm",
        "source_url": "https://www.openstreetmap.org/relation/156553",
        "source_access_url": "https://hiking.waymarkedtrails.org/api/v1/details/relation/156553",
        "license_status": "open_license_share_alike",
        "source_license": "ODbL",
        "attribution": "OpenStreetMap contributors",
        "last_checked": "2026-05-13",
        "last_generated": "2026-05-14",
        "ai_answer_rule": "Generated mile based on Scout MVP3 Mid-Atlantic open route geometry, not an official ATC mile. Use for source-aware planning only."
      },
      "geometry": {
        "type": "Point",
        "coordinates": [
          -77.109707,
          40.109289
        ]
      }
    },
    {
      "type": "Feature",
      "properties": {
        "trail": "Appalachian Trail",
        "route_id": "at-mvp3-midatlantic-harpers-ferry-delaware-water-gap-open-2026",
        "source_route_id": "at-main-osm-2026-open",
        "mile_nobo_global_est": 1097.5,
        "mile_nobo_mvp3": 91.5,
        "mile_sobo_mvp3": 172.5,
        "state": "PA",
        "milepoint_type": "generated",
        "official": false,
        "confidence": "estimated_from_open_route_geometry_with_known_length_gap",
        "source_id": "osm",
        "source_url": "https://www.openstreetmap.org/relation/156553",
        "source_access_url": "https://hiking.waymarkedtrails.org/api/v1/details/relation/156553",
        "license_status": "open_license_share_alike",
        "source_license": "ODbL",
        "attribution": "OpenStreetMap contributors",
        "last_checked": "2026-05-13",
        "last_generated": "2026-05-14",
        "ai_answer_rule": "Generated mile based on Scout MVP3 Mid-Atlantic open route geometry, not an official ATC mile. Use for source-aware planning only."
      },
      "geometry": {
        "type": "Point",
        "coordinates": [
          -77.103993,
          40.114339
        ]
      }
    },
    {
      "type": "Feature",
      "properties": {
        "trail": "Appalachian Trail",
        "route_id": "at-mvp3-midatlantic-harpers-ferry-delaware-water-gap-open-2026",
        "source_route_id": "at-main-osm-2026-open",
        "mile_nobo_global_est": 1098,
        "mile_nobo_mvp3": 92,
        "mile_sobo_mvp3": 172,
        "state": "PA",
        "milepoint_type": "generated",
        "official": false,
        "confidence": "estimated_from_open_route_geometry_with_known_length_gap",
        "source_id": "osm",
        "source_url": "https://www.openstreetmap.org/relation/156553",
        "source_access_url": "https://hiking.waymarkedtrails.org/api/v1/details/relation/156553",
        "license_status": "open_license_share_alike",
        "source_license": "ODbL",
        "attribution": "OpenStreetMap contributors",
        "last_checked": "2026-05-13",
        "last_generated": "2026-05-14",
        "ai_answer_rule": "Generated mile based on Scout MVP3 Mid-Atlantic open route geometry, not an official ATC mile. Use for source-aware planning only."
      },
      "geometry": {
        "type": "Point",
        "coordinates": [
          -77.103323,
          40.120733
        ]
      }
    },
    {
      "type": "Feature",
      "properties": {
        "trail": "Appalachian Trail",
        "route_id": "at-mvp3-midatlantic-harpers-ferry-delaware-water-gap-open-2026",
        "source_route_id": "at-main-osm-2026-open",
        "mile_nobo_global_est": 1098.5,
        "mile_nobo_mvp3": 92.5,
        "mile_sobo_mvp3": 171.5,
        "state": "PA",
        "milepoint_type": "generated",
        "official": false,
        "confidence": "estimated_from_open_route_geometry_with_known_length_gap",
        "source_id": "osm",
        "source_url": "https://www.openstreetmap.org/relation/156553",
        "source_access_url": "https://hiking.waymarkedtrails.org/api/v1/details/relation/156553",
        "license_status": "open_license_share_alike",
        "source_license": "ODbL",
        "attribution": "OpenStreetMap contributors",
        "last_checked": "2026-05-13",
        "last_generated": "2026-05-14",
        "ai_answer_rule": "Generated mile based on Scout MVP3 Mid-Atlantic open route geometry, not an official ATC mile. Use for source-aware planning only."
      },
      "geometry": {
        "type": "Point",
        "coordinates": [
          -77.104573,
          40.124566
        ]
      }
    },
    {
      "type": "Feature",
      "properties": {
        "trail": "Appalachian Trail",
        "route_id": "at-mvp3-midatlantic-harpers-ferry-delaware-water-gap-open-2026",
        "source_route_id": "at-main-osm-2026-open",
        "mile_nobo_global_est": 1099,
        "mile_nobo_mvp3": 93,
        "mile_sobo_mvp3": 171,
        "state": "PA",
        "milepoint_type": "generated",
        "official": false,
        "confidence": "estimated_from_open_route_geometry_with_known_length_gap",
        "source_id": "osm",
        "source_url": "https://www.openstreetmap.org/relation/156553",
        "source_access_url": "https://hiking.waymarkedtrails.org/api/v1/details/relation/156553",
        "license_status": "open_license_share_alike",
        "source_license": "ODbL",
        "attribution": "OpenStreetMap contributors",
        "last_checked": "2026-05-13",
        "last_generated": "2026-05-14",
        "ai_answer_rule": "Generated mile based on Scout MVP3 Mid-Atlantic open route geometry, not an official ATC mile. Use for source-aware planning only."
      },
      "geometry": {
        "type": "Point",
        "coordinates": [
          -77.110623,
          40.12798
        ]
      }
    },
    {
      "type": "Feature",
      "properties": {
        "trail": "Appalachian Trail",
        "route_id": "at-mvp3-midatlantic-harpers-ferry-delaware-water-gap-open-2026",
        "source_route_id": "at-main-osm-2026-open",
        "mile_nobo_global_est": 1099.5,
        "mile_nobo_mvp3": 93.5,
        "mile_sobo_mvp3": 170.5,
        "state": "PA",
        "milepoint_type": "generated",
        "official": false,
        "confidence": "estimated_from_open_route_geometry_with_known_length_gap",
        "source_id": "osm",
        "source_url": "https://www.openstreetmap.org/relation/156553",
        "source_access_url": "https://hiking.waymarkedtrails.org/api/v1/details/relation/156553",
        "license_status": "open_license_share_alike",
        "source_license": "ODbL",
        "attribution": "OpenStreetMap contributors",
        "last_checked": "2026-05-13",
        "last_generated": "2026-05-14",
        "ai_answer_rule": "Generated mile based on Scout MVP3 Mid-Atlantic open route geometry, not an official ATC mile. Use for source-aware planning only."
      },
      "geometry": {
        "type": "Point",
        "coordinates": [
          -77.113322,
          40.134423
        ]
      }
    },
    {
      "type": "Feature",
      "properties": {
        "trail": "Appalachian Trail",
        "route_id": "at-mvp3-midatlantic-harpers-ferry-delaware-water-gap-open-2026",
        "source_route_id": "at-main-osm-2026-open",
        "mile_nobo_global_est": 1100,
        "mile_nobo_mvp3": 94,
        "mile_sobo_mvp3": 170,
        "state": "PA",
        "milepoint_type": "generated",
        "official": false,
        "confidence": "estimated_from_open_route_geometry_with_known_length_gap",
        "source_id": "osm",
        "source_url": "https://www.openstreetmap.org/relation/156553",
        "source_access_url": "https://hiking.waymarkedtrails.org/api/v1/details/relation/156553",
        "license_status": "open_license_share_alike",
        "source_license": "ODbL",
        "attribution": "OpenStreetMap contributors",
        "last_checked": "2026-05-13",
        "last_generated": "2026-05-14",
        "ai_answer_rule": "Generated mile based on Scout MVP3 Mid-Atlantic open route geometry, not an official ATC mile. Use for source-aware planning only."
      },
      "geometry": {
        "type": "Point",
        "coordinates": [
          -77.115308,
          40.139628
        ]
      }
    },
    {
      "type": "Feature",
      "properties": {
        "trail": "Appalachian Trail",
        "route_id": "at-mvp3-midatlantic-harpers-ferry-delaware-water-gap-open-2026",
        "source_route_id": "at-main-osm-2026-open",
        "mile_nobo_global_est": 1100.5,
        "mile_nobo_mvp3": 94.5,
        "mile_sobo_mvp3": 169.5,
        "state": "PA",
        "milepoint_type": "generated",
        "official": false,
        "confidence": "estimated_from_open_route_geometry_with_known_length_gap",
        "source_id": "osm",
        "source_url": "https://www.openstreetmap.org/relation/156553",
        "source_access_url": "https://hiking.waymarkedtrails.org/api/v1/details/relation/156553",
        "license_status": "open_license_share_alike",
        "source_license": "ODbL",
        "attribution": "OpenStreetMap contributors",
        "last_checked": "2026-05-13",
        "last_generated": "2026-05-14",
        "ai_answer_rule": "Generated mile based on Scout MVP3 Mid-Atlantic open route geometry, not an official ATC mile. Use for source-aware planning only."
      },
      "geometry": {
        "type": "Point",
        "coordinates": [
          -77.11872,
          40.14447
        ]
      }
    },
    {
      "type": "Feature",
      "properties": {
        "trail": "Appalachian Trail",
        "route_id": "at-mvp3-midatlantic-harpers-ferry-delaware-water-gap-open-2026",
        "source_route_id": "at-main-osm-2026-open",
        "mile_nobo_global_est": 1101,
        "mile_nobo_mvp3": 95,
        "mile_sobo_mvp3": 169,
        "state": "PA",
        "milepoint_type": "generated",
        "official": false,
        "confidence": "estimated_from_open_route_geometry_with_known_length_gap",
        "source_id": "osm",
        "source_url": "https://www.openstreetmap.org/relation/156553",
        "source_access_url": "https://hiking.waymarkedtrails.org/api/v1/details/relation/156553",
        "license_status": "open_license_share_alike",
        "source_license": "ODbL",
        "attribution": "OpenStreetMap contributors",
        "last_checked": "2026-05-13",
        "last_generated": "2026-05-14",
        "ai_answer_rule": "Generated mile based on Scout MVP3 Mid-Atlantic open route geometry, not an official ATC mile. Use for source-aware planning only."
      },
      "geometry": {
        "type": "Point",
        "coordinates": [
          -77.123656,
          40.147809
        ]
      }
    },
    {
      "type": "Feature",
      "properties": {
        "trail": "Appalachian Trail",
        "route_id": "at-mvp3-midatlantic-harpers-ferry-delaware-water-gap-open-2026",
        "source_route_id": "at-main-osm-2026-open",
        "mile_nobo_global_est": 1101.5,
        "mile_nobo_mvp3": 95.5,
        "mile_sobo_mvp3": 168.5,
        "state": "PA",
        "milepoint_type": "generated",
        "official": false,
        "confidence": "estimated_from_open_route_geometry_with_known_length_gap",
        "source_id": "osm",
        "source_url": "https://www.openstreetmap.org/relation/156553",
        "source_access_url": "https://hiking.waymarkedtrails.org/api/v1/details/relation/156553",
        "license_status": "open_license_share_alike",
        "source_license": "ODbL",
        "attribution": "OpenStreetMap contributors",
        "last_checked": "2026-05-13",
        "last_generated": "2026-05-14",
        "ai_answer_rule": "Generated mile based on Scout MVP3 Mid-Atlantic open route geometry, not an official ATC mile. Use for source-aware planning only."
      },
      "geometry": {
        "type": "Point",
        "coordinates": [
          -77.122891,
          40.150855
        ]
      }
    },
    {
      "type": "Feature",
      "properties": {
        "trail": "Appalachian Trail",
        "route_id": "at-mvp3-midatlantic-harpers-ferry-delaware-water-gap-open-2026",
        "source_route_id": "at-main-osm-2026-open",
        "mile_nobo_global_est": 1102,
        "mile_nobo_mvp3": 96,
        "mile_sobo_mvp3": 168,
        "state": "PA",
        "milepoint_type": "generated",
        "official": false,
        "confidence": "estimated_from_open_route_geometry_with_known_length_gap",
        "source_id": "osm",
        "source_url": "https://www.openstreetmap.org/relation/156553",
        "source_access_url": "https://hiking.waymarkedtrails.org/api/v1/details/relation/156553",
        "license_status": "open_license_share_alike",
        "source_license": "ODbL",
        "attribution": "OpenStreetMap contributors",
        "last_checked": "2026-05-13",
        "last_generated": "2026-05-14",
        "ai_answer_rule": "Generated mile based on Scout MVP3 Mid-Atlantic open route geometry, not an official ATC mile. Use for source-aware planning only."
      },
      "geometry": {
        "type": "Point",
        "coordinates": [
          -77.11919,
          40.155421
        ]
      }
    },
    {
      "type": "Feature",
      "properties": {
        "trail": "Appalachian Trail",
        "route_id": "at-mvp3-midatlantic-harpers-ferry-delaware-water-gap-open-2026",
        "source_route_id": "at-main-osm-2026-open",
        "mile_nobo_global_est": 1102.5,
        "mile_nobo_mvp3": 96.5,
        "mile_sobo_mvp3": 167.5,
        "state": "PA",
        "milepoint_type": "generated",
        "official": false,
        "confidence": "estimated_from_open_route_geometry_with_known_length_gap",
        "source_id": "osm",
        "source_url": "https://www.openstreetmap.org/relation/156553",
        "source_access_url": "https://hiking.waymarkedtrails.org/api/v1/details/relation/156553",
        "license_status": "open_license_share_alike",
        "source_license": "ODbL",
        "attribution": "OpenStreetMap contributors",
        "last_checked": "2026-05-13",
        "last_generated": "2026-05-14",
        "ai_answer_rule": "Generated mile based on Scout MVP3 Mid-Atlantic open route geometry, not an official ATC mile. Use for source-aware planning only."
      },
      "geometry": {
        "type": "Point",
        "coordinates": [
          -77.119683,
          40.16256
        ]
      }
    },
    {
      "type": "Feature",
      "properties": {
        "trail": "Appalachian Trail",
        "route_id": "at-mvp3-midatlantic-harpers-ferry-delaware-water-gap-open-2026",
        "source_route_id": "at-main-osm-2026-open",
        "mile_nobo_global_est": 1103,
        "mile_nobo_mvp3": 97,
        "mile_sobo_mvp3": 167,
        "state": "PA",
        "milepoint_type": "generated",
        "official": false,
        "confidence": "estimated_from_open_route_geometry_with_known_length_gap",
        "source_id": "osm",
        "source_url": "https://www.openstreetmap.org/relation/156553",
        "source_access_url": "https://hiking.waymarkedtrails.org/api/v1/details/relation/156553",
        "license_status": "open_license_share_alike",
        "source_license": "ODbL",
        "attribution": "OpenStreetMap contributors",
        "last_checked": "2026-05-13",
        "last_generated": "2026-05-14",
        "ai_answer_rule": "Generated mile based on Scout MVP3 Mid-Atlantic open route geometry, not an official ATC mile. Use for source-aware planning only."
      },
      "geometry": {
        "type": "Point",
        "coordinates": [
          -77.120232,
          40.169492
        ]
      }
    },
    {
      "type": "Feature",
      "properties": {
        "trail": "Appalachian Trail",
        "route_id": "at-mvp3-midatlantic-harpers-ferry-delaware-water-gap-open-2026",
        "source_route_id": "at-main-osm-2026-open",
        "mile_nobo_global_est": 1103.5,
        "mile_nobo_mvp3": 97.5,
        "mile_sobo_mvp3": 166.5,
        "state": "PA",
        "milepoint_type": "generated",
        "official": false,
        "confidence": "estimated_from_open_route_geometry_with_known_length_gap",
        "source_id": "osm",
        "source_url": "https://www.openstreetmap.org/relation/156553",
        "source_access_url": "https://hiking.waymarkedtrails.org/api/v1/details/relation/156553",
        "license_status": "open_license_share_alike",
        "source_license": "ODbL",
        "attribution": "OpenStreetMap contributors",
        "last_checked": "2026-05-13",
        "last_generated": "2026-05-14",
        "ai_answer_rule": "Generated mile based on Scout MVP3 Mid-Atlantic open route geometry, not an official ATC mile. Use for source-aware planning only."
      },
      "geometry": {
        "type": "Point",
        "coordinates": [
          -77.119674,
          40.176198
        ]
      }
    },
    {
      "type": "Feature",
      "properties": {
        "trail": "Appalachian Trail",
        "route_id": "at-mvp3-midatlantic-harpers-ferry-delaware-water-gap-open-2026",
        "source_route_id": "at-main-osm-2026-open",
        "mile_nobo_global_est": 1104,
        "mile_nobo_mvp3": 98,
        "mile_sobo_mvp3": 166,
        "state": "PA",
        "milepoint_type": "generated",
        "official": false,
        "confidence": "estimated_from_open_route_geometry_with_known_length_gap",
        "source_id": "osm",
        "source_url": "https://www.openstreetmap.org/relation/156553",
        "source_access_url": "https://hiking.waymarkedtrails.org/api/v1/details/relation/156553",
        "license_status": "open_license_share_alike",
        "source_license": "ODbL",
        "attribution": "OpenStreetMap contributors",
        "last_checked": "2026-05-13",
        "last_generated": "2026-05-14",
        "ai_answer_rule": "Generated mile based on Scout MVP3 Mid-Atlantic open route geometry, not an official ATC mile. Use for source-aware planning only."
      },
      "geometry": {
        "type": "Point",
        "coordinates": [
          -77.11323,
          40.180761
        ]
      }
    },
    {
      "type": "Feature",
      "properties": {
        "trail": "Appalachian Trail",
        "route_id": "at-mvp3-midatlantic-harpers-ferry-delaware-water-gap-open-2026",
        "source_route_id": "at-main-osm-2026-open",
        "mile_nobo_global_est": 1104.5,
        "mile_nobo_mvp3": 98.5,
        "mile_sobo_mvp3": 165.5,
        "state": "PA",
        "milepoint_type": "generated",
        "official": false,
        "confidence": "estimated_from_open_route_geometry_with_known_length_gap",
        "source_id": "osm",
        "source_url": "https://www.openstreetmap.org/relation/156553",
        "source_access_url": "https://hiking.waymarkedtrails.org/api/v1/details/relation/156553",
        "license_status": "open_license_share_alike",
        "source_license": "ODbL",
        "attribution": "OpenStreetMap contributors",
        "last_checked": "2026-05-13",
        "last_generated": "2026-05-14",
        "ai_answer_rule": "Generated mile based on Scout MVP3 Mid-Atlantic open route geometry, not an official ATC mile. Use for source-aware planning only."
      },
      "geometry": {
        "type": "Point",
        "coordinates": [
          -77.108446,
          40.186236
        ]
      }
    },
    {
      "type": "Feature",
      "properties": {
        "trail": "Appalachian Trail",
        "route_id": "at-mvp3-midatlantic-harpers-ferry-delaware-water-gap-open-2026",
        "source_route_id": "at-main-osm-2026-open",
        "mile_nobo_global_est": 1105,
        "mile_nobo_mvp3": 99,
        "mile_sobo_mvp3": 165,
        "state": "PA",
        "milepoint_type": "generated",
        "official": false,
        "confidence": "estimated_from_open_route_geometry_with_known_length_gap",
        "source_id": "osm",
        "source_url": "https://www.openstreetmap.org/relation/156553",
        "source_access_url": "https://hiking.waymarkedtrails.org/api/v1/details/relation/156553",
        "license_status": "open_license_share_alike",
        "source_license": "ODbL",
        "attribution": "OpenStreetMap contributors",
        "last_checked": "2026-05-13",
        "last_generated": "2026-05-14",
        "ai_answer_rule": "Generated mile based on Scout MVP3 Mid-Atlantic open route geometry, not an official ATC mile. Use for source-aware planning only."
      },
      "geometry": {
        "type": "Point",
        "coordinates": [
          -77.106058,
          40.192747
        ]
      }
    },
    {
      "type": "Feature",
      "properties": {
        "trail": "Appalachian Trail",
        "route_id": "at-mvp3-midatlantic-harpers-ferry-delaware-water-gap-open-2026",
        "source_route_id": "at-main-osm-2026-open",
        "mile_nobo_global_est": 1105.5,
        "mile_nobo_mvp3": 99.5,
        "mile_sobo_mvp3": 164.5,
        "state": "PA",
        "milepoint_type": "generated",
        "official": false,
        "confidence": "estimated_from_open_route_geometry_with_known_length_gap",
        "source_id": "osm",
        "source_url": "https://www.openstreetmap.org/relation/156553",
        "source_access_url": "https://hiking.waymarkedtrails.org/api/v1/details/relation/156553",
        "license_status": "open_license_share_alike",
        "source_license": "ODbL",
        "attribution": "OpenStreetMap contributors",
        "last_checked": "2026-05-13",
        "last_generated": "2026-05-14",
        "ai_answer_rule": "Generated mile based on Scout MVP3 Mid-Atlantic open route geometry, not an official ATC mile. Use for source-aware planning only."
      },
      "geometry": {
        "type": "Point",
        "coordinates": [
          -77.108779,
          40.198877
        ]
      }
    },
    {
      "type": "Feature",
      "properties": {
        "trail": "Appalachian Trail",
        "route_id": "at-mvp3-midatlantic-harpers-ferry-delaware-water-gap-open-2026",
        "source_route_id": "at-main-osm-2026-open",
        "mile_nobo_global_est": 1106,
        "mile_nobo_mvp3": 100,
        "mile_sobo_mvp3": 164,
        "state": "PA",
        "milepoint_type": "generated",
        "official": false,
        "confidence": "estimated_from_open_route_geometry_with_known_length_gap",
        "source_id": "osm",
        "source_url": "https://www.openstreetmap.org/relation/156553",
        "source_access_url": "https://hiking.waymarkedtrails.org/api/v1/details/relation/156553",
        "license_status": "open_license_share_alike",
        "source_license": "ODbL",
        "attribution": "OpenStreetMap contributors",
        "last_checked": "2026-05-13",
        "last_generated": "2026-05-14",
        "ai_answer_rule": "Generated mile based on Scout MVP3 Mid-Atlantic open route geometry, not an official ATC mile. Use for source-aware planning only."
      },
      "geometry": {
        "type": "Point",
        "coordinates": [
          -77.113328,
          40.203816
        ]
      }
    },
    {
      "type": "Feature",
      "properties": {
        "trail": "Appalachian Trail",
        "route_id": "at-mvp3-midatlantic-harpers-ferry-delaware-water-gap-open-2026",
        "source_route_id": "at-main-osm-2026-open",
        "mile_nobo_global_est": 1106.5,
        "mile_nobo_mvp3": 100.5,
        "mile_sobo_mvp3": 163.5,
        "state": "PA",
        "milepoint_type": "generated",
        "official": false,
        "confidence": "estimated_from_open_route_geometry_with_known_length_gap",
        "source_id": "osm",
        "source_url": "https://www.openstreetmap.org/relation/156553",
        "source_access_url": "https://hiking.waymarkedtrails.org/api/v1/details/relation/156553",
        "license_status": "open_license_share_alike",
        "source_license": "ODbL",
        "attribution": "OpenStreetMap contributors",
        "last_checked": "2026-05-13",
        "last_generated": "2026-05-14",
        "ai_answer_rule": "Generated mile based on Scout MVP3 Mid-Atlantic open route geometry, not an official ATC mile. Use for source-aware planning only."
      },
      "geometry": {
        "type": "Point",
        "coordinates": [
          -77.113692,
          40.209756
        ]
      }
    },
    {
      "type": "Feature",
      "properties": {
        "trail": "Appalachian Trail",
        "route_id": "at-mvp3-midatlantic-harpers-ferry-delaware-water-gap-open-2026",
        "source_route_id": "at-main-osm-2026-open",
        "mile_nobo_global_est": 1107,
        "mile_nobo_mvp3": 101,
        "mile_sobo_mvp3": 163,
        "state": "PA",
        "milepoint_type": "generated",
        "official": false,
        "confidence": "estimated_from_open_route_geometry_with_known_length_gap",
        "source_id": "osm",
        "source_url": "https://www.openstreetmap.org/relation/156553",
        "source_access_url": "https://hiking.waymarkedtrails.org/api/v1/details/relation/156553",
        "license_status": "open_license_share_alike",
        "source_license": "ODbL",
        "attribution": "OpenStreetMap contributors",
        "last_checked": "2026-05-13",
        "last_generated": "2026-05-14",
        "ai_answer_rule": "Generated mile based on Scout MVP3 Mid-Atlantic open route geometry, not an official ATC mile. Use for source-aware planning only."
      },
      "geometry": {
        "type": "Point",
        "coordinates": [
          -77.105709,
          40.213186
        ]
      }
    },
    {
      "type": "Feature",
      "properties": {
        "trail": "Appalachian Trail",
        "route_id": "at-mvp3-midatlantic-harpers-ferry-delaware-water-gap-open-2026",
        "source_route_id": "at-main-osm-2026-open",
        "mile_nobo_global_est": 1107.5,
        "mile_nobo_mvp3": 101.5,
        "mile_sobo_mvp3": 162.5,
        "state": "PA",
        "milepoint_type": "generated",
        "official": false,
        "confidence": "estimated_from_open_route_geometry_with_known_length_gap",
        "source_id": "osm",
        "source_url": "https://www.openstreetmap.org/relation/156553",
        "source_access_url": "https://hiking.waymarkedtrails.org/api/v1/details/relation/156553",
        "license_status": "open_license_share_alike",
        "source_license": "ODbL",
        "attribution": "OpenStreetMap contributors",
        "last_checked": "2026-05-13",
        "last_generated": "2026-05-14",
        "ai_answer_rule": "Generated mile based on Scout MVP3 Mid-Atlantic open route geometry, not an official ATC mile. Use for source-aware planning only."
      },
      "geometry": {
        "type": "Point",
        "coordinates": [
          -77.105888,
          40.219432
        ]
      }
    },
    {
      "type": "Feature",
      "properties": {
        "trail": "Appalachian Trail",
        "route_id": "at-mvp3-midatlantic-harpers-ferry-delaware-water-gap-open-2026",
        "source_route_id": "at-main-osm-2026-open",
        "mile_nobo_global_est": 1108,
        "mile_nobo_mvp3": 102,
        "mile_sobo_mvp3": 162,
        "state": "PA",
        "milepoint_type": "generated",
        "official": false,
        "confidence": "estimated_from_open_route_geometry_with_known_length_gap",
        "source_id": "osm",
        "source_url": "https://www.openstreetmap.org/relation/156553",
        "source_access_url": "https://hiking.waymarkedtrails.org/api/v1/details/relation/156553",
        "license_status": "open_license_share_alike",
        "source_license": "ODbL",
        "attribution": "OpenStreetMap contributors",
        "last_checked": "2026-05-13",
        "last_generated": "2026-05-14",
        "ai_answer_rule": "Generated mile based on Scout MVP3 Mid-Atlantic open route geometry, not an official ATC mile. Use for source-aware planning only."
      },
      "geometry": {
        "type": "Point",
        "coordinates": [
          -77.104111,
          40.223874
        ]
      }
    },
    {
      "type": "Feature",
      "properties": {
        "trail": "Appalachian Trail",
        "route_id": "at-mvp3-midatlantic-harpers-ferry-delaware-water-gap-open-2026",
        "source_route_id": "at-main-osm-2026-open",
        "mile_nobo_global_est": 1108.5,
        "mile_nobo_mvp3": 102.5,
        "mile_sobo_mvp3": 161.5,
        "state": "PA",
        "milepoint_type": "generated",
        "official": false,
        "confidence": "estimated_from_open_route_geometry_with_known_length_gap",
        "source_id": "osm",
        "source_url": "https://www.openstreetmap.org/relation/156553",
        "source_access_url": "https://hiking.waymarkedtrails.org/api/v1/details/relation/156553",
        "license_status": "open_license_share_alike",
        "source_license": "ODbL",
        "attribution": "OpenStreetMap contributors",
        "last_checked": "2026-05-13",
        "last_generated": "2026-05-14",
        "ai_answer_rule": "Generated mile based on Scout MVP3 Mid-Atlantic open route geometry, not an official ATC mile. Use for source-aware planning only."
      },
      "geometry": {
        "type": "Point",
        "coordinates": [
          -77.110013,
          40.228567
        ]
      }
    },
    {
      "type": "Feature",
      "properties": {
        "trail": "Appalachian Trail",
        "route_id": "at-mvp3-midatlantic-harpers-ferry-delaware-water-gap-open-2026",
        "source_route_id": "at-main-osm-2026-open",
        "mile_nobo_global_est": 1109,
        "mile_nobo_mvp3": 103,
        "mile_sobo_mvp3": 161,
        "state": "PA",
        "milepoint_type": "generated",
        "official": false,
        "confidence": "estimated_from_open_route_geometry_with_known_length_gap",
        "source_id": "osm",
        "source_url": "https://www.openstreetmap.org/relation/156553",
        "source_access_url": "https://hiking.waymarkedtrails.org/api/v1/details/relation/156553",
        "license_status": "open_license_share_alike",
        "source_license": "ODbL",
        "attribution": "OpenStreetMap contributors",
        "last_checked": "2026-05-13",
        "last_generated": "2026-05-14",
        "ai_answer_rule": "Generated mile based on Scout MVP3 Mid-Atlantic open route geometry, not an official ATC mile. Use for source-aware planning only."
      },
      "geometry": {
        "type": "Point",
        "coordinates": [
          -77.107563,
          40.23505
        ]
      }
    },
    {
      "type": "Feature",
      "properties": {
        "trail": "Appalachian Trail",
        "route_id": "at-mvp3-midatlantic-harpers-ferry-delaware-water-gap-open-2026",
        "source_route_id": "at-main-osm-2026-open",
        "mile_nobo_global_est": 1109.5,
        "mile_nobo_mvp3": 103.5,
        "mile_sobo_mvp3": 160.5,
        "state": "PA",
        "milepoint_type": "generated",
        "official": false,
        "confidence": "estimated_from_open_route_geometry_with_known_length_gap",
        "source_id": "osm",
        "source_url": "https://www.openstreetmap.org/relation/156553",
        "source_access_url": "https://hiking.waymarkedtrails.org/api/v1/details/relation/156553",
        "license_status": "open_license_share_alike",
        "source_license": "ODbL",
        "attribution": "OpenStreetMap contributors",
        "last_checked": "2026-05-13",
        "last_generated": "2026-05-14",
        "ai_answer_rule": "Generated mile based on Scout MVP3 Mid-Atlantic open route geometry, not an official ATC mile. Use for source-aware planning only."
      },
      "geometry": {
        "type": "Point",
        "coordinates": [
          -77.101148,
          40.239482
        ]
      }
    },
    {
      "type": "Feature",
      "properties": {
        "trail": "Appalachian Trail",
        "route_id": "at-mvp3-midatlantic-harpers-ferry-delaware-water-gap-open-2026",
        "source_route_id": "at-main-osm-2026-open",
        "mile_nobo_global_est": 1110,
        "mile_nobo_mvp3": 104,
        "mile_sobo_mvp3": 160,
        "state": "PA",
        "milepoint_type": "generated",
        "official": false,
        "confidence": "estimated_from_open_route_geometry_with_known_length_gap",
        "source_id": "osm",
        "source_url": "https://www.openstreetmap.org/relation/156553",
        "source_access_url": "https://hiking.waymarkedtrails.org/api/v1/details/relation/156553",
        "license_status": "open_license_share_alike",
        "source_license": "ODbL",
        "attribution": "OpenStreetMap contributors",
        "last_checked": "2026-05-13",
        "last_generated": "2026-05-14",
        "ai_answer_rule": "Generated mile based on Scout MVP3 Mid-Atlantic open route geometry, not an official ATC mile. Use for source-aware planning only."
      },
      "geometry": {
        "type": "Point",
        "coordinates": [
          -77.10112,
          40.246016
        ]
      }
    },
    {
      "type": "Feature",
      "properties": {
        "trail": "Appalachian Trail",
        "route_id": "at-mvp3-midatlantic-harpers-ferry-delaware-water-gap-open-2026",
        "source_route_id": "at-main-osm-2026-open",
        "mile_nobo_global_est": 1110.5,
        "mile_nobo_mvp3": 104.5,
        "mile_sobo_mvp3": 159.5,
        "state": "PA",
        "milepoint_type": "generated",
        "official": false,
        "confidence": "estimated_from_open_route_geometry_with_known_length_gap",
        "source_id": "osm",
        "source_url": "https://www.openstreetmap.org/relation/156553",
        "source_access_url": "https://hiking.waymarkedtrails.org/api/v1/details/relation/156553",
        "license_status": "open_license_share_alike",
        "source_license": "ODbL",
        "attribution": "OpenStreetMap contributors",
        "last_checked": "2026-05-13",
        "last_generated": "2026-05-14",
        "ai_answer_rule": "Generated mile based on Scout MVP3 Mid-Atlantic open route geometry, not an official ATC mile. Use for source-aware planning only."
      },
      "geometry": {
        "type": "Point",
        "coordinates": [
          -77.103839,
          40.252335
        ]
      }
    },
    {
      "type": "Feature",
      "properties": {
        "trail": "Appalachian Trail",
        "route_id": "at-mvp3-midatlantic-harpers-ferry-delaware-water-gap-open-2026",
        "source_route_id": "at-main-osm-2026-open",
        "mile_nobo_global_est": 1111,
        "mile_nobo_mvp3": 105,
        "mile_sobo_mvp3": 159,
        "state": "PA",
        "milepoint_type": "generated",
        "official": false,
        "confidence": "estimated_from_open_route_geometry_with_known_length_gap",
        "source_id": "osm",
        "source_url": "https://www.openstreetmap.org/relation/156553",
        "source_access_url": "https://hiking.waymarkedtrails.org/api/v1/details/relation/156553",
        "license_status": "open_license_share_alike",
        "source_license": "ODbL",
        "attribution": "OpenStreetMap contributors",
        "last_checked": "2026-05-13",
        "last_generated": "2026-05-14",
        "ai_answer_rule": "Generated mile based on Scout MVP3 Mid-Atlantic open route geometry, not an official ATC mile. Use for source-aware planning only."
      },
      "geometry": {
        "type": "Point",
        "coordinates": [
          -77.101986,
          40.258345
        ]
      }
    },
    {
      "type": "Feature",
      "properties": {
        "trail": "Appalachian Trail",
        "route_id": "at-mvp3-midatlantic-harpers-ferry-delaware-water-gap-open-2026",
        "source_route_id": "at-main-osm-2026-open",
        "mile_nobo_global_est": 1111.5,
        "mile_nobo_mvp3": 105.5,
        "mile_sobo_mvp3": 158.5,
        "state": "PA",
        "milepoint_type": "generated",
        "official": false,
        "confidence": "estimated_from_open_route_geometry_with_known_length_gap",
        "source_id": "osm",
        "source_url": "https://www.openstreetmap.org/relation/156553",
        "source_access_url": "https://hiking.waymarkedtrails.org/api/v1/details/relation/156553",
        "license_status": "open_license_share_alike",
        "source_license": "ODbL",
        "attribution": "OpenStreetMap contributors",
        "last_checked": "2026-05-13",
        "last_generated": "2026-05-14",
        "ai_answer_rule": "Generated mile based on Scout MVP3 Mid-Atlantic open route geometry, not an official ATC mile. Use for source-aware planning only."
      },
      "geometry": {
        "type": "Point",
        "coordinates": [
          -77.103748,
          40.264238
        ]
      }
    },
    {
      "type": "Feature",
      "properties": {
        "trail": "Appalachian Trail",
        "route_id": "at-mvp3-midatlantic-harpers-ferry-delaware-water-gap-open-2026",
        "source_route_id": "at-main-osm-2026-open",
        "mile_nobo_global_est": 1112,
        "mile_nobo_mvp3": 106,
        "mile_sobo_mvp3": 158,
        "state": "PA",
        "milepoint_type": "generated",
        "official": false,
        "confidence": "estimated_from_open_route_geometry_with_known_length_gap",
        "source_id": "osm",
        "source_url": "https://www.openstreetmap.org/relation/156553",
        "source_access_url": "https://hiking.waymarkedtrails.org/api/v1/details/relation/156553",
        "license_status": "open_license_share_alike",
        "source_license": "ODbL",
        "attribution": "OpenStreetMap contributors",
        "last_checked": "2026-05-13",
        "last_generated": "2026-05-14",
        "ai_answer_rule": "Generated mile based on Scout MVP3 Mid-Atlantic open route geometry, not an official ATC mile. Use for source-aware planning only."
      },
      "geometry": {
        "type": "Point",
        "coordinates": [
          -77.1004,
          40.270169
        ]
      }
    },
    {
      "type": "Feature",
      "properties": {
        "trail": "Appalachian Trail",
        "route_id": "at-mvp3-midatlantic-harpers-ferry-delaware-water-gap-open-2026",
        "source_route_id": "at-main-osm-2026-open",
        "mile_nobo_global_est": 1112.5,
        "mile_nobo_mvp3": 106.5,
        "mile_sobo_mvp3": 157.5,
        "state": "PA",
        "milepoint_type": "generated",
        "official": false,
        "confidence": "estimated_from_open_route_geometry_with_known_length_gap",
        "source_id": "osm",
        "source_url": "https://www.openstreetmap.org/relation/156553",
        "source_access_url": "https://hiking.waymarkedtrails.org/api/v1/details/relation/156553",
        "license_status": "open_license_share_alike",
        "source_license": "ODbL",
        "attribution": "OpenStreetMap contributors",
        "last_checked": "2026-05-13",
        "last_generated": "2026-05-14",
        "ai_answer_rule": "Generated mile based on Scout MVP3 Mid-Atlantic open route geometry, not an official ATC mile. Use for source-aware planning only."
      },
      "geometry": {
        "type": "Point",
        "coordinates": [
          -77.099635,
          40.276786
        ]
      }
    },
    {
      "type": "Feature",
      "properties": {
        "trail": "Appalachian Trail",
        "route_id": "at-mvp3-midatlantic-harpers-ferry-delaware-water-gap-open-2026",
        "source_route_id": "at-main-osm-2026-open",
        "mile_nobo_global_est": 1113,
        "mile_nobo_mvp3": 107,
        "mile_sobo_mvp3": 157,
        "state": "PA",
        "milepoint_type": "generated",
        "official": false,
        "confidence": "estimated_from_open_route_geometry_with_known_length_gap",
        "source_id": "osm",
        "source_url": "https://www.openstreetmap.org/relation/156553",
        "source_access_url": "https://hiking.waymarkedtrails.org/api/v1/details/relation/156553",
        "license_status": "open_license_share_alike",
        "source_license": "ODbL",
        "attribution": "OpenStreetMap contributors",
        "last_checked": "2026-05-13",
        "last_generated": "2026-05-14",
        "ai_answer_rule": "Generated mile based on Scout MVP3 Mid-Atlantic open route geometry, not an official ATC mile. Use for source-aware planning only."
      },
      "geometry": {
        "type": "Point",
        "coordinates": [
          -77.095237,
          40.282564
        ]
      }
    },
    {
      "type": "Feature",
      "properties": {
        "trail": "Appalachian Trail",
        "route_id": "at-mvp3-midatlantic-harpers-ferry-delaware-water-gap-open-2026",
        "source_route_id": "at-main-osm-2026-open",
        "mile_nobo_global_est": 1113.5,
        "mile_nobo_mvp3": 107.5,
        "mile_sobo_mvp3": 156.5,
        "state": "PA",
        "milepoint_type": "generated",
        "official": false,
        "confidence": "estimated_from_open_route_geometry_with_known_length_gap",
        "source_id": "osm",
        "source_url": "https://www.openstreetmap.org/relation/156553",
        "source_access_url": "https://hiking.waymarkedtrails.org/api/v1/details/relation/156553",
        "license_status": "open_license_share_alike",
        "source_license": "ODbL",
        "attribution": "OpenStreetMap contributors",
        "last_checked": "2026-05-13",
        "last_generated": "2026-05-14",
        "ai_answer_rule": "Generated mile based on Scout MVP3 Mid-Atlantic open route geometry, not an official ATC mile. Use for source-aware planning only."
      },
      "geometry": {
        "type": "Point",
        "coordinates": [
          -77.090972,
          40.288621
        ]
      }
    },
    {
      "type": "Feature",
      "properties": {
        "trail": "Appalachian Trail",
        "route_id": "at-mvp3-midatlantic-harpers-ferry-delaware-water-gap-open-2026",
        "source_route_id": "at-main-osm-2026-open",
        "mile_nobo_global_est": 1114,
        "mile_nobo_mvp3": 108,
        "mile_sobo_mvp3": 156,
        "state": "PA",
        "milepoint_type": "generated",
        "official": false,
        "confidence": "estimated_from_open_route_geometry_with_known_length_gap",
        "source_id": "osm",
        "source_url": "https://www.openstreetmap.org/relation/156553",
        "source_access_url": "https://hiking.waymarkedtrails.org/api/v1/details/relation/156553",
        "license_status": "open_license_share_alike",
        "source_license": "ODbL",
        "attribution": "OpenStreetMap contributors",
        "last_checked": "2026-05-13",
        "last_generated": "2026-05-14",
        "ai_answer_rule": "Generated mile based on Scout MVP3 Mid-Atlantic open route geometry, not an official ATC mile. Use for source-aware planning only."
      },
      "geometry": {
        "type": "Point",
        "coordinates": [
          -77.088144,
          40.29516
        ]
      }
    },
    {
      "type": "Feature",
      "properties": {
        "trail": "Appalachian Trail",
        "route_id": "at-mvp3-midatlantic-harpers-ferry-delaware-water-gap-open-2026",
        "source_route_id": "at-main-osm-2026-open",
        "mile_nobo_global_est": 1114.5,
        "mile_nobo_mvp3": 108.5,
        "mile_sobo_mvp3": 155.5,
        "state": "PA",
        "milepoint_type": "generated",
        "official": false,
        "confidence": "estimated_from_open_route_geometry_with_known_length_gap",
        "source_id": "osm",
        "source_url": "https://www.openstreetmap.org/relation/156553",
        "source_access_url": "https://hiking.waymarkedtrails.org/api/v1/details/relation/156553",
        "license_status": "open_license_share_alike",
        "source_license": "ODbL",
        "attribution": "OpenStreetMap contributors",
        "last_checked": "2026-05-13",
        "last_generated": "2026-05-14",
        "ai_answer_rule": "Generated mile based on Scout MVP3 Mid-Atlantic open route geometry, not an official ATC mile. Use for source-aware planning only."
      },
      "geometry": {
        "type": "Point",
        "coordinates": [
          -77.085055,
          40.299169
        ]
      }
    },
    {
      "type": "Feature",
      "properties": {
        "trail": "Appalachian Trail",
        "route_id": "at-mvp3-midatlantic-harpers-ferry-delaware-water-gap-open-2026",
        "source_route_id": "at-main-osm-2026-open",
        "mile_nobo_global_est": 1115,
        "mile_nobo_mvp3": 109,
        "mile_sobo_mvp3": 155,
        "state": "PA",
        "milepoint_type": "generated",
        "official": false,
        "confidence": "estimated_from_open_route_geometry_with_known_length_gap",
        "source_id": "osm",
        "source_url": "https://www.openstreetmap.org/relation/156553",
        "source_access_url": "https://hiking.waymarkedtrails.org/api/v1/details/relation/156553",
        "license_status": "open_license_share_alike",
        "source_license": "ODbL",
        "attribution": "OpenStreetMap contributors",
        "last_checked": "2026-05-13",
        "last_generated": "2026-05-14",
        "ai_answer_rule": "Generated mile based on Scout MVP3 Mid-Atlantic open route geometry, not an official ATC mile. Use for source-aware planning only."
      },
      "geometry": {
        "type": "Point",
        "coordinates": [
          -77.088466,
          40.301993
        ]
      }
    },
    {
      "type": "Feature",
      "properties": {
        "trail": "Appalachian Trail",
        "route_id": "at-mvp3-midatlantic-harpers-ferry-delaware-water-gap-open-2026",
        "source_route_id": "at-main-osm-2026-open",
        "mile_nobo_global_est": 1115.5,
        "mile_nobo_mvp3": 109.5,
        "mile_sobo_mvp3": 154.5,
        "state": "PA",
        "milepoint_type": "generated",
        "official": false,
        "confidence": "estimated_from_open_route_geometry_with_known_length_gap",
        "source_id": "osm",
        "source_url": "https://www.openstreetmap.org/relation/156553",
        "source_access_url": "https://hiking.waymarkedtrails.org/api/v1/details/relation/156553",
        "license_status": "open_license_share_alike",
        "source_license": "ODbL",
        "attribution": "OpenStreetMap contributors",
        "last_checked": "2026-05-13",
        "last_generated": "2026-05-14",
        "ai_answer_rule": "Generated mile based on Scout MVP3 Mid-Atlantic open route geometry, not an official ATC mile. Use for source-aware planning only."
      },
      "geometry": {
        "type": "Point",
        "coordinates": [
          -77.086781,
          40.307158
        ]
      }
    },
    {
      "type": "Feature",
      "properties": {
        "trail": "Appalachian Trail",
        "route_id": "at-mvp3-midatlantic-harpers-ferry-delaware-water-gap-open-2026",
        "source_route_id": "at-main-osm-2026-open",
        "mile_nobo_global_est": 1116,
        "mile_nobo_mvp3": 110,
        "mile_sobo_mvp3": 154,
        "state": "PA",
        "milepoint_type": "generated",
        "official": false,
        "confidence": "estimated_from_open_route_geometry_with_known_length_gap",
        "source_id": "osm",
        "source_url": "https://www.openstreetmap.org/relation/156553",
        "source_access_url": "https://hiking.waymarkedtrails.org/api/v1/details/relation/156553",
        "license_status": "open_license_share_alike",
        "source_license": "ODbL",
        "attribution": "OpenStreetMap contributors",
        "last_checked": "2026-05-13",
        "last_generated": "2026-05-14",
        "ai_answer_rule": "Generated mile based on Scout MVP3 Mid-Atlantic open route geometry, not an official ATC mile. Use for source-aware planning only."
      },
      "geometry": {
        "type": "Point",
        "coordinates": [
          -77.081454,
          40.311645
        ]
      }
    },
    {
      "type": "Feature",
      "properties": {
        "trail": "Appalachian Trail",
        "route_id": "at-mvp3-midatlantic-harpers-ferry-delaware-water-gap-open-2026",
        "source_route_id": "at-main-osm-2026-open",
        "mile_nobo_global_est": 1116.5,
        "mile_nobo_mvp3": 110.5,
        "mile_sobo_mvp3": 153.5,
        "state": "PA",
        "milepoint_type": "generated",
        "official": false,
        "confidence": "estimated_from_open_route_geometry_with_known_length_gap",
        "source_id": "osm",
        "source_url": "https://www.openstreetmap.org/relation/156553",
        "source_access_url": "https://hiking.waymarkedtrails.org/api/v1/details/relation/156553",
        "license_status": "open_license_share_alike",
        "source_license": "ODbL",
        "attribution": "OpenStreetMap contributors",
        "last_checked": "2026-05-13",
        "last_generated": "2026-05-14",
        "ai_answer_rule": "Generated mile based on Scout MVP3 Mid-Atlantic open route geometry, not an official ATC mile. Use for source-aware planning only."
      },
      "geometry": {
        "type": "Point",
        "coordinates": [
          -77.083171,
          40.31679
        ]
      }
    },
    {
      "type": "Feature",
      "properties": {
        "trail": "Appalachian Trail",
        "route_id": "at-mvp3-midatlantic-harpers-ferry-delaware-water-gap-open-2026",
        "source_route_id": "at-main-osm-2026-open",
        "mile_nobo_global_est": 1117,
        "mile_nobo_mvp3": 111,
        "mile_sobo_mvp3": 153,
        "state": "PA",
        "milepoint_type": "generated",
        "official": false,
        "confidence": "estimated_from_open_route_geometry_with_known_length_gap",
        "source_id": "osm",
        "source_url": "https://www.openstreetmap.org/relation/156553",
        "source_access_url": "https://hiking.waymarkedtrails.org/api/v1/details/relation/156553",
        "license_status": "open_license_share_alike",
        "source_license": "ODbL",
        "attribution": "OpenStreetMap contributors",
        "last_checked": "2026-05-13",
        "last_generated": "2026-05-14",
        "ai_answer_rule": "Generated mile based on Scout MVP3 Mid-Atlantic open route geometry, not an official ATC mile. Use for source-aware planning only."
      },
      "geometry": {
        "type": "Point",
        "coordinates": [
          -77.077943,
          40.320905
        ]
      }
    },
    {
      "type": "Feature",
      "properties": {
        "trail": "Appalachian Trail",
        "route_id": "at-mvp3-midatlantic-harpers-ferry-delaware-water-gap-open-2026",
        "source_route_id": "at-main-osm-2026-open",
        "mile_nobo_global_est": 1117.5,
        "mile_nobo_mvp3": 111.5,
        "mile_sobo_mvp3": 152.5,
        "state": "PA",
        "milepoint_type": "generated",
        "official": false,
        "confidence": "estimated_from_open_route_geometry_with_known_length_gap",
        "source_id": "osm",
        "source_url": "https://www.openstreetmap.org/relation/156553",
        "source_access_url": "https://hiking.waymarkedtrails.org/api/v1/details/relation/156553",
        "license_status": "open_license_share_alike",
        "source_license": "ODbL",
        "attribution": "OpenStreetMap contributors",
        "last_checked": "2026-05-13",
        "last_generated": "2026-05-14",
        "ai_answer_rule": "Generated mile based on Scout MVP3 Mid-Atlantic open route geometry, not an official ATC mile. Use for source-aware planning only."
      },
      "geometry": {
        "type": "Point",
        "coordinates": [
          -77.077403,
          40.327792
        ]
      }
    },
    {
      "type": "Feature",
      "properties": {
        "trail": "Appalachian Trail",
        "route_id": "at-mvp3-midatlantic-harpers-ferry-delaware-water-gap-open-2026",
        "source_route_id": "at-main-osm-2026-open",
        "mile_nobo_global_est": 1118,
        "mile_nobo_mvp3": 112,
        "mile_sobo_mvp3": 152,
        "state": "PA",
        "milepoint_type": "generated",
        "official": false,
        "confidence": "estimated_from_open_route_geometry_with_known_length_gap",
        "source_id": "osm",
        "source_url": "https://www.openstreetmap.org/relation/156553",
        "source_access_url": "https://hiking.waymarkedtrails.org/api/v1/details/relation/156553",
        "license_status": "open_license_share_alike",
        "source_license": "ODbL",
        "attribution": "OpenStreetMap contributors",
        "last_checked": "2026-05-13",
        "last_generated": "2026-05-14",
        "ai_answer_rule": "Generated mile based on Scout MVP3 Mid-Atlantic open route geometry, not an official ATC mile. Use for source-aware planning only."
      },
      "geometry": {
        "type": "Point",
        "coordinates": [
          -77.083153,
          40.332937
        ]
      }
    },
    {
      "type": "Feature",
      "properties": {
        "trail": "Appalachian Trail",
        "route_id": "at-mvp3-midatlantic-harpers-ferry-delaware-water-gap-open-2026",
        "source_route_id": "at-main-osm-2026-open",
        "mile_nobo_global_est": 1118.5,
        "mile_nobo_mvp3": 112.5,
        "mile_sobo_mvp3": 151.5,
        "state": "PA",
        "milepoint_type": "generated",
        "official": false,
        "confidence": "estimated_from_open_route_geometry_with_known_length_gap",
        "source_id": "osm",
        "source_url": "https://www.openstreetmap.org/relation/156553",
        "source_access_url": "https://hiking.waymarkedtrails.org/api/v1/details/relation/156553",
        "license_status": "open_license_share_alike",
        "source_license": "ODbL",
        "attribution": "OpenStreetMap contributors",
        "last_checked": "2026-05-13",
        "last_generated": "2026-05-14",
        "ai_answer_rule": "Generated mile based on Scout MVP3 Mid-Atlantic open route geometry, not an official ATC mile. Use for source-aware planning only."
      },
      "geometry": {
        "type": "Point",
        "coordinates": [
          -77.08962,
          40.335089
        ]
      }
    },
    {
      "type": "Feature",
      "properties": {
        "trail": "Appalachian Trail",
        "route_id": "at-mvp3-midatlantic-harpers-ferry-delaware-water-gap-open-2026",
        "source_route_id": "at-main-osm-2026-open",
        "mile_nobo_global_est": 1119,
        "mile_nobo_mvp3": 113,
        "mile_sobo_mvp3": 151,
        "state": "PA",
        "milepoint_type": "generated",
        "official": false,
        "confidence": "estimated_from_open_route_geometry_with_known_length_gap",
        "source_id": "osm",
        "source_url": "https://www.openstreetmap.org/relation/156553",
        "source_access_url": "https://hiking.waymarkedtrails.org/api/v1/details/relation/156553",
        "license_status": "open_license_share_alike",
        "source_license": "ODbL",
        "attribution": "OpenStreetMap contributors",
        "last_checked": "2026-05-13",
        "last_generated": "2026-05-14",
        "ai_answer_rule": "Generated mile based on Scout MVP3 Mid-Atlantic open route geometry, not an official ATC mile. Use for source-aware planning only."
      },
      "geometry": {
        "type": "Point",
        "coordinates": [
          -77.094764,
          40.339404
        ]
      }
    },
    {
      "type": "Feature",
      "properties": {
        "trail": "Appalachian Trail",
        "route_id": "at-mvp3-midatlantic-harpers-ferry-delaware-water-gap-open-2026",
        "source_route_id": "at-main-osm-2026-open",
        "mile_nobo_global_est": 1119.5,
        "mile_nobo_mvp3": 113.5,
        "mile_sobo_mvp3": 150.5,
        "state": "PA",
        "milepoint_type": "generated",
        "official": false,
        "confidence": "estimated_from_open_route_geometry_with_known_length_gap",
        "source_id": "osm",
        "source_url": "https://www.openstreetmap.org/relation/156553",
        "source_access_url": "https://hiking.waymarkedtrails.org/api/v1/details/relation/156553",
        "license_status": "open_license_share_alike",
        "source_license": "ODbL",
        "attribution": "OpenStreetMap contributors",
        "last_checked": "2026-05-13",
        "last_generated": "2026-05-14",
        "ai_answer_rule": "Generated mile based on Scout MVP3 Mid-Atlantic open route geometry, not an official ATC mile. Use for source-aware planning only."
      },
      "geometry": {
        "type": "Point",
        "coordinates": [
          -77.102991,
          40.341339
        ]
      }
    },
    {
      "type": "Feature",
      "properties": {
        "trail": "Appalachian Trail",
        "route_id": "at-mvp3-midatlantic-harpers-ferry-delaware-water-gap-open-2026",
        "source_route_id": "at-main-osm-2026-open",
        "mile_nobo_global_est": 1120,
        "mile_nobo_mvp3": 114,
        "mile_sobo_mvp3": 150,
        "state": "PA",
        "milepoint_type": "generated",
        "official": false,
        "confidence": "estimated_from_open_route_geometry_with_known_length_gap",
        "source_id": "osm",
        "source_url": "https://www.openstreetmap.org/relation/156553",
        "source_access_url": "https://hiking.waymarkedtrails.org/api/v1/details/relation/156553",
        "license_status": "open_license_share_alike",
        "source_license": "ODbL",
        "attribution": "OpenStreetMap contributors",
        "last_checked": "2026-05-13",
        "last_generated": "2026-05-14",
        "ai_answer_rule": "Generated mile based on Scout MVP3 Mid-Atlantic open route geometry, not an official ATC mile. Use for source-aware planning only."
      },
      "geometry": {
        "type": "Point",
        "coordinates": [
          -77.097704,
          40.347152
        ]
      }
    },
    {
      "type": "Feature",
      "properties": {
        "trail": "Appalachian Trail",
        "route_id": "at-mvp3-midatlantic-harpers-ferry-delaware-water-gap-open-2026",
        "source_route_id": "at-main-osm-2026-open",
        "mile_nobo_global_est": 1120.5,
        "mile_nobo_mvp3": 114.5,
        "mile_sobo_mvp3": 149.5,
        "state": "PA",
        "milepoint_type": "generated",
        "official": false,
        "confidence": "estimated_from_open_route_geometry_with_known_length_gap",
        "source_id": "osm",
        "source_url": "https://www.openstreetmap.org/relation/156553",
        "source_access_url": "https://hiking.waymarkedtrails.org/api/v1/details/relation/156553",
        "license_status": "open_license_share_alike",
        "source_license": "ODbL",
        "attribution": "OpenStreetMap contributors",
        "last_checked": "2026-05-13",
        "last_generated": "2026-05-14",
        "ai_answer_rule": "Generated mile based on Scout MVP3 Mid-Atlantic open route geometry, not an official ATC mile. Use for source-aware planning only."
      },
      "geometry": {
        "type": "Point",
        "coordinates": [
          -77.091245,
          40.352276
        ]
      }
    },
    {
      "type": "Feature",
      "properties": {
        "trail": "Appalachian Trail",
        "route_id": "at-mvp3-midatlantic-harpers-ferry-delaware-water-gap-open-2026",
        "source_route_id": "at-main-osm-2026-open",
        "mile_nobo_global_est": 1121,
        "mile_nobo_mvp3": 115,
        "mile_sobo_mvp3": 149,
        "state": "PA",
        "milepoint_type": "generated",
        "official": false,
        "confidence": "estimated_from_open_route_geometry_with_known_length_gap",
        "source_id": "osm",
        "source_url": "https://www.openstreetmap.org/relation/156553",
        "source_access_url": "https://hiking.waymarkedtrails.org/api/v1/details/relation/156553",
        "license_status": "open_license_share_alike",
        "source_license": "ODbL",
        "attribution": "OpenStreetMap contributors",
        "last_checked": "2026-05-13",
        "last_generated": "2026-05-14",
        "ai_answer_rule": "Generated mile based on Scout MVP3 Mid-Atlantic open route geometry, not an official ATC mile. Use for source-aware planning only."
      },
      "geometry": {
        "type": "Point",
        "coordinates": [
          -77.084251,
          40.35686
        ]
      }
    },
    {
      "type": "Feature",
      "properties": {
        "trail": "Appalachian Trail",
        "route_id": "at-mvp3-midatlantic-harpers-ferry-delaware-water-gap-open-2026",
        "source_route_id": "at-main-osm-2026-open",
        "mile_nobo_global_est": 1121.5,
        "mile_nobo_mvp3": 115.5,
        "mile_sobo_mvp3": 148.5,
        "state": "PA",
        "milepoint_type": "generated",
        "official": false,
        "confidence": "estimated_from_open_route_geometry_with_known_length_gap",
        "source_id": "osm",
        "source_url": "https://www.openstreetmap.org/relation/156553",
        "source_access_url": "https://hiking.waymarkedtrails.org/api/v1/details/relation/156553",
        "license_status": "open_license_share_alike",
        "source_license": "ODbL",
        "attribution": "OpenStreetMap contributors",
        "last_checked": "2026-05-13",
        "last_generated": "2026-05-14",
        "ai_answer_rule": "Generated mile based on Scout MVP3 Mid-Atlantic open route geometry, not an official ATC mile. Use for source-aware planning only."
      },
      "geometry": {
        "type": "Point",
        "coordinates": [
          -77.076565,
          40.360613
        ]
      }
    },
    {
      "type": "Feature",
      "properties": {
        "trail": "Appalachian Trail",
        "route_id": "at-mvp3-midatlantic-harpers-ferry-delaware-water-gap-open-2026",
        "source_route_id": "at-main-osm-2026-open",
        "mile_nobo_global_est": 1122,
        "mile_nobo_mvp3": 116,
        "mile_sobo_mvp3": 148,
        "state": "PA",
        "milepoint_type": "generated",
        "official": false,
        "confidence": "estimated_from_open_route_geometry_with_known_length_gap",
        "source_id": "osm",
        "source_url": "https://www.openstreetmap.org/relation/156553",
        "source_access_url": "https://hiking.waymarkedtrails.org/api/v1/details/relation/156553",
        "license_status": "open_license_share_alike",
        "source_license": "ODbL",
        "attribution": "OpenStreetMap contributors",
        "last_checked": "2026-05-13",
        "last_generated": "2026-05-14",
        "ai_answer_rule": "Generated mile based on Scout MVP3 Mid-Atlantic open route geometry, not an official ATC mile. Use for source-aware planning only."
      },
      "geometry": {
        "type": "Point",
        "coordinates": [
          -77.069036,
          40.364773
        ]
      }
    },
    {
      "type": "Feature",
      "properties": {
        "trail": "Appalachian Trail",
        "route_id": "at-mvp3-midatlantic-harpers-ferry-delaware-water-gap-open-2026",
        "source_route_id": "at-main-osm-2026-open",
        "mile_nobo_global_est": 1122.5,
        "mile_nobo_mvp3": 116.5,
        "mile_sobo_mvp3": 147.5,
        "state": "PA",
        "milepoint_type": "generated",
        "official": false,
        "confidence": "estimated_from_open_route_geometry_with_known_length_gap",
        "source_id": "osm",
        "source_url": "https://www.openstreetmap.org/relation/156553",
        "source_access_url": "https://hiking.waymarkedtrails.org/api/v1/details/relation/156553",
        "license_status": "open_license_share_alike",
        "source_license": "ODbL",
        "attribution": "OpenStreetMap contributors",
        "last_checked": "2026-05-13",
        "last_generated": "2026-05-14",
        "ai_answer_rule": "Generated mile based on Scout MVP3 Mid-Atlantic open route geometry, not an official ATC mile. Use for source-aware planning only."
      },
      "geometry": {
        "type": "Point",
        "coordinates": [
          -77.060664,
          40.368075
        ]
      }
    },
    {
      "type": "Feature",
      "properties": {
        "trail": "Appalachian Trail",
        "route_id": "at-mvp3-midatlantic-harpers-ferry-delaware-water-gap-open-2026",
        "source_route_id": "at-main-osm-2026-open",
        "mile_nobo_global_est": 1123,
        "mile_nobo_mvp3": 117,
        "mile_sobo_mvp3": 147,
        "state": "PA",
        "milepoint_type": "generated",
        "official": false,
        "confidence": "estimated_from_open_route_geometry_with_known_length_gap",
        "source_id": "osm",
        "source_url": "https://www.openstreetmap.org/relation/156553",
        "source_access_url": "https://hiking.waymarkedtrails.org/api/v1/details/relation/156553",
        "license_status": "open_license_share_alike",
        "source_license": "ODbL",
        "attribution": "OpenStreetMap contributors",
        "last_checked": "2026-05-13",
        "last_generated": "2026-05-14",
        "ai_answer_rule": "Generated mile based on Scout MVP3 Mid-Atlantic open route geometry, not an official ATC mile. Use for source-aware planning only."
      },
      "geometry": {
        "type": "Point",
        "coordinates": [
          -77.052356,
          40.370976
        ]
      }
    },
    {
      "type": "Feature",
      "properties": {
        "trail": "Appalachian Trail",
        "route_id": "at-mvp3-midatlantic-harpers-ferry-delaware-water-gap-open-2026",
        "source_route_id": "at-main-osm-2026-open",
        "mile_nobo_global_est": 1123.5,
        "mile_nobo_mvp3": 117.5,
        "mile_sobo_mvp3": 146.5,
        "state": "PA",
        "milepoint_type": "generated",
        "official": false,
        "confidence": "estimated_from_open_route_geometry_with_known_length_gap",
        "source_id": "osm",
        "source_url": "https://www.openstreetmap.org/relation/156553",
        "source_access_url": "https://hiking.waymarkedtrails.org/api/v1/details/relation/156553",
        "license_status": "open_license_share_alike",
        "source_license": "ODbL",
        "attribution": "OpenStreetMap contributors",
        "last_checked": "2026-05-13",
        "last_generated": "2026-05-14",
        "ai_answer_rule": "Generated mile based on Scout MVP3 Mid-Atlantic open route geometry, not an official ATC mile. Use for source-aware planning only."
      },
      "geometry": {
        "type": "Point",
        "coordinates": [
          -77.043997,
          40.373972
        ]
      }
    },
    {
      "type": "Feature",
      "properties": {
        "trail": "Appalachian Trail",
        "route_id": "at-mvp3-midatlantic-harpers-ferry-delaware-water-gap-open-2026",
        "source_route_id": "at-main-osm-2026-open",
        "mile_nobo_global_est": 1124,
        "mile_nobo_mvp3": 118,
        "mile_sobo_mvp3": 146,
        "state": "PA",
        "milepoint_type": "generated",
        "official": false,
        "confidence": "estimated_from_open_route_geometry_with_known_length_gap",
        "source_id": "osm",
        "source_url": "https://www.openstreetmap.org/relation/156553",
        "source_access_url": "https://hiking.waymarkedtrails.org/api/v1/details/relation/156553",
        "license_status": "open_license_share_alike",
        "source_license": "ODbL",
        "attribution": "OpenStreetMap contributors",
        "last_checked": "2026-05-13",
        "last_generated": "2026-05-14",
        "ai_answer_rule": "Generated mile based on Scout MVP3 Mid-Atlantic open route geometry, not an official ATC mile. Use for source-aware planning only."
      },
      "geometry": {
        "type": "Point",
        "coordinates": [
          -77.040051,
          40.377283
        ]
      }
    },
    {
      "type": "Feature",
      "properties": {
        "trail": "Appalachian Trail",
        "route_id": "at-mvp3-midatlantic-harpers-ferry-delaware-water-gap-open-2026",
        "source_route_id": "at-main-osm-2026-open",
        "mile_nobo_global_est": 1124.5,
        "mile_nobo_mvp3": 118.5,
        "mile_sobo_mvp3": 145.5,
        "state": "PA",
        "milepoint_type": "generated",
        "official": false,
        "confidence": "estimated_from_open_route_geometry_with_known_length_gap",
        "source_id": "osm",
        "source_url": "https://www.openstreetmap.org/relation/156553",
        "source_access_url": "https://hiking.waymarkedtrails.org/api/v1/details/relation/156553",
        "license_status": "open_license_share_alike",
        "source_license": "ODbL",
        "attribution": "OpenStreetMap contributors",
        "last_checked": "2026-05-13",
        "last_generated": "2026-05-14",
        "ai_answer_rule": "Generated mile based on Scout MVP3 Mid-Atlantic open route geometry, not an official ATC mile. Use for source-aware planning only."
      },
      "geometry": {
        "type": "Point",
        "coordinates": [
          -77.03304,
          40.381392
        ]
      }
    },
    {
      "type": "Feature",
      "properties": {
        "trail": "Appalachian Trail",
        "route_id": "at-mvp3-midatlantic-harpers-ferry-delaware-water-gap-open-2026",
        "source_route_id": "at-main-osm-2026-open",
        "mile_nobo_global_est": 1125,
        "mile_nobo_mvp3": 119,
        "mile_sobo_mvp3": 145,
        "state": "PA",
        "milepoint_type": "generated",
        "official": false,
        "confidence": "estimated_from_open_route_geometry_with_known_length_gap",
        "source_id": "osm",
        "source_url": "https://www.openstreetmap.org/relation/156553",
        "source_access_url": "https://hiking.waymarkedtrails.org/api/v1/details/relation/156553",
        "license_status": "open_license_share_alike",
        "source_license": "ODbL",
        "attribution": "OpenStreetMap contributors",
        "last_checked": "2026-05-13",
        "last_generated": "2026-05-14",
        "ai_answer_rule": "Generated mile based on Scout MVP3 Mid-Atlantic open route geometry, not an official ATC mile. Use for source-aware planning only."
      },
      "geometry": {
        "type": "Point",
        "coordinates": [
          -77.031454,
          40.385029
        ]
      }
    },
    {
      "type": "Feature",
      "properties": {
        "trail": "Appalachian Trail",
        "route_id": "at-mvp3-midatlantic-harpers-ferry-delaware-water-gap-open-2026",
        "source_route_id": "at-main-osm-2026-open",
        "mile_nobo_global_est": 1125.5,
        "mile_nobo_mvp3": 119.5,
        "mile_sobo_mvp3": 144.5,
        "state": "PA",
        "milepoint_type": "generated",
        "official": false,
        "confidence": "estimated_from_open_route_geometry_with_known_length_gap",
        "source_id": "osm",
        "source_url": "https://www.openstreetmap.org/relation/156553",
        "source_access_url": "https://hiking.waymarkedtrails.org/api/v1/details/relation/156553",
        "license_status": "open_license_share_alike",
        "source_license": "ODbL",
        "attribution": "OpenStreetMap contributors",
        "last_checked": "2026-05-13",
        "last_generated": "2026-05-14",
        "ai_answer_rule": "Generated mile based on Scout MVP3 Mid-Atlantic open route geometry, not an official ATC mile. Use for source-aware planning only."
      },
      "geometry": {
        "type": "Point",
        "coordinates": [
          -77.031298,
          40.390996
        ]
      }
    },
    {
      "type": "Feature",
      "properties": {
        "trail": "Appalachian Trail",
        "route_id": "at-mvp3-midatlantic-harpers-ferry-delaware-water-gap-open-2026",
        "source_route_id": "at-main-osm-2026-open",
        "mile_nobo_global_est": 1126,
        "mile_nobo_mvp3": 120,
        "mile_sobo_mvp3": 144,
        "state": "PA",
        "milepoint_type": "generated",
        "official": false,
        "confidence": "estimated_from_open_route_geometry_with_known_length_gap",
        "source_id": "osm",
        "source_url": "https://www.openstreetmap.org/relation/156553",
        "source_access_url": "https://hiking.waymarkedtrails.org/api/v1/details/relation/156553",
        "license_status": "open_license_share_alike",
        "source_license": "ODbL",
        "attribution": "OpenStreetMap contributors",
        "last_checked": "2026-05-13",
        "last_generated": "2026-05-14",
        "ai_answer_rule": "Generated mile based on Scout MVP3 Mid-Atlantic open route geometry, not an official ATC mile. Use for source-aware planning only."
      },
      "geometry": {
        "type": "Point",
        "coordinates": [
          -77.026133,
          40.396965
        ]
      }
    },
    {
      "type": "Feature",
      "properties": {
        "trail": "Appalachian Trail",
        "route_id": "at-mvp3-midatlantic-harpers-ferry-delaware-water-gap-open-2026",
        "source_route_id": "at-main-osm-2026-open",
        "mile_nobo_global_est": 1126.5,
        "mile_nobo_mvp3": 120.5,
        "mile_sobo_mvp3": 143.5,
        "state": "PA",
        "milepoint_type": "generated",
        "official": false,
        "confidence": "estimated_from_open_route_geometry_with_known_length_gap",
        "source_id": "osm",
        "source_url": "https://www.openstreetmap.org/relation/156553",
        "source_access_url": "https://hiking.waymarkedtrails.org/api/v1/details/relation/156553",
        "license_status": "open_license_share_alike",
        "source_license": "ODbL",
        "attribution": "OpenStreetMap contributors",
        "last_checked": "2026-05-13",
        "last_generated": "2026-05-14",
        "ai_answer_rule": "Generated mile based on Scout MVP3 Mid-Atlantic open route geometry, not an official ATC mile. Use for source-aware planning only."
      },
      "geometry": {
        "type": "Point",
        "coordinates": [
          -77.019377,
          40.402051
        ]
      }
    },
    {
      "type": "Feature",
      "properties": {
        "trail": "Appalachian Trail",
        "route_id": "at-mvp3-midatlantic-harpers-ferry-delaware-water-gap-open-2026",
        "source_route_id": "at-main-osm-2026-open",
        "mile_nobo_global_est": 1127,
        "mile_nobo_mvp3": 121,
        "mile_sobo_mvp3": 143,
        "state": "PA",
        "milepoint_type": "generated",
        "official": false,
        "confidence": "estimated_from_open_route_geometry_with_known_length_gap",
        "source_id": "osm",
        "source_url": "https://www.openstreetmap.org/relation/156553",
        "source_access_url": "https://hiking.waymarkedtrails.org/api/v1/details/relation/156553",
        "license_status": "open_license_share_alike",
        "source_license": "ODbL",
        "attribution": "OpenStreetMap contributors",
        "last_checked": "2026-05-13",
        "last_generated": "2026-05-14",
        "ai_answer_rule": "Generated mile based on Scout MVP3 Mid-Atlantic open route geometry, not an official ATC mile. Use for source-aware planning only."
      },
      "geometry": {
        "type": "Point",
        "coordinates": [
          -77.010891,
          40.402253
        ]
      }
    },
    {
      "type": "Feature",
      "properties": {
        "trail": "Appalachian Trail",
        "route_id": "at-mvp3-midatlantic-harpers-ferry-delaware-water-gap-open-2026",
        "source_route_id": "at-main-osm-2026-open",
        "mile_nobo_global_est": 1127.5,
        "mile_nobo_mvp3": 121.5,
        "mile_sobo_mvp3": 142.5,
        "state": "PA",
        "milepoint_type": "generated",
        "official": false,
        "confidence": "estimated_from_open_route_geometry_with_known_length_gap",
        "source_id": "osm",
        "source_url": "https://www.openstreetmap.org/relation/156553",
        "source_access_url": "https://hiking.waymarkedtrails.org/api/v1/details/relation/156553",
        "license_status": "open_license_share_alike",
        "source_license": "ODbL",
        "attribution": "OpenStreetMap contributors",
        "last_checked": "2026-05-13",
        "last_generated": "2026-05-14",
        "ai_answer_rule": "Generated mile based on Scout MVP3 Mid-Atlantic open route geometry, not an official ATC mile. Use for source-aware planning only."
      },
      "geometry": {
        "type": "Point",
        "coordinates": [
          -77.007838,
          40.395882
        ]
      }
    },
    {
      "type": "Feature",
      "properties": {
        "trail": "Appalachian Trail",
        "route_id": "at-mvp3-midatlantic-harpers-ferry-delaware-water-gap-open-2026",
        "source_route_id": "at-main-osm-2026-open",
        "mile_nobo_global_est": 1128,
        "mile_nobo_mvp3": 122,
        "mile_sobo_mvp3": 142,
        "state": "PA",
        "milepoint_type": "generated",
        "official": false,
        "confidence": "estimated_from_open_route_geometry_with_known_length_gap",
        "source_id": "osm",
        "source_url": "https://www.openstreetmap.org/relation/156553",
        "source_access_url": "https://hiking.waymarkedtrails.org/api/v1/details/relation/156553",
        "license_status": "open_license_share_alike",
        "source_license": "ODbL",
        "attribution": "OpenStreetMap contributors",
        "last_checked": "2026-05-13",
        "last_generated": "2026-05-14",
        "ai_answer_rule": "Generated mile based on Scout MVP3 Mid-Atlantic open route geometry, not an official ATC mile. Use for source-aware planning only."
      },
      "geometry": {
        "type": "Point",
        "coordinates": [
          -77.013798,
          40.391309
        ]
      }
    },
    {
      "type": "Feature",
      "properties": {
        "trail": "Appalachian Trail",
        "route_id": "at-mvp3-midatlantic-harpers-ferry-delaware-water-gap-open-2026",
        "source_route_id": "at-main-osm-2026-open",
        "mile_nobo_global_est": 1128.5,
        "mile_nobo_mvp3": 122.5,
        "mile_sobo_mvp3": 141.5,
        "state": "PA",
        "milepoint_type": "generated",
        "official": false,
        "confidence": "estimated_from_open_route_geometry_with_known_length_gap",
        "source_id": "osm",
        "source_url": "https://www.openstreetmap.org/relation/156553",
        "source_access_url": "https://hiking.waymarkedtrails.org/api/v1/details/relation/156553",
        "license_status": "open_license_share_alike",
        "source_license": "ODbL",
        "attribution": "OpenStreetMap contributors",
        "last_checked": "2026-05-13",
        "last_generated": "2026-05-14",
        "ai_answer_rule": "Generated mile based on Scout MVP3 Mid-Atlantic open route geometry, not an official ATC mile. Use for source-aware planning only."
      },
      "geometry": {
        "type": "Point",
        "coordinates": [
          -77.016513,
          40.386889
        ]
      }
    },
    {
      "type": "Feature",
      "properties": {
        "trail": "Appalachian Trail",
        "route_id": "at-mvp3-midatlantic-harpers-ferry-delaware-water-gap-open-2026",
        "source_route_id": "at-main-osm-2026-open",
        "mile_nobo_global_est": 1129,
        "mile_nobo_mvp3": 123,
        "mile_sobo_mvp3": 141,
        "state": "PA",
        "milepoint_type": "generated",
        "official": false,
        "confidence": "estimated_from_open_route_geometry_with_known_length_gap",
        "source_id": "osm",
        "source_url": "https://www.openstreetmap.org/relation/156553",
        "source_access_url": "https://hiking.waymarkedtrails.org/api/v1/details/relation/156553",
        "license_status": "open_license_share_alike",
        "source_license": "ODbL",
        "attribution": "OpenStreetMap contributors",
        "last_checked": "2026-05-13",
        "last_generated": "2026-05-14",
        "ai_answer_rule": "Generated mile based on Scout MVP3 Mid-Atlantic open route geometry, not an official ATC mile. Use for source-aware planning only."
      },
      "geometry": {
        "type": "Point",
        "coordinates": [
          -77.012286,
          40.386665
        ]
      }
    },
    {
      "type": "Feature",
      "properties": {
        "trail": "Appalachian Trail",
        "route_id": "at-mvp3-midatlantic-harpers-ferry-delaware-water-gap-open-2026",
        "source_route_id": "at-main-osm-2026-open",
        "mile_nobo_global_est": 1129.5,
        "mile_nobo_mvp3": 123.5,
        "mile_sobo_mvp3": 140.5,
        "state": "PA",
        "milepoint_type": "generated",
        "official": false,
        "confidence": "estimated_from_open_route_geometry_with_known_length_gap",
        "source_id": "osm",
        "source_url": "https://www.openstreetmap.org/relation/156553",
        "source_access_url": "https://hiking.waymarkedtrails.org/api/v1/details/relation/156553",
        "license_status": "open_license_share_alike",
        "source_license": "ODbL",
        "attribution": "OpenStreetMap contributors",
        "last_checked": "2026-05-13",
        "last_generated": "2026-05-14",
        "ai_answer_rule": "Generated mile based on Scout MVP3 Mid-Atlantic open route geometry, not an official ATC mile. Use for source-aware planning only."
      },
      "geometry": {
        "type": "Point",
        "coordinates": [
          -77.00423,
          40.389968
        ]
      }
    },
    {
      "type": "Feature",
      "properties": {
        "trail": "Appalachian Trail",
        "route_id": "at-mvp3-midatlantic-harpers-ferry-delaware-water-gap-open-2026",
        "source_route_id": "at-main-osm-2026-open",
        "mile_nobo_global_est": 1130,
        "mile_nobo_mvp3": 124,
        "mile_sobo_mvp3": 140,
        "state": "PA",
        "milepoint_type": "generated",
        "official": false,
        "confidence": "estimated_from_open_route_geometry_with_known_length_gap",
        "source_id": "osm",
        "source_url": "https://www.openstreetmap.org/relation/156553",
        "source_access_url": "https://hiking.waymarkedtrails.org/api/v1/details/relation/156553",
        "license_status": "open_license_share_alike",
        "source_license": "ODbL",
        "attribution": "OpenStreetMap contributors",
        "last_checked": "2026-05-13",
        "last_generated": "2026-05-14",
        "ai_answer_rule": "Generated mile based on Scout MVP3 Mid-Atlantic open route geometry, not an official ATC mile. Use for source-aware planning only."
      },
      "geometry": {
        "type": "Point",
        "coordinates": [
          -76.995822,
          40.391763
        ]
      }
    },
    {
      "type": "Feature",
      "properties": {
        "trail": "Appalachian Trail",
        "route_id": "at-mvp3-midatlantic-harpers-ferry-delaware-water-gap-open-2026",
        "source_route_id": "at-main-osm-2026-open",
        "mile_nobo_global_est": 1130.5,
        "mile_nobo_mvp3": 124.5,
        "mile_sobo_mvp3": 139.5,
        "state": "PA",
        "milepoint_type": "generated",
        "official": false,
        "confidence": "estimated_from_open_route_geometry_with_known_length_gap",
        "source_id": "osm",
        "source_url": "https://www.openstreetmap.org/relation/156553",
        "source_access_url": "https://hiking.waymarkedtrails.org/api/v1/details/relation/156553",
        "license_status": "open_license_share_alike",
        "source_license": "ODbL",
        "attribution": "OpenStreetMap contributors",
        "last_checked": "2026-05-13",
        "last_generated": "2026-05-14",
        "ai_answer_rule": "Generated mile based on Scout MVP3 Mid-Atlantic open route geometry, not an official ATC mile. Use for source-aware planning only."
      },
      "geometry": {
        "type": "Point",
        "coordinates": [
          -76.98874,
          40.39545
        ]
      }
    },
    {
      "type": "Feature",
      "properties": {
        "trail": "Appalachian Trail",
        "route_id": "at-mvp3-midatlantic-harpers-ferry-delaware-water-gap-open-2026",
        "source_route_id": "at-main-osm-2026-open",
        "mile_nobo_global_est": 1131,
        "mile_nobo_mvp3": 125,
        "mile_sobo_mvp3": 139,
        "state": "PA",
        "milepoint_type": "generated",
        "official": false,
        "confidence": "estimated_from_open_route_geometry_with_known_length_gap",
        "source_id": "osm",
        "source_url": "https://www.openstreetmap.org/relation/156553",
        "source_access_url": "https://hiking.waymarkedtrails.org/api/v1/details/relation/156553",
        "license_status": "open_license_share_alike",
        "source_license": "ODbL",
        "attribution": "OpenStreetMap contributors",
        "last_checked": "2026-05-13",
        "last_generated": "2026-05-14",
        "ai_answer_rule": "Generated mile based on Scout MVP3 Mid-Atlantic open route geometry, not an official ATC mile. Use for source-aware planning only."
      },
      "geometry": {
        "type": "Point",
        "coordinates": [
          -76.98034,
          40.397929
        ]
      }
    },
    {
      "type": "Feature",
      "properties": {
        "trail": "Appalachian Trail",
        "route_id": "at-mvp3-midatlantic-harpers-ferry-delaware-water-gap-open-2026",
        "source_route_id": "at-main-osm-2026-open",
        "mile_nobo_global_est": 1131.5,
        "mile_nobo_mvp3": 125.5,
        "mile_sobo_mvp3": 138.5,
        "state": "PA",
        "milepoint_type": "generated",
        "official": false,
        "confidence": "estimated_from_open_route_geometry_with_known_length_gap",
        "source_id": "osm",
        "source_url": "https://www.openstreetmap.org/relation/156553",
        "source_access_url": "https://hiking.waymarkedtrails.org/api/v1/details/relation/156553",
        "license_status": "open_license_share_alike",
        "source_license": "ODbL",
        "attribution": "OpenStreetMap contributors",
        "last_checked": "2026-05-13",
        "last_generated": "2026-05-14",
        "ai_answer_rule": "Generated mile based on Scout MVP3 Mid-Atlantic open route geometry, not an official ATC mile. Use for source-aware planning only."
      },
      "geometry": {
        "type": "Point",
        "coordinates": [
          -76.971912,
          40.400599
        ]
      }
    },
    {
      "type": "Feature",
      "properties": {
        "trail": "Appalachian Trail",
        "route_id": "at-mvp3-midatlantic-harpers-ferry-delaware-water-gap-open-2026",
        "source_route_id": "at-main-osm-2026-open",
        "mile_nobo_global_est": 1132,
        "mile_nobo_mvp3": 126,
        "mile_sobo_mvp3": 138,
        "state": "PA",
        "milepoint_type": "generated",
        "official": false,
        "confidence": "estimated_from_open_route_geometry_with_known_length_gap",
        "source_id": "osm",
        "source_url": "https://www.openstreetmap.org/relation/156553",
        "source_access_url": "https://hiking.waymarkedtrails.org/api/v1/details/relation/156553",
        "license_status": "open_license_share_alike",
        "source_license": "ODbL",
        "attribution": "OpenStreetMap contributors",
        "last_checked": "2026-05-13",
        "last_generated": "2026-05-14",
        "ai_answer_rule": "Generated mile based on Scout MVP3 Mid-Atlantic open route geometry, not an official ATC mile. Use for source-aware planning only."
      },
      "geometry": {
        "type": "Point",
        "coordinates": [
          -76.963184,
          40.402536
        ]
      }
    },
    {
      "type": "Feature",
      "properties": {
        "trail": "Appalachian Trail",
        "route_id": "at-mvp3-midatlantic-harpers-ferry-delaware-water-gap-open-2026",
        "source_route_id": "at-main-osm-2026-open",
        "mile_nobo_global_est": 1132.5,
        "mile_nobo_mvp3": 126.5,
        "mile_sobo_mvp3": 137.5,
        "state": "PA",
        "milepoint_type": "generated",
        "official": false,
        "confidence": "estimated_from_open_route_geometry_with_known_length_gap",
        "source_id": "osm",
        "source_url": "https://www.openstreetmap.org/relation/156553",
        "source_access_url": "https://hiking.waymarkedtrails.org/api/v1/details/relation/156553",
        "license_status": "open_license_share_alike",
        "source_license": "ODbL",
        "attribution": "OpenStreetMap contributors",
        "last_checked": "2026-05-13",
        "last_generated": "2026-05-14",
        "ai_answer_rule": "Generated mile based on Scout MVP3 Mid-Atlantic open route geometry, not an official ATC mile. Use for source-aware planning only."
      },
      "geometry": {
        "type": "Point",
        "coordinates": [
          -76.954333,
          40.404747
        ]
      }
    },
    {
      "type": "Feature",
      "properties": {
        "trail": "Appalachian Trail",
        "route_id": "at-mvp3-midatlantic-harpers-ferry-delaware-water-gap-open-2026",
        "source_route_id": "at-main-osm-2026-open",
        "mile_nobo_global_est": 1133,
        "mile_nobo_mvp3": 127,
        "mile_sobo_mvp3": 137,
        "state": "PA",
        "milepoint_type": "generated",
        "official": false,
        "confidence": "estimated_from_open_route_geometry_with_known_length_gap",
        "source_id": "osm",
        "source_url": "https://www.openstreetmap.org/relation/156553",
        "source_access_url": "https://hiking.waymarkedtrails.org/api/v1/details/relation/156553",
        "license_status": "open_license_share_alike",
        "source_license": "ODbL",
        "attribution": "OpenStreetMap contributors",
        "last_checked": "2026-05-13",
        "last_generated": "2026-05-14",
        "ai_answer_rule": "Generated mile based on Scout MVP3 Mid-Atlantic open route geometry, not an official ATC mile. Use for source-aware planning only."
      },
      "geometry": {
        "type": "Point",
        "coordinates": [
          -76.94573,
          40.407215
        ]
      }
    },
    {
      "type": "Feature",
      "properties": {
        "trail": "Appalachian Trail",
        "route_id": "at-mvp3-midatlantic-harpers-ferry-delaware-water-gap-open-2026",
        "source_route_id": "at-main-osm-2026-open",
        "mile_nobo_global_est": 1133.5,
        "mile_nobo_mvp3": 127.5,
        "mile_sobo_mvp3": 136.5,
        "state": "PA",
        "milepoint_type": "generated",
        "official": false,
        "confidence": "estimated_from_open_route_geometry_with_known_length_gap",
        "source_id": "osm",
        "source_url": "https://www.openstreetmap.org/relation/156553",
        "source_access_url": "https://hiking.waymarkedtrails.org/api/v1/details/relation/156553",
        "license_status": "open_license_share_alike",
        "source_license": "ODbL",
        "attribution": "OpenStreetMap contributors",
        "last_checked": "2026-05-13",
        "last_generated": "2026-05-14",
        "ai_answer_rule": "Generated mile based on Scout MVP3 Mid-Atlantic open route geometry, not an official ATC mile. Use for source-aware planning only."
      },
      "geometry": {
        "type": "Point",
        "coordinates": [
          -76.937075,
          40.409683
        ]
      }
    },
    {
      "type": "Feature",
      "properties": {
        "trail": "Appalachian Trail",
        "route_id": "at-mvp3-midatlantic-harpers-ferry-delaware-water-gap-open-2026",
        "source_route_id": "at-main-osm-2026-open",
        "mile_nobo_global_est": 1134,
        "mile_nobo_mvp3": 128,
        "mile_sobo_mvp3": 136,
        "state": "PA",
        "milepoint_type": "generated",
        "official": false,
        "confidence": "estimated_from_open_route_geometry_with_known_length_gap",
        "source_id": "osm",
        "source_url": "https://www.openstreetmap.org/relation/156553",
        "source_access_url": "https://hiking.waymarkedtrails.org/api/v1/details/relation/156553",
        "license_status": "open_license_share_alike",
        "source_license": "ODbL",
        "attribution": "OpenStreetMap contributors",
        "last_checked": "2026-05-13",
        "last_generated": "2026-05-14",
        "ai_answer_rule": "Generated mile based on Scout MVP3 Mid-Atlantic open route geometry, not an official ATC mile. Use for source-aware planning only."
      },
      "geometry": {
        "type": "Point",
        "coordinates": [
          -76.928934,
          40.411602
        ]
      }
    },
    {
      "type": "Feature",
      "properties": {
        "trail": "Appalachian Trail",
        "route_id": "at-mvp3-midatlantic-harpers-ferry-delaware-water-gap-open-2026",
        "source_route_id": "at-main-osm-2026-open",
        "mile_nobo_global_est": 1134.5,
        "mile_nobo_mvp3": 128.5,
        "mile_sobo_mvp3": 135.5,
        "state": "PA",
        "milepoint_type": "generated",
        "official": false,
        "confidence": "estimated_from_open_route_geometry_with_known_length_gap",
        "source_id": "osm",
        "source_url": "https://www.openstreetmap.org/relation/156553",
        "source_access_url": "https://hiking.waymarkedtrails.org/api/v1/details/relation/156553",
        "license_status": "open_license_share_alike",
        "source_license": "ODbL",
        "attribution": "OpenStreetMap contributors",
        "last_checked": "2026-05-13",
        "last_generated": "2026-05-14",
        "ai_answer_rule": "Generated mile based on Scout MVP3 Mid-Atlantic open route geometry, not an official ATC mile. Use for source-aware planning only."
      },
      "geometry": {
        "type": "Point",
        "coordinates": [
          -76.920537,
          40.414362
        ]
      }
    },
    {
      "type": "Feature",
      "properties": {
        "trail": "Appalachian Trail",
        "route_id": "at-mvp3-midatlantic-harpers-ferry-delaware-water-gap-open-2026",
        "source_route_id": "at-main-osm-2026-open",
        "mile_nobo_global_est": 1135,
        "mile_nobo_mvp3": 129,
        "mile_sobo_mvp3": 135,
        "state": "PA",
        "milepoint_type": "generated",
        "official": false,
        "confidence": "estimated_from_open_route_geometry_with_known_length_gap",
        "source_id": "osm",
        "source_url": "https://www.openstreetmap.org/relation/156553",
        "source_access_url": "https://hiking.waymarkedtrails.org/api/v1/details/relation/156553",
        "license_status": "open_license_share_alike",
        "source_license": "ODbL",
        "attribution": "OpenStreetMap contributors",
        "last_checked": "2026-05-13",
        "last_generated": "2026-05-14",
        "ai_answer_rule": "Generated mile based on Scout MVP3 Mid-Atlantic open route geometry, not an official ATC mile. Use for source-aware planning only."
      },
      "geometry": {
        "type": "Point",
        "coordinates": [
          -76.911687,
          40.416777
        ]
      }
    },
    {
      "type": "Feature",
      "properties": {
        "trail": "Appalachian Trail",
        "route_id": "at-mvp3-midatlantic-harpers-ferry-delaware-water-gap-open-2026",
        "source_route_id": "at-main-osm-2026-open",
        "mile_nobo_global_est": 1135.5,
        "mile_nobo_mvp3": 129.5,
        "mile_sobo_mvp3": 134.5,
        "state": "PA",
        "milepoint_type": "generated",
        "official": false,
        "confidence": "estimated_from_open_route_geometry_with_known_length_gap",
        "source_id": "osm",
        "source_url": "https://www.openstreetmap.org/relation/156553",
        "source_access_url": "https://hiking.waymarkedtrails.org/api/v1/details/relation/156553",
        "license_status": "open_license_share_alike",
        "source_license": "ODbL",
        "attribution": "OpenStreetMap contributors",
        "last_checked": "2026-05-13",
        "last_generated": "2026-05-14",
        "ai_answer_rule": "Generated mile based on Scout MVP3 Mid-Atlantic open route geometry, not an official ATC mile. Use for source-aware planning only."
      },
      "geometry": {
        "type": "Point",
        "coordinates": [
          -76.902847,
          40.41925
        ]
      }
    },
    {
      "type": "Feature",
      "properties": {
        "trail": "Appalachian Trail",
        "route_id": "at-mvp3-midatlantic-harpers-ferry-delaware-water-gap-open-2026",
        "source_route_id": "at-main-osm-2026-open",
        "mile_nobo_global_est": 1136,
        "mile_nobo_mvp3": 130,
        "mile_sobo_mvp3": 134,
        "state": "PA",
        "milepoint_type": "generated",
        "official": false,
        "confidence": "estimated_from_open_route_geometry_with_known_length_gap",
        "source_id": "osm",
        "source_url": "https://www.openstreetmap.org/relation/156553",
        "source_access_url": "https://hiking.waymarkedtrails.org/api/v1/details/relation/156553",
        "license_status": "open_license_share_alike",
        "source_license": "ODbL",
        "attribution": "OpenStreetMap contributors",
        "last_checked": "2026-05-13",
        "last_generated": "2026-05-14",
        "ai_answer_rule": "Generated mile based on Scout MVP3 Mid-Atlantic open route geometry, not an official ATC mile. Use for source-aware planning only."
      },
      "geometry": {
        "type": "Point",
        "coordinates": [
          -76.894386,
          40.42186
        ]
      }
    },
    {
      "type": "Feature",
      "properties": {
        "trail": "Appalachian Trail",
        "route_id": "at-mvp3-midatlantic-harpers-ferry-delaware-water-gap-open-2026",
        "source_route_id": "at-main-osm-2026-open",
        "mile_nobo_global_est": 1136.5,
        "mile_nobo_mvp3": 130.5,
        "mile_sobo_mvp3": 133.5,
        "state": "PA",
        "milepoint_type": "generated",
        "official": false,
        "confidence": "estimated_from_open_route_geometry_with_known_length_gap",
        "source_id": "osm",
        "source_url": "https://www.openstreetmap.org/relation/156553",
        "source_access_url": "https://hiking.waymarkedtrails.org/api/v1/details/relation/156553",
        "license_status": "open_license_share_alike",
        "source_license": "ODbL",
        "attribution": "OpenStreetMap contributors",
        "last_checked": "2026-05-13",
        "last_generated": "2026-05-14",
        "ai_answer_rule": "Generated mile based on Scout MVP3 Mid-Atlantic open route geometry, not an official ATC mile. Use for source-aware planning only."
      },
      "geometry": {
        "type": "Point",
        "coordinates": [
          -76.885671,
          40.42414
        ]
      }
    },
    {
      "type": "Feature",
      "properties": {
        "trail": "Appalachian Trail",
        "route_id": "at-mvp3-midatlantic-harpers-ferry-delaware-water-gap-open-2026",
        "source_route_id": "at-main-osm-2026-open",
        "mile_nobo_global_est": 1137,
        "mile_nobo_mvp3": 131,
        "mile_sobo_mvp3": 133,
        "state": "PA",
        "milepoint_type": "generated",
        "official": false,
        "confidence": "estimated_from_open_route_geometry_with_known_length_gap",
        "source_id": "osm",
        "source_url": "https://www.openstreetmap.org/relation/156553",
        "source_access_url": "https://hiking.waymarkedtrails.org/api/v1/details/relation/156553",
        "license_status": "open_license_share_alike",
        "source_license": "ODbL",
        "attribution": "OpenStreetMap contributors",
        "last_checked": "2026-05-13",
        "last_generated": "2026-05-14",
        "ai_answer_rule": "Generated mile based on Scout MVP3 Mid-Atlantic open route geometry, not an official ATC mile. Use for source-aware planning only."
      },
      "geometry": {
        "type": "Point",
        "coordinates": [
          -76.876843,
          40.426385
        ]
      }
    },
    {
      "type": "Feature",
      "properties": {
        "trail": "Appalachian Trail",
        "route_id": "at-mvp3-midatlantic-harpers-ferry-delaware-water-gap-open-2026",
        "source_route_id": "at-main-osm-2026-open",
        "mile_nobo_global_est": 1137.5,
        "mile_nobo_mvp3": 131.5,
        "mile_sobo_mvp3": 132.5,
        "state": "PA",
        "milepoint_type": "generated",
        "official": false,
        "confidence": "estimated_from_open_route_geometry_with_known_length_gap",
        "source_id": "osm",
        "source_url": "https://www.openstreetmap.org/relation/156553",
        "source_access_url": "https://hiking.waymarkedtrails.org/api/v1/details/relation/156553",
        "license_status": "open_license_share_alike",
        "source_license": "ODbL",
        "attribution": "OpenStreetMap contributors",
        "last_checked": "2026-05-13",
        "last_generated": "2026-05-14",
        "ai_answer_rule": "Generated mile based on Scout MVP3 Mid-Atlantic open route geometry, not an official ATC mile. Use for source-aware planning only."
      },
      "geometry": {
        "type": "Point",
        "coordinates": [
          -76.868127,
          40.429074
        ]
      }
    },
    {
      "type": "Feature",
      "properties": {
        "trail": "Appalachian Trail",
        "route_id": "at-mvp3-midatlantic-harpers-ferry-delaware-water-gap-open-2026",
        "source_route_id": "at-main-osm-2026-open",
        "mile_nobo_global_est": 1138,
        "mile_nobo_mvp3": 132,
        "mile_sobo_mvp3": 132,
        "state": "PA",
        "milepoint_type": "generated",
        "official": false,
        "confidence": "estimated_from_open_route_geometry_with_known_length_gap",
        "source_id": "osm",
        "source_url": "https://www.openstreetmap.org/relation/156553",
        "source_access_url": "https://hiking.waymarkedtrails.org/api/v1/details/relation/156553",
        "license_status": "open_license_share_alike",
        "source_license": "ODbL",
        "attribution": "OpenStreetMap contributors",
        "last_checked": "2026-05-13",
        "last_generated": "2026-05-14",
        "ai_answer_rule": "Generated mile based on Scout MVP3 Mid-Atlantic open route geometry, not an official ATC mile. Use for source-aware planning only."
      },
      "geometry": {
        "type": "Point",
        "coordinates": [
          -76.859571,
          40.431576
        ]
      }
    },
    {
      "type": "Feature",
      "properties": {
        "trail": "Appalachian Trail",
        "route_id": "at-mvp3-midatlantic-harpers-ferry-delaware-water-gap-open-2026",
        "source_route_id": "at-main-osm-2026-open",
        "mile_nobo_global_est": 1138.5,
        "mile_nobo_mvp3": 132.5,
        "mile_sobo_mvp3": 131.5,
        "state": "PA",
        "milepoint_type": "generated",
        "official": false,
        "confidence": "estimated_from_open_route_geometry_with_known_length_gap",
        "source_id": "osm",
        "source_url": "https://www.openstreetmap.org/relation/156553",
        "source_access_url": "https://hiking.waymarkedtrails.org/api/v1/details/relation/156553",
        "license_status": "open_license_share_alike",
        "source_license": "ODbL",
        "attribution": "OpenStreetMap contributors",
        "last_checked": "2026-05-13",
        "last_generated": "2026-05-14",
        "ai_answer_rule": "Generated mile based on Scout MVP3 Mid-Atlantic open route geometry, not an official ATC mile. Use for source-aware planning only."
      },
      "geometry": {
        "type": "Point",
        "coordinates": [
          -76.851126,
          40.434696
        ]
      }
    },
    {
      "type": "Feature",
      "properties": {
        "trail": "Appalachian Trail",
        "route_id": "at-mvp3-midatlantic-harpers-ferry-delaware-water-gap-open-2026",
        "source_route_id": "at-main-osm-2026-open",
        "mile_nobo_global_est": 1139,
        "mile_nobo_mvp3": 133,
        "mile_sobo_mvp3": 131,
        "state": "PA",
        "milepoint_type": "generated",
        "official": false,
        "confidence": "estimated_from_open_route_geometry_with_known_length_gap",
        "source_id": "osm",
        "source_url": "https://www.openstreetmap.org/relation/156553",
        "source_access_url": "https://hiking.waymarkedtrails.org/api/v1/details/relation/156553",
        "license_status": "open_license_share_alike",
        "source_license": "ODbL",
        "attribution": "OpenStreetMap contributors",
        "last_checked": "2026-05-13",
        "last_generated": "2026-05-14",
        "ai_answer_rule": "Generated mile based on Scout MVP3 Mid-Atlantic open route geometry, not an official ATC mile. Use for source-aware planning only."
      },
      "geometry": {
        "type": "Point",
        "coordinates": [
          -76.842468,
          40.437541
        ]
      }
    },
    {
      "type": "Feature",
      "properties": {
        "trail": "Appalachian Trail",
        "route_id": "at-mvp3-midatlantic-harpers-ferry-delaware-water-gap-open-2026",
        "source_route_id": "at-main-osm-2026-open",
        "mile_nobo_global_est": 1139.5,
        "mile_nobo_mvp3": 133.5,
        "mile_sobo_mvp3": 130.5,
        "state": "PA",
        "milepoint_type": "generated",
        "official": false,
        "confidence": "estimated_from_open_route_geometry_with_known_length_gap",
        "source_id": "osm",
        "source_url": "https://www.openstreetmap.org/relation/156553",
        "source_access_url": "https://hiking.waymarkedtrails.org/api/v1/details/relation/156553",
        "license_status": "open_license_share_alike",
        "source_license": "ODbL",
        "attribution": "OpenStreetMap contributors",
        "last_checked": "2026-05-13",
        "last_generated": "2026-05-14",
        "ai_answer_rule": "Generated mile based on Scout MVP3 Mid-Atlantic open route geometry, not an official ATC mile. Use for source-aware planning only."
      },
      "geometry": {
        "type": "Point",
        "coordinates": [
          -76.834049,
          40.44079
        ]
      }
    },
    {
      "type": "Feature",
      "properties": {
        "trail": "Appalachian Trail",
        "route_id": "at-mvp3-midatlantic-harpers-ferry-delaware-water-gap-open-2026",
        "source_route_id": "at-main-osm-2026-open",
        "mile_nobo_global_est": 1140,
        "mile_nobo_mvp3": 134,
        "mile_sobo_mvp3": 130,
        "state": "PA",
        "milepoint_type": "generated",
        "official": false,
        "confidence": "estimated_from_open_route_geometry_with_known_length_gap",
        "source_id": "osm",
        "source_url": "https://www.openstreetmap.org/relation/156553",
        "source_access_url": "https://hiking.waymarkedtrails.org/api/v1/details/relation/156553",
        "license_status": "open_license_share_alike",
        "source_license": "ODbL",
        "attribution": "OpenStreetMap contributors",
        "last_checked": "2026-05-13",
        "last_generated": "2026-05-14",
        "ai_answer_rule": "Generated mile based on Scout MVP3 Mid-Atlantic open route geometry, not an official ATC mile. Use for source-aware planning only."
      },
      "geometry": {
        "type": "Point",
        "coordinates": [
          -76.825368,
          40.44341
        ]
      }
    },
    {
      "type": "Feature",
      "properties": {
        "trail": "Appalachian Trail",
        "route_id": "at-mvp3-midatlantic-harpers-ferry-delaware-water-gap-open-2026",
        "source_route_id": "at-main-osm-2026-open",
        "mile_nobo_global_est": 1140.5,
        "mile_nobo_mvp3": 134.5,
        "mile_sobo_mvp3": 129.5,
        "state": "PA",
        "milepoint_type": "generated",
        "official": false,
        "confidence": "estimated_from_open_route_geometry_with_known_length_gap",
        "source_id": "osm",
        "source_url": "https://www.openstreetmap.org/relation/156553",
        "source_access_url": "https://hiking.waymarkedtrails.org/api/v1/details/relation/156553",
        "license_status": "open_license_share_alike",
        "source_license": "ODbL",
        "attribution": "OpenStreetMap contributors",
        "last_checked": "2026-05-13",
        "last_generated": "2026-05-14",
        "ai_answer_rule": "Generated mile based on Scout MVP3 Mid-Atlantic open route geometry, not an official ATC mile. Use for source-aware planning only."
      },
      "geometry": {
        "type": "Point",
        "coordinates": [
          -76.817073,
          40.446416
        ]
      }
    },
    {
      "type": "Feature",
      "properties": {
        "trail": "Appalachian Trail",
        "route_id": "at-mvp3-midatlantic-harpers-ferry-delaware-water-gap-open-2026",
        "source_route_id": "at-main-osm-2026-open",
        "mile_nobo_global_est": 1141,
        "mile_nobo_mvp3": 135,
        "mile_sobo_mvp3": 129,
        "state": "PA",
        "milepoint_type": "generated",
        "official": false,
        "confidence": "estimated_from_open_route_geometry_with_known_length_gap",
        "source_id": "osm",
        "source_url": "https://www.openstreetmap.org/relation/156553",
        "source_access_url": "https://hiking.waymarkedtrails.org/api/v1/details/relation/156553",
        "license_status": "open_license_share_alike",
        "source_license": "ODbL",
        "attribution": "OpenStreetMap contributors",
        "last_checked": "2026-05-13",
        "last_generated": "2026-05-14",
        "ai_answer_rule": "Generated mile based on Scout MVP3 Mid-Atlantic open route geometry, not an official ATC mile. Use for source-aware planning only."
      },
      "geometry": {
        "type": "Point",
        "coordinates": [
          -76.808594,
          40.449427
        ]
      }
    },
    {
      "type": "Feature",
      "properties": {
        "trail": "Appalachian Trail",
        "route_id": "at-mvp3-midatlantic-harpers-ferry-delaware-water-gap-open-2026",
        "source_route_id": "at-main-osm-2026-open",
        "mile_nobo_global_est": 1141.5,
        "mile_nobo_mvp3": 135.5,
        "mile_sobo_mvp3": 128.5,
        "state": "PA",
        "milepoint_type": "generated",
        "official": false,
        "confidence": "estimated_from_open_route_geometry_with_known_length_gap",
        "source_id": "osm",
        "source_url": "https://www.openstreetmap.org/relation/156553",
        "source_access_url": "https://hiking.waymarkedtrails.org/api/v1/details/relation/156553",
        "license_status": "open_license_share_alike",
        "source_license": "ODbL",
        "attribution": "OpenStreetMap contributors",
        "last_checked": "2026-05-13",
        "last_generated": "2026-05-14",
        "ai_answer_rule": "Generated mile based on Scout MVP3 Mid-Atlantic open route geometry, not an official ATC mile. Use for source-aware planning only."
      },
      "geometry": {
        "type": "Point",
        "coordinates": [
          -76.800248,
          40.452573
        ]
      }
    },
    {
      "type": "Feature",
      "properties": {
        "trail": "Appalachian Trail",
        "route_id": "at-mvp3-midatlantic-harpers-ferry-delaware-water-gap-open-2026",
        "source_route_id": "at-main-osm-2026-open",
        "mile_nobo_global_est": 1142,
        "mile_nobo_mvp3": 136,
        "mile_sobo_mvp3": 128,
        "state": "PA",
        "milepoint_type": "generated",
        "official": false,
        "confidence": "estimated_from_open_route_geometry_with_known_length_gap",
        "source_id": "osm",
        "source_url": "https://www.openstreetmap.org/relation/156553",
        "source_access_url": "https://hiking.waymarkedtrails.org/api/v1/details/relation/156553",
        "license_status": "open_license_share_alike",
        "source_license": "ODbL",
        "attribution": "OpenStreetMap contributors",
        "last_checked": "2026-05-13",
        "last_generated": "2026-05-14",
        "ai_answer_rule": "Generated mile based on Scout MVP3 Mid-Atlantic open route geometry, not an official ATC mile. Use for source-aware planning only."
      },
      "geometry": {
        "type": "Point",
        "coordinates": [
          -76.791686,
          40.455332
        ]
      }
    },
    {
      "type": "Feature",
      "properties": {
        "trail": "Appalachian Trail",
        "route_id": "at-mvp3-midatlantic-harpers-ferry-delaware-water-gap-open-2026",
        "source_route_id": "at-main-osm-2026-open",
        "mile_nobo_global_est": 1142.5,
        "mile_nobo_mvp3": 136.5,
        "mile_sobo_mvp3": 127.5,
        "state": "PA",
        "milepoint_type": "generated",
        "official": false,
        "confidence": "estimated_from_open_route_geometry_with_known_length_gap",
        "source_id": "osm",
        "source_url": "https://www.openstreetmap.org/relation/156553",
        "source_access_url": "https://hiking.waymarkedtrails.org/api/v1/details/relation/156553",
        "license_status": "open_license_share_alike",
        "source_license": "ODbL",
        "attribution": "OpenStreetMap contributors",
        "last_checked": "2026-05-13",
        "last_generated": "2026-05-14",
        "ai_answer_rule": "Generated mile based on Scout MVP3 Mid-Atlantic open route geometry, not an official ATC mile. Use for source-aware planning only."
      },
      "geometry": {
        "type": "Point",
        "coordinates": [
          -76.783399,
          40.458331
        ]
      }
    },
    {
      "type": "Feature",
      "properties": {
        "trail": "Appalachian Trail",
        "route_id": "at-mvp3-midatlantic-harpers-ferry-delaware-water-gap-open-2026",
        "source_route_id": "at-main-osm-2026-open",
        "mile_nobo_global_est": 1143,
        "mile_nobo_mvp3": 137,
        "mile_sobo_mvp3": 127,
        "state": "PA",
        "milepoint_type": "generated",
        "official": false,
        "confidence": "estimated_from_open_route_geometry_with_known_length_gap",
        "source_id": "osm",
        "source_url": "https://www.openstreetmap.org/relation/156553",
        "source_access_url": "https://hiking.waymarkedtrails.org/api/v1/details/relation/156553",
        "license_status": "open_license_share_alike",
        "source_license": "ODbL",
        "attribution": "OpenStreetMap contributors",
        "last_checked": "2026-05-13",
        "last_generated": "2026-05-14",
        "ai_answer_rule": "Generated mile based on Scout MVP3 Mid-Atlantic open route geometry, not an official ATC mile. Use for source-aware planning only."
      },
      "geometry": {
        "type": "Point",
        "coordinates": [
          -76.782131,
          40.455502
        ]
      }
    },
    {
      "type": "Feature",
      "properties": {
        "trail": "Appalachian Trail",
        "route_id": "at-mvp3-midatlantic-harpers-ferry-delaware-water-gap-open-2026",
        "source_route_id": "at-main-osm-2026-open",
        "mile_nobo_global_est": 1143.5,
        "mile_nobo_mvp3": 137.5,
        "mile_sobo_mvp3": 126.5,
        "state": "PA",
        "milepoint_type": "generated",
        "official": false,
        "confidence": "estimated_from_open_route_geometry_with_known_length_gap",
        "source_id": "osm",
        "source_url": "https://www.openstreetmap.org/relation/156553",
        "source_access_url": "https://hiking.waymarkedtrails.org/api/v1/details/relation/156553",
        "license_status": "open_license_share_alike",
        "source_license": "ODbL",
        "attribution": "OpenStreetMap contributors",
        "last_checked": "2026-05-13",
        "last_generated": "2026-05-14",
        "ai_answer_rule": "Generated mile based on Scout MVP3 Mid-Atlantic open route geometry, not an official ATC mile. Use for source-aware planning only."
      },
      "geometry": {
        "type": "Point",
        "coordinates": [
          -76.776559,
          40.452532
        ]
      }
    },
    {
      "type": "Feature",
      "properties": {
        "trail": "Appalachian Trail",
        "route_id": "at-mvp3-midatlantic-harpers-ferry-delaware-water-gap-open-2026",
        "source_route_id": "at-main-osm-2026-open",
        "mile_nobo_global_est": 1144,
        "mile_nobo_mvp3": 138,
        "mile_sobo_mvp3": 126,
        "state": "PA",
        "milepoint_type": "generated",
        "official": false,
        "confidence": "estimated_from_open_route_geometry_with_known_length_gap",
        "source_id": "osm",
        "source_url": "https://www.openstreetmap.org/relation/156553",
        "source_access_url": "https://hiking.waymarkedtrails.org/api/v1/details/relation/156553",
        "license_status": "open_license_share_alike",
        "source_license": "ODbL",
        "attribution": "OpenStreetMap contributors",
        "last_checked": "2026-05-13",
        "last_generated": "2026-05-14",
        "ai_answer_rule": "Generated mile based on Scout MVP3 Mid-Atlantic open route geometry, not an official ATC mile. Use for source-aware planning only."
      },
      "geometry": {
        "type": "Point",
        "coordinates": [
          -76.770332,
          40.448015
        ]
      }
    },
    {
      "type": "Feature",
      "properties": {
        "trail": "Appalachian Trail",
        "route_id": "at-mvp3-midatlantic-harpers-ferry-delaware-water-gap-open-2026",
        "source_route_id": "at-main-osm-2026-open",
        "mile_nobo_global_est": 1144.5,
        "mile_nobo_mvp3": 138.5,
        "mile_sobo_mvp3": 125.5,
        "state": "PA",
        "milepoint_type": "generated",
        "official": false,
        "confidence": "estimated_from_open_route_geometry_with_known_length_gap",
        "source_id": "osm",
        "source_url": "https://www.openstreetmap.org/relation/156553",
        "source_access_url": "https://hiking.waymarkedtrails.org/api/v1/details/relation/156553",
        "license_status": "open_license_share_alike",
        "source_license": "ODbL",
        "attribution": "OpenStreetMap contributors",
        "last_checked": "2026-05-13",
        "last_generated": "2026-05-14",
        "ai_answer_rule": "Generated mile based on Scout MVP3 Mid-Atlantic open route geometry, not an official ATC mile. Use for source-aware planning only."
      },
      "geometry": {
        "type": "Point",
        "coordinates": [
          -76.76152,
          40.447139
        ]
      }
    },
    {
      "type": "Feature",
      "properties": {
        "trail": "Appalachian Trail",
        "route_id": "at-mvp3-midatlantic-harpers-ferry-delaware-water-gap-open-2026",
        "source_route_id": "at-main-osm-2026-open",
        "mile_nobo_global_est": 1145,
        "mile_nobo_mvp3": 139,
        "mile_sobo_mvp3": 125,
        "state": "PA",
        "milepoint_type": "generated",
        "official": false,
        "confidence": "estimated_from_open_route_geometry_with_known_length_gap",
        "source_id": "osm",
        "source_url": "https://www.openstreetmap.org/relation/156553",
        "source_access_url": "https://hiking.waymarkedtrails.org/api/v1/details/relation/156553",
        "license_status": "open_license_share_alike",
        "source_license": "ODbL",
        "attribution": "OpenStreetMap contributors",
        "last_checked": "2026-05-13",
        "last_generated": "2026-05-14",
        "ai_answer_rule": "Generated mile based on Scout MVP3 Mid-Atlantic open route geometry, not an official ATC mile. Use for source-aware planning only."
      },
      "geometry": {
        "type": "Point",
        "coordinates": [
          -76.752349,
          40.447609
        ]
      }
    },
    {
      "type": "Feature",
      "properties": {
        "trail": "Appalachian Trail",
        "route_id": "at-mvp3-midatlantic-harpers-ferry-delaware-water-gap-open-2026",
        "source_route_id": "at-main-osm-2026-open",
        "mile_nobo_global_est": 1145.5,
        "mile_nobo_mvp3": 139.5,
        "mile_sobo_mvp3": 124.5,
        "state": "PA",
        "milepoint_type": "generated",
        "official": false,
        "confidence": "estimated_from_open_route_geometry_with_known_length_gap",
        "source_id": "osm",
        "source_url": "https://www.openstreetmap.org/relation/156553",
        "source_access_url": "https://hiking.waymarkedtrails.org/api/v1/details/relation/156553",
        "license_status": "open_license_share_alike",
        "source_license": "ODbL",
        "attribution": "OpenStreetMap contributors",
        "last_checked": "2026-05-13",
        "last_generated": "2026-05-14",
        "ai_answer_rule": "Generated mile based on Scout MVP3 Mid-Atlantic open route geometry, not an official ATC mile. Use for source-aware planning only."
      },
      "geometry": {
        "type": "Point",
        "coordinates": [
          -76.743119,
          40.449086
        ]
      }
    },
    {
      "type": "Feature",
      "properties": {
        "trail": "Appalachian Trail",
        "route_id": "at-mvp3-midatlantic-harpers-ferry-delaware-water-gap-open-2026",
        "source_route_id": "at-main-osm-2026-open",
        "mile_nobo_global_est": 1146,
        "mile_nobo_mvp3": 140,
        "mile_sobo_mvp3": 124,
        "state": "PA",
        "milepoint_type": "generated",
        "official": false,
        "confidence": "estimated_from_open_route_geometry_with_known_length_gap",
        "source_id": "osm",
        "source_url": "https://www.openstreetmap.org/relation/156553",
        "source_access_url": "https://hiking.waymarkedtrails.org/api/v1/details/relation/156553",
        "license_status": "open_license_share_alike",
        "source_license": "ODbL",
        "attribution": "OpenStreetMap contributors",
        "last_checked": "2026-05-13",
        "last_generated": "2026-05-14",
        "ai_answer_rule": "Generated mile based on Scout MVP3 Mid-Atlantic open route geometry, not an official ATC mile. Use for source-aware planning only."
      },
      "geometry": {
        "type": "Point",
        "coordinates": [
          -76.734636,
          40.452063
        ]
      }
    },
    {
      "type": "Feature",
      "properties": {
        "trail": "Appalachian Trail",
        "route_id": "at-mvp3-midatlantic-harpers-ferry-delaware-water-gap-open-2026",
        "source_route_id": "at-main-osm-2026-open",
        "mile_nobo_global_est": 1146.5,
        "mile_nobo_mvp3": 140.5,
        "mile_sobo_mvp3": 123.5,
        "state": "PA",
        "milepoint_type": "generated",
        "official": false,
        "confidence": "estimated_from_open_route_geometry_with_known_length_gap",
        "source_id": "osm",
        "source_url": "https://www.openstreetmap.org/relation/156553",
        "source_access_url": "https://hiking.waymarkedtrails.org/api/v1/details/relation/156553",
        "license_status": "open_license_share_alike",
        "source_license": "ODbL",
        "attribution": "OpenStreetMap contributors",
        "last_checked": "2026-05-13",
        "last_generated": "2026-05-14",
        "ai_answer_rule": "Generated mile based on Scout MVP3 Mid-Atlantic open route geometry, not an official ATC mile. Use for source-aware planning only."
      },
      "geometry": {
        "type": "Point",
        "coordinates": [
          -76.725839,
          40.454654
        ]
      }
    },
    {
      "type": "Feature",
      "properties": {
        "trail": "Appalachian Trail",
        "route_id": "at-mvp3-midatlantic-harpers-ferry-delaware-water-gap-open-2026",
        "source_route_id": "at-main-osm-2026-open",
        "mile_nobo_global_est": 1147,
        "mile_nobo_mvp3": 141,
        "mile_sobo_mvp3": 123,
        "state": "PA",
        "milepoint_type": "generated",
        "official": false,
        "confidence": "estimated_from_open_route_geometry_with_known_length_gap",
        "source_id": "osm",
        "source_url": "https://www.openstreetmap.org/relation/156553",
        "source_access_url": "https://hiking.waymarkedtrails.org/api/v1/details/relation/156553",
        "license_status": "open_license_share_alike",
        "source_license": "ODbL",
        "attribution": "OpenStreetMap contributors",
        "last_checked": "2026-05-13",
        "last_generated": "2026-05-14",
        "ai_answer_rule": "Generated mile based on Scout MVP3 Mid-Atlantic open route geometry, not an official ATC mile. Use for source-aware planning only."
      },
      "geometry": {
        "type": "Point",
        "coordinates": [
          -76.71683,
          40.45591
        ]
      }
    },
    {
      "type": "Feature",
      "properties": {
        "trail": "Appalachian Trail",
        "route_id": "at-mvp3-midatlantic-harpers-ferry-delaware-water-gap-open-2026",
        "source_route_id": "at-main-osm-2026-open",
        "mile_nobo_global_est": 1147.5,
        "mile_nobo_mvp3": 141.5,
        "mile_sobo_mvp3": 122.5,
        "state": "PA",
        "milepoint_type": "generated",
        "official": false,
        "confidence": "estimated_from_open_route_geometry_with_known_length_gap",
        "source_id": "osm",
        "source_url": "https://www.openstreetmap.org/relation/156553",
        "source_access_url": "https://hiking.waymarkedtrails.org/api/v1/details/relation/156553",
        "license_status": "open_license_share_alike",
        "source_license": "ODbL",
        "attribution": "OpenStreetMap contributors",
        "last_checked": "2026-05-13",
        "last_generated": "2026-05-14",
        "ai_answer_rule": "Generated mile based on Scout MVP3 Mid-Atlantic open route geometry, not an official ATC mile. Use for source-aware planning only."
      },
      "geometry": {
        "type": "Point",
        "coordinates": [
          -76.710755,
          40.453546
        ]
      }
    },
    {
      "type": "Feature",
      "properties": {
        "trail": "Appalachian Trail",
        "route_id": "at-mvp3-midatlantic-harpers-ferry-delaware-water-gap-open-2026",
        "source_route_id": "at-main-osm-2026-open",
        "mile_nobo_global_est": 1148,
        "mile_nobo_mvp3": 142,
        "mile_sobo_mvp3": 122,
        "state": "PA",
        "milepoint_type": "generated",
        "official": false,
        "confidence": "estimated_from_open_route_geometry_with_known_length_gap",
        "source_id": "osm",
        "source_url": "https://www.openstreetmap.org/relation/156553",
        "source_access_url": "https://hiking.waymarkedtrails.org/api/v1/details/relation/156553",
        "license_status": "open_license_share_alike",
        "source_license": "ODbL",
        "attribution": "OpenStreetMap contributors",
        "last_checked": "2026-05-13",
        "last_generated": "2026-05-14",
        "ai_answer_rule": "Generated mile based on Scout MVP3 Mid-Atlantic open route geometry, not an official ATC mile. Use for source-aware planning only."
      },
      "geometry": {
        "type": "Point",
        "coordinates": [
          -76.702143,
          40.456185
        ]
      }
    },
    {
      "type": "Feature",
      "properties": {
        "trail": "Appalachian Trail",
        "route_id": "at-mvp3-midatlantic-harpers-ferry-delaware-water-gap-open-2026",
        "source_route_id": "at-main-osm-2026-open",
        "mile_nobo_global_est": 1148.5,
        "mile_nobo_mvp3": 142.5,
        "mile_sobo_mvp3": 121.5,
        "state": "PA",
        "milepoint_type": "generated",
        "official": false,
        "confidence": "estimated_from_open_route_geometry_with_known_length_gap",
        "source_id": "osm",
        "source_url": "https://www.openstreetmap.org/relation/156553",
        "source_access_url": "https://hiking.waymarkedtrails.org/api/v1/details/relation/156553",
        "license_status": "open_license_share_alike",
        "source_license": "ODbL",
        "attribution": "OpenStreetMap contributors",
        "last_checked": "2026-05-13",
        "last_generated": "2026-05-14",
        "ai_answer_rule": "Generated mile based on Scout MVP3 Mid-Atlantic open route geometry, not an official ATC mile. Use for source-aware planning only."
      },
      "geometry": {
        "type": "Point",
        "coordinates": [
          -76.694453,
          40.460215
        ]
      }
    },
    {
      "type": "Feature",
      "properties": {
        "trail": "Appalachian Trail",
        "route_id": "at-mvp3-midatlantic-harpers-ferry-delaware-water-gap-open-2026",
        "source_route_id": "at-main-osm-2026-open",
        "mile_nobo_global_est": 1149,
        "mile_nobo_mvp3": 143,
        "mile_sobo_mvp3": 121,
        "state": "PA",
        "milepoint_type": "generated",
        "official": false,
        "confidence": "estimated_from_open_route_geometry_with_known_length_gap",
        "source_id": "osm",
        "source_url": "https://www.openstreetmap.org/relation/156553",
        "source_access_url": "https://hiking.waymarkedtrails.org/api/v1/details/relation/156553",
        "license_status": "open_license_share_alike",
        "source_license": "ODbL",
        "attribution": "OpenStreetMap contributors",
        "last_checked": "2026-05-13",
        "last_generated": "2026-05-14",
        "ai_answer_rule": "Generated mile based on Scout MVP3 Mid-Atlantic open route geometry, not an official ATC mile. Use for source-aware planning only."
      },
      "geometry": {
        "type": "Point",
        "coordinates": [
          -76.687258,
          40.464757
        ]
      }
    },
    {
      "type": "Feature",
      "properties": {
        "trail": "Appalachian Trail",
        "route_id": "at-mvp3-midatlantic-harpers-ferry-delaware-water-gap-open-2026",
        "source_route_id": "at-main-osm-2026-open",
        "mile_nobo_global_est": 1149.5,
        "mile_nobo_mvp3": 143.5,
        "mile_sobo_mvp3": 120.5,
        "state": "PA",
        "milepoint_type": "generated",
        "official": false,
        "confidence": "estimated_from_open_route_geometry_with_known_length_gap",
        "source_id": "osm",
        "source_url": "https://www.openstreetmap.org/relation/156553",
        "source_access_url": "https://hiking.waymarkedtrails.org/api/v1/details/relation/156553",
        "license_status": "open_license_share_alike",
        "source_license": "ODbL",
        "attribution": "OpenStreetMap contributors",
        "last_checked": "2026-05-13",
        "last_generated": "2026-05-14",
        "ai_answer_rule": "Generated mile based on Scout MVP3 Mid-Atlantic open route geometry, not an official ATC mile. Use for source-aware planning only."
      },
      "geometry": {
        "type": "Point",
        "coordinates": [
          -76.679129,
          40.468267
        ]
      }
    },
    {
      "type": "Feature",
      "properties": {
        "trail": "Appalachian Trail",
        "route_id": "at-mvp3-midatlantic-harpers-ferry-delaware-water-gap-open-2026",
        "source_route_id": "at-main-osm-2026-open",
        "mile_nobo_global_est": 1150,
        "mile_nobo_mvp3": 144,
        "mile_sobo_mvp3": 120,
        "state": "PA",
        "milepoint_type": "generated",
        "official": false,
        "confidence": "estimated_from_open_route_geometry_with_known_length_gap",
        "source_id": "osm",
        "source_url": "https://www.openstreetmap.org/relation/156553",
        "source_access_url": "https://hiking.waymarkedtrails.org/api/v1/details/relation/156553",
        "license_status": "open_license_share_alike",
        "source_license": "ODbL",
        "attribution": "OpenStreetMap contributors",
        "last_checked": "2026-05-13",
        "last_generated": "2026-05-14",
        "ai_answer_rule": "Generated mile based on Scout MVP3 Mid-Atlantic open route geometry, not an official ATC mile. Use for source-aware planning only."
      },
      "geometry": {
        "type": "Point",
        "coordinates": [
          -76.671464,
          40.471893
        ]
      }
    },
    {
      "type": "Feature",
      "properties": {
        "trail": "Appalachian Trail",
        "route_id": "at-mvp3-midatlantic-harpers-ferry-delaware-water-gap-open-2026",
        "source_route_id": "at-main-osm-2026-open",
        "mile_nobo_global_est": 1150.5,
        "mile_nobo_mvp3": 144.5,
        "mile_sobo_mvp3": 119.5,
        "state": "PA",
        "milepoint_type": "generated",
        "official": false,
        "confidence": "estimated_from_open_route_geometry_with_known_length_gap",
        "source_id": "osm",
        "source_url": "https://www.openstreetmap.org/relation/156553",
        "source_access_url": "https://hiking.waymarkedtrails.org/api/v1/details/relation/156553",
        "license_status": "open_license_share_alike",
        "source_license": "ODbL",
        "attribution": "OpenStreetMap contributors",
        "last_checked": "2026-05-13",
        "last_generated": "2026-05-14",
        "ai_answer_rule": "Generated mile based on Scout MVP3 Mid-Atlantic open route geometry, not an official ATC mile. Use for source-aware planning only."
      },
      "geometry": {
        "type": "Point",
        "coordinates": [
          -76.663184,
          40.47535
        ]
      }
    },
    {
      "type": "Feature",
      "properties": {
        "trail": "Appalachian Trail",
        "route_id": "at-mvp3-midatlantic-harpers-ferry-delaware-water-gap-open-2026",
        "source_route_id": "at-main-osm-2026-open",
        "mile_nobo_global_est": 1151,
        "mile_nobo_mvp3": 145,
        "mile_sobo_mvp3": 119,
        "state": "PA",
        "milepoint_type": "generated",
        "official": false,
        "confidence": "estimated_from_open_route_geometry_with_known_length_gap",
        "source_id": "osm",
        "source_url": "https://www.openstreetmap.org/relation/156553",
        "source_access_url": "https://hiking.waymarkedtrails.org/api/v1/details/relation/156553",
        "license_status": "open_license_share_alike",
        "source_license": "ODbL",
        "attribution": "OpenStreetMap contributors",
        "last_checked": "2026-05-13",
        "last_generated": "2026-05-14",
        "ai_answer_rule": "Generated mile based on Scout MVP3 Mid-Atlantic open route geometry, not an official ATC mile. Use for source-aware planning only."
      },
      "geometry": {
        "type": "Point",
        "coordinates": [
          -76.654605,
          40.478368
        ]
      }
    },
    {
      "type": "Feature",
      "properties": {
        "trail": "Appalachian Trail",
        "route_id": "at-mvp3-midatlantic-harpers-ferry-delaware-water-gap-open-2026",
        "source_route_id": "at-main-osm-2026-open",
        "mile_nobo_global_est": 1151.5,
        "mile_nobo_mvp3": 145.5,
        "mile_sobo_mvp3": 118.5,
        "state": "PA",
        "milepoint_type": "generated",
        "official": false,
        "confidence": "estimated_from_open_route_geometry_with_known_length_gap",
        "source_id": "osm",
        "source_url": "https://www.openstreetmap.org/relation/156553",
        "source_access_url": "https://hiking.waymarkedtrails.org/api/v1/details/relation/156553",
        "license_status": "open_license_share_alike",
        "source_license": "ODbL",
        "attribution": "OpenStreetMap contributors",
        "last_checked": "2026-05-13",
        "last_generated": "2026-05-14",
        "ai_answer_rule": "Generated mile based on Scout MVP3 Mid-Atlantic open route geometry, not an official ATC mile. Use for source-aware planning only."
      },
      "geometry": {
        "type": "Point",
        "coordinates": [
          -76.646072,
          40.481422
        ]
      }
    },
    {
      "type": "Feature",
      "properties": {
        "trail": "Appalachian Trail",
        "route_id": "at-mvp3-midatlantic-harpers-ferry-delaware-water-gap-open-2026",
        "source_route_id": "at-main-osm-2026-open",
        "mile_nobo_global_est": 1152,
        "mile_nobo_mvp3": 146,
        "mile_sobo_mvp3": 118,
        "state": "PA",
        "milepoint_type": "generated",
        "official": false,
        "confidence": "estimated_from_open_route_geometry_with_known_length_gap",
        "source_id": "osm",
        "source_url": "https://www.openstreetmap.org/relation/156553",
        "source_access_url": "https://hiking.waymarkedtrails.org/api/v1/details/relation/156553",
        "license_status": "open_license_share_alike",
        "source_license": "ODbL",
        "attribution": "OpenStreetMap contributors",
        "last_checked": "2026-05-13",
        "last_generated": "2026-05-14",
        "ai_answer_rule": "Generated mile based on Scout MVP3 Mid-Atlantic open route geometry, not an official ATC mile. Use for source-aware planning only."
      },
      "geometry": {
        "type": "Point",
        "coordinates": [
          -76.638094,
          40.485304
        ]
      }
    },
    {
      "type": "Feature",
      "properties": {
        "trail": "Appalachian Trail",
        "route_id": "at-mvp3-midatlantic-harpers-ferry-delaware-water-gap-open-2026",
        "source_route_id": "at-main-osm-2026-open",
        "mile_nobo_global_est": 1152.5,
        "mile_nobo_mvp3": 146.5,
        "mile_sobo_mvp3": 117.5,
        "state": "PA",
        "milepoint_type": "generated",
        "official": false,
        "confidence": "estimated_from_open_route_geometry_with_known_length_gap",
        "source_id": "osm",
        "source_url": "https://www.openstreetmap.org/relation/156553",
        "source_access_url": "https://hiking.waymarkedtrails.org/api/v1/details/relation/156553",
        "license_status": "open_license_share_alike",
        "source_license": "ODbL",
        "attribution": "OpenStreetMap contributors",
        "last_checked": "2026-05-13",
        "last_generated": "2026-05-14",
        "ai_answer_rule": "Generated mile based on Scout MVP3 Mid-Atlantic open route geometry, not an official ATC mile. Use for source-aware planning only."
      },
      "geometry": {
        "type": "Point",
        "coordinates": [
          -76.631134,
          40.488723
        ]
      }
    },
    {
      "type": "Feature",
      "properties": {
        "trail": "Appalachian Trail",
        "route_id": "at-mvp3-midatlantic-harpers-ferry-delaware-water-gap-open-2026",
        "source_route_id": "at-main-osm-2026-open",
        "mile_nobo_global_est": 1153,
        "mile_nobo_mvp3": 147,
        "mile_sobo_mvp3": 117,
        "state": "PA",
        "milepoint_type": "generated",
        "official": false,
        "confidence": "estimated_from_open_route_geometry_with_known_length_gap",
        "source_id": "osm",
        "source_url": "https://www.openstreetmap.org/relation/156553",
        "source_access_url": "https://hiking.waymarkedtrails.org/api/v1/details/relation/156553",
        "license_status": "open_license_share_alike",
        "source_license": "ODbL",
        "attribution": "OpenStreetMap contributors",
        "last_checked": "2026-05-13",
        "last_generated": "2026-05-14",
        "ai_answer_rule": "Generated mile based on Scout MVP3 Mid-Atlantic open route geometry, not an official ATC mile. Use for source-aware planning only."
      },
      "geometry": {
        "type": "Point",
        "coordinates": [
          -76.623191,
          40.492391
        ]
      }
    },
    {
      "type": "Feature",
      "properties": {
        "trail": "Appalachian Trail",
        "route_id": "at-mvp3-midatlantic-harpers-ferry-delaware-water-gap-open-2026",
        "source_route_id": "at-main-osm-2026-open",
        "mile_nobo_global_est": 1153.5,
        "mile_nobo_mvp3": 147.5,
        "mile_sobo_mvp3": 116.5,
        "state": "PA",
        "milepoint_type": "generated",
        "official": false,
        "confidence": "estimated_from_open_route_geometry_with_known_length_gap",
        "source_id": "osm",
        "source_url": "https://www.openstreetmap.org/relation/156553",
        "source_access_url": "https://hiking.waymarkedtrails.org/api/v1/details/relation/156553",
        "license_status": "open_license_share_alike",
        "source_license": "ODbL",
        "attribution": "OpenStreetMap contributors",
        "last_checked": "2026-05-13",
        "last_generated": "2026-05-14",
        "ai_answer_rule": "Generated mile based on Scout MVP3 Mid-Atlantic open route geometry, not an official ATC mile. Use for source-aware planning only."
      },
      "geometry": {
        "type": "Point",
        "coordinates": [
          -76.615937,
          40.496329
        ]
      }
    },
    {
      "type": "Feature",
      "properties": {
        "trail": "Appalachian Trail",
        "route_id": "at-mvp3-midatlantic-harpers-ferry-delaware-water-gap-open-2026",
        "source_route_id": "at-main-osm-2026-open",
        "mile_nobo_global_est": 1154,
        "mile_nobo_mvp3": 148,
        "mile_sobo_mvp3": 116,
        "state": "PA",
        "milepoint_type": "generated",
        "official": false,
        "confidence": "estimated_from_open_route_geometry_with_known_length_gap",
        "source_id": "osm",
        "source_url": "https://www.openstreetmap.org/relation/156553",
        "source_access_url": "https://hiking.waymarkedtrails.org/api/v1/details/relation/156553",
        "license_status": "open_license_share_alike",
        "source_license": "ODbL",
        "attribution": "OpenStreetMap contributors",
        "last_checked": "2026-05-13",
        "last_generated": "2026-05-14",
        "ai_answer_rule": "Generated mile based on Scout MVP3 Mid-Atlantic open route geometry, not an official ATC mile. Use for source-aware planning only."
      },
      "geometry": {
        "type": "Point",
        "coordinates": [
          -76.608934,
          40.501025
        ]
      }
    },
    {
      "type": "Feature",
      "properties": {
        "trail": "Appalachian Trail",
        "route_id": "at-mvp3-midatlantic-harpers-ferry-delaware-water-gap-open-2026",
        "source_route_id": "at-main-osm-2026-open",
        "mile_nobo_global_est": 1154.5,
        "mile_nobo_mvp3": 148.5,
        "mile_sobo_mvp3": 115.5,
        "state": "PA",
        "milepoint_type": "generated",
        "official": false,
        "confidence": "estimated_from_open_route_geometry_with_known_length_gap",
        "source_id": "osm",
        "source_url": "https://www.openstreetmap.org/relation/156553",
        "source_access_url": "https://hiking.waymarkedtrails.org/api/v1/details/relation/156553",
        "license_status": "open_license_share_alike",
        "source_license": "ODbL",
        "attribution": "OpenStreetMap contributors",
        "last_checked": "2026-05-13",
        "last_generated": "2026-05-14",
        "ai_answer_rule": "Generated mile based on Scout MVP3 Mid-Atlantic open route geometry, not an official ATC mile. Use for source-aware planning only."
      },
      "geometry": {
        "type": "Point",
        "coordinates": [
          -76.600619,
          40.502541
        ]
      }
    },
    {
      "type": "Feature",
      "properties": {
        "trail": "Appalachian Trail",
        "route_id": "at-mvp3-midatlantic-harpers-ferry-delaware-water-gap-open-2026",
        "source_route_id": "at-main-osm-2026-open",
        "mile_nobo_global_est": 1155,
        "mile_nobo_mvp3": 149,
        "mile_sobo_mvp3": 115,
        "state": "PA",
        "milepoint_type": "generated",
        "official": false,
        "confidence": "estimated_from_open_route_geometry_with_known_length_gap",
        "source_id": "osm",
        "source_url": "https://www.openstreetmap.org/relation/156553",
        "source_access_url": "https://hiking.waymarkedtrails.org/api/v1/details/relation/156553",
        "license_status": "open_license_share_alike",
        "source_license": "ODbL",
        "attribution": "OpenStreetMap contributors",
        "last_checked": "2026-05-13",
        "last_generated": "2026-05-14",
        "ai_answer_rule": "Generated mile based on Scout MVP3 Mid-Atlantic open route geometry, not an official ATC mile. Use for source-aware planning only."
      },
      "geometry": {
        "type": "Point",
        "coordinates": [
          -76.59711,
          40.497007
        ]
      }
    },
    {
      "type": "Feature",
      "properties": {
        "trail": "Appalachian Trail",
        "route_id": "at-mvp3-midatlantic-harpers-ferry-delaware-water-gap-open-2026",
        "source_route_id": "at-main-osm-2026-open",
        "mile_nobo_global_est": 1155.5,
        "mile_nobo_mvp3": 149.5,
        "mile_sobo_mvp3": 114.5,
        "state": "PA",
        "milepoint_type": "generated",
        "official": false,
        "confidence": "estimated_from_open_route_geometry_with_known_length_gap",
        "source_id": "osm",
        "source_url": "https://www.openstreetmap.org/relation/156553",
        "source_access_url": "https://hiking.waymarkedtrails.org/api/v1/details/relation/156553",
        "license_status": "open_license_share_alike",
        "source_license": "ODbL",
        "attribution": "OpenStreetMap contributors",
        "last_checked": "2026-05-13",
        "last_generated": "2026-05-14",
        "ai_answer_rule": "Generated mile based on Scout MVP3 Mid-Atlantic open route geometry, not an official ATC mile. Use for source-aware planning only."
      },
      "geometry": {
        "type": "Point",
        "coordinates": [
          -76.589735,
          40.495326
        ]
      }
    },
    {
      "type": "Feature",
      "properties": {
        "trail": "Appalachian Trail",
        "route_id": "at-mvp3-midatlantic-harpers-ferry-delaware-water-gap-open-2026",
        "source_route_id": "at-main-osm-2026-open",
        "mile_nobo_global_est": 1156,
        "mile_nobo_mvp3": 150,
        "mile_sobo_mvp3": 114,
        "state": "PA",
        "milepoint_type": "generated",
        "official": false,
        "confidence": "estimated_from_open_route_geometry_with_known_length_gap",
        "source_id": "osm",
        "source_url": "https://www.openstreetmap.org/relation/156553",
        "source_access_url": "https://hiking.waymarkedtrails.org/api/v1/details/relation/156553",
        "license_status": "open_license_share_alike",
        "source_license": "ODbL",
        "attribution": "OpenStreetMap contributors",
        "last_checked": "2026-05-13",
        "last_generated": "2026-05-14",
        "ai_answer_rule": "Generated mile based on Scout MVP3 Mid-Atlantic open route geometry, not an official ATC mile. Use for source-aware planning only."
      },
      "geometry": {
        "type": "Point",
        "coordinates": [
          -76.58087,
          40.494134
        ]
      }
    },
    {
      "type": "Feature",
      "properties": {
        "trail": "Appalachian Trail",
        "route_id": "at-mvp3-midatlantic-harpers-ferry-delaware-water-gap-open-2026",
        "source_route_id": "at-main-osm-2026-open",
        "mile_nobo_global_est": 1156.5,
        "mile_nobo_mvp3": 150.5,
        "mile_sobo_mvp3": 113.5,
        "state": "PA",
        "milepoint_type": "generated",
        "official": false,
        "confidence": "estimated_from_open_route_geometry_with_known_length_gap",
        "source_id": "osm",
        "source_url": "https://www.openstreetmap.org/relation/156553",
        "source_access_url": "https://hiking.waymarkedtrails.org/api/v1/details/relation/156553",
        "license_status": "open_license_share_alike",
        "source_license": "ODbL",
        "attribution": "OpenStreetMap contributors",
        "last_checked": "2026-05-13",
        "last_generated": "2026-05-14",
        "ai_answer_rule": "Generated mile based on Scout MVP3 Mid-Atlantic open route geometry, not an official ATC mile. Use for source-aware planning only."
      },
      "geometry": {
        "type": "Point",
        "coordinates": [
          -76.57264,
          40.49713
        ]
      }
    },
    {
      "type": "Feature",
      "properties": {
        "trail": "Appalachian Trail",
        "route_id": "at-mvp3-midatlantic-harpers-ferry-delaware-water-gap-open-2026",
        "source_route_id": "at-main-osm-2026-open",
        "mile_nobo_global_est": 1157,
        "mile_nobo_mvp3": 151,
        "mile_sobo_mvp3": 113,
        "state": "PA",
        "milepoint_type": "generated",
        "official": false,
        "confidence": "estimated_from_open_route_geometry_with_known_length_gap",
        "source_id": "osm",
        "source_url": "https://www.openstreetmap.org/relation/156553",
        "source_access_url": "https://hiking.waymarkedtrails.org/api/v1/details/relation/156553",
        "license_status": "open_license_share_alike",
        "source_license": "ODbL",
        "attribution": "OpenStreetMap contributors",
        "last_checked": "2026-05-13",
        "last_generated": "2026-05-14",
        "ai_answer_rule": "Generated mile based on Scout MVP3 Mid-Atlantic open route geometry, not an official ATC mile. Use for source-aware planning only."
      },
      "geometry": {
        "type": "Point",
        "coordinates": [
          -76.565463,
          40.501683
        ]
      }
    },
    {
      "type": "Feature",
      "properties": {
        "trail": "Appalachian Trail",
        "route_id": "at-mvp3-midatlantic-harpers-ferry-delaware-water-gap-open-2026",
        "source_route_id": "at-main-osm-2026-open",
        "mile_nobo_global_est": 1157.5,
        "mile_nobo_mvp3": 151.5,
        "mile_sobo_mvp3": 112.5,
        "state": "PA",
        "milepoint_type": "generated",
        "official": false,
        "confidence": "estimated_from_open_route_geometry_with_known_length_gap",
        "source_id": "osm",
        "source_url": "https://www.openstreetmap.org/relation/156553",
        "source_access_url": "https://hiking.waymarkedtrails.org/api/v1/details/relation/156553",
        "license_status": "open_license_share_alike",
        "source_license": "ODbL",
        "attribution": "OpenStreetMap contributors",
        "last_checked": "2026-05-13",
        "last_generated": "2026-05-14",
        "ai_answer_rule": "Generated mile based on Scout MVP3 Mid-Atlantic open route geometry, not an official ATC mile. Use for source-aware planning only."
      },
      "geometry": {
        "type": "Point",
        "coordinates": [
          -76.559513,
          40.501831
        ]
      }
    },
    {
      "type": "Feature",
      "properties": {
        "trail": "Appalachian Trail",
        "route_id": "at-mvp3-midatlantic-harpers-ferry-delaware-water-gap-open-2026",
        "source_route_id": "at-main-osm-2026-open",
        "mile_nobo_global_est": 1158,
        "mile_nobo_mvp3": 152,
        "mile_sobo_mvp3": 112,
        "state": "PA",
        "milepoint_type": "generated",
        "official": false,
        "confidence": "estimated_from_open_route_geometry_with_known_length_gap",
        "source_id": "osm",
        "source_url": "https://www.openstreetmap.org/relation/156553",
        "source_access_url": "https://hiking.waymarkedtrails.org/api/v1/details/relation/156553",
        "license_status": "open_license_share_alike",
        "source_license": "ODbL",
        "attribution": "OpenStreetMap contributors",
        "last_checked": "2026-05-13",
        "last_generated": "2026-05-14",
        "ai_answer_rule": "Generated mile based on Scout MVP3 Mid-Atlantic open route geometry, not an official ATC mile. Use for source-aware planning only."
      },
      "geometry": {
        "type": "Point",
        "coordinates": [
          -76.557695,
          40.495922
        ]
      }
    },
    {
      "type": "Feature",
      "properties": {
        "trail": "Appalachian Trail",
        "route_id": "at-mvp3-midatlantic-harpers-ferry-delaware-water-gap-open-2026",
        "source_route_id": "at-main-osm-2026-open",
        "mile_nobo_global_est": 1158.5,
        "mile_nobo_mvp3": 152.5,
        "mile_sobo_mvp3": 111.5,
        "state": "PA",
        "milepoint_type": "generated",
        "official": false,
        "confidence": "estimated_from_open_route_geometry_with_known_length_gap",
        "source_id": "osm",
        "source_url": "https://www.openstreetmap.org/relation/156553",
        "source_access_url": "https://hiking.waymarkedtrails.org/api/v1/details/relation/156553",
        "license_status": "open_license_share_alike",
        "source_license": "ODbL",
        "attribution": "OpenStreetMap contributors",
        "last_checked": "2026-05-13",
        "last_generated": "2026-05-14",
        "ai_answer_rule": "Generated mile based on Scout MVP3 Mid-Atlantic open route geometry, not an official ATC mile. Use for source-aware planning only."
      },
      "geometry": {
        "type": "Point",
        "coordinates": [
          -76.551788,
          40.490834
        ]
      }
    },
    {
      "type": "Feature",
      "properties": {
        "trail": "Appalachian Trail",
        "route_id": "at-mvp3-midatlantic-harpers-ferry-delaware-water-gap-open-2026",
        "source_route_id": "at-main-osm-2026-open",
        "mile_nobo_global_est": 1159,
        "mile_nobo_mvp3": 153,
        "mile_sobo_mvp3": 111,
        "state": "PA",
        "milepoint_type": "generated",
        "official": false,
        "confidence": "estimated_from_open_route_geometry_with_known_length_gap",
        "source_id": "osm",
        "source_url": "https://www.openstreetmap.org/relation/156553",
        "source_access_url": "https://hiking.waymarkedtrails.org/api/v1/details/relation/156553",
        "license_status": "open_license_share_alike",
        "source_license": "ODbL",
        "attribution": "OpenStreetMap contributors",
        "last_checked": "2026-05-13",
        "last_generated": "2026-05-14",
        "ai_answer_rule": "Generated mile based on Scout MVP3 Mid-Atlantic open route geometry, not an official ATC mile. Use for source-aware planning only."
      },
      "geometry": {
        "type": "Point",
        "coordinates": [
          -76.549719,
          40.484327
        ]
      }
    },
    {
      "type": "Feature",
      "properties": {
        "trail": "Appalachian Trail",
        "route_id": "at-mvp3-midatlantic-harpers-ferry-delaware-water-gap-open-2026",
        "source_route_id": "at-main-osm-2026-open",
        "mile_nobo_global_est": 1159.5,
        "mile_nobo_mvp3": 153.5,
        "mile_sobo_mvp3": 110.5,
        "state": "PA",
        "milepoint_type": "generated",
        "official": false,
        "confidence": "estimated_from_open_route_geometry_with_known_length_gap",
        "source_id": "osm",
        "source_url": "https://www.openstreetmap.org/relation/156553",
        "source_access_url": "https://hiking.waymarkedtrails.org/api/v1/details/relation/156553",
        "license_status": "open_license_share_alike",
        "source_license": "ODbL",
        "attribution": "OpenStreetMap contributors",
        "last_checked": "2026-05-13",
        "last_generated": "2026-05-14",
        "ai_answer_rule": "Generated mile based on Scout MVP3 Mid-Atlantic open route geometry, not an official ATC mile. Use for source-aware planning only."
      },
      "geometry": {
        "type": "Point",
        "coordinates": [
          -76.546559,
          40.480816
        ]
      }
    },
    {
      "type": "Feature",
      "properties": {
        "trail": "Appalachian Trail",
        "route_id": "at-mvp3-midatlantic-harpers-ferry-delaware-water-gap-open-2026",
        "source_route_id": "at-main-osm-2026-open",
        "mile_nobo_global_est": 1160,
        "mile_nobo_mvp3": 154,
        "mile_sobo_mvp3": 110,
        "state": "PA",
        "milepoint_type": "generated",
        "official": false,
        "confidence": "estimated_from_open_route_geometry_with_known_length_gap",
        "source_id": "osm",
        "source_url": "https://www.openstreetmap.org/relation/156553",
        "source_access_url": "https://hiking.waymarkedtrails.org/api/v1/details/relation/156553",
        "license_status": "open_license_share_alike",
        "source_license": "ODbL",
        "attribution": "OpenStreetMap contributors",
        "last_checked": "2026-05-13",
        "last_generated": "2026-05-14",
        "ai_answer_rule": "Generated mile based on Scout MVP3 Mid-Atlantic open route geometry, not an official ATC mile. Use for source-aware planning only."
      },
      "geometry": {
        "type": "Point",
        "coordinates": [
          -76.539877,
          40.478604
        ]
      }
    },
    {
      "type": "Feature",
      "properties": {
        "trail": "Appalachian Trail",
        "route_id": "at-mvp3-midatlantic-harpers-ferry-delaware-water-gap-open-2026",
        "source_route_id": "at-main-osm-2026-open",
        "mile_nobo_global_est": 1160.5,
        "mile_nobo_mvp3": 154.5,
        "mile_sobo_mvp3": 109.5,
        "state": "PA",
        "milepoint_type": "generated",
        "official": false,
        "confidence": "estimated_from_open_route_geometry_with_known_length_gap",
        "source_id": "osm",
        "source_url": "https://www.openstreetmap.org/relation/156553",
        "source_access_url": "https://hiking.waymarkedtrails.org/api/v1/details/relation/156553",
        "license_status": "open_license_share_alike",
        "source_license": "ODbL",
        "attribution": "OpenStreetMap contributors",
        "last_checked": "2026-05-13",
        "last_generated": "2026-05-14",
        "ai_answer_rule": "Generated mile based on Scout MVP3 Mid-Atlantic open route geometry, not an official ATC mile. Use for source-aware planning only."
      },
      "geometry": {
        "type": "Point",
        "coordinates": [
          -76.532286,
          40.480052
        ]
      }
    },
    {
      "type": "Feature",
      "properties": {
        "trail": "Appalachian Trail",
        "route_id": "at-mvp3-midatlantic-harpers-ferry-delaware-water-gap-open-2026",
        "source_route_id": "at-main-osm-2026-open",
        "mile_nobo_global_est": 1161,
        "mile_nobo_mvp3": 155,
        "mile_sobo_mvp3": 109,
        "state": "PA",
        "milepoint_type": "generated",
        "official": false,
        "confidence": "estimated_from_open_route_geometry_with_known_length_gap",
        "source_id": "osm",
        "source_url": "https://www.openstreetmap.org/relation/156553",
        "source_access_url": "https://hiking.waymarkedtrails.org/api/v1/details/relation/156553",
        "license_status": "open_license_share_alike",
        "source_license": "ODbL",
        "attribution": "OpenStreetMap contributors",
        "last_checked": "2026-05-13",
        "last_generated": "2026-05-14",
        "ai_answer_rule": "Generated mile based on Scout MVP3 Mid-Atlantic open route geometry, not an official ATC mile. Use for source-aware planning only."
      },
      "geometry": {
        "type": "Point",
        "coordinates": [
          -76.528325,
          40.480036
        ]
      }
    },
    {
      "type": "Feature",
      "properties": {
        "trail": "Appalachian Trail",
        "route_id": "at-mvp3-midatlantic-harpers-ferry-delaware-water-gap-open-2026",
        "source_route_id": "at-main-osm-2026-open",
        "mile_nobo_global_est": 1161.5,
        "mile_nobo_mvp3": 155.5,
        "mile_sobo_mvp3": 108.5,
        "state": "PA",
        "milepoint_type": "generated",
        "official": false,
        "confidence": "estimated_from_open_route_geometry_with_known_length_gap",
        "source_id": "osm",
        "source_url": "https://www.openstreetmap.org/relation/156553",
        "source_access_url": "https://hiking.waymarkedtrails.org/api/v1/details/relation/156553",
        "license_status": "open_license_share_alike",
        "source_license": "ODbL",
        "attribution": "OpenStreetMap contributors",
        "last_checked": "2026-05-13",
        "last_generated": "2026-05-14",
        "ai_answer_rule": "Generated mile based on Scout MVP3 Mid-Atlantic open route geometry, not an official ATC mile. Use for source-aware planning only."
      },
      "geometry": {
        "type": "Point",
        "coordinates": [
          -76.524781,
          40.483653
        ]
      }
    },
    {
      "type": "Feature",
      "properties": {
        "trail": "Appalachian Trail",
        "route_id": "at-mvp3-midatlantic-harpers-ferry-delaware-water-gap-open-2026",
        "source_route_id": "at-main-osm-2026-open",
        "mile_nobo_global_est": 1162,
        "mile_nobo_mvp3": 156,
        "mile_sobo_mvp3": 108,
        "state": "PA",
        "milepoint_type": "generated",
        "official": false,
        "confidence": "estimated_from_open_route_geometry_with_known_length_gap",
        "source_id": "osm",
        "source_url": "https://www.openstreetmap.org/relation/156553",
        "source_access_url": "https://hiking.waymarkedtrails.org/api/v1/details/relation/156553",
        "license_status": "open_license_share_alike",
        "source_license": "ODbL",
        "attribution": "OpenStreetMap contributors",
        "last_checked": "2026-05-13",
        "last_generated": "2026-05-14",
        "ai_answer_rule": "Generated mile based on Scout MVP3 Mid-Atlantic open route geometry, not an official ATC mile. Use for source-aware planning only."
      },
      "geometry": {
        "type": "Point",
        "coordinates": [
          -76.517919,
          40.483238
        ]
      }
    },
    {
      "type": "Feature",
      "properties": {
        "trail": "Appalachian Trail",
        "route_id": "at-mvp3-midatlantic-harpers-ferry-delaware-water-gap-open-2026",
        "source_route_id": "at-main-osm-2026-open",
        "mile_nobo_global_est": 1162.5,
        "mile_nobo_mvp3": 156.5,
        "mile_sobo_mvp3": 107.5,
        "state": "PA",
        "milepoint_type": "generated",
        "official": false,
        "confidence": "estimated_from_open_route_geometry_with_known_length_gap",
        "source_id": "osm",
        "source_url": "https://www.openstreetmap.org/relation/156553",
        "source_access_url": "https://hiking.waymarkedtrails.org/api/v1/details/relation/156553",
        "license_status": "open_license_share_alike",
        "source_license": "ODbL",
        "attribution": "OpenStreetMap contributors",
        "last_checked": "2026-05-13",
        "last_generated": "2026-05-14",
        "ai_answer_rule": "Generated mile based on Scout MVP3 Mid-Atlantic open route geometry, not an official ATC mile. Use for source-aware planning only."
      },
      "geometry": {
        "type": "Point",
        "coordinates": [
          -76.510221,
          40.487327
        ]
      }
    },
    {
      "type": "Feature",
      "properties": {
        "trail": "Appalachian Trail",
        "route_id": "at-mvp3-midatlantic-harpers-ferry-delaware-water-gap-open-2026",
        "source_route_id": "at-main-osm-2026-open",
        "mile_nobo_global_est": 1163,
        "mile_nobo_mvp3": 157,
        "mile_sobo_mvp3": 107,
        "state": "PA",
        "milepoint_type": "generated",
        "official": false,
        "confidence": "estimated_from_open_route_geometry_with_known_length_gap",
        "source_id": "osm",
        "source_url": "https://www.openstreetmap.org/relation/156553",
        "source_access_url": "https://hiking.waymarkedtrails.org/api/v1/details/relation/156553",
        "license_status": "open_license_share_alike",
        "source_license": "ODbL",
        "attribution": "OpenStreetMap contributors",
        "last_checked": "2026-05-13",
        "last_generated": "2026-05-14",
        "ai_answer_rule": "Generated mile based on Scout MVP3 Mid-Atlantic open route geometry, not an official ATC mile. Use for source-aware planning only."
      },
      "geometry": {
        "type": "Point",
        "coordinates": [
          -76.501684,
          40.490174
        ]
      }
    },
    {
      "type": "Feature",
      "properties": {
        "trail": "Appalachian Trail",
        "route_id": "at-mvp3-midatlantic-harpers-ferry-delaware-water-gap-open-2026",
        "source_route_id": "at-main-osm-2026-open",
        "mile_nobo_global_est": 1163.5,
        "mile_nobo_mvp3": 157.5,
        "mile_sobo_mvp3": 106.5,
        "state": "PA",
        "milepoint_type": "generated",
        "official": false,
        "confidence": "estimated_from_open_route_geometry_with_known_length_gap",
        "source_id": "osm",
        "source_url": "https://www.openstreetmap.org/relation/156553",
        "source_access_url": "https://hiking.waymarkedtrails.org/api/v1/details/relation/156553",
        "license_status": "open_license_share_alike",
        "source_license": "ODbL",
        "attribution": "OpenStreetMap contributors",
        "last_checked": "2026-05-13",
        "last_generated": "2026-05-14",
        "ai_answer_rule": "Generated mile based on Scout MVP3 Mid-Atlantic open route geometry, not an official ATC mile. Use for source-aware planning only."
      },
      "geometry": {
        "type": "Point",
        "coordinates": [
          -76.492737,
          40.492156
        ]
      }
    },
    {
      "type": "Feature",
      "properties": {
        "trail": "Appalachian Trail",
        "route_id": "at-mvp3-midatlantic-harpers-ferry-delaware-water-gap-open-2026",
        "source_route_id": "at-main-osm-2026-open",
        "mile_nobo_global_est": 1164,
        "mile_nobo_mvp3": 158,
        "mile_sobo_mvp3": 106,
        "state": "PA",
        "milepoint_type": "generated",
        "official": false,
        "confidence": "estimated_from_open_route_geometry_with_known_length_gap",
        "source_id": "osm",
        "source_url": "https://www.openstreetmap.org/relation/156553",
        "source_access_url": "https://hiking.waymarkedtrails.org/api/v1/details/relation/156553",
        "license_status": "open_license_share_alike",
        "source_license": "ODbL",
        "attribution": "OpenStreetMap contributors",
        "last_checked": "2026-05-13",
        "last_generated": "2026-05-14",
        "ai_answer_rule": "Generated mile based on Scout MVP3 Mid-Atlantic open route geometry, not an official ATC mile. Use for source-aware planning only."
      },
      "geometry": {
        "type": "Point",
        "coordinates": [
          -76.483832,
          40.49428
        ]
      }
    },
    {
      "type": "Feature",
      "properties": {
        "trail": "Appalachian Trail",
        "route_id": "at-mvp3-midatlantic-harpers-ferry-delaware-water-gap-open-2026",
        "source_route_id": "at-main-osm-2026-open",
        "mile_nobo_global_est": 1164.5,
        "mile_nobo_mvp3": 158.5,
        "mile_sobo_mvp3": 105.5,
        "state": "PA",
        "milepoint_type": "generated",
        "official": false,
        "confidence": "estimated_from_open_route_geometry_with_known_length_gap",
        "source_id": "osm",
        "source_url": "https://www.openstreetmap.org/relation/156553",
        "source_access_url": "https://hiking.waymarkedtrails.org/api/v1/details/relation/156553",
        "license_status": "open_license_share_alike",
        "source_license": "ODbL",
        "attribution": "OpenStreetMap contributors",
        "last_checked": "2026-05-13",
        "last_generated": "2026-05-14",
        "ai_answer_rule": "Generated mile based on Scout MVP3 Mid-Atlantic open route geometry, not an official ATC mile. Use for source-aware planning only."
      },
      "geometry": {
        "type": "Point",
        "coordinates": [
          -76.474853,
          40.496392
        ]
      }
    },
    {
      "type": "Feature",
      "properties": {
        "trail": "Appalachian Trail",
        "route_id": "at-mvp3-midatlantic-harpers-ferry-delaware-water-gap-open-2026",
        "source_route_id": "at-main-osm-2026-open",
        "mile_nobo_global_est": 1165,
        "mile_nobo_mvp3": 159,
        "mile_sobo_mvp3": 105,
        "state": "PA",
        "milepoint_type": "generated",
        "official": false,
        "confidence": "estimated_from_open_route_geometry_with_known_length_gap",
        "source_id": "osm",
        "source_url": "https://www.openstreetmap.org/relation/156553",
        "source_access_url": "https://hiking.waymarkedtrails.org/api/v1/details/relation/156553",
        "license_status": "open_license_share_alike",
        "source_license": "ODbL",
        "attribution": "OpenStreetMap contributors",
        "last_checked": "2026-05-13",
        "last_generated": "2026-05-14",
        "ai_answer_rule": "Generated mile based on Scout MVP3 Mid-Atlantic open route geometry, not an official ATC mile. Use for source-aware planning only."
      },
      "geometry": {
        "type": "Point",
        "coordinates": [
          -76.466506,
          40.496023
        ]
      }
    },
    {
      "type": "Feature",
      "properties": {
        "trail": "Appalachian Trail",
        "route_id": "at-mvp3-midatlantic-harpers-ferry-delaware-water-gap-open-2026",
        "source_route_id": "at-main-osm-2026-open",
        "mile_nobo_global_est": 1165.5,
        "mile_nobo_mvp3": 159.5,
        "mile_sobo_mvp3": 104.5,
        "state": "PA",
        "milepoint_type": "generated",
        "official": false,
        "confidence": "estimated_from_open_route_geometry_with_known_length_gap",
        "source_id": "osm",
        "source_url": "https://www.openstreetmap.org/relation/156553",
        "source_access_url": "https://hiking.waymarkedtrails.org/api/v1/details/relation/156553",
        "license_status": "open_license_share_alike",
        "source_license": "ODbL",
        "attribution": "OpenStreetMap contributors",
        "last_checked": "2026-05-13",
        "last_generated": "2026-05-14",
        "ai_answer_rule": "Generated mile based on Scout MVP3 Mid-Atlantic open route geometry, not an official ATC mile. Use for source-aware planning only."
      },
      "geometry": {
        "type": "Point",
        "coordinates": [
          -76.457169,
          40.496944
        ]
      }
    },
    {
      "type": "Feature",
      "properties": {
        "trail": "Appalachian Trail",
        "route_id": "at-mvp3-midatlantic-harpers-ferry-delaware-water-gap-open-2026",
        "source_route_id": "at-main-osm-2026-open",
        "mile_nobo_global_est": 1166,
        "mile_nobo_mvp3": 160,
        "mile_sobo_mvp3": 104,
        "state": "PA",
        "milepoint_type": "generated",
        "official": false,
        "confidence": "estimated_from_open_route_geometry_with_known_length_gap",
        "source_id": "osm",
        "source_url": "https://www.openstreetmap.org/relation/156553",
        "source_access_url": "https://hiking.waymarkedtrails.org/api/v1/details/relation/156553",
        "license_status": "open_license_share_alike",
        "source_license": "ODbL",
        "attribution": "OpenStreetMap contributors",
        "last_checked": "2026-05-13",
        "last_generated": "2026-05-14",
        "ai_answer_rule": "Generated mile based on Scout MVP3 Mid-Atlantic open route geometry, not an official ATC mile. Use for source-aware planning only."
      },
      "geometry": {
        "type": "Point",
        "coordinates": [
          -76.448086,
          40.496341
        ]
      }
    },
    {
      "type": "Feature",
      "properties": {
        "trail": "Appalachian Trail",
        "route_id": "at-mvp3-midatlantic-harpers-ferry-delaware-water-gap-open-2026",
        "source_route_id": "at-main-osm-2026-open",
        "mile_nobo_global_est": 1166.5,
        "mile_nobo_mvp3": 160.5,
        "mile_sobo_mvp3": 103.5,
        "state": "PA",
        "milepoint_type": "generated",
        "official": false,
        "confidence": "estimated_from_open_route_geometry_with_known_length_gap",
        "source_id": "osm",
        "source_url": "https://www.openstreetmap.org/relation/156553",
        "source_access_url": "https://hiking.waymarkedtrails.org/api/v1/details/relation/156553",
        "license_status": "open_license_share_alike",
        "source_license": "ODbL",
        "attribution": "OpenStreetMap contributors",
        "last_checked": "2026-05-13",
        "last_generated": "2026-05-14",
        "ai_answer_rule": "Generated mile based on Scout MVP3 Mid-Atlantic open route geometry, not an official ATC mile. Use for source-aware planning only."
      },
      "geometry": {
        "type": "Point",
        "coordinates": [
          -76.439243,
          40.495759
        ]
      }
    },
    {
      "type": "Feature",
      "properties": {
        "trail": "Appalachian Trail",
        "route_id": "at-mvp3-midatlantic-harpers-ferry-delaware-water-gap-open-2026",
        "source_route_id": "at-main-osm-2026-open",
        "mile_nobo_global_est": 1167,
        "mile_nobo_mvp3": 161,
        "mile_sobo_mvp3": 103,
        "state": "PA",
        "milepoint_type": "generated",
        "official": false,
        "confidence": "estimated_from_open_route_geometry_with_known_length_gap",
        "source_id": "osm",
        "source_url": "https://www.openstreetmap.org/relation/156553",
        "source_access_url": "https://hiking.waymarkedtrails.org/api/v1/details/relation/156553",
        "license_status": "open_license_share_alike",
        "source_license": "ODbL",
        "attribution": "OpenStreetMap contributors",
        "last_checked": "2026-05-13",
        "last_generated": "2026-05-14",
        "ai_answer_rule": "Generated mile based on Scout MVP3 Mid-Atlantic open route geometry, not an official ATC mile. Use for source-aware planning only."
      },
      "geometry": {
        "type": "Point",
        "coordinates": [
          -76.430021,
          40.494932
        ]
      }
    },
    {
      "type": "Feature",
      "properties": {
        "trail": "Appalachian Trail",
        "route_id": "at-mvp3-midatlantic-harpers-ferry-delaware-water-gap-open-2026",
        "source_route_id": "at-main-osm-2026-open",
        "mile_nobo_global_est": 1167.5,
        "mile_nobo_mvp3": 161.5,
        "mile_sobo_mvp3": 102.5,
        "state": "PA",
        "milepoint_type": "generated",
        "official": false,
        "confidence": "estimated_from_open_route_geometry_with_known_length_gap",
        "source_id": "osm",
        "source_url": "https://www.openstreetmap.org/relation/156553",
        "source_access_url": "https://hiking.waymarkedtrails.org/api/v1/details/relation/156553",
        "license_status": "open_license_share_alike",
        "source_license": "ODbL",
        "attribution": "OpenStreetMap contributors",
        "last_checked": "2026-05-13",
        "last_generated": "2026-05-14",
        "ai_answer_rule": "Generated mile based on Scout MVP3 Mid-Atlantic open route geometry, not an official ATC mile. Use for source-aware planning only."
      },
      "geometry": {
        "type": "Point",
        "coordinates": [
          -76.420798,
          40.495431
        ]
      }
    },
    {
      "type": "Feature",
      "properties": {
        "trail": "Appalachian Trail",
        "route_id": "at-mvp3-midatlantic-harpers-ferry-delaware-water-gap-open-2026",
        "source_route_id": "at-main-osm-2026-open",
        "mile_nobo_global_est": 1168,
        "mile_nobo_mvp3": 162,
        "mile_sobo_mvp3": 102,
        "state": "PA",
        "milepoint_type": "generated",
        "official": false,
        "confidence": "estimated_from_open_route_geometry_with_known_length_gap",
        "source_id": "osm",
        "source_url": "https://www.openstreetmap.org/relation/156553",
        "source_access_url": "https://hiking.waymarkedtrails.org/api/v1/details/relation/156553",
        "license_status": "open_license_share_alike",
        "source_license": "ODbL",
        "attribution": "OpenStreetMap contributors",
        "last_checked": "2026-05-13",
        "last_generated": "2026-05-14",
        "ai_answer_rule": "Generated mile based on Scout MVP3 Mid-Atlantic open route geometry, not an official ATC mile. Use for source-aware planning only."
      },
      "geometry": {
        "type": "Point",
        "coordinates": [
          -76.411881,
          40.49751
        ]
      }
    },
    {
      "type": "Feature",
      "properties": {
        "trail": "Appalachian Trail",
        "route_id": "at-mvp3-midatlantic-harpers-ferry-delaware-water-gap-open-2026",
        "source_route_id": "at-main-osm-2026-open",
        "mile_nobo_global_est": 1168.5,
        "mile_nobo_mvp3": 162.5,
        "mile_sobo_mvp3": 101.5,
        "state": "PA",
        "milepoint_type": "generated",
        "official": false,
        "confidence": "estimated_from_open_route_geometry_with_known_length_gap",
        "source_id": "osm",
        "source_url": "https://www.openstreetmap.org/relation/156553",
        "source_access_url": "https://hiking.waymarkedtrails.org/api/v1/details/relation/156553",
        "license_status": "open_license_share_alike",
        "source_license": "ODbL",
        "attribution": "OpenStreetMap contributors",
        "last_checked": "2026-05-13",
        "last_generated": "2026-05-14",
        "ai_answer_rule": "Generated mile based on Scout MVP3 Mid-Atlantic open route geometry, not an official ATC mile. Use for source-aware planning only."
      },
      "geometry": {
        "type": "Point",
        "coordinates": [
          -76.403378,
          40.500064
        ]
      }
    },
    {
      "type": "Feature",
      "properties": {
        "trail": "Appalachian Trail",
        "route_id": "at-mvp3-midatlantic-harpers-ferry-delaware-water-gap-open-2026",
        "source_route_id": "at-main-osm-2026-open",
        "mile_nobo_global_est": 1169,
        "mile_nobo_mvp3": 163,
        "mile_sobo_mvp3": 101,
        "state": "PA",
        "milepoint_type": "generated",
        "official": false,
        "confidence": "estimated_from_open_route_geometry_with_known_length_gap",
        "source_id": "osm",
        "source_url": "https://www.openstreetmap.org/relation/156553",
        "source_access_url": "https://hiking.waymarkedtrails.org/api/v1/details/relation/156553",
        "license_status": "open_license_share_alike",
        "source_license": "ODbL",
        "attribution": "OpenStreetMap contributors",
        "last_checked": "2026-05-13",
        "last_generated": "2026-05-14",
        "ai_answer_rule": "Generated mile based on Scout MVP3 Mid-Atlantic open route geometry, not an official ATC mile. Use for source-aware planning only."
      },
      "geometry": {
        "type": "Point",
        "coordinates": [
          -76.394548,
          40.502624
        ]
      }
    },
    {
      "type": "Feature",
      "properties": {
        "trail": "Appalachian Trail",
        "route_id": "at-mvp3-midatlantic-harpers-ferry-delaware-water-gap-open-2026",
        "source_route_id": "at-main-osm-2026-open",
        "mile_nobo_global_est": 1169.5,
        "mile_nobo_mvp3": 163.5,
        "mile_sobo_mvp3": 100.5,
        "state": "PA",
        "milepoint_type": "generated",
        "official": false,
        "confidence": "estimated_from_open_route_geometry_with_known_length_gap",
        "source_id": "osm",
        "source_url": "https://www.openstreetmap.org/relation/156553",
        "source_access_url": "https://hiking.waymarkedtrails.org/api/v1/details/relation/156553",
        "license_status": "open_license_share_alike",
        "source_license": "ODbL",
        "attribution": "OpenStreetMap contributors",
        "last_checked": "2026-05-13",
        "last_generated": "2026-05-14",
        "ai_answer_rule": "Generated mile based on Scout MVP3 Mid-Atlantic open route geometry, not an official ATC mile. Use for source-aware planning only."
      },
      "geometry": {
        "type": "Point",
        "coordinates": [
          -76.385892,
          40.505378
        ]
      }
    },
    {
      "type": "Feature",
      "properties": {
        "trail": "Appalachian Trail",
        "route_id": "at-mvp3-midatlantic-harpers-ferry-delaware-water-gap-open-2026",
        "source_route_id": "at-main-osm-2026-open",
        "mile_nobo_global_est": 1170,
        "mile_nobo_mvp3": 164,
        "mile_sobo_mvp3": 100,
        "state": "PA",
        "milepoint_type": "generated",
        "official": false,
        "confidence": "estimated_from_open_route_geometry_with_known_length_gap",
        "source_id": "osm",
        "source_url": "https://www.openstreetmap.org/relation/156553",
        "source_access_url": "https://hiking.waymarkedtrails.org/api/v1/details/relation/156553",
        "license_status": "open_license_share_alike",
        "source_license": "ODbL",
        "attribution": "OpenStreetMap contributors",
        "last_checked": "2026-05-13",
        "last_generated": "2026-05-14",
        "ai_answer_rule": "Generated mile based on Scout MVP3 Mid-Atlantic open route geometry, not an official ATC mile. Use for source-aware planning only."
      },
      "geometry": {
        "type": "Point",
        "coordinates": [
          -76.376987,
          40.507119
        ]
      }
    },
    {
      "type": "Feature",
      "properties": {
        "trail": "Appalachian Trail",
        "route_id": "at-mvp3-midatlantic-harpers-ferry-delaware-water-gap-open-2026",
        "source_route_id": "at-main-osm-2026-open",
        "mile_nobo_global_est": 1170.5,
        "mile_nobo_mvp3": 164.5,
        "mile_sobo_mvp3": 99.5,
        "state": "PA",
        "milepoint_type": "generated",
        "official": false,
        "confidence": "estimated_from_open_route_geometry_with_known_length_gap",
        "source_id": "osm",
        "source_url": "https://www.openstreetmap.org/relation/156553",
        "source_access_url": "https://hiking.waymarkedtrails.org/api/v1/details/relation/156553",
        "license_status": "open_license_share_alike",
        "source_license": "ODbL",
        "attribution": "OpenStreetMap contributors",
        "last_checked": "2026-05-13",
        "last_generated": "2026-05-14",
        "ai_answer_rule": "Generated mile based on Scout MVP3 Mid-Atlantic open route geometry, not an official ATC mile. Use for source-aware planning only."
      },
      "geometry": {
        "type": "Point",
        "coordinates": [
          -76.36863,
          40.509457
        ]
      }
    },
    {
      "type": "Feature",
      "properties": {
        "trail": "Appalachian Trail",
        "route_id": "at-mvp3-midatlantic-harpers-ferry-delaware-water-gap-open-2026",
        "source_route_id": "at-main-osm-2026-open",
        "mile_nobo_global_est": 1171,
        "mile_nobo_mvp3": 165,
        "mile_sobo_mvp3": 99,
        "state": "PA",
        "milepoint_type": "generated",
        "official": false,
        "confidence": "estimated_from_open_route_geometry_with_known_length_gap",
        "source_id": "osm",
        "source_url": "https://www.openstreetmap.org/relation/156553",
        "source_access_url": "https://hiking.waymarkedtrails.org/api/v1/details/relation/156553",
        "license_status": "open_license_share_alike",
        "source_license": "ODbL",
        "attribution": "OpenStreetMap contributors",
        "last_checked": "2026-05-13",
        "last_generated": "2026-05-14",
        "ai_answer_rule": "Generated mile based on Scout MVP3 Mid-Atlantic open route geometry, not an official ATC mile. Use for source-aware planning only."
      },
      "geometry": {
        "type": "Point",
        "coordinates": [
          -76.359502,
          40.510783
        ]
      }
    },
    {
      "type": "Feature",
      "properties": {
        "trail": "Appalachian Trail",
        "route_id": "at-mvp3-midatlantic-harpers-ferry-delaware-water-gap-open-2026",
        "source_route_id": "at-main-osm-2026-open",
        "mile_nobo_global_est": 1171.5,
        "mile_nobo_mvp3": 165.5,
        "mile_sobo_mvp3": 98.5,
        "state": "PA",
        "milepoint_type": "generated",
        "official": false,
        "confidence": "estimated_from_open_route_geometry_with_known_length_gap",
        "source_id": "osm",
        "source_url": "https://www.openstreetmap.org/relation/156553",
        "source_access_url": "https://hiking.waymarkedtrails.org/api/v1/details/relation/156553",
        "license_status": "open_license_share_alike",
        "source_license": "ODbL",
        "attribution": "OpenStreetMap contributors",
        "last_checked": "2026-05-13",
        "last_generated": "2026-05-14",
        "ai_answer_rule": "Generated mile based on Scout MVP3 Mid-Atlantic open route geometry, not an official ATC mile. Use for source-aware planning only."
      },
      "geometry": {
        "type": "Point",
        "coordinates": [
          -76.350412,
          40.511026
        ]
      }
    },
    {
      "type": "Feature",
      "properties": {
        "trail": "Appalachian Trail",
        "route_id": "at-mvp3-midatlantic-harpers-ferry-delaware-water-gap-open-2026",
        "source_route_id": "at-main-osm-2026-open",
        "mile_nobo_global_est": 1172,
        "mile_nobo_mvp3": 166,
        "mile_sobo_mvp3": 98,
        "state": "PA",
        "milepoint_type": "generated",
        "official": false,
        "confidence": "estimated_from_open_route_geometry_with_known_length_gap",
        "source_id": "osm",
        "source_url": "https://www.openstreetmap.org/relation/156553",
        "source_access_url": "https://hiking.waymarkedtrails.org/api/v1/details/relation/156553",
        "license_status": "open_license_share_alike",
        "source_license": "ODbL",
        "attribution": "OpenStreetMap contributors",
        "last_checked": "2026-05-13",
        "last_generated": "2026-05-14",
        "ai_answer_rule": "Generated mile based on Scout MVP3 Mid-Atlantic open route geometry, not an official ATC mile. Use for source-aware planning only."
      },
      "geometry": {
        "type": "Point",
        "coordinates": [
          -76.343897,
          40.512974
        ]
      }
    },
    {
      "type": "Feature",
      "properties": {
        "trail": "Appalachian Trail",
        "route_id": "at-mvp3-midatlantic-harpers-ferry-delaware-water-gap-open-2026",
        "source_route_id": "at-main-osm-2026-open",
        "mile_nobo_global_est": 1172.5,
        "mile_nobo_mvp3": 166.5,
        "mile_sobo_mvp3": 97.5,
        "state": "PA",
        "milepoint_type": "generated",
        "official": false,
        "confidence": "estimated_from_open_route_geometry_with_known_length_gap",
        "source_id": "osm",
        "source_url": "https://www.openstreetmap.org/relation/156553",
        "source_access_url": "https://hiking.waymarkedtrails.org/api/v1/details/relation/156553",
        "license_status": "open_license_share_alike",
        "source_license": "ODbL",
        "attribution": "OpenStreetMap contributors",
        "last_checked": "2026-05-13",
        "last_generated": "2026-05-14",
        "ai_answer_rule": "Generated mile based on Scout MVP3 Mid-Atlantic open route geometry, not an official ATC mile. Use for source-aware planning only."
      },
      "geometry": {
        "type": "Point",
        "coordinates": [
          -76.335581,
          40.515495
        ]
      }
    },
    {
      "type": "Feature",
      "properties": {
        "trail": "Appalachian Trail",
        "route_id": "at-mvp3-midatlantic-harpers-ferry-delaware-water-gap-open-2026",
        "source_route_id": "at-main-osm-2026-open",
        "mile_nobo_global_est": 1173,
        "mile_nobo_mvp3": 167,
        "mile_sobo_mvp3": 97,
        "state": "PA",
        "milepoint_type": "generated",
        "official": false,
        "confidence": "estimated_from_open_route_geometry_with_known_length_gap",
        "source_id": "osm",
        "source_url": "https://www.openstreetmap.org/relation/156553",
        "source_access_url": "https://hiking.waymarkedtrails.org/api/v1/details/relation/156553",
        "license_status": "open_license_share_alike",
        "source_license": "ODbL",
        "attribution": "OpenStreetMap contributors",
        "last_checked": "2026-05-13",
        "last_generated": "2026-05-14",
        "ai_answer_rule": "Generated mile based on Scout MVP3 Mid-Atlantic open route geometry, not an official ATC mile. Use for source-aware planning only."
      },
      "geometry": {
        "type": "Point",
        "coordinates": [
          -76.326762,
          40.51761
        ]
      }
    },
    {
      "type": "Feature",
      "properties": {
        "trail": "Appalachian Trail",
        "route_id": "at-mvp3-midatlantic-harpers-ferry-delaware-water-gap-open-2026",
        "source_route_id": "at-main-osm-2026-open",
        "mile_nobo_global_est": 1173.5,
        "mile_nobo_mvp3": 167.5,
        "mile_sobo_mvp3": 96.5,
        "state": "PA",
        "milepoint_type": "generated",
        "official": false,
        "confidence": "estimated_from_open_route_geometry_with_known_length_gap",
        "source_id": "osm",
        "source_url": "https://www.openstreetmap.org/relation/156553",
        "source_access_url": "https://hiking.waymarkedtrails.org/api/v1/details/relation/156553",
        "license_status": "open_license_share_alike",
        "source_license": "ODbL",
        "attribution": "OpenStreetMap contributors",
        "last_checked": "2026-05-13",
        "last_generated": "2026-05-14",
        "ai_answer_rule": "Generated mile based on Scout MVP3 Mid-Atlantic open route geometry, not an official ATC mile. Use for source-aware planning only."
      },
      "geometry": {
        "type": "Point",
        "coordinates": [
          -76.319058,
          40.516337
        ]
      }
    },
    {
      "type": "Feature",
      "properties": {
        "trail": "Appalachian Trail",
        "route_id": "at-mvp3-midatlantic-harpers-ferry-delaware-water-gap-open-2026",
        "source_route_id": "at-main-osm-2026-open",
        "mile_nobo_global_est": 1174,
        "mile_nobo_mvp3": 168,
        "mile_sobo_mvp3": 96,
        "state": "PA",
        "milepoint_type": "generated",
        "official": false,
        "confidence": "estimated_from_open_route_geometry_with_known_length_gap",
        "source_id": "osm",
        "source_url": "https://www.openstreetmap.org/relation/156553",
        "source_access_url": "https://hiking.waymarkedtrails.org/api/v1/details/relation/156553",
        "license_status": "open_license_share_alike",
        "source_license": "ODbL",
        "attribution": "OpenStreetMap contributors",
        "last_checked": "2026-05-13",
        "last_generated": "2026-05-14",
        "ai_answer_rule": "Generated mile based on Scout MVP3 Mid-Atlantic open route geometry, not an official ATC mile. Use for source-aware planning only."
      },
      "geometry": {
        "type": "Point",
        "coordinates": [
          -76.310709,
          40.515612
        ]
      }
    },
    {
      "type": "Feature",
      "properties": {
        "trail": "Appalachian Trail",
        "route_id": "at-mvp3-midatlantic-harpers-ferry-delaware-water-gap-open-2026",
        "source_route_id": "at-main-osm-2026-open",
        "mile_nobo_global_est": 1174.5,
        "mile_nobo_mvp3": 168.5,
        "mile_sobo_mvp3": 95.5,
        "state": "PA",
        "milepoint_type": "generated",
        "official": false,
        "confidence": "estimated_from_open_route_geometry_with_known_length_gap",
        "source_id": "osm",
        "source_url": "https://www.openstreetmap.org/relation/156553",
        "source_access_url": "https://hiking.waymarkedtrails.org/api/v1/details/relation/156553",
        "license_status": "open_license_share_alike",
        "source_license": "ODbL",
        "attribution": "OpenStreetMap contributors",
        "last_checked": "2026-05-13",
        "last_generated": "2026-05-14",
        "ai_answer_rule": "Generated mile based on Scout MVP3 Mid-Atlantic open route geometry, not an official ATC mile. Use for source-aware planning only."
      },
      "geometry": {
        "type": "Point",
        "coordinates": [
          -76.306838,
          40.511756
        ]
      }
    },
    {
      "type": "Feature",
      "properties": {
        "trail": "Appalachian Trail",
        "route_id": "at-mvp3-midatlantic-harpers-ferry-delaware-water-gap-open-2026",
        "source_route_id": "at-main-osm-2026-open",
        "mile_nobo_global_est": 1175,
        "mile_nobo_mvp3": 169,
        "mile_sobo_mvp3": 95,
        "state": "PA",
        "milepoint_type": "generated",
        "official": false,
        "confidence": "estimated_from_open_route_geometry_with_known_length_gap",
        "source_id": "osm",
        "source_url": "https://www.openstreetmap.org/relation/156553",
        "source_access_url": "https://hiking.waymarkedtrails.org/api/v1/details/relation/156553",
        "license_status": "open_license_share_alike",
        "source_license": "ODbL",
        "attribution": "OpenStreetMap contributors",
        "last_checked": "2026-05-13",
        "last_generated": "2026-05-14",
        "ai_answer_rule": "Generated mile based on Scout MVP3 Mid-Atlantic open route geometry, not an official ATC mile. Use for source-aware planning only."
      },
      "geometry": {
        "type": "Point",
        "coordinates": [
          -76.309195,
          40.508276
        ]
      }
    },
    {
      "type": "Feature",
      "properties": {
        "trail": "Appalachian Trail",
        "route_id": "at-mvp3-midatlantic-harpers-ferry-delaware-water-gap-open-2026",
        "source_route_id": "at-main-osm-2026-open",
        "mile_nobo_global_est": 1175.5,
        "mile_nobo_mvp3": 169.5,
        "mile_sobo_mvp3": 94.5,
        "state": "PA",
        "milepoint_type": "generated",
        "official": false,
        "confidence": "estimated_from_open_route_geometry_with_known_length_gap",
        "source_id": "osm",
        "source_url": "https://www.openstreetmap.org/relation/156553",
        "source_access_url": "https://hiking.waymarkedtrails.org/api/v1/details/relation/156553",
        "license_status": "open_license_share_alike",
        "source_license": "ODbL",
        "attribution": "OpenStreetMap contributors",
        "last_checked": "2026-05-13",
        "last_generated": "2026-05-14",
        "ai_answer_rule": "Generated mile based on Scout MVP3 Mid-Atlantic open route geometry, not an official ATC mile. Use for source-aware planning only."
      },
      "geometry": {
        "type": "Point",
        "coordinates": [
          -76.301375,
          40.511343
        ]
      }
    },
    {
      "type": "Feature",
      "properties": {
        "trail": "Appalachian Trail",
        "route_id": "at-mvp3-midatlantic-harpers-ferry-delaware-water-gap-open-2026",
        "source_route_id": "at-main-osm-2026-open",
        "mile_nobo_global_est": 1176,
        "mile_nobo_mvp3": 170,
        "mile_sobo_mvp3": 94,
        "state": "PA",
        "milepoint_type": "generated",
        "official": false,
        "confidence": "estimated_from_open_route_geometry_with_known_length_gap",
        "source_id": "osm",
        "source_url": "https://www.openstreetmap.org/relation/156553",
        "source_access_url": "https://hiking.waymarkedtrails.org/api/v1/details/relation/156553",
        "license_status": "open_license_share_alike",
        "source_license": "ODbL",
        "attribution": "OpenStreetMap contributors",
        "last_checked": "2026-05-13",
        "last_generated": "2026-05-14",
        "ai_answer_rule": "Generated mile based on Scout MVP3 Mid-Atlantic open route geometry, not an official ATC mile. Use for source-aware planning only."
      },
      "geometry": {
        "type": "Point",
        "coordinates": [
          -76.293103,
          40.511168
        ]
      }
    },
    {
      "type": "Feature",
      "properties": {
        "trail": "Appalachian Trail",
        "route_id": "at-mvp3-midatlantic-harpers-ferry-delaware-water-gap-open-2026",
        "source_route_id": "at-main-osm-2026-open",
        "mile_nobo_global_est": 1176.5,
        "mile_nobo_mvp3": 170.5,
        "mile_sobo_mvp3": 93.5,
        "state": "PA",
        "milepoint_type": "generated",
        "official": false,
        "confidence": "estimated_from_open_route_geometry_with_known_length_gap",
        "source_id": "osm",
        "source_url": "https://www.openstreetmap.org/relation/156553",
        "source_access_url": "https://hiking.waymarkedtrails.org/api/v1/details/relation/156553",
        "license_status": "open_license_share_alike",
        "source_license": "ODbL",
        "attribution": "OpenStreetMap contributors",
        "last_checked": "2026-05-13",
        "last_generated": "2026-05-14",
        "ai_answer_rule": "Generated mile based on Scout MVP3 Mid-Atlantic open route geometry, not an official ATC mile. Use for source-aware planning only."
      },
      "geometry": {
        "type": "Point",
        "coordinates": [
          -76.285381,
          40.508837
        ]
      }
    },
    {
      "type": "Feature",
      "properties": {
        "trail": "Appalachian Trail",
        "route_id": "at-mvp3-midatlantic-harpers-ferry-delaware-water-gap-open-2026",
        "source_route_id": "at-main-osm-2026-open",
        "mile_nobo_global_est": 1177,
        "mile_nobo_mvp3": 171,
        "mile_sobo_mvp3": 93,
        "state": "PA",
        "milepoint_type": "generated",
        "official": false,
        "confidence": "estimated_from_open_route_geometry_with_known_length_gap",
        "source_id": "osm",
        "source_url": "https://www.openstreetmap.org/relation/156553",
        "source_access_url": "https://hiking.waymarkedtrails.org/api/v1/details/relation/156553",
        "license_status": "open_license_share_alike",
        "source_license": "ODbL",
        "attribution": "OpenStreetMap contributors",
        "last_checked": "2026-05-13",
        "last_generated": "2026-05-14",
        "ai_answer_rule": "Generated mile based on Scout MVP3 Mid-Atlantic open route geometry, not an official ATC mile. Use for source-aware planning only."
      },
      "geometry": {
        "type": "Point",
        "coordinates": [
          -76.278143,
          40.510167
        ]
      }
    },
    {
      "type": "Feature",
      "properties": {
        "trail": "Appalachian Trail",
        "route_id": "at-mvp3-midatlantic-harpers-ferry-delaware-water-gap-open-2026",
        "source_route_id": "at-main-osm-2026-open",
        "mile_nobo_global_est": 1177.5,
        "mile_nobo_mvp3": 171.5,
        "mile_sobo_mvp3": 92.5,
        "state": "PA",
        "milepoint_type": "generated",
        "official": false,
        "confidence": "estimated_from_open_route_geometry_with_known_length_gap",
        "source_id": "osm",
        "source_url": "https://www.openstreetmap.org/relation/156553",
        "source_access_url": "https://hiking.waymarkedtrails.org/api/v1/details/relation/156553",
        "license_status": "open_license_share_alike",
        "source_license": "ODbL",
        "attribution": "OpenStreetMap contributors",
        "last_checked": "2026-05-13",
        "last_generated": "2026-05-14",
        "ai_answer_rule": "Generated mile based on Scout MVP3 Mid-Atlantic open route geometry, not an official ATC mile. Use for source-aware planning only."
      },
      "geometry": {
        "type": "Point",
        "coordinates": [
          -76.274217,
          40.51243
        ]
      }
    },
    {
      "type": "Feature",
      "properties": {
        "trail": "Appalachian Trail",
        "route_id": "at-mvp3-midatlantic-harpers-ferry-delaware-water-gap-open-2026",
        "source_route_id": "at-main-osm-2026-open",
        "mile_nobo_global_est": 1178,
        "mile_nobo_mvp3": 172,
        "mile_sobo_mvp3": 92,
        "state": "PA",
        "milepoint_type": "generated",
        "official": false,
        "confidence": "estimated_from_open_route_geometry_with_known_length_gap",
        "source_id": "osm",
        "source_url": "https://www.openstreetmap.org/relation/156553",
        "source_access_url": "https://hiking.waymarkedtrails.org/api/v1/details/relation/156553",
        "license_status": "open_license_share_alike",
        "source_license": "ODbL",
        "attribution": "OpenStreetMap contributors",
        "last_checked": "2026-05-13",
        "last_generated": "2026-05-14",
        "ai_answer_rule": "Generated mile based on Scout MVP3 Mid-Atlantic open route geometry, not an official ATC mile. Use for source-aware planning only."
      },
      "geometry": {
        "type": "Point",
        "coordinates": [
          -76.26507,
          40.513346
        ]
      }
    },
    {
      "type": "Feature",
      "properties": {
        "trail": "Appalachian Trail",
        "route_id": "at-mvp3-midatlantic-harpers-ferry-delaware-water-gap-open-2026",
        "source_route_id": "at-main-osm-2026-open",
        "mile_nobo_global_est": 1178.5,
        "mile_nobo_mvp3": 172.5,
        "mile_sobo_mvp3": 91.5,
        "state": "PA",
        "milepoint_type": "generated",
        "official": false,
        "confidence": "estimated_from_open_route_geometry_with_known_length_gap",
        "source_id": "osm",
        "source_url": "https://www.openstreetmap.org/relation/156553",
        "source_access_url": "https://hiking.waymarkedtrails.org/api/v1/details/relation/156553",
        "license_status": "open_license_share_alike",
        "source_license": "ODbL",
        "attribution": "OpenStreetMap contributors",
        "last_checked": "2026-05-13",
        "last_generated": "2026-05-14",
        "ai_answer_rule": "Generated mile based on Scout MVP3 Mid-Atlantic open route geometry, not an official ATC mile. Use for source-aware planning only."
      },
      "geometry": {
        "type": "Point",
        "coordinates": [
          -76.258115,
          40.516365
        ]
      }
    },
    {
      "type": "Feature",
      "properties": {
        "trail": "Appalachian Trail",
        "route_id": "at-mvp3-midatlantic-harpers-ferry-delaware-water-gap-open-2026",
        "source_route_id": "at-main-osm-2026-open",
        "mile_nobo_global_est": 1179,
        "mile_nobo_mvp3": 173,
        "mile_sobo_mvp3": 91,
        "state": "PA",
        "milepoint_type": "generated",
        "official": false,
        "confidence": "estimated_from_open_route_geometry_with_known_length_gap",
        "source_id": "osm",
        "source_url": "https://www.openstreetmap.org/relation/156553",
        "source_access_url": "https://hiking.waymarkedtrails.org/api/v1/details/relation/156553",
        "license_status": "open_license_share_alike",
        "source_license": "ODbL",
        "attribution": "OpenStreetMap contributors",
        "last_checked": "2026-05-13",
        "last_generated": "2026-05-14",
        "ai_answer_rule": "Generated mile based on Scout MVP3 Mid-Atlantic open route geometry, not an official ATC mile. Use for source-aware planning only."
      },
      "geometry": {
        "type": "Point",
        "coordinates": [
          -76.250637,
          40.519994
        ]
      }
    },
    {
      "type": "Feature",
      "properties": {
        "trail": "Appalachian Trail",
        "route_id": "at-mvp3-midatlantic-harpers-ferry-delaware-water-gap-open-2026",
        "source_route_id": "at-main-osm-2026-open",
        "mile_nobo_global_est": 1179.5,
        "mile_nobo_mvp3": 173.5,
        "mile_sobo_mvp3": 90.5,
        "state": "PA",
        "milepoint_type": "generated",
        "official": false,
        "confidence": "estimated_from_open_route_geometry_with_known_length_gap",
        "source_id": "osm",
        "source_url": "https://www.openstreetmap.org/relation/156553",
        "source_access_url": "https://hiking.waymarkedtrails.org/api/v1/details/relation/156553",
        "license_status": "open_license_share_alike",
        "source_license": "ODbL",
        "attribution": "OpenStreetMap contributors",
        "last_checked": "2026-05-13",
        "last_generated": "2026-05-14",
        "ai_answer_rule": "Generated mile based on Scout MVP3 Mid-Atlantic open route geometry, not an official ATC mile. Use for source-aware planning only."
      },
      "geometry": {
        "type": "Point",
        "coordinates": [
          -76.241659,
          40.522399
        ]
      }
    },
    {
      "type": "Feature",
      "properties": {
        "trail": "Appalachian Trail",
        "route_id": "at-mvp3-midatlantic-harpers-ferry-delaware-water-gap-open-2026",
        "source_route_id": "at-main-osm-2026-open",
        "mile_nobo_global_est": 1180,
        "mile_nobo_mvp3": 174,
        "mile_sobo_mvp3": 90,
        "state": "PA",
        "milepoint_type": "generated",
        "official": false,
        "confidence": "estimated_from_open_route_geometry_with_known_length_gap",
        "source_id": "osm",
        "source_url": "https://www.openstreetmap.org/relation/156553",
        "source_access_url": "https://hiking.waymarkedtrails.org/api/v1/details/relation/156553",
        "license_status": "open_license_share_alike",
        "source_license": "ODbL",
        "attribution": "OpenStreetMap contributors",
        "last_checked": "2026-05-13",
        "last_generated": "2026-05-14",
        "ai_answer_rule": "Generated mile based on Scout MVP3 Mid-Atlantic open route geometry, not an official ATC mile. Use for source-aware planning only."
      },
      "geometry": {
        "type": "Point",
        "coordinates": [
          -76.234585,
          40.525716
        ]
      }
    },
    {
      "type": "Feature",
      "properties": {
        "trail": "Appalachian Trail",
        "route_id": "at-mvp3-midatlantic-harpers-ferry-delaware-water-gap-open-2026",
        "source_route_id": "at-main-osm-2026-open",
        "mile_nobo_global_est": 1180.5,
        "mile_nobo_mvp3": 174.5,
        "mile_sobo_mvp3": 89.5,
        "state": "PA",
        "milepoint_type": "generated",
        "official": false,
        "confidence": "estimated_from_open_route_geometry_with_known_length_gap",
        "source_id": "osm",
        "source_url": "https://www.openstreetmap.org/relation/156553",
        "source_access_url": "https://hiking.waymarkedtrails.org/api/v1/details/relation/156553",
        "license_status": "open_license_share_alike",
        "source_license": "ODbL",
        "attribution": "OpenStreetMap contributors",
        "last_checked": "2026-05-13",
        "last_generated": "2026-05-14",
        "ai_answer_rule": "Generated mile based on Scout MVP3 Mid-Atlantic open route geometry, not an official ATC mile. Use for source-aware planning only."
      },
      "geometry": {
        "type": "Point",
        "coordinates": [
          -76.225792,
          40.526463
        ]
      }
    },
    {
      "type": "Feature",
      "properties": {
        "trail": "Appalachian Trail",
        "route_id": "at-mvp3-midatlantic-harpers-ferry-delaware-water-gap-open-2026",
        "source_route_id": "at-main-osm-2026-open",
        "mile_nobo_global_est": 1181,
        "mile_nobo_mvp3": 175,
        "mile_sobo_mvp3": 89,
        "state": "PA",
        "milepoint_type": "generated",
        "official": false,
        "confidence": "estimated_from_open_route_geometry_with_known_length_gap",
        "source_id": "osm",
        "source_url": "https://www.openstreetmap.org/relation/156553",
        "source_access_url": "https://hiking.waymarkedtrails.org/api/v1/details/relation/156553",
        "license_status": "open_license_share_alike",
        "source_license": "ODbL",
        "attribution": "OpenStreetMap contributors",
        "last_checked": "2026-05-13",
        "last_generated": "2026-05-14",
        "ai_answer_rule": "Generated mile based on Scout MVP3 Mid-Atlantic open route geometry, not an official ATC mile. Use for source-aware planning only."
      },
      "geometry": {
        "type": "Point",
        "coordinates": [
          -76.216789,
          40.528149
        ]
      }
    },
    {
      "type": "Feature",
      "properties": {
        "trail": "Appalachian Trail",
        "route_id": "at-mvp3-midatlantic-harpers-ferry-delaware-water-gap-open-2026",
        "source_route_id": "at-main-osm-2026-open",
        "mile_nobo_global_est": 1181.5,
        "mile_nobo_mvp3": 175.5,
        "mile_sobo_mvp3": 88.5,
        "state": "PA",
        "milepoint_type": "generated",
        "official": false,
        "confidence": "estimated_from_open_route_geometry_with_known_length_gap",
        "source_id": "osm",
        "source_url": "https://www.openstreetmap.org/relation/156553",
        "source_access_url": "https://hiking.waymarkedtrails.org/api/v1/details/relation/156553",
        "license_status": "open_license_share_alike",
        "source_license": "ODbL",
        "attribution": "OpenStreetMap contributors",
        "last_checked": "2026-05-13",
        "last_generated": "2026-05-14",
        "ai_answer_rule": "Generated mile based on Scout MVP3 Mid-Atlantic open route geometry, not an official ATC mile. Use for source-aware planning only."
      },
      "geometry": {
        "type": "Point",
        "coordinates": [
          -76.20882,
          40.529061
        ]
      }
    },
    {
      "type": "Feature",
      "properties": {
        "trail": "Appalachian Trail",
        "route_id": "at-mvp3-midatlantic-harpers-ferry-delaware-water-gap-open-2026",
        "source_route_id": "at-main-osm-2026-open",
        "mile_nobo_global_est": 1182,
        "mile_nobo_mvp3": 176,
        "mile_sobo_mvp3": 88,
        "state": "PA",
        "milepoint_type": "generated",
        "official": false,
        "confidence": "estimated_from_open_route_geometry_with_known_length_gap",
        "source_id": "osm",
        "source_url": "https://www.openstreetmap.org/relation/156553",
        "source_access_url": "https://hiking.waymarkedtrails.org/api/v1/details/relation/156553",
        "license_status": "open_license_share_alike",
        "source_license": "ODbL",
        "attribution": "OpenStreetMap contributors",
        "last_checked": "2026-05-13",
        "last_generated": "2026-05-14",
        "ai_answer_rule": "Generated mile based on Scout MVP3 Mid-Atlantic open route geometry, not an official ATC mile. Use for source-aware planning only."
      },
      "geometry": {
        "type": "Point",
        "coordinates": [
          -76.200994,
          40.52776
        ]
      }
    },
    {
      "type": "Feature",
      "properties": {
        "trail": "Appalachian Trail",
        "route_id": "at-mvp3-midatlantic-harpers-ferry-delaware-water-gap-open-2026",
        "source_route_id": "at-main-osm-2026-open",
        "mile_nobo_global_est": 1182.5,
        "mile_nobo_mvp3": 176.5,
        "mile_sobo_mvp3": 87.5,
        "state": "PA",
        "milepoint_type": "generated",
        "official": false,
        "confidence": "estimated_from_open_route_geometry_with_known_length_gap",
        "source_id": "osm",
        "source_url": "https://www.openstreetmap.org/relation/156553",
        "source_access_url": "https://hiking.waymarkedtrails.org/api/v1/details/relation/156553",
        "license_status": "open_license_share_alike",
        "source_license": "ODbL",
        "attribution": "OpenStreetMap contributors",
        "last_checked": "2026-05-13",
        "last_generated": "2026-05-14",
        "ai_answer_rule": "Generated mile based on Scout MVP3 Mid-Atlantic open route geometry, not an official ATC mile. Use for source-aware planning only."
      },
      "geometry": {
        "type": "Point",
        "coordinates": [
          -76.193244,
          40.529068
        ]
      }
    },
    {
      "type": "Feature",
      "properties": {
        "trail": "Appalachian Trail",
        "route_id": "at-mvp3-midatlantic-harpers-ferry-delaware-water-gap-open-2026",
        "source_route_id": "at-main-osm-2026-open",
        "mile_nobo_global_est": 1183,
        "mile_nobo_mvp3": 177,
        "mile_sobo_mvp3": 87,
        "state": "PA",
        "milepoint_type": "generated",
        "official": false,
        "confidence": "estimated_from_open_route_geometry_with_known_length_gap",
        "source_id": "osm",
        "source_url": "https://www.openstreetmap.org/relation/156553",
        "source_access_url": "https://hiking.waymarkedtrails.org/api/v1/details/relation/156553",
        "license_status": "open_license_share_alike",
        "source_license": "ODbL",
        "attribution": "OpenStreetMap contributors",
        "last_checked": "2026-05-13",
        "last_generated": "2026-05-14",
        "ai_answer_rule": "Generated mile based on Scout MVP3 Mid-Atlantic open route geometry, not an official ATC mile. Use for source-aware planning only."
      },
      "geometry": {
        "type": "Point",
        "coordinates": [
          -76.186865,
          40.532901
        ]
      }
    },
    {
      "type": "Feature",
      "properties": {
        "trail": "Appalachian Trail",
        "route_id": "at-mvp3-midatlantic-harpers-ferry-delaware-water-gap-open-2026",
        "source_route_id": "at-main-osm-2026-open",
        "mile_nobo_global_est": 1183.5,
        "mile_nobo_mvp3": 177.5,
        "mile_sobo_mvp3": 86.5,
        "state": "PA",
        "milepoint_type": "generated",
        "official": false,
        "confidence": "estimated_from_open_route_geometry_with_known_length_gap",
        "source_id": "osm",
        "source_url": "https://www.openstreetmap.org/relation/156553",
        "source_access_url": "https://hiking.waymarkedtrails.org/api/v1/details/relation/156553",
        "license_status": "open_license_share_alike",
        "source_license": "ODbL",
        "attribution": "OpenStreetMap contributors",
        "last_checked": "2026-05-13",
        "last_generated": "2026-05-14",
        "ai_answer_rule": "Generated mile based on Scout MVP3 Mid-Atlantic open route geometry, not an official ATC mile. Use for source-aware planning only."
      },
      "geometry": {
        "type": "Point",
        "coordinates": [
          -76.177797,
          40.533294
        ]
      }
    },
    {
      "type": "Feature",
      "properties": {
        "trail": "Appalachian Trail",
        "route_id": "at-mvp3-midatlantic-harpers-ferry-delaware-water-gap-open-2026",
        "source_route_id": "at-main-osm-2026-open",
        "mile_nobo_global_est": 1184,
        "mile_nobo_mvp3": 178,
        "mile_sobo_mvp3": 86,
        "state": "PA",
        "milepoint_type": "generated",
        "official": false,
        "confidence": "estimated_from_open_route_geometry_with_known_length_gap",
        "source_id": "osm",
        "source_url": "https://www.openstreetmap.org/relation/156553",
        "source_access_url": "https://hiking.waymarkedtrails.org/api/v1/details/relation/156553",
        "license_status": "open_license_share_alike",
        "source_license": "ODbL",
        "attribution": "OpenStreetMap contributors",
        "last_checked": "2026-05-13",
        "last_generated": "2026-05-14",
        "ai_answer_rule": "Generated mile based on Scout MVP3 Mid-Atlantic open route geometry, not an official ATC mile. Use for source-aware planning only."
      },
      "geometry": {
        "type": "Point",
        "coordinates": [
          -76.169642,
          40.531639
        ]
      }
    },
    {
      "type": "Feature",
      "properties": {
        "trail": "Appalachian Trail",
        "route_id": "at-mvp3-midatlantic-harpers-ferry-delaware-water-gap-open-2026",
        "source_route_id": "at-main-osm-2026-open",
        "mile_nobo_global_est": 1184.5,
        "mile_nobo_mvp3": 178.5,
        "mile_sobo_mvp3": 85.5,
        "state": "PA",
        "milepoint_type": "generated",
        "official": false,
        "confidence": "estimated_from_open_route_geometry_with_known_length_gap",
        "source_id": "osm",
        "source_url": "https://www.openstreetmap.org/relation/156553",
        "source_access_url": "https://hiking.waymarkedtrails.org/api/v1/details/relation/156553",
        "license_status": "open_license_share_alike",
        "source_license": "ODbL",
        "attribution": "OpenStreetMap contributors",
        "last_checked": "2026-05-13",
        "last_generated": "2026-05-14",
        "ai_answer_rule": "Generated mile based on Scout MVP3 Mid-Atlantic open route geometry, not an official ATC mile. Use for source-aware planning only."
      },
      "geometry": {
        "type": "Point",
        "coordinates": [
          -76.166206,
          40.535251
        ]
      }
    },
    {
      "type": "Feature",
      "properties": {
        "trail": "Appalachian Trail",
        "route_id": "at-mvp3-midatlantic-harpers-ferry-delaware-water-gap-open-2026",
        "source_route_id": "at-main-osm-2026-open",
        "mile_nobo_global_est": 1185,
        "mile_nobo_mvp3": 179,
        "mile_sobo_mvp3": 85,
        "state": "PA",
        "milepoint_type": "generated",
        "official": false,
        "confidence": "estimated_from_open_route_geometry_with_known_length_gap",
        "source_id": "osm",
        "source_url": "https://www.openstreetmap.org/relation/156553",
        "source_access_url": "https://hiking.waymarkedtrails.org/api/v1/details/relation/156553",
        "license_status": "open_license_share_alike",
        "source_license": "ODbL",
        "attribution": "OpenStreetMap contributors",
        "last_checked": "2026-05-13",
        "last_generated": "2026-05-14",
        "ai_answer_rule": "Generated mile based on Scout MVP3 Mid-Atlantic open route geometry, not an official ATC mile. Use for source-aware planning only."
      },
      "geometry": {
        "type": "Point",
        "coordinates": [
          -76.158515,
          40.538288
        ]
      }
    },
    {
      "type": "Feature",
      "properties": {
        "trail": "Appalachian Trail",
        "route_id": "at-mvp3-midatlantic-harpers-ferry-delaware-water-gap-open-2026",
        "source_route_id": "at-main-osm-2026-open",
        "mile_nobo_global_est": 1185.5,
        "mile_nobo_mvp3": 179.5,
        "mile_sobo_mvp3": 84.5,
        "state": "PA",
        "milepoint_type": "generated",
        "official": false,
        "confidence": "estimated_from_open_route_geometry_with_known_length_gap",
        "source_id": "osm",
        "source_url": "https://www.openstreetmap.org/relation/156553",
        "source_access_url": "https://hiking.waymarkedtrails.org/api/v1/details/relation/156553",
        "license_status": "open_license_share_alike",
        "source_license": "ODbL",
        "attribution": "OpenStreetMap contributors",
        "last_checked": "2026-05-13",
        "last_generated": "2026-05-14",
        "ai_answer_rule": "Generated mile based on Scout MVP3 Mid-Atlantic open route geometry, not an official ATC mile. Use for source-aware planning only."
      },
      "geometry": {
        "type": "Point",
        "coordinates": [
          -76.150411,
          40.539448
        ]
      }
    },
    {
      "type": "Feature",
      "properties": {
        "trail": "Appalachian Trail",
        "route_id": "at-mvp3-midatlantic-harpers-ferry-delaware-water-gap-open-2026",
        "source_route_id": "at-main-osm-2026-open",
        "mile_nobo_global_est": 1186,
        "mile_nobo_mvp3": 180,
        "mile_sobo_mvp3": 84,
        "state": "PA",
        "milepoint_type": "generated",
        "official": false,
        "confidence": "estimated_from_open_route_geometry_with_known_length_gap",
        "source_id": "osm",
        "source_url": "https://www.openstreetmap.org/relation/156553",
        "source_access_url": "https://hiking.waymarkedtrails.org/api/v1/details/relation/156553",
        "license_status": "open_license_share_alike",
        "source_license": "ODbL",
        "attribution": "OpenStreetMap contributors",
        "last_checked": "2026-05-13",
        "last_generated": "2026-05-14",
        "ai_answer_rule": "Generated mile based on Scout MVP3 Mid-Atlantic open route geometry, not an official ATC mile. Use for source-aware planning only."
      },
      "geometry": {
        "type": "Point",
        "coordinates": [
          -76.14977,
          40.545792
        ]
      }
    },
    {
      "type": "Feature",
      "properties": {
        "trail": "Appalachian Trail",
        "route_id": "at-mvp3-midatlantic-harpers-ferry-delaware-water-gap-open-2026",
        "source_route_id": "at-main-osm-2026-open",
        "mile_nobo_global_est": 1186.5,
        "mile_nobo_mvp3": 180.5,
        "mile_sobo_mvp3": 83.5,
        "state": "PA",
        "milepoint_type": "generated",
        "official": false,
        "confidence": "estimated_from_open_route_geometry_with_known_length_gap",
        "source_id": "osm",
        "source_url": "https://www.openstreetmap.org/relation/156553",
        "source_access_url": "https://hiking.waymarkedtrails.org/api/v1/details/relation/156553",
        "license_status": "open_license_share_alike",
        "source_license": "ODbL",
        "attribution": "OpenStreetMap contributors",
        "last_checked": "2026-05-13",
        "last_generated": "2026-05-14",
        "ai_answer_rule": "Generated mile based on Scout MVP3 Mid-Atlantic open route geometry, not an official ATC mile. Use for source-aware planning only."
      },
      "geometry": {
        "type": "Point",
        "coordinates": [
          -76.145437,
          40.5512
        ]
      }
    },
    {
      "type": "Feature",
      "properties": {
        "trail": "Appalachian Trail",
        "route_id": "at-mvp3-midatlantic-harpers-ferry-delaware-water-gap-open-2026",
        "source_route_id": "at-main-osm-2026-open",
        "mile_nobo_global_est": 1187,
        "mile_nobo_mvp3": 181,
        "mile_sobo_mvp3": 83,
        "state": "PA",
        "milepoint_type": "generated",
        "official": false,
        "confidence": "estimated_from_open_route_geometry_with_known_length_gap",
        "source_id": "osm",
        "source_url": "https://www.openstreetmap.org/relation/156553",
        "source_access_url": "https://hiking.waymarkedtrails.org/api/v1/details/relation/156553",
        "license_status": "open_license_share_alike",
        "source_license": "ODbL",
        "attribution": "OpenStreetMap contributors",
        "last_checked": "2026-05-13",
        "last_generated": "2026-05-14",
        "ai_answer_rule": "Generated mile based on Scout MVP3 Mid-Atlantic open route geometry, not an official ATC mile. Use for source-aware planning only."
      },
      "geometry": {
        "type": "Point",
        "coordinates": [
          -76.136747,
          40.552981
        ]
      }
    },
    {
      "type": "Feature",
      "properties": {
        "trail": "Appalachian Trail",
        "route_id": "at-mvp3-midatlantic-harpers-ferry-delaware-water-gap-open-2026",
        "source_route_id": "at-main-osm-2026-open",
        "mile_nobo_global_est": 1187.5,
        "mile_nobo_mvp3": 181.5,
        "mile_sobo_mvp3": 82.5,
        "state": "PA",
        "milepoint_type": "generated",
        "official": false,
        "confidence": "estimated_from_open_route_geometry_with_known_length_gap",
        "source_id": "osm",
        "source_url": "https://www.openstreetmap.org/relation/156553",
        "source_access_url": "https://hiking.waymarkedtrails.org/api/v1/details/relation/156553",
        "license_status": "open_license_share_alike",
        "source_license": "ODbL",
        "attribution": "OpenStreetMap contributors",
        "last_checked": "2026-05-13",
        "last_generated": "2026-05-14",
        "ai_answer_rule": "Generated mile based on Scout MVP3 Mid-Atlantic open route geometry, not an official ATC mile. Use for source-aware planning only."
      },
      "geometry": {
        "type": "Point",
        "coordinates": [
          -76.128797,
          40.555957
        ]
      }
    },
    {
      "type": "Feature",
      "properties": {
        "trail": "Appalachian Trail",
        "route_id": "at-mvp3-midatlantic-harpers-ferry-delaware-water-gap-open-2026",
        "source_route_id": "at-main-osm-2026-open",
        "mile_nobo_global_est": 1188,
        "mile_nobo_mvp3": 182,
        "mile_sobo_mvp3": 82,
        "state": "PA",
        "milepoint_type": "generated",
        "official": false,
        "confidence": "estimated_from_open_route_geometry_with_known_length_gap",
        "source_id": "osm",
        "source_url": "https://www.openstreetmap.org/relation/156553",
        "source_access_url": "https://hiking.waymarkedtrails.org/api/v1/details/relation/156553",
        "license_status": "open_license_share_alike",
        "source_license": "ODbL",
        "attribution": "OpenStreetMap contributors",
        "last_checked": "2026-05-13",
        "last_generated": "2026-05-14",
        "ai_answer_rule": "Generated mile based on Scout MVP3 Mid-Atlantic open route geometry, not an official ATC mile. Use for source-aware planning only."
      },
      "geometry": {
        "type": "Point",
        "coordinates": [
          -76.120131,
          40.557916
        ]
      }
    },
    {
      "type": "Feature",
      "properties": {
        "trail": "Appalachian Trail",
        "route_id": "at-mvp3-midatlantic-harpers-ferry-delaware-water-gap-open-2026",
        "source_route_id": "at-main-osm-2026-open",
        "mile_nobo_global_est": 1188.5,
        "mile_nobo_mvp3": 182.5,
        "mile_sobo_mvp3": 81.5,
        "state": "PA",
        "milepoint_type": "generated",
        "official": false,
        "confidence": "estimated_from_open_route_geometry_with_known_length_gap",
        "source_id": "osm",
        "source_url": "https://www.openstreetmap.org/relation/156553",
        "source_access_url": "https://hiking.waymarkedtrails.org/api/v1/details/relation/156553",
        "license_status": "open_license_share_alike",
        "source_license": "ODbL",
        "attribution": "OpenStreetMap contributors",
        "last_checked": "2026-05-13",
        "last_generated": "2026-05-14",
        "ai_answer_rule": "Generated mile based on Scout MVP3 Mid-Atlantic open route geometry, not an official ATC mile. Use for source-aware planning only."
      },
      "geometry": {
        "type": "Point",
        "coordinates": [
          -76.111132,
          40.558202
        ]
      }
    },
    {
      "type": "Feature",
      "properties": {
        "trail": "Appalachian Trail",
        "route_id": "at-mvp3-midatlantic-harpers-ferry-delaware-water-gap-open-2026",
        "source_route_id": "at-main-osm-2026-open",
        "mile_nobo_global_est": 1189,
        "mile_nobo_mvp3": 183,
        "mile_sobo_mvp3": 81,
        "state": "PA",
        "milepoint_type": "generated",
        "official": false,
        "confidence": "estimated_from_open_route_geometry_with_known_length_gap",
        "source_id": "osm",
        "source_url": "https://www.openstreetmap.org/relation/156553",
        "source_access_url": "https://hiking.waymarkedtrails.org/api/v1/details/relation/156553",
        "license_status": "open_license_share_alike",
        "source_license": "ODbL",
        "attribution": "OpenStreetMap contributors",
        "last_checked": "2026-05-13",
        "last_generated": "2026-05-14",
        "ai_answer_rule": "Generated mile based on Scout MVP3 Mid-Atlantic open route geometry, not an official ATC mile. Use for source-aware planning only."
      },
      "geometry": {
        "type": "Point",
        "coordinates": [
          -76.108336,
          40.55264
        ]
      }
    },
    {
      "type": "Feature",
      "properties": {
        "trail": "Appalachian Trail",
        "route_id": "at-mvp3-midatlantic-harpers-ferry-delaware-water-gap-open-2026",
        "source_route_id": "at-main-osm-2026-open",
        "mile_nobo_global_est": 1189.5,
        "mile_nobo_mvp3": 183.5,
        "mile_sobo_mvp3": 80.5,
        "state": "PA",
        "milepoint_type": "generated",
        "official": false,
        "confidence": "estimated_from_open_route_geometry_with_known_length_gap",
        "source_id": "osm",
        "source_url": "https://www.openstreetmap.org/relation/156553",
        "source_access_url": "https://hiking.waymarkedtrails.org/api/v1/details/relation/156553",
        "license_status": "open_license_share_alike",
        "source_license": "ODbL",
        "attribution": "OpenStreetMap contributors",
        "last_checked": "2026-05-13",
        "last_generated": "2026-05-14",
        "ai_answer_rule": "Generated mile based on Scout MVP3 Mid-Atlantic open route geometry, not an official ATC mile. Use for source-aware planning only."
      },
      "geometry": {
        "type": "Point",
        "coordinates": [
          -76.10248,
          40.550419
        ]
      }
    },
    {
      "type": "Feature",
      "properties": {
        "trail": "Appalachian Trail",
        "route_id": "at-mvp3-midatlantic-harpers-ferry-delaware-water-gap-open-2026",
        "source_route_id": "at-main-osm-2026-open",
        "mile_nobo_global_est": 1190,
        "mile_nobo_mvp3": 184,
        "mile_sobo_mvp3": 80,
        "state": "PA",
        "milepoint_type": "generated",
        "official": false,
        "confidence": "estimated_from_open_route_geometry_with_known_length_gap",
        "source_id": "osm",
        "source_url": "https://www.openstreetmap.org/relation/156553",
        "source_access_url": "https://hiking.waymarkedtrails.org/api/v1/details/relation/156553",
        "license_status": "open_license_share_alike",
        "source_license": "ODbL",
        "attribution": "OpenStreetMap contributors",
        "last_checked": "2026-05-13",
        "last_generated": "2026-05-14",
        "ai_answer_rule": "Generated mile based on Scout MVP3 Mid-Atlantic open route geometry, not an official ATC mile. Use for source-aware planning only."
      },
      "geometry": {
        "type": "Point",
        "coordinates": [
          -76.098637,
          40.546062
        ]
      }
    },
    {
      "type": "Feature",
      "properties": {
        "trail": "Appalachian Trail",
        "route_id": "at-mvp3-midatlantic-harpers-ferry-delaware-water-gap-open-2026",
        "source_route_id": "at-main-osm-2026-open",
        "mile_nobo_global_est": 1190.5,
        "mile_nobo_mvp3": 184.5,
        "mile_sobo_mvp3": 79.5,
        "state": "PA",
        "milepoint_type": "generated",
        "official": false,
        "confidence": "estimated_from_open_route_geometry_with_known_length_gap",
        "source_id": "osm",
        "source_url": "https://www.openstreetmap.org/relation/156553",
        "source_access_url": "https://hiking.waymarkedtrails.org/api/v1/details/relation/156553",
        "license_status": "open_license_share_alike",
        "source_license": "ODbL",
        "attribution": "OpenStreetMap contributors",
        "last_checked": "2026-05-13",
        "last_generated": "2026-05-14",
        "ai_answer_rule": "Generated mile based on Scout MVP3 Mid-Atlantic open route geometry, not an official ATC mile. Use for source-aware planning only."
      },
      "geometry": {
        "type": "Point",
        "coordinates": [
          -76.089999,
          40.54813
        ]
      }
    },
    {
      "type": "Feature",
      "properties": {
        "trail": "Appalachian Trail",
        "route_id": "at-mvp3-midatlantic-harpers-ferry-delaware-water-gap-open-2026",
        "source_route_id": "at-main-osm-2026-open",
        "mile_nobo_global_est": 1191,
        "mile_nobo_mvp3": 185,
        "mile_sobo_mvp3": 79,
        "state": "PA",
        "milepoint_type": "generated",
        "official": false,
        "confidence": "estimated_from_open_route_geometry_with_known_length_gap",
        "source_id": "osm",
        "source_url": "https://www.openstreetmap.org/relation/156553",
        "source_access_url": "https://hiking.waymarkedtrails.org/api/v1/details/relation/156553",
        "license_status": "open_license_share_alike",
        "source_license": "ODbL",
        "attribution": "OpenStreetMap contributors",
        "last_checked": "2026-05-13",
        "last_generated": "2026-05-14",
        "ai_answer_rule": "Generated mile based on Scout MVP3 Mid-Atlantic open route geometry, not an official ATC mile. Use for source-aware planning only."
      },
      "geometry": {
        "type": "Point",
        "coordinates": [
          -76.081931,
          40.551251
        ]
      }
    },
    {
      "type": "Feature",
      "properties": {
        "trail": "Appalachian Trail",
        "route_id": "at-mvp3-midatlantic-harpers-ferry-delaware-water-gap-open-2026",
        "source_route_id": "at-main-osm-2026-open",
        "mile_nobo_global_est": 1191.5,
        "mile_nobo_mvp3": 185.5,
        "mile_sobo_mvp3": 78.5,
        "state": "PA",
        "milepoint_type": "generated",
        "official": false,
        "confidence": "estimated_from_open_route_geometry_with_known_length_gap",
        "source_id": "osm",
        "source_url": "https://www.openstreetmap.org/relation/156553",
        "source_access_url": "https://hiking.waymarkedtrails.org/api/v1/details/relation/156553",
        "license_status": "open_license_share_alike",
        "source_license": "ODbL",
        "attribution": "OpenStreetMap contributors",
        "last_checked": "2026-05-13",
        "last_generated": "2026-05-14",
        "ai_answer_rule": "Generated mile based on Scout MVP3 Mid-Atlantic open route geometry, not an official ATC mile. Use for source-aware planning only."
      },
      "geometry": {
        "type": "Point",
        "coordinates": [
          -76.075235,
          40.554446
        ]
      }
    },
    {
      "type": "Feature",
      "properties": {
        "trail": "Appalachian Trail",
        "route_id": "at-mvp3-midatlantic-harpers-ferry-delaware-water-gap-open-2026",
        "source_route_id": "at-main-osm-2026-open",
        "mile_nobo_global_est": 1192,
        "mile_nobo_mvp3": 186,
        "mile_sobo_mvp3": 78,
        "state": "PA",
        "milepoint_type": "generated",
        "official": false,
        "confidence": "estimated_from_open_route_geometry_with_known_length_gap",
        "source_id": "osm",
        "source_url": "https://www.openstreetmap.org/relation/156553",
        "source_access_url": "https://hiking.waymarkedtrails.org/api/v1/details/relation/156553",
        "license_status": "open_license_share_alike",
        "source_license": "ODbL",
        "attribution": "OpenStreetMap contributors",
        "last_checked": "2026-05-13",
        "last_generated": "2026-05-14",
        "ai_answer_rule": "Generated mile based on Scout MVP3 Mid-Atlantic open route geometry, not an official ATC mile. Use for source-aware planning only."
      },
      "geometry": {
        "type": "Point",
        "coordinates": [
          -76.067833,
          40.557732
        ]
      }
    },
    {
      "type": "Feature",
      "properties": {
        "trail": "Appalachian Trail",
        "route_id": "at-mvp3-midatlantic-harpers-ferry-delaware-water-gap-open-2026",
        "source_route_id": "at-main-osm-2026-open",
        "mile_nobo_global_est": 1192.5,
        "mile_nobo_mvp3": 186.5,
        "mile_sobo_mvp3": 77.5,
        "state": "PA",
        "milepoint_type": "generated",
        "official": false,
        "confidence": "estimated_from_open_route_geometry_with_known_length_gap",
        "source_id": "osm",
        "source_url": "https://www.openstreetmap.org/relation/156553",
        "source_access_url": "https://hiking.waymarkedtrails.org/api/v1/details/relation/156553",
        "license_status": "open_license_share_alike",
        "source_license": "ODbL",
        "attribution": "OpenStreetMap contributors",
        "last_checked": "2026-05-13",
        "last_generated": "2026-05-14",
        "ai_answer_rule": "Generated mile based on Scout MVP3 Mid-Atlantic open route geometry, not an official ATC mile. Use for source-aware planning only."
      },
      "geometry": {
        "type": "Point",
        "coordinates": [
          -76.059285,
          40.560444
        ]
      }
    },
    {
      "type": "Feature",
      "properties": {
        "trail": "Appalachian Trail",
        "route_id": "at-mvp3-midatlantic-harpers-ferry-delaware-water-gap-open-2026",
        "source_route_id": "at-main-osm-2026-open",
        "mile_nobo_global_est": 1193,
        "mile_nobo_mvp3": 187,
        "mile_sobo_mvp3": 77,
        "state": "PA",
        "milepoint_type": "generated",
        "official": false,
        "confidence": "estimated_from_open_route_geometry_with_known_length_gap",
        "source_id": "osm",
        "source_url": "https://www.openstreetmap.org/relation/156553",
        "source_access_url": "https://hiking.waymarkedtrails.org/api/v1/details/relation/156553",
        "license_status": "open_license_share_alike",
        "source_license": "ODbL",
        "attribution": "OpenStreetMap contributors",
        "last_checked": "2026-05-13",
        "last_generated": "2026-05-14",
        "ai_answer_rule": "Generated mile based on Scout MVP3 Mid-Atlantic open route geometry, not an official ATC mile. Use for source-aware planning only."
      },
      "geometry": {
        "type": "Point",
        "coordinates": [
          -76.051284,
          40.563935
        ]
      }
    },
    {
      "type": "Feature",
      "properties": {
        "trail": "Appalachian Trail",
        "route_id": "at-mvp3-midatlantic-harpers-ferry-delaware-water-gap-open-2026",
        "source_route_id": "at-main-osm-2026-open",
        "mile_nobo_global_est": 1193.5,
        "mile_nobo_mvp3": 187.5,
        "mile_sobo_mvp3": 76.5,
        "state": "PA",
        "milepoint_type": "generated",
        "official": false,
        "confidence": "estimated_from_open_route_geometry_with_known_length_gap",
        "source_id": "osm",
        "source_url": "https://www.openstreetmap.org/relation/156553",
        "source_access_url": "https://hiking.waymarkedtrails.org/api/v1/details/relation/156553",
        "license_status": "open_license_share_alike",
        "source_license": "ODbL",
        "attribution": "OpenStreetMap contributors",
        "last_checked": "2026-05-13",
        "last_generated": "2026-05-14",
        "ai_answer_rule": "Generated mile based on Scout MVP3 Mid-Atlantic open route geometry, not an official ATC mile. Use for source-aware planning only."
      },
      "geometry": {
        "type": "Point",
        "coordinates": [
          -76.043133,
          40.56737
        ]
      }
    },
    {
      "type": "Feature",
      "properties": {
        "trail": "Appalachian Trail",
        "route_id": "at-mvp3-midatlantic-harpers-ferry-delaware-water-gap-open-2026",
        "source_route_id": "at-main-osm-2026-open",
        "mile_nobo_global_est": 1194,
        "mile_nobo_mvp3": 188,
        "mile_sobo_mvp3": 76,
        "state": "PA",
        "milepoint_type": "generated",
        "official": false,
        "confidence": "estimated_from_open_route_geometry_with_known_length_gap",
        "source_id": "osm",
        "source_url": "https://www.openstreetmap.org/relation/156553",
        "source_access_url": "https://hiking.waymarkedtrails.org/api/v1/details/relation/156553",
        "license_status": "open_license_share_alike",
        "source_license": "ODbL",
        "attribution": "OpenStreetMap contributors",
        "last_checked": "2026-05-13",
        "last_generated": "2026-05-14",
        "ai_answer_rule": "Generated mile based on Scout MVP3 Mid-Atlantic open route geometry, not an official ATC mile. Use for source-aware planning only."
      },
      "geometry": {
        "type": "Point",
        "coordinates": [
          -76.034642,
          40.569578
        ]
      }
    },
    {
      "type": "Feature",
      "properties": {
        "trail": "Appalachian Trail",
        "route_id": "at-mvp3-midatlantic-harpers-ferry-delaware-water-gap-open-2026",
        "source_route_id": "at-main-osm-2026-open",
        "mile_nobo_global_est": 1194.5,
        "mile_nobo_mvp3": 188.5,
        "mile_sobo_mvp3": 75.5,
        "state": "PA",
        "milepoint_type": "generated",
        "official": false,
        "confidence": "estimated_from_open_route_geometry_with_known_length_gap",
        "source_id": "osm",
        "source_url": "https://www.openstreetmap.org/relation/156553",
        "source_access_url": "https://hiking.waymarkedtrails.org/api/v1/details/relation/156553",
        "license_status": "open_license_share_alike",
        "source_license": "ODbL",
        "attribution": "OpenStreetMap contributors",
        "last_checked": "2026-05-13",
        "last_generated": "2026-05-14",
        "ai_answer_rule": "Generated mile based on Scout MVP3 Mid-Atlantic open route geometry, not an official ATC mile. Use for source-aware planning only."
      },
      "geometry": {
        "type": "Point",
        "coordinates": [
          -76.029295,
          40.575164
        ]
      }
    },
    {
      "type": "Feature",
      "properties": {
        "trail": "Appalachian Trail",
        "route_id": "at-mvp3-midatlantic-harpers-ferry-delaware-water-gap-open-2026",
        "source_route_id": "at-main-osm-2026-open",
        "mile_nobo_global_est": 1195,
        "mile_nobo_mvp3": 189,
        "mile_sobo_mvp3": 75,
        "state": "PA",
        "milepoint_type": "generated",
        "official": false,
        "confidence": "estimated_from_open_route_geometry_with_known_length_gap",
        "source_id": "osm",
        "source_url": "https://www.openstreetmap.org/relation/156553",
        "source_access_url": "https://hiking.waymarkedtrails.org/api/v1/details/relation/156553",
        "license_status": "open_license_share_alike",
        "source_license": "ODbL",
        "attribution": "OpenStreetMap contributors",
        "last_checked": "2026-05-13",
        "last_generated": "2026-05-14",
        "ai_answer_rule": "Generated mile based on Scout MVP3 Mid-Atlantic open route geometry, not an official ATC mile. Use for source-aware planning only."
      },
      "geometry": {
        "type": "Point",
        "coordinates": [
          -76.026671,
          40.579973
        ]
      }
    },
    {
      "type": "Feature",
      "properties": {
        "trail": "Appalachian Trail",
        "route_id": "at-mvp3-midatlantic-harpers-ferry-delaware-water-gap-open-2026",
        "source_route_id": "at-main-osm-2026-open",
        "mile_nobo_global_est": 1195.5,
        "mile_nobo_mvp3": 189.5,
        "mile_sobo_mvp3": 74.5,
        "state": "PA",
        "milepoint_type": "generated",
        "official": false,
        "confidence": "estimated_from_open_route_geometry_with_known_length_gap",
        "source_id": "osm",
        "source_url": "https://www.openstreetmap.org/relation/156553",
        "source_access_url": "https://hiking.waymarkedtrails.org/api/v1/details/relation/156553",
        "license_status": "open_license_share_alike",
        "source_license": "ODbL",
        "attribution": "OpenStreetMap contributors",
        "last_checked": "2026-05-13",
        "last_generated": "2026-05-14",
        "ai_answer_rule": "Generated mile based on Scout MVP3 Mid-Atlantic open route geometry, not an official ATC mile. Use for source-aware planning only."
      },
      "geometry": {
        "type": "Point",
        "coordinates": [
          -76.022117,
          40.574856
        ]
      }
    },
    {
      "type": "Feature",
      "properties": {
        "trail": "Appalachian Trail",
        "route_id": "at-mvp3-midatlantic-harpers-ferry-delaware-water-gap-open-2026",
        "source_route_id": "at-main-osm-2026-open",
        "mile_nobo_global_est": 1196,
        "mile_nobo_mvp3": 190,
        "mile_sobo_mvp3": 74,
        "state": "PA",
        "milepoint_type": "generated",
        "official": false,
        "confidence": "estimated_from_open_route_geometry_with_known_length_gap",
        "source_id": "osm",
        "source_url": "https://www.openstreetmap.org/relation/156553",
        "source_access_url": "https://hiking.waymarkedtrails.org/api/v1/details/relation/156553",
        "license_status": "open_license_share_alike",
        "source_license": "ODbL",
        "attribution": "OpenStreetMap contributors",
        "last_checked": "2026-05-13",
        "last_generated": "2026-05-14",
        "ai_answer_rule": "Generated mile based on Scout MVP3 Mid-Atlantic open route geometry, not an official ATC mile. Use for source-aware planning only."
      },
      "geometry": {
        "type": "Point",
        "coordinates": [
          -76.021845,
          40.578517
        ]
      }
    },
    {
      "type": "Feature",
      "properties": {
        "trail": "Appalachian Trail",
        "route_id": "at-mvp3-midatlantic-harpers-ferry-delaware-water-gap-open-2026",
        "source_route_id": "at-main-osm-2026-open",
        "mile_nobo_global_est": 1196.5,
        "mile_nobo_mvp3": 190.5,
        "mile_sobo_mvp3": 73.5,
        "state": "PA",
        "milepoint_type": "generated",
        "official": false,
        "confidence": "estimated_from_open_route_geometry_with_known_length_gap",
        "source_id": "osm",
        "source_url": "https://www.openstreetmap.org/relation/156553",
        "source_access_url": "https://hiking.waymarkedtrails.org/api/v1/details/relation/156553",
        "license_status": "open_license_share_alike",
        "source_license": "ODbL",
        "attribution": "OpenStreetMap contributors",
        "last_checked": "2026-05-13",
        "last_generated": "2026-05-14",
        "ai_answer_rule": "Generated mile based on Scout MVP3 Mid-Atlantic open route geometry, not an official ATC mile. Use for source-aware planning only."
      },
      "geometry": {
        "type": "Point",
        "coordinates": [
          -76.01473,
          40.58076
        ]
      }
    },
    {
      "type": "Feature",
      "properties": {
        "trail": "Appalachian Trail",
        "route_id": "at-mvp3-midatlantic-harpers-ferry-delaware-water-gap-open-2026",
        "source_route_id": "at-main-osm-2026-open",
        "mile_nobo_global_est": 1197,
        "mile_nobo_mvp3": 191,
        "mile_sobo_mvp3": 73,
        "state": "PA",
        "milepoint_type": "generated",
        "official": false,
        "confidence": "estimated_from_open_route_geometry_with_known_length_gap",
        "source_id": "osm",
        "source_url": "https://www.openstreetmap.org/relation/156553",
        "source_access_url": "https://hiking.waymarkedtrails.org/api/v1/details/relation/156553",
        "license_status": "open_license_share_alike",
        "source_license": "ODbL",
        "attribution": "OpenStreetMap contributors",
        "last_checked": "2026-05-13",
        "last_generated": "2026-05-14",
        "ai_answer_rule": "Generated mile based on Scout MVP3 Mid-Atlantic open route geometry, not an official ATC mile. Use for source-aware planning only."
      },
      "geometry": {
        "type": "Point",
        "coordinates": [
          -76.005446,
          40.58183
        ]
      }
    },
    {
      "type": "Feature",
      "properties": {
        "trail": "Appalachian Trail",
        "route_id": "at-mvp3-midatlantic-harpers-ferry-delaware-water-gap-open-2026",
        "source_route_id": "at-main-osm-2026-open",
        "mile_nobo_global_est": 1197.5,
        "mile_nobo_mvp3": 191.5,
        "mile_sobo_mvp3": 72.5,
        "state": "PA",
        "milepoint_type": "generated",
        "official": false,
        "confidence": "estimated_from_open_route_geometry_with_known_length_gap",
        "source_id": "osm",
        "source_url": "https://www.openstreetmap.org/relation/156553",
        "source_access_url": "https://hiking.waymarkedtrails.org/api/v1/details/relation/156553",
        "license_status": "open_license_share_alike",
        "source_license": "ODbL",
        "attribution": "OpenStreetMap contributors",
        "last_checked": "2026-05-13",
        "last_generated": "2026-05-14",
        "ai_answer_rule": "Generated mile based on Scout MVP3 Mid-Atlantic open route geometry, not an official ATC mile. Use for source-aware planning only."
      },
      "geometry": {
        "type": "Point",
        "coordinates": [
          -75.99656,
          40.581735
        ]
      }
    },
    {
      "type": "Feature",
      "properties": {
        "trail": "Appalachian Trail",
        "route_id": "at-mvp3-midatlantic-harpers-ferry-delaware-water-gap-open-2026",
        "source_route_id": "at-main-osm-2026-open",
        "mile_nobo_global_est": 1198,
        "mile_nobo_mvp3": 192,
        "mile_sobo_mvp3": 72,
        "state": "PA",
        "milepoint_type": "generated",
        "official": false,
        "confidence": "estimated_from_open_route_geometry_with_known_length_gap",
        "source_id": "osm",
        "source_url": "https://www.openstreetmap.org/relation/156553",
        "source_access_url": "https://hiking.waymarkedtrails.org/api/v1/details/relation/156553",
        "license_status": "open_license_share_alike",
        "source_license": "ODbL",
        "attribution": "OpenStreetMap contributors",
        "last_checked": "2026-05-13",
        "last_generated": "2026-05-14",
        "ai_answer_rule": "Generated mile based on Scout MVP3 Mid-Atlantic open route geometry, not an official ATC mile. Use for source-aware planning only."
      },
      "geometry": {
        "type": "Point",
        "coordinates": [
          -75.987747,
          40.582827
        ]
      }
    },
    {
      "type": "Feature",
      "properties": {
        "trail": "Appalachian Trail",
        "route_id": "at-mvp3-midatlantic-harpers-ferry-delaware-water-gap-open-2026",
        "source_route_id": "at-main-osm-2026-open",
        "mile_nobo_global_est": 1198.5,
        "mile_nobo_mvp3": 192.5,
        "mile_sobo_mvp3": 71.5,
        "state": "PA",
        "milepoint_type": "generated",
        "official": false,
        "confidence": "estimated_from_open_route_geometry_with_known_length_gap",
        "source_id": "osm",
        "source_url": "https://www.openstreetmap.org/relation/156553",
        "source_access_url": "https://hiking.waymarkedtrails.org/api/v1/details/relation/156553",
        "license_status": "open_license_share_alike",
        "source_license": "ODbL",
        "attribution": "OpenStreetMap contributors",
        "last_checked": "2026-05-13",
        "last_generated": "2026-05-14",
        "ai_answer_rule": "Generated mile based on Scout MVP3 Mid-Atlantic open route geometry, not an official ATC mile. Use for source-aware planning only."
      },
      "geometry": {
        "type": "Point",
        "coordinates": [
          -75.979116,
          40.583551
        ]
      }
    },
    {
      "type": "Feature",
      "properties": {
        "trail": "Appalachian Trail",
        "route_id": "at-mvp3-midatlantic-harpers-ferry-delaware-water-gap-open-2026",
        "source_route_id": "at-main-osm-2026-open",
        "mile_nobo_global_est": 1199,
        "mile_nobo_mvp3": 193,
        "mile_sobo_mvp3": 71,
        "state": "PA",
        "milepoint_type": "generated",
        "official": false,
        "confidence": "estimated_from_open_route_geometry_with_known_length_gap",
        "source_id": "osm",
        "source_url": "https://www.openstreetmap.org/relation/156553",
        "source_access_url": "https://hiking.waymarkedtrails.org/api/v1/details/relation/156553",
        "license_status": "open_license_share_alike",
        "source_license": "ODbL",
        "attribution": "OpenStreetMap contributors",
        "last_checked": "2026-05-13",
        "last_generated": "2026-05-14",
        "ai_answer_rule": "Generated mile based on Scout MVP3 Mid-Atlantic open route geometry, not an official ATC mile. Use for source-aware planning only."
      },
      "geometry": {
        "type": "Point",
        "coordinates": [
          -75.971954,
          40.587199
        ]
      }
    },
    {
      "type": "Feature",
      "properties": {
        "trail": "Appalachian Trail",
        "route_id": "at-mvp3-midatlantic-harpers-ferry-delaware-water-gap-open-2026",
        "source_route_id": "at-main-osm-2026-open",
        "mile_nobo_global_est": 1199.5,
        "mile_nobo_mvp3": 193.5,
        "mile_sobo_mvp3": 70.5,
        "state": "PA",
        "milepoint_type": "generated",
        "official": false,
        "confidence": "estimated_from_open_route_geometry_with_known_length_gap",
        "source_id": "osm",
        "source_url": "https://www.openstreetmap.org/relation/156553",
        "source_access_url": "https://hiking.waymarkedtrails.org/api/v1/details/relation/156553",
        "license_status": "open_license_share_alike",
        "source_license": "ODbL",
        "attribution": "OpenStreetMap contributors",
        "last_checked": "2026-05-13",
        "last_generated": "2026-05-14",
        "ai_answer_rule": "Generated mile based on Scout MVP3 Mid-Atlantic open route geometry, not an official ATC mile. Use for source-aware planning only."
      },
      "geometry": {
        "type": "Point",
        "coordinates": [
          -75.963513,
          40.58787
        ]
      }
    },
    {
      "type": "Feature",
      "properties": {
        "trail": "Appalachian Trail",
        "route_id": "at-mvp3-midatlantic-harpers-ferry-delaware-water-gap-open-2026",
        "source_route_id": "at-main-osm-2026-open",
        "mile_nobo_global_est": 1200,
        "mile_nobo_mvp3": 194,
        "mile_sobo_mvp3": 70,
        "state": "PA",
        "milepoint_type": "generated",
        "official": false,
        "confidence": "estimated_from_open_route_geometry_with_known_length_gap",
        "source_id": "osm",
        "source_url": "https://www.openstreetmap.org/relation/156553",
        "source_access_url": "https://hiking.waymarkedtrails.org/api/v1/details/relation/156553",
        "license_status": "open_license_share_alike",
        "source_license": "ODbL",
        "attribution": "OpenStreetMap contributors",
        "last_checked": "2026-05-13",
        "last_generated": "2026-05-14",
        "ai_answer_rule": "Generated mile based on Scout MVP3 Mid-Atlantic open route geometry, not an official ATC mile. Use for source-aware planning only."
      },
      "geometry": {
        "type": "Point",
        "coordinates": [
          -75.954286,
          40.587261
        ]
      }
    },
    {
      "type": "Feature",
      "properties": {
        "trail": "Appalachian Trail",
        "route_id": "at-mvp3-midatlantic-harpers-ferry-delaware-water-gap-open-2026",
        "source_route_id": "at-main-osm-2026-open",
        "mile_nobo_global_est": 1200.5,
        "mile_nobo_mvp3": 194.5,
        "mile_sobo_mvp3": 69.5,
        "state": "PA",
        "milepoint_type": "generated",
        "official": false,
        "confidence": "estimated_from_open_route_geometry_with_known_length_gap",
        "source_id": "osm",
        "source_url": "https://www.openstreetmap.org/relation/156553",
        "source_access_url": "https://hiking.waymarkedtrails.org/api/v1/details/relation/156553",
        "license_status": "open_license_share_alike",
        "source_license": "ODbL",
        "attribution": "OpenStreetMap contributors",
        "last_checked": "2026-05-13",
        "last_generated": "2026-05-14",
        "ai_answer_rule": "Generated mile based on Scout MVP3 Mid-Atlantic open route geometry, not an official ATC mile. Use for source-aware planning only."
      },
      "geometry": {
        "type": "Point",
        "coordinates": [
          -75.945627,
          40.589617
        ]
      }
    },
    {
      "type": "Feature",
      "properties": {
        "trail": "Appalachian Trail",
        "route_id": "at-mvp3-midatlantic-harpers-ferry-delaware-water-gap-open-2026",
        "source_route_id": "at-main-osm-2026-open",
        "mile_nobo_global_est": 1201,
        "mile_nobo_mvp3": 195,
        "mile_sobo_mvp3": 69,
        "state": "PA",
        "milepoint_type": "generated",
        "official": false,
        "confidence": "estimated_from_open_route_geometry_with_known_length_gap",
        "source_id": "osm",
        "source_url": "https://www.openstreetmap.org/relation/156553",
        "source_access_url": "https://hiking.waymarkedtrails.org/api/v1/details/relation/156553",
        "license_status": "open_license_share_alike",
        "source_license": "ODbL",
        "attribution": "OpenStreetMap contributors",
        "last_checked": "2026-05-13",
        "last_generated": "2026-05-14",
        "ai_answer_rule": "Generated mile based on Scout MVP3 Mid-Atlantic open route geometry, not an official ATC mile. Use for source-aware planning only."
      },
      "geometry": {
        "type": "Point",
        "coordinates": [
          -75.938205,
          40.589598
        ]
      }
    },
    {
      "type": "Feature",
      "properties": {
        "trail": "Appalachian Trail",
        "route_id": "at-mvp3-midatlantic-harpers-ferry-delaware-water-gap-open-2026",
        "source_route_id": "at-main-osm-2026-open",
        "mile_nobo_global_est": 1201.5,
        "mile_nobo_mvp3": 195.5,
        "mile_sobo_mvp3": 68.5,
        "state": "PA",
        "milepoint_type": "generated",
        "official": false,
        "confidence": "estimated_from_open_route_geometry_with_known_length_gap",
        "source_id": "osm",
        "source_url": "https://www.openstreetmap.org/relation/156553",
        "source_access_url": "https://hiking.waymarkedtrails.org/api/v1/details/relation/156553",
        "license_status": "open_license_share_alike",
        "source_license": "ODbL",
        "attribution": "OpenStreetMap contributors",
        "last_checked": "2026-05-13",
        "last_generated": "2026-05-14",
        "ai_answer_rule": "Generated mile based on Scout MVP3 Mid-Atlantic open route geometry, not an official ATC mile. Use for source-aware planning only."
      },
      "geometry": {
        "type": "Point",
        "coordinates": [
          -75.929881,
          40.592605
        ]
      }
    },
    {
      "type": "Feature",
      "properties": {
        "trail": "Appalachian Trail",
        "route_id": "at-mvp3-midatlantic-harpers-ferry-delaware-water-gap-open-2026",
        "source_route_id": "at-main-osm-2026-open",
        "mile_nobo_global_est": 1202,
        "mile_nobo_mvp3": 196,
        "mile_sobo_mvp3": 68,
        "state": "PA",
        "milepoint_type": "generated",
        "official": false,
        "confidence": "estimated_from_open_route_geometry_with_known_length_gap",
        "source_id": "osm",
        "source_url": "https://www.openstreetmap.org/relation/156553",
        "source_access_url": "https://hiking.waymarkedtrails.org/api/v1/details/relation/156553",
        "license_status": "open_license_share_alike",
        "source_license": "ODbL",
        "attribution": "OpenStreetMap contributors",
        "last_checked": "2026-05-13",
        "last_generated": "2026-05-14",
        "ai_answer_rule": "Generated mile based on Scout MVP3 Mid-Atlantic open route geometry, not an official ATC mile. Use for source-aware planning only."
      },
      "geometry": {
        "type": "Point",
        "coordinates": [
          -75.929026,
          40.597134
        ]
      }
    },
    {
      "type": "Feature",
      "properties": {
        "trail": "Appalachian Trail",
        "route_id": "at-mvp3-midatlantic-harpers-ferry-delaware-water-gap-open-2026",
        "source_route_id": "at-main-osm-2026-open",
        "mile_nobo_global_est": 1202.5,
        "mile_nobo_mvp3": 196.5,
        "mile_sobo_mvp3": 67.5,
        "state": "PA",
        "milepoint_type": "generated",
        "official": false,
        "confidence": "estimated_from_open_route_geometry_with_known_length_gap",
        "source_id": "osm",
        "source_url": "https://www.openstreetmap.org/relation/156553",
        "source_access_url": "https://hiking.waymarkedtrails.org/api/v1/details/relation/156553",
        "license_status": "open_license_share_alike",
        "source_license": "ODbL",
        "attribution": "OpenStreetMap contributors",
        "last_checked": "2026-05-13",
        "last_generated": "2026-05-14",
        "ai_answer_rule": "Generated mile based on Scout MVP3 Mid-Atlantic open route geometry, not an official ATC mile. Use for source-aware planning only."
      },
      "geometry": {
        "type": "Point",
        "coordinates": [
          -75.932611,
          40.59751
        ]
      }
    },
    {
      "type": "Feature",
      "properties": {
        "trail": "Appalachian Trail",
        "route_id": "at-mvp3-midatlantic-harpers-ferry-delaware-water-gap-open-2026",
        "source_route_id": "at-main-osm-2026-open",
        "mile_nobo_global_est": 1203,
        "mile_nobo_mvp3": 197,
        "mile_sobo_mvp3": 67,
        "state": "PA",
        "milepoint_type": "generated",
        "official": false,
        "confidence": "estimated_from_open_route_geometry_with_known_length_gap",
        "source_id": "osm",
        "source_url": "https://www.openstreetmap.org/relation/156553",
        "source_access_url": "https://hiking.waymarkedtrails.org/api/v1/details/relation/156553",
        "license_status": "open_license_share_alike",
        "source_license": "ODbL",
        "attribution": "OpenStreetMap contributors",
        "last_checked": "2026-05-13",
        "last_generated": "2026-05-14",
        "ai_answer_rule": "Generated mile based on Scout MVP3 Mid-Atlantic open route geometry, not an official ATC mile. Use for source-aware planning only."
      },
      "geometry": {
        "type": "Point",
        "coordinates": [
          -75.93481,
          40.600763
        ]
      }
    },
    {
      "type": "Feature",
      "properties": {
        "trail": "Appalachian Trail",
        "route_id": "at-mvp3-midatlantic-harpers-ferry-delaware-water-gap-open-2026",
        "source_route_id": "at-main-osm-2026-open",
        "mile_nobo_global_est": 1203.5,
        "mile_nobo_mvp3": 197.5,
        "mile_sobo_mvp3": 66.5,
        "state": "PA",
        "milepoint_type": "generated",
        "official": false,
        "confidence": "estimated_from_open_route_geometry_with_known_length_gap",
        "source_id": "osm",
        "source_url": "https://www.openstreetmap.org/relation/156553",
        "source_access_url": "https://hiking.waymarkedtrails.org/api/v1/details/relation/156553",
        "license_status": "open_license_share_alike",
        "source_license": "ODbL",
        "attribution": "OpenStreetMap contributors",
        "last_checked": "2026-05-13",
        "last_generated": "2026-05-14",
        "ai_answer_rule": "Generated mile based on Scout MVP3 Mid-Atlantic open route geometry, not an official ATC mile. Use for source-aware planning only."
      },
      "geometry": {
        "type": "Point",
        "coordinates": [
          -75.926746,
          40.603998
        ]
      }
    },
    {
      "type": "Feature",
      "properties": {
        "trail": "Appalachian Trail",
        "route_id": "at-mvp3-midatlantic-harpers-ferry-delaware-water-gap-open-2026",
        "source_route_id": "at-main-osm-2026-open",
        "mile_nobo_global_est": 1204,
        "mile_nobo_mvp3": 198,
        "mile_sobo_mvp3": 66,
        "state": "PA",
        "milepoint_type": "generated",
        "official": false,
        "confidence": "estimated_from_open_route_geometry_with_known_length_gap",
        "source_id": "osm",
        "source_url": "https://www.openstreetmap.org/relation/156553",
        "source_access_url": "https://hiking.waymarkedtrails.org/api/v1/details/relation/156553",
        "license_status": "open_license_share_alike",
        "source_license": "ODbL",
        "attribution": "OpenStreetMap contributors",
        "last_checked": "2026-05-13",
        "last_generated": "2026-05-14",
        "ai_answer_rule": "Generated mile based on Scout MVP3 Mid-Atlantic open route geometry, not an official ATC mile. Use for source-aware planning only."
      },
      "geometry": {
        "type": "Point",
        "coordinates": [
          -75.918948,
          40.607258
        ]
      }
    },
    {
      "type": "Feature",
      "properties": {
        "trail": "Appalachian Trail",
        "route_id": "at-mvp3-midatlantic-harpers-ferry-delaware-water-gap-open-2026",
        "source_route_id": "at-main-osm-2026-open",
        "mile_nobo_global_est": 1204.5,
        "mile_nobo_mvp3": 198.5,
        "mile_sobo_mvp3": 65.5,
        "state": "PA",
        "milepoint_type": "generated",
        "official": false,
        "confidence": "estimated_from_open_route_geometry_with_known_length_gap",
        "source_id": "osm",
        "source_url": "https://www.openstreetmap.org/relation/156553",
        "source_access_url": "https://hiking.waymarkedtrails.org/api/v1/details/relation/156553",
        "license_status": "open_license_share_alike",
        "source_license": "ODbL",
        "attribution": "OpenStreetMap contributors",
        "last_checked": "2026-05-13",
        "last_generated": "2026-05-14",
        "ai_answer_rule": "Generated mile based on Scout MVP3 Mid-Atlantic open route geometry, not an official ATC mile. Use for source-aware planning only."
      },
      "geometry": {
        "type": "Point",
        "coordinates": [
          -75.912876,
          40.612567
        ]
      }
    },
    {
      "type": "Feature",
      "properties": {
        "trail": "Appalachian Trail",
        "route_id": "at-mvp3-midatlantic-harpers-ferry-delaware-water-gap-open-2026",
        "source_route_id": "at-main-osm-2026-open",
        "mile_nobo_global_est": 1205,
        "mile_nobo_mvp3": 199,
        "mile_sobo_mvp3": 65,
        "state": "PA",
        "milepoint_type": "generated",
        "official": false,
        "confidence": "estimated_from_open_route_geometry_with_known_length_gap",
        "source_id": "osm",
        "source_url": "https://www.openstreetmap.org/relation/156553",
        "source_access_url": "https://hiking.waymarkedtrails.org/api/v1/details/relation/156553",
        "license_status": "open_license_share_alike",
        "source_license": "ODbL",
        "attribution": "OpenStreetMap contributors",
        "last_checked": "2026-05-13",
        "last_generated": "2026-05-14",
        "ai_answer_rule": "Generated mile based on Scout MVP3 Mid-Atlantic open route geometry, not an official ATC mile. Use for source-aware planning only."
      },
      "geometry": {
        "type": "Point",
        "coordinates": [
          -75.920988,
          40.612358
        ]
      }
    },
    {
      "type": "Feature",
      "properties": {
        "trail": "Appalachian Trail",
        "route_id": "at-mvp3-midatlantic-harpers-ferry-delaware-water-gap-open-2026",
        "source_route_id": "at-main-osm-2026-open",
        "mile_nobo_global_est": 1205.5,
        "mile_nobo_mvp3": 199.5,
        "mile_sobo_mvp3": 64.5,
        "state": "PA",
        "milepoint_type": "generated",
        "official": false,
        "confidence": "estimated_from_open_route_geometry_with_known_length_gap",
        "source_id": "osm",
        "source_url": "https://www.openstreetmap.org/relation/156553",
        "source_access_url": "https://hiking.waymarkedtrails.org/api/v1/details/relation/156553",
        "license_status": "open_license_share_alike",
        "source_license": "ODbL",
        "attribution": "OpenStreetMap contributors",
        "last_checked": "2026-05-13",
        "last_generated": "2026-05-14",
        "ai_answer_rule": "Generated mile based on Scout MVP3 Mid-Atlantic open route geometry, not an official ATC mile. Use for source-aware planning only."
      },
      "geometry": {
        "type": "Point",
        "coordinates": [
          -75.92947,
          40.611826
        ]
      }
    },
    {
      "type": "Feature",
      "properties": {
        "trail": "Appalachian Trail",
        "route_id": "at-mvp3-midatlantic-harpers-ferry-delaware-water-gap-open-2026",
        "source_route_id": "at-main-osm-2026-open",
        "mile_nobo_global_est": 1206,
        "mile_nobo_mvp3": 200,
        "mile_sobo_mvp3": 64,
        "state": "PA",
        "milepoint_type": "generated",
        "official": false,
        "confidence": "estimated_from_open_route_geometry_with_known_length_gap",
        "source_id": "osm",
        "source_url": "https://www.openstreetmap.org/relation/156553",
        "source_access_url": "https://hiking.waymarkedtrails.org/api/v1/details/relation/156553",
        "license_status": "open_license_share_alike",
        "source_license": "ODbL",
        "attribution": "OpenStreetMap contributors",
        "last_checked": "2026-05-13",
        "last_generated": "2026-05-14",
        "ai_answer_rule": "Generated mile based on Scout MVP3 Mid-Atlantic open route geometry, not an official ATC mile. Use for source-aware planning only."
      },
      "geometry": {
        "type": "Point",
        "coordinates": [
          -75.93768,
          40.608866
        ]
      }
    },
    {
      "type": "Feature",
      "properties": {
        "trail": "Appalachian Trail",
        "route_id": "at-mvp3-midatlantic-harpers-ferry-delaware-water-gap-open-2026",
        "source_route_id": "at-main-osm-2026-open",
        "mile_nobo_global_est": 1206.5,
        "mile_nobo_mvp3": 200.5,
        "mile_sobo_mvp3": 63.5,
        "state": "PA",
        "milepoint_type": "generated",
        "official": false,
        "confidence": "estimated_from_open_route_geometry_with_known_length_gap",
        "source_id": "osm",
        "source_url": "https://www.openstreetmap.org/relation/156553",
        "source_access_url": "https://hiking.waymarkedtrails.org/api/v1/details/relation/156553",
        "license_status": "open_license_share_alike",
        "source_license": "ODbL",
        "attribution": "OpenStreetMap contributors",
        "last_checked": "2026-05-13",
        "last_generated": "2026-05-14",
        "ai_answer_rule": "Generated mile based on Scout MVP3 Mid-Atlantic open route geometry, not an official ATC mile. Use for source-aware planning only."
      },
      "geometry": {
        "type": "Point",
        "coordinates": [
          -75.945767,
          40.605886
        ]
      }
    },
    {
      "type": "Feature",
      "properties": {
        "trail": "Appalachian Trail",
        "route_id": "at-mvp3-midatlantic-harpers-ferry-delaware-water-gap-open-2026",
        "source_route_id": "at-main-osm-2026-open",
        "mile_nobo_global_est": 1207,
        "mile_nobo_mvp3": 201,
        "mile_sobo_mvp3": 63,
        "state": "PA",
        "milepoint_type": "generated",
        "official": false,
        "confidence": "estimated_from_open_route_geometry_with_known_length_gap",
        "source_id": "osm",
        "source_url": "https://www.openstreetmap.org/relation/156553",
        "source_access_url": "https://hiking.waymarkedtrails.org/api/v1/details/relation/156553",
        "license_status": "open_license_share_alike",
        "source_license": "ODbL",
        "attribution": "OpenStreetMap contributors",
        "last_checked": "2026-05-13",
        "last_generated": "2026-05-14",
        "ai_answer_rule": "Generated mile based on Scout MVP3 Mid-Atlantic open route geometry, not an official ATC mile. Use for source-aware planning only."
      },
      "geometry": {
        "type": "Point",
        "coordinates": [
          -75.955007,
          40.605871
        ]
      }
    },
    {
      "type": "Feature",
      "properties": {
        "trail": "Appalachian Trail",
        "route_id": "at-mvp3-midatlantic-harpers-ferry-delaware-water-gap-open-2026",
        "source_route_id": "at-main-osm-2026-open",
        "mile_nobo_global_est": 1207.5,
        "mile_nobo_mvp3": 201.5,
        "mile_sobo_mvp3": 62.5,
        "state": "PA",
        "milepoint_type": "generated",
        "official": false,
        "confidence": "estimated_from_open_route_geometry_with_known_length_gap",
        "source_id": "osm",
        "source_url": "https://www.openstreetmap.org/relation/156553",
        "source_access_url": "https://hiking.waymarkedtrails.org/api/v1/details/relation/156553",
        "license_status": "open_license_share_alike",
        "source_license": "ODbL",
        "attribution": "OpenStreetMap contributors",
        "last_checked": "2026-05-13",
        "last_generated": "2026-05-14",
        "ai_answer_rule": "Generated mile based on Scout MVP3 Mid-Atlantic open route geometry, not an official ATC mile. Use for source-aware planning only."
      },
      "geometry": {
        "type": "Point",
        "coordinates": [
          -75.963427,
          40.607285
        ]
      }
    },
    {
      "type": "Feature",
      "properties": {
        "trail": "Appalachian Trail",
        "route_id": "at-mvp3-midatlantic-harpers-ferry-delaware-water-gap-open-2026",
        "source_route_id": "at-main-osm-2026-open",
        "mile_nobo_global_est": 1208,
        "mile_nobo_mvp3": 202,
        "mile_sobo_mvp3": 62,
        "state": "PA",
        "milepoint_type": "generated",
        "official": false,
        "confidence": "estimated_from_open_route_geometry_with_known_length_gap",
        "source_id": "osm",
        "source_url": "https://www.openstreetmap.org/relation/156553",
        "source_access_url": "https://hiking.waymarkedtrails.org/api/v1/details/relation/156553",
        "license_status": "open_license_share_alike",
        "source_license": "ODbL",
        "attribution": "OpenStreetMap contributors",
        "last_checked": "2026-05-13",
        "last_generated": "2026-05-14",
        "ai_answer_rule": "Generated mile based on Scout MVP3 Mid-Atlantic open route geometry, not an official ATC mile. Use for source-aware planning only."
      },
      "geometry": {
        "type": "Point",
        "coordinates": [
          -75.964533,
          40.612157
        ]
      }
    },
    {
      "type": "Feature",
      "properties": {
        "trail": "Appalachian Trail",
        "route_id": "at-mvp3-midatlantic-harpers-ferry-delaware-water-gap-open-2026",
        "source_route_id": "at-main-osm-2026-open",
        "mile_nobo_global_est": 1208.5,
        "mile_nobo_mvp3": 202.5,
        "mile_sobo_mvp3": 61.5,
        "state": "PA",
        "milepoint_type": "generated",
        "official": false,
        "confidence": "estimated_from_open_route_geometry_with_known_length_gap",
        "source_id": "osm",
        "source_url": "https://www.openstreetmap.org/relation/156553",
        "source_access_url": "https://hiking.waymarkedtrails.org/api/v1/details/relation/156553",
        "license_status": "open_license_share_alike",
        "source_license": "ODbL",
        "attribution": "OpenStreetMap contributors",
        "last_checked": "2026-05-13",
        "last_generated": "2026-05-14",
        "ai_answer_rule": "Generated mile based on Scout MVP3 Mid-Atlantic open route geometry, not an official ATC mile. Use for source-aware planning only."
      },
      "geometry": {
        "type": "Point",
        "coordinates": [
          -75.960569,
          40.617948
        ]
      }
    },
    {
      "type": "Feature",
      "properties": {
        "trail": "Appalachian Trail",
        "route_id": "at-mvp3-midatlantic-harpers-ferry-delaware-water-gap-open-2026",
        "source_route_id": "at-main-osm-2026-open",
        "mile_nobo_global_est": 1209,
        "mile_nobo_mvp3": 203,
        "mile_sobo_mvp3": 61,
        "state": "PA",
        "milepoint_type": "generated",
        "official": false,
        "confidence": "estimated_from_open_route_geometry_with_known_length_gap",
        "source_id": "osm",
        "source_url": "https://www.openstreetmap.org/relation/156553",
        "source_access_url": "https://hiking.waymarkedtrails.org/api/v1/details/relation/156553",
        "license_status": "open_license_share_alike",
        "source_license": "ODbL",
        "attribution": "OpenStreetMap contributors",
        "last_checked": "2026-05-13",
        "last_generated": "2026-05-14",
        "ai_answer_rule": "Generated mile based on Scout MVP3 Mid-Atlantic open route geometry, not an official ATC mile. Use for source-aware planning only."
      },
      "geometry": {
        "type": "Point",
        "coordinates": [
          -75.95892,
          40.624927
        ]
      }
    },
    {
      "type": "Feature",
      "properties": {
        "trail": "Appalachian Trail",
        "route_id": "at-mvp3-midatlantic-harpers-ferry-delaware-water-gap-open-2026",
        "source_route_id": "at-main-osm-2026-open",
        "mile_nobo_global_est": 1209.5,
        "mile_nobo_mvp3": 203.5,
        "mile_sobo_mvp3": 60.5,
        "state": "PA",
        "milepoint_type": "generated",
        "official": false,
        "confidence": "estimated_from_open_route_geometry_with_known_length_gap",
        "source_id": "osm",
        "source_url": "https://www.openstreetmap.org/relation/156553",
        "source_access_url": "https://hiking.waymarkedtrails.org/api/v1/details/relation/156553",
        "license_status": "open_license_share_alike",
        "source_license": "ODbL",
        "attribution": "OpenStreetMap contributors",
        "last_checked": "2026-05-13",
        "last_generated": "2026-05-14",
        "ai_answer_rule": "Generated mile based on Scout MVP3 Mid-Atlantic open route geometry, not an official ATC mile. Use for source-aware planning only."
      },
      "geometry": {
        "type": "Point",
        "coordinates": [
          -75.959905,
          40.631191
        ]
      }
    },
    {
      "type": "Feature",
      "properties": {
        "trail": "Appalachian Trail",
        "route_id": "at-mvp3-midatlantic-harpers-ferry-delaware-water-gap-open-2026",
        "source_route_id": "at-main-osm-2026-open",
        "mile_nobo_global_est": 1210,
        "mile_nobo_mvp3": 204,
        "mile_sobo_mvp3": 60,
        "state": "PA",
        "milepoint_type": "generated",
        "official": false,
        "confidence": "estimated_from_open_route_geometry_with_known_length_gap",
        "source_id": "osm",
        "source_url": "https://www.openstreetmap.org/relation/156553",
        "source_access_url": "https://hiking.waymarkedtrails.org/api/v1/details/relation/156553",
        "license_status": "open_license_share_alike",
        "source_license": "ODbL",
        "attribution": "OpenStreetMap contributors",
        "last_checked": "2026-05-13",
        "last_generated": "2026-05-14",
        "ai_answer_rule": "Generated mile based on Scout MVP3 Mid-Atlantic open route geometry, not an official ATC mile. Use for source-aware planning only."
      },
      "geometry": {
        "type": "Point",
        "coordinates": [
          -75.958339,
          40.636124
        ]
      }
    },
    {
      "type": "Feature",
      "properties": {
        "trail": "Appalachian Trail",
        "route_id": "at-mvp3-midatlantic-harpers-ferry-delaware-water-gap-open-2026",
        "source_route_id": "at-main-osm-2026-open",
        "mile_nobo_global_est": 1210.5,
        "mile_nobo_mvp3": 204.5,
        "mile_sobo_mvp3": 59.5,
        "state": "PA",
        "milepoint_type": "generated",
        "official": false,
        "confidence": "estimated_from_open_route_geometry_with_known_length_gap",
        "source_id": "osm",
        "source_url": "https://www.openstreetmap.org/relation/156553",
        "source_access_url": "https://hiking.waymarkedtrails.org/api/v1/details/relation/156553",
        "license_status": "open_license_share_alike",
        "source_license": "ODbL",
        "attribution": "OpenStreetMap contributors",
        "last_checked": "2026-05-13",
        "last_generated": "2026-05-14",
        "ai_answer_rule": "Generated mile based on Scout MVP3 Mid-Atlantic open route geometry, not an official ATC mile. Use for source-aware planning only."
      },
      "geometry": {
        "type": "Point",
        "coordinates": [
          -75.95834,
          40.642098
        ]
      }
    },
    {
      "type": "Feature",
      "properties": {
        "trail": "Appalachian Trail",
        "route_id": "at-mvp3-midatlantic-harpers-ferry-delaware-water-gap-open-2026",
        "source_route_id": "at-main-osm-2026-open",
        "mile_nobo_global_est": 1211,
        "mile_nobo_mvp3": 205,
        "mile_sobo_mvp3": 59,
        "state": "PA",
        "milepoint_type": "generated",
        "official": false,
        "confidence": "estimated_from_open_route_geometry_with_known_length_gap",
        "source_id": "osm",
        "source_url": "https://www.openstreetmap.org/relation/156553",
        "source_access_url": "https://hiking.waymarkedtrails.org/api/v1/details/relation/156553",
        "license_status": "open_license_share_alike",
        "source_license": "ODbL",
        "attribution": "OpenStreetMap contributors",
        "last_checked": "2026-05-13",
        "last_generated": "2026-05-14",
        "ai_answer_rule": "Generated mile based on Scout MVP3 Mid-Atlantic open route geometry, not an official ATC mile. Use for source-aware planning only."
      },
      "geometry": {
        "type": "Point",
        "coordinates": [
          -75.954746,
          40.64794
        ]
      }
    },
    {
      "type": "Feature",
      "properties": {
        "trail": "Appalachian Trail",
        "route_id": "at-mvp3-midatlantic-harpers-ferry-delaware-water-gap-open-2026",
        "source_route_id": "at-main-osm-2026-open",
        "mile_nobo_global_est": 1211.5,
        "mile_nobo_mvp3": 205.5,
        "mile_sobo_mvp3": 58.5,
        "state": "PA",
        "milepoint_type": "generated",
        "official": false,
        "confidence": "estimated_from_open_route_geometry_with_known_length_gap",
        "source_id": "osm",
        "source_url": "https://www.openstreetmap.org/relation/156553",
        "source_access_url": "https://hiking.waymarkedtrails.org/api/v1/details/relation/156553",
        "license_status": "open_license_share_alike",
        "source_license": "ODbL",
        "attribution": "OpenStreetMap contributors",
        "last_checked": "2026-05-13",
        "last_generated": "2026-05-14",
        "ai_answer_rule": "Generated mile based on Scout MVP3 Mid-Atlantic open route geometry, not an official ATC mile. Use for source-aware planning only."
      },
      "geometry": {
        "type": "Point",
        "coordinates": [
          -75.958038,
          40.651152
        ]
      }
    },
    {
      "type": "Feature",
      "properties": {
        "trail": "Appalachian Trail",
        "route_id": "at-mvp3-midatlantic-harpers-ferry-delaware-water-gap-open-2026",
        "source_route_id": "at-main-osm-2026-open",
        "mile_nobo_global_est": 1212,
        "mile_nobo_mvp3": 206,
        "mile_sobo_mvp3": 58,
        "state": "PA",
        "milepoint_type": "generated",
        "official": false,
        "confidence": "estimated_from_open_route_geometry_with_known_length_gap",
        "source_id": "osm",
        "source_url": "https://www.openstreetmap.org/relation/156553",
        "source_access_url": "https://hiking.waymarkedtrails.org/api/v1/details/relation/156553",
        "license_status": "open_license_share_alike",
        "source_license": "ODbL",
        "attribution": "OpenStreetMap contributors",
        "last_checked": "2026-05-13",
        "last_generated": "2026-05-14",
        "ai_answer_rule": "Generated mile based on Scout MVP3 Mid-Atlantic open route geometry, not an official ATC mile. Use for source-aware planning only."
      },
      "geometry": {
        "type": "Point",
        "coordinates": [
          -75.955339,
          40.655946
        ]
      }
    },
    {
      "type": "Feature",
      "properties": {
        "trail": "Appalachian Trail",
        "route_id": "at-mvp3-midatlantic-harpers-ferry-delaware-water-gap-open-2026",
        "source_route_id": "at-main-osm-2026-open",
        "mile_nobo_global_est": 1212.5,
        "mile_nobo_mvp3": 206.5,
        "mile_sobo_mvp3": 57.5,
        "state": "PA",
        "milepoint_type": "generated",
        "official": false,
        "confidence": "estimated_from_open_route_geometry_with_known_length_gap",
        "source_id": "osm",
        "source_url": "https://www.openstreetmap.org/relation/156553",
        "source_access_url": "https://hiking.waymarkedtrails.org/api/v1/details/relation/156553",
        "license_status": "open_license_share_alike",
        "source_license": "ODbL",
        "attribution": "OpenStreetMap contributors",
        "last_checked": "2026-05-13",
        "last_generated": "2026-05-14",
        "ai_answer_rule": "Generated mile based on Scout MVP3 Mid-Atlantic open route geometry, not an official ATC mile. Use for source-aware planning only."
      },
      "geometry": {
        "type": "Point",
        "coordinates": [
          -75.947314,
          40.658066
        ]
      }
    },
    {
      "type": "Feature",
      "properties": {
        "trail": "Appalachian Trail",
        "route_id": "at-mvp3-midatlantic-harpers-ferry-delaware-water-gap-open-2026",
        "source_route_id": "at-main-osm-2026-open",
        "mile_nobo_global_est": 1213,
        "mile_nobo_mvp3": 207,
        "mile_sobo_mvp3": 57,
        "state": "PA",
        "milepoint_type": "generated",
        "official": false,
        "confidence": "estimated_from_open_route_geometry_with_known_length_gap",
        "source_id": "osm",
        "source_url": "https://www.openstreetmap.org/relation/156553",
        "source_access_url": "https://hiking.waymarkedtrails.org/api/v1/details/relation/156553",
        "license_status": "open_license_share_alike",
        "source_license": "ODbL",
        "attribution": "OpenStreetMap contributors",
        "last_checked": "2026-05-13",
        "last_generated": "2026-05-14",
        "ai_answer_rule": "Generated mile based on Scout MVP3 Mid-Atlantic open route geometry, not an official ATC mile. Use for source-aware planning only."
      },
      "geometry": {
        "type": "Point",
        "coordinates": [
          -75.939082,
          40.660496
        ]
      }
    },
    {
      "type": "Feature",
      "properties": {
        "trail": "Appalachian Trail",
        "route_id": "at-mvp3-midatlantic-harpers-ferry-delaware-water-gap-open-2026",
        "source_route_id": "at-main-osm-2026-open",
        "mile_nobo_global_est": 1213.5,
        "mile_nobo_mvp3": 207.5,
        "mile_sobo_mvp3": 56.5,
        "state": "PA",
        "milepoint_type": "generated",
        "official": false,
        "confidence": "estimated_from_open_route_geometry_with_known_length_gap",
        "source_id": "osm",
        "source_url": "https://www.openstreetmap.org/relation/156553",
        "source_access_url": "https://hiking.waymarkedtrails.org/api/v1/details/relation/156553",
        "license_status": "open_license_share_alike",
        "source_license": "ODbL",
        "attribution": "OpenStreetMap contributors",
        "last_checked": "2026-05-13",
        "last_generated": "2026-05-14",
        "ai_answer_rule": "Generated mile based on Scout MVP3 Mid-Atlantic open route geometry, not an official ATC mile. Use for source-aware planning only."
      },
      "geometry": {
        "type": "Point",
        "coordinates": [
          -75.929926,
          40.661738
        ]
      }
    },
    {
      "type": "Feature",
      "properties": {
        "trail": "Appalachian Trail",
        "route_id": "at-mvp3-midatlantic-harpers-ferry-delaware-water-gap-open-2026",
        "source_route_id": "at-main-osm-2026-open",
        "mile_nobo_global_est": 1214,
        "mile_nobo_mvp3": 208,
        "mile_sobo_mvp3": 56,
        "state": "PA",
        "milepoint_type": "generated",
        "official": false,
        "confidence": "estimated_from_open_route_geometry_with_known_length_gap",
        "source_id": "osm",
        "source_url": "https://www.openstreetmap.org/relation/156553",
        "source_access_url": "https://hiking.waymarkedtrails.org/api/v1/details/relation/156553",
        "license_status": "open_license_share_alike",
        "source_license": "ODbL",
        "attribution": "OpenStreetMap contributors",
        "last_checked": "2026-05-13",
        "last_generated": "2026-05-14",
        "ai_answer_rule": "Generated mile based on Scout MVP3 Mid-Atlantic open route geometry, not an official ATC mile. Use for source-aware planning only."
      },
      "geometry": {
        "type": "Point",
        "coordinates": [
          -75.920995,
          40.663771
        ]
      }
    },
    {
      "type": "Feature",
      "properties": {
        "trail": "Appalachian Trail",
        "route_id": "at-mvp3-midatlantic-harpers-ferry-delaware-water-gap-open-2026",
        "source_route_id": "at-main-osm-2026-open",
        "mile_nobo_global_est": 1214.5,
        "mile_nobo_mvp3": 208.5,
        "mile_sobo_mvp3": 55.5,
        "state": "PA",
        "milepoint_type": "generated",
        "official": false,
        "confidence": "estimated_from_open_route_geometry_with_known_length_gap",
        "source_id": "osm",
        "source_url": "https://www.openstreetmap.org/relation/156553",
        "source_access_url": "https://hiking.waymarkedtrails.org/api/v1/details/relation/156553",
        "license_status": "open_license_share_alike",
        "source_license": "ODbL",
        "attribution": "OpenStreetMap contributors",
        "last_checked": "2026-05-13",
        "last_generated": "2026-05-14",
        "ai_answer_rule": "Generated mile based on Scout MVP3 Mid-Atlantic open route geometry, not an official ATC mile. Use for source-aware planning only."
      },
      "geometry": {
        "type": "Point",
        "coordinates": [
          -75.912682,
          40.667064
        ]
      }
    },
    {
      "type": "Feature",
      "properties": {
        "trail": "Appalachian Trail",
        "route_id": "at-mvp3-midatlantic-harpers-ferry-delaware-water-gap-open-2026",
        "source_route_id": "at-main-osm-2026-open",
        "mile_nobo_global_est": 1215,
        "mile_nobo_mvp3": 209,
        "mile_sobo_mvp3": 55,
        "state": "PA",
        "milepoint_type": "generated",
        "official": false,
        "confidence": "estimated_from_open_route_geometry_with_known_length_gap",
        "source_id": "osm",
        "source_url": "https://www.openstreetmap.org/relation/156553",
        "source_access_url": "https://hiking.waymarkedtrails.org/api/v1/details/relation/156553",
        "license_status": "open_license_share_alike",
        "source_license": "ODbL",
        "attribution": "OpenStreetMap contributors",
        "last_checked": "2026-05-13",
        "last_generated": "2026-05-14",
        "ai_answer_rule": "Generated mile based on Scout MVP3 Mid-Atlantic open route geometry, not an official ATC mile. Use for source-aware planning only."
      },
      "geometry": {
        "type": "Point",
        "coordinates": [
          -75.904789,
          40.67074
        ]
      }
    },
    {
      "type": "Feature",
      "properties": {
        "trail": "Appalachian Trail",
        "route_id": "at-mvp3-midatlantic-harpers-ferry-delaware-water-gap-open-2026",
        "source_route_id": "at-main-osm-2026-open",
        "mile_nobo_global_est": 1215.5,
        "mile_nobo_mvp3": 209.5,
        "mile_sobo_mvp3": 54.5,
        "state": "PA",
        "milepoint_type": "generated",
        "official": false,
        "confidence": "estimated_from_open_route_geometry_with_known_length_gap",
        "source_id": "osm",
        "source_url": "https://www.openstreetmap.org/relation/156553",
        "source_access_url": "https://hiking.waymarkedtrails.org/api/v1/details/relation/156553",
        "license_status": "open_license_share_alike",
        "source_license": "ODbL",
        "attribution": "OpenStreetMap contributors",
        "last_checked": "2026-05-13",
        "last_generated": "2026-05-14",
        "ai_answer_rule": "Generated mile based on Scout MVP3 Mid-Atlantic open route geometry, not an official ATC mile. Use for source-aware planning only."
      },
      "geometry": {
        "type": "Point",
        "coordinates": [
          -75.897985,
          40.675095
        ]
      }
    },
    {
      "type": "Feature",
      "properties": {
        "trail": "Appalachian Trail",
        "route_id": "at-mvp3-midatlantic-harpers-ferry-delaware-water-gap-open-2026",
        "source_route_id": "at-main-osm-2026-open",
        "mile_nobo_global_est": 1216,
        "mile_nobo_mvp3": 210,
        "mile_sobo_mvp3": 54,
        "state": "PA",
        "milepoint_type": "generated",
        "official": false,
        "confidence": "estimated_from_open_route_geometry_with_known_length_gap",
        "source_id": "osm",
        "source_url": "https://www.openstreetmap.org/relation/156553",
        "source_access_url": "https://hiking.waymarkedtrails.org/api/v1/details/relation/156553",
        "license_status": "open_license_share_alike",
        "source_license": "ODbL",
        "attribution": "OpenStreetMap contributors",
        "last_checked": "2026-05-13",
        "last_generated": "2026-05-14",
        "ai_answer_rule": "Generated mile based on Scout MVP3 Mid-Atlantic open route geometry, not an official ATC mile. Use for source-aware planning only."
      },
      "geometry": {
        "type": "Point",
        "coordinates": [
          -75.890015,
          40.677087
        ]
      }
    },
    {
      "type": "Feature",
      "properties": {
        "trail": "Appalachian Trail",
        "route_id": "at-mvp3-midatlantic-harpers-ferry-delaware-water-gap-open-2026",
        "source_route_id": "at-main-osm-2026-open",
        "mile_nobo_global_est": 1216.5,
        "mile_nobo_mvp3": 210.5,
        "mile_sobo_mvp3": 53.5,
        "state": "PA",
        "milepoint_type": "generated",
        "official": false,
        "confidence": "estimated_from_open_route_geometry_with_known_length_gap",
        "source_id": "osm",
        "source_url": "https://www.openstreetmap.org/relation/156553",
        "source_access_url": "https://hiking.waymarkedtrails.org/api/v1/details/relation/156553",
        "license_status": "open_license_share_alike",
        "source_license": "ODbL",
        "attribution": "OpenStreetMap contributors",
        "last_checked": "2026-05-13",
        "last_generated": "2026-05-14",
        "ai_answer_rule": "Generated mile based on Scout MVP3 Mid-Atlantic open route geometry, not an official ATC mile. Use for source-aware planning only."
      },
      "geometry": {
        "type": "Point",
        "coordinates": [
          -75.882398,
          40.680894
        ]
      }
    },
    {
      "type": "Feature",
      "properties": {
        "trail": "Appalachian Trail",
        "route_id": "at-mvp3-midatlantic-harpers-ferry-delaware-water-gap-open-2026",
        "source_route_id": "at-main-osm-2026-open",
        "mile_nobo_global_est": 1217,
        "mile_nobo_mvp3": 211,
        "mile_sobo_mvp3": 53,
        "state": "PA",
        "milepoint_type": "generated",
        "official": false,
        "confidence": "estimated_from_open_route_geometry_with_known_length_gap",
        "source_id": "osm",
        "source_url": "https://www.openstreetmap.org/relation/156553",
        "source_access_url": "https://hiking.waymarkedtrails.org/api/v1/details/relation/156553",
        "license_status": "open_license_share_alike",
        "source_license": "ODbL",
        "attribution": "OpenStreetMap contributors",
        "last_checked": "2026-05-13",
        "last_generated": "2026-05-14",
        "ai_answer_rule": "Generated mile based on Scout MVP3 Mid-Atlantic open route geometry, not an official ATC mile. Use for source-aware planning only."
      },
      "geometry": {
        "type": "Point",
        "coordinates": [
          -75.873975,
          40.683434
        ]
      }
    },
    {
      "type": "Feature",
      "properties": {
        "trail": "Appalachian Trail",
        "route_id": "at-mvp3-midatlantic-harpers-ferry-delaware-water-gap-open-2026",
        "source_route_id": "at-main-osm-2026-open",
        "mile_nobo_global_est": 1217.5,
        "mile_nobo_mvp3": 211.5,
        "mile_sobo_mvp3": 52.5,
        "state": "PA",
        "milepoint_type": "generated",
        "official": false,
        "confidence": "estimated_from_open_route_geometry_with_known_length_gap",
        "source_id": "osm",
        "source_url": "https://www.openstreetmap.org/relation/156553",
        "source_access_url": "https://hiking.waymarkedtrails.org/api/v1/details/relation/156553",
        "license_status": "open_license_share_alike",
        "source_license": "ODbL",
        "attribution": "OpenStreetMap contributors",
        "last_checked": "2026-05-13",
        "last_generated": "2026-05-14",
        "ai_answer_rule": "Generated mile based on Scout MVP3 Mid-Atlantic open route geometry, not an official ATC mile. Use for source-aware planning only."
      },
      "geometry": {
        "type": "Point",
        "coordinates": [
          -75.865397,
          40.684958
        ]
      }
    },
    {
      "type": "Feature",
      "properties": {
        "trail": "Appalachian Trail",
        "route_id": "at-mvp3-midatlantic-harpers-ferry-delaware-water-gap-open-2026",
        "source_route_id": "at-main-osm-2026-open",
        "mile_nobo_global_est": 1218,
        "mile_nobo_mvp3": 212,
        "mile_sobo_mvp3": 52,
        "state": "PA",
        "milepoint_type": "generated",
        "official": false,
        "confidence": "estimated_from_open_route_geometry_with_known_length_gap",
        "source_id": "osm",
        "source_url": "https://www.openstreetmap.org/relation/156553",
        "source_access_url": "https://hiking.waymarkedtrails.org/api/v1/details/relation/156553",
        "license_status": "open_license_share_alike",
        "source_license": "ODbL",
        "attribution": "OpenStreetMap contributors",
        "last_checked": "2026-05-13",
        "last_generated": "2026-05-14",
        "ai_answer_rule": "Generated mile based on Scout MVP3 Mid-Atlantic open route geometry, not an official ATC mile. Use for source-aware planning only."
      },
      "geometry": {
        "type": "Point",
        "coordinates": [
          -75.856838,
          40.687677
        ]
      }
    },
    {
      "type": "Feature",
      "properties": {
        "trail": "Appalachian Trail",
        "route_id": "at-mvp3-midatlantic-harpers-ferry-delaware-water-gap-open-2026",
        "source_route_id": "at-main-osm-2026-open",
        "mile_nobo_global_est": 1218.5,
        "mile_nobo_mvp3": 212.5,
        "mile_sobo_mvp3": 51.5,
        "state": "PA",
        "milepoint_type": "generated",
        "official": false,
        "confidence": "estimated_from_open_route_geometry_with_known_length_gap",
        "source_id": "osm",
        "source_url": "https://www.openstreetmap.org/relation/156553",
        "source_access_url": "https://hiking.waymarkedtrails.org/api/v1/details/relation/156553",
        "license_status": "open_license_share_alike",
        "source_license": "ODbL",
        "attribution": "OpenStreetMap contributors",
        "last_checked": "2026-05-13",
        "last_generated": "2026-05-14",
        "ai_answer_rule": "Generated mile based on Scout MVP3 Mid-Atlantic open route geometry, not an official ATC mile. Use for source-aware planning only."
      },
      "geometry": {
        "type": "Point",
        "coordinates": [
          -75.848599,
          40.690968
        ]
      }
    },
    {
      "type": "Feature",
      "properties": {
        "trail": "Appalachian Trail",
        "route_id": "at-mvp3-midatlantic-harpers-ferry-delaware-water-gap-open-2026",
        "source_route_id": "at-main-osm-2026-open",
        "mile_nobo_global_est": 1219,
        "mile_nobo_mvp3": 213,
        "mile_sobo_mvp3": 51,
        "state": "PA",
        "milepoint_type": "generated",
        "official": false,
        "confidence": "estimated_from_open_route_geometry_with_known_length_gap",
        "source_id": "osm",
        "source_url": "https://www.openstreetmap.org/relation/156553",
        "source_access_url": "https://hiking.waymarkedtrails.org/api/v1/details/relation/156553",
        "license_status": "open_license_share_alike",
        "source_license": "ODbL",
        "attribution": "OpenStreetMap contributors",
        "last_checked": "2026-05-13",
        "last_generated": "2026-05-14",
        "ai_answer_rule": "Generated mile based on Scout MVP3 Mid-Atlantic open route geometry, not an official ATC mile. Use for source-aware planning only."
      },
      "geometry": {
        "type": "Point",
        "coordinates": [
          -75.840665,
          40.694681
        ]
      }
    },
    {
      "type": "Feature",
      "properties": {
        "trail": "Appalachian Trail",
        "route_id": "at-mvp3-midatlantic-harpers-ferry-delaware-water-gap-open-2026",
        "source_route_id": "at-main-osm-2026-open",
        "mile_nobo_global_est": 1219.5,
        "mile_nobo_mvp3": 213.5,
        "mile_sobo_mvp3": 50.5,
        "state": "PA",
        "milepoint_type": "generated",
        "official": false,
        "confidence": "estimated_from_open_route_geometry_with_known_length_gap",
        "source_id": "osm",
        "source_url": "https://www.openstreetmap.org/relation/156553",
        "source_access_url": "https://hiking.waymarkedtrails.org/api/v1/details/relation/156553",
        "license_status": "open_license_share_alike",
        "source_license": "ODbL",
        "attribution": "OpenStreetMap contributors",
        "last_checked": "2026-05-13",
        "last_generated": "2026-05-14",
        "ai_answer_rule": "Generated mile based on Scout MVP3 Mid-Atlantic open route geometry, not an official ATC mile. Use for source-aware planning only."
      },
      "geometry": {
        "type": "Point",
        "coordinates": [
          -75.832448,
          40.697822
        ]
      }
    },
    {
      "type": "Feature",
      "properties": {
        "trail": "Appalachian Trail",
        "route_id": "at-mvp3-midatlantic-harpers-ferry-delaware-water-gap-open-2026",
        "source_route_id": "at-main-osm-2026-open",
        "mile_nobo_global_est": 1220,
        "mile_nobo_mvp3": 214,
        "mile_sobo_mvp3": 50,
        "state": "PA",
        "milepoint_type": "generated",
        "official": false,
        "confidence": "estimated_from_open_route_geometry_with_known_length_gap",
        "source_id": "osm",
        "source_url": "https://www.openstreetmap.org/relation/156553",
        "source_access_url": "https://hiking.waymarkedtrails.org/api/v1/details/relation/156553",
        "license_status": "open_license_share_alike",
        "source_license": "ODbL",
        "attribution": "OpenStreetMap contributors",
        "last_checked": "2026-05-13",
        "last_generated": "2026-05-14",
        "ai_answer_rule": "Generated mile based on Scout MVP3 Mid-Atlantic open route geometry, not an official ATC mile. Use for source-aware planning only."
      },
      "geometry": {
        "type": "Point",
        "coordinates": [
          -75.824835,
          40.701529
        ]
      }
    },
    {
      "type": "Feature",
      "properties": {
        "trail": "Appalachian Trail",
        "route_id": "at-mvp3-midatlantic-harpers-ferry-delaware-water-gap-open-2026",
        "source_route_id": "at-main-osm-2026-open",
        "mile_nobo_global_est": 1220.5,
        "mile_nobo_mvp3": 214.5,
        "mile_sobo_mvp3": 49.5,
        "state": "PA",
        "milepoint_type": "generated",
        "official": false,
        "confidence": "estimated_from_open_route_geometry_with_known_length_gap",
        "source_id": "osm",
        "source_url": "https://www.openstreetmap.org/relation/156553",
        "source_access_url": "https://hiking.waymarkedtrails.org/api/v1/details/relation/156553",
        "license_status": "open_license_share_alike",
        "source_license": "ODbL",
        "attribution": "OpenStreetMap contributors",
        "last_checked": "2026-05-13",
        "last_generated": "2026-05-14",
        "ai_answer_rule": "Generated mile based on Scout MVP3 Mid-Atlantic open route geometry, not an official ATC mile. Use for source-aware planning only."
      },
      "geometry": {
        "type": "Point",
        "coordinates": [
          -75.816211,
          40.703994
        ]
      }
    },
    {
      "type": "Feature",
      "properties": {
        "trail": "Appalachian Trail",
        "route_id": "at-mvp3-midatlantic-harpers-ferry-delaware-water-gap-open-2026",
        "source_route_id": "at-main-osm-2026-open",
        "mile_nobo_global_est": 1221,
        "mile_nobo_mvp3": 215,
        "mile_sobo_mvp3": 49,
        "state": "PA",
        "milepoint_type": "generated",
        "official": false,
        "confidence": "estimated_from_open_route_geometry_with_known_length_gap",
        "source_id": "osm",
        "source_url": "https://www.openstreetmap.org/relation/156553",
        "source_access_url": "https://hiking.waymarkedtrails.org/api/v1/details/relation/156553",
        "license_status": "open_license_share_alike",
        "source_license": "ODbL",
        "attribution": "OpenStreetMap contributors",
        "last_checked": "2026-05-13",
        "last_generated": "2026-05-14",
        "ai_answer_rule": "Generated mile based on Scout MVP3 Mid-Atlantic open route geometry, not an official ATC mile. Use for source-aware planning only."
      },
      "geometry": {
        "type": "Point",
        "coordinates": [
          -75.807798,
          40.706814
        ]
      }
    },
    {
      "type": "Feature",
      "properties": {
        "trail": "Appalachian Trail",
        "route_id": "at-mvp3-midatlantic-harpers-ferry-delaware-water-gap-open-2026",
        "source_route_id": "at-main-osm-2026-open",
        "mile_nobo_global_est": 1221.5,
        "mile_nobo_mvp3": 215.5,
        "mile_sobo_mvp3": 48.5,
        "state": "PA",
        "milepoint_type": "generated",
        "official": false,
        "confidence": "estimated_from_open_route_geometry_with_known_length_gap",
        "source_id": "osm",
        "source_url": "https://www.openstreetmap.org/relation/156553",
        "source_access_url": "https://hiking.waymarkedtrails.org/api/v1/details/relation/156553",
        "license_status": "open_license_share_alike",
        "source_license": "ODbL",
        "attribution": "OpenStreetMap contributors",
        "last_checked": "2026-05-13",
        "last_generated": "2026-05-14",
        "ai_answer_rule": "Generated mile based on Scout MVP3 Mid-Atlantic open route geometry, not an official ATC mile. Use for source-aware planning only."
      },
      "geometry": {
        "type": "Point",
        "coordinates": [
          -75.801471,
          40.711547
        ]
      }
    },
    {
      "type": "Feature",
      "properties": {
        "trail": "Appalachian Trail",
        "route_id": "at-mvp3-midatlantic-harpers-ferry-delaware-water-gap-open-2026",
        "source_route_id": "at-main-osm-2026-open",
        "mile_nobo_global_est": 1222,
        "mile_nobo_mvp3": 216,
        "mile_sobo_mvp3": 48,
        "state": "PA",
        "milepoint_type": "generated",
        "official": false,
        "confidence": "estimated_from_open_route_geometry_with_known_length_gap",
        "source_id": "osm",
        "source_url": "https://www.openstreetmap.org/relation/156553",
        "source_access_url": "https://hiking.waymarkedtrails.org/api/v1/details/relation/156553",
        "license_status": "open_license_share_alike",
        "source_license": "ODbL",
        "attribution": "OpenStreetMap contributors",
        "last_checked": "2026-05-13",
        "last_generated": "2026-05-14",
        "ai_answer_rule": "Generated mile based on Scout MVP3 Mid-Atlantic open route geometry, not an official ATC mile. Use for source-aware planning only."
      },
      "geometry": {
        "type": "Point",
        "coordinates": [
          -75.795155,
          40.71628
        ]
      }
    },
    {
      "type": "Feature",
      "properties": {
        "trail": "Appalachian Trail",
        "route_id": "at-mvp3-midatlantic-harpers-ferry-delaware-water-gap-open-2026",
        "source_route_id": "at-main-osm-2026-open",
        "mile_nobo_global_est": 1222.5,
        "mile_nobo_mvp3": 216.5,
        "mile_sobo_mvp3": 47.5,
        "state": "PA",
        "milepoint_type": "generated",
        "official": false,
        "confidence": "estimated_from_open_route_geometry_with_known_length_gap",
        "source_id": "osm",
        "source_url": "https://www.openstreetmap.org/relation/156553",
        "source_access_url": "https://hiking.waymarkedtrails.org/api/v1/details/relation/156553",
        "license_status": "open_license_share_alike",
        "source_license": "ODbL",
        "attribution": "OpenStreetMap contributors",
        "last_checked": "2026-05-13",
        "last_generated": "2026-05-14",
        "ai_answer_rule": "Generated mile based on Scout MVP3 Mid-Atlantic open route geometry, not an official ATC mile. Use for source-aware planning only."
      },
      "geometry": {
        "type": "Point",
        "coordinates": [
          -75.78712,
          40.719893
        ]
      }
    },
    {
      "type": "Feature",
      "properties": {
        "trail": "Appalachian Trail",
        "route_id": "at-mvp3-midatlantic-harpers-ferry-delaware-water-gap-open-2026",
        "source_route_id": "at-main-osm-2026-open",
        "mile_nobo_global_est": 1223,
        "mile_nobo_mvp3": 217,
        "mile_sobo_mvp3": 47,
        "state": "PA",
        "milepoint_type": "generated",
        "official": false,
        "confidence": "estimated_from_open_route_geometry_with_known_length_gap",
        "source_id": "osm",
        "source_url": "https://www.openstreetmap.org/relation/156553",
        "source_access_url": "https://hiking.waymarkedtrails.org/api/v1/details/relation/156553",
        "license_status": "open_license_share_alike",
        "source_license": "ODbL",
        "attribution": "OpenStreetMap contributors",
        "last_checked": "2026-05-13",
        "last_generated": "2026-05-14",
        "ai_answer_rule": "Generated mile based on Scout MVP3 Mid-Atlantic open route geometry, not an official ATC mile. Use for source-aware planning only."
      },
      "geometry": {
        "type": "Point",
        "coordinates": [
          -75.780465,
          40.724396
        ]
      }
    },
    {
      "type": "Feature",
      "properties": {
        "trail": "Appalachian Trail",
        "route_id": "at-mvp3-midatlantic-harpers-ferry-delaware-water-gap-open-2026",
        "source_route_id": "at-main-osm-2026-open",
        "mile_nobo_global_est": 1223.5,
        "mile_nobo_mvp3": 217.5,
        "mile_sobo_mvp3": 46.5,
        "state": "PA",
        "milepoint_type": "generated",
        "official": false,
        "confidence": "estimated_from_open_route_geometry_with_known_length_gap",
        "source_id": "osm",
        "source_url": "https://www.openstreetmap.org/relation/156553",
        "source_access_url": "https://hiking.waymarkedtrails.org/api/v1/details/relation/156553",
        "license_status": "open_license_share_alike",
        "source_license": "ODbL",
        "attribution": "OpenStreetMap contributors",
        "last_checked": "2026-05-13",
        "last_generated": "2026-05-14",
        "ai_answer_rule": "Generated mile based on Scout MVP3 Mid-Atlantic open route geometry, not an official ATC mile. Use for source-aware planning only."
      },
      "geometry": {
        "type": "Point",
        "coordinates": [
          -75.774353,
          40.729302
        ]
      }
    },
    {
      "type": "Feature",
      "properties": {
        "trail": "Appalachian Trail",
        "route_id": "at-mvp3-midatlantic-harpers-ferry-delaware-water-gap-open-2026",
        "source_route_id": "at-main-osm-2026-open",
        "mile_nobo_global_est": 1224,
        "mile_nobo_mvp3": 218,
        "mile_sobo_mvp3": 46,
        "state": "PA",
        "milepoint_type": "generated",
        "official": false,
        "confidence": "estimated_from_open_route_geometry_with_known_length_gap",
        "source_id": "osm",
        "source_url": "https://www.openstreetmap.org/relation/156553",
        "source_access_url": "https://hiking.waymarkedtrails.org/api/v1/details/relation/156553",
        "license_status": "open_license_share_alike",
        "source_license": "ODbL",
        "attribution": "OpenStreetMap contributors",
        "last_checked": "2026-05-13",
        "last_generated": "2026-05-14",
        "ai_answer_rule": "Generated mile based on Scout MVP3 Mid-Atlantic open route geometry, not an official ATC mile. Use for source-aware planning only."
      },
      "geometry": {
        "type": "Point",
        "coordinates": [
          -75.765399,
          40.731175
        ]
      }
    },
    {
      "type": "Feature",
      "properties": {
        "trail": "Appalachian Trail",
        "route_id": "at-mvp3-midatlantic-harpers-ferry-delaware-water-gap-open-2026",
        "source_route_id": "at-main-osm-2026-open",
        "mile_nobo_global_est": 1224.5,
        "mile_nobo_mvp3": 218.5,
        "mile_sobo_mvp3": 45.5,
        "state": "PA",
        "milepoint_type": "generated",
        "official": false,
        "confidence": "estimated_from_open_route_geometry_with_known_length_gap",
        "source_id": "osm",
        "source_url": "https://www.openstreetmap.org/relation/156553",
        "source_access_url": "https://hiking.waymarkedtrails.org/api/v1/details/relation/156553",
        "license_status": "open_license_share_alike",
        "source_license": "ODbL",
        "attribution": "OpenStreetMap contributors",
        "last_checked": "2026-05-13",
        "last_generated": "2026-05-14",
        "ai_answer_rule": "Generated mile based on Scout MVP3 Mid-Atlantic open route geometry, not an official ATC mile. Use for source-aware planning only."
      },
      "geometry": {
        "type": "Point",
        "coordinates": [
          -75.758109,
          40.735457
        ]
      }
    },
    {
      "type": "Feature",
      "properties": {
        "trail": "Appalachian Trail",
        "route_id": "at-mvp3-midatlantic-harpers-ferry-delaware-water-gap-open-2026",
        "source_route_id": "at-main-osm-2026-open",
        "mile_nobo_global_est": 1225,
        "mile_nobo_mvp3": 219,
        "mile_sobo_mvp3": 45,
        "state": "PA",
        "milepoint_type": "generated",
        "official": false,
        "confidence": "estimated_from_open_route_geometry_with_known_length_gap",
        "source_id": "osm",
        "source_url": "https://www.openstreetmap.org/relation/156553",
        "source_access_url": "https://hiking.waymarkedtrails.org/api/v1/details/relation/156553",
        "license_status": "open_license_share_alike",
        "source_license": "ODbL",
        "attribution": "OpenStreetMap contributors",
        "last_checked": "2026-05-13",
        "last_generated": "2026-05-14",
        "ai_answer_rule": "Generated mile based on Scout MVP3 Mid-Atlantic open route geometry, not an official ATC mile. Use for source-aware planning only."
      },
      "geometry": {
        "type": "Point",
        "coordinates": [
          -75.75009,
          40.73861
        ]
      }
    },
    {
      "type": "Feature",
      "properties": {
        "trail": "Appalachian Trail",
        "route_id": "at-mvp3-midatlantic-harpers-ferry-delaware-water-gap-open-2026",
        "source_route_id": "at-main-osm-2026-open",
        "mile_nobo_global_est": 1225.5,
        "mile_nobo_mvp3": 219.5,
        "mile_sobo_mvp3": 44.5,
        "state": "PA",
        "milepoint_type": "generated",
        "official": false,
        "confidence": "estimated_from_open_route_geometry_with_known_length_gap",
        "source_id": "osm",
        "source_url": "https://www.openstreetmap.org/relation/156553",
        "source_access_url": "https://hiking.waymarkedtrails.org/api/v1/details/relation/156553",
        "license_status": "open_license_share_alike",
        "source_license": "ODbL",
        "attribution": "OpenStreetMap contributors",
        "last_checked": "2026-05-13",
        "last_generated": "2026-05-14",
        "ai_answer_rule": "Generated mile based on Scout MVP3 Mid-Atlantic open route geometry, not an official ATC mile. Use for source-aware planning only."
      },
      "geometry": {
        "type": "Point",
        "coordinates": [
          -75.742319,
          40.742409
        ]
      }
    },
    {
      "type": "Feature",
      "properties": {
        "trail": "Appalachian Trail",
        "route_id": "at-mvp3-midatlantic-harpers-ferry-delaware-water-gap-open-2026",
        "source_route_id": "at-main-osm-2026-open",
        "mile_nobo_global_est": 1226,
        "mile_nobo_mvp3": 220,
        "mile_sobo_mvp3": 44,
        "state": "PA",
        "milepoint_type": "generated",
        "official": false,
        "confidence": "estimated_from_open_route_geometry_with_known_length_gap",
        "source_id": "osm",
        "source_url": "https://www.openstreetmap.org/relation/156553",
        "source_access_url": "https://hiking.waymarkedtrails.org/api/v1/details/relation/156553",
        "license_status": "open_license_share_alike",
        "source_license": "ODbL",
        "attribution": "OpenStreetMap contributors",
        "last_checked": "2026-05-13",
        "last_generated": "2026-05-14",
        "ai_answer_rule": "Generated mile based on Scout MVP3 Mid-Atlantic open route geometry, not an official ATC mile. Use for source-aware planning only."
      },
      "geometry": {
        "type": "Point",
        "coordinates": [
          -75.735976,
          40.747132
        ]
      }
    },
    {
      "type": "Feature",
      "properties": {
        "trail": "Appalachian Trail",
        "route_id": "at-mvp3-midatlantic-harpers-ferry-delaware-water-gap-open-2026",
        "source_route_id": "at-main-osm-2026-open",
        "mile_nobo_global_est": 1226.5,
        "mile_nobo_mvp3": 220.5,
        "mile_sobo_mvp3": 43.5,
        "state": "PA",
        "milepoint_type": "generated",
        "official": false,
        "confidence": "estimated_from_open_route_geometry_with_known_length_gap",
        "source_id": "osm",
        "source_url": "https://www.openstreetmap.org/relation/156553",
        "source_access_url": "https://hiking.waymarkedtrails.org/api/v1/details/relation/156553",
        "license_status": "open_license_share_alike",
        "source_license": "ODbL",
        "attribution": "OpenStreetMap contributors",
        "last_checked": "2026-05-13",
        "last_generated": "2026-05-14",
        "ai_answer_rule": "Generated mile based on Scout MVP3 Mid-Atlantic open route geometry, not an official ATC mile. Use for source-aware planning only."
      },
      "geometry": {
        "type": "Point",
        "coordinates": [
          -75.730378,
          40.752589
        ]
      }
    },
    {
      "type": "Feature",
      "properties": {
        "trail": "Appalachian Trail",
        "route_id": "at-mvp3-midatlantic-harpers-ferry-delaware-water-gap-open-2026",
        "source_route_id": "at-main-osm-2026-open",
        "mile_nobo_global_est": 1227,
        "mile_nobo_mvp3": 221,
        "mile_sobo_mvp3": 43,
        "state": "PA",
        "milepoint_type": "generated",
        "official": false,
        "confidence": "estimated_from_open_route_geometry_with_known_length_gap",
        "source_id": "osm",
        "source_url": "https://www.openstreetmap.org/relation/156553",
        "source_access_url": "https://hiking.waymarkedtrails.org/api/v1/details/relation/156553",
        "license_status": "open_license_share_alike",
        "source_license": "ODbL",
        "attribution": "OpenStreetMap contributors",
        "last_checked": "2026-05-13",
        "last_generated": "2026-05-14",
        "ai_answer_rule": "Generated mile based on Scout MVP3 Mid-Atlantic open route geometry, not an official ATC mile. Use for source-aware planning only."
      },
      "geometry": {
        "type": "Point",
        "coordinates": [
          -75.722531,
          40.756477
        ]
      }
    },
    {
      "type": "Feature",
      "properties": {
        "trail": "Appalachian Trail",
        "route_id": "at-mvp3-midatlantic-harpers-ferry-delaware-water-gap-open-2026",
        "source_route_id": "at-main-osm-2026-open",
        "mile_nobo_global_est": 1227.5,
        "mile_nobo_mvp3": 221.5,
        "mile_sobo_mvp3": 42.5,
        "state": "PA",
        "milepoint_type": "generated",
        "official": false,
        "confidence": "estimated_from_open_route_geometry_with_known_length_gap",
        "source_id": "osm",
        "source_url": "https://www.openstreetmap.org/relation/156553",
        "source_access_url": "https://hiking.waymarkedtrails.org/api/v1/details/relation/156553",
        "license_status": "open_license_share_alike",
        "source_license": "ODbL",
        "attribution": "OpenStreetMap contributors",
        "last_checked": "2026-05-13",
        "last_generated": "2026-05-14",
        "ai_answer_rule": "Generated mile based on Scout MVP3 Mid-Atlantic open route geometry, not an official ATC mile. Use for source-aware planning only."
      },
      "geometry": {
        "type": "Point",
        "coordinates": [
          -75.713715,
          40.758625
        ]
      }
    },
    {
      "type": "Feature",
      "properties": {
        "trail": "Appalachian Trail",
        "route_id": "at-mvp3-midatlantic-harpers-ferry-delaware-water-gap-open-2026",
        "source_route_id": "at-main-osm-2026-open",
        "mile_nobo_global_est": 1228,
        "mile_nobo_mvp3": 222,
        "mile_sobo_mvp3": 42,
        "state": "PA",
        "milepoint_type": "generated",
        "official": false,
        "confidence": "estimated_from_open_route_geometry_with_known_length_gap",
        "source_id": "osm",
        "source_url": "https://www.openstreetmap.org/relation/156553",
        "source_access_url": "https://hiking.waymarkedtrails.org/api/v1/details/relation/156553",
        "license_status": "open_license_share_alike",
        "source_license": "ODbL",
        "attribution": "OpenStreetMap contributors",
        "last_checked": "2026-05-13",
        "last_generated": "2026-05-14",
        "ai_answer_rule": "Generated mile based on Scout MVP3 Mid-Atlantic open route geometry, not an official ATC mile. Use for source-aware planning only."
      },
      "geometry": {
        "type": "Point",
        "coordinates": [
          -75.706954,
          40.763044
        ]
      }
    },
    {
      "type": "Feature",
      "properties": {
        "trail": "Appalachian Trail",
        "route_id": "at-mvp3-midatlantic-harpers-ferry-delaware-water-gap-open-2026",
        "source_route_id": "at-main-osm-2026-open",
        "mile_nobo_global_est": 1228.5,
        "mile_nobo_mvp3": 222.5,
        "mile_sobo_mvp3": 41.5,
        "state": "PA",
        "milepoint_type": "generated",
        "official": false,
        "confidence": "estimated_from_open_route_geometry_with_known_length_gap",
        "source_id": "osm",
        "source_url": "https://www.openstreetmap.org/relation/156553",
        "source_access_url": "https://hiking.waymarkedtrails.org/api/v1/details/relation/156553",
        "license_status": "open_license_share_alike",
        "source_license": "ODbL",
        "attribution": "OpenStreetMap contributors",
        "last_checked": "2026-05-13",
        "last_generated": "2026-05-14",
        "ai_answer_rule": "Generated mile based on Scout MVP3 Mid-Atlantic open route geometry, not an official ATC mile. Use for source-aware planning only."
      },
      "geometry": {
        "type": "Point",
        "coordinates": [
          -75.701067,
          40.766704
        ]
      }
    },
    {
      "type": "Feature",
      "properties": {
        "trail": "Appalachian Trail",
        "route_id": "at-mvp3-midatlantic-harpers-ferry-delaware-water-gap-open-2026",
        "source_route_id": "at-main-osm-2026-open",
        "mile_nobo_global_est": 1229,
        "mile_nobo_mvp3": 223,
        "mile_sobo_mvp3": 41,
        "state": "PA",
        "milepoint_type": "generated",
        "official": false,
        "confidence": "estimated_from_open_route_geometry_with_known_length_gap",
        "source_id": "osm",
        "source_url": "https://www.openstreetmap.org/relation/156553",
        "source_access_url": "https://hiking.waymarkedtrails.org/api/v1/details/relation/156553",
        "license_status": "open_license_share_alike",
        "source_license": "ODbL",
        "attribution": "OpenStreetMap contributors",
        "last_checked": "2026-05-13",
        "last_generated": "2026-05-14",
        "ai_answer_rule": "Generated mile based on Scout MVP3 Mid-Atlantic open route geometry, not an official ATC mile. Use for source-aware planning only."
      },
      "geometry": {
        "type": "Point",
        "coordinates": [
          -75.693934,
          40.769965
        ]
      }
    },
    {
      "type": "Feature",
      "properties": {
        "trail": "Appalachian Trail",
        "route_id": "at-mvp3-midatlantic-harpers-ferry-delaware-water-gap-open-2026",
        "source_route_id": "at-main-osm-2026-open",
        "mile_nobo_global_est": 1229.5,
        "mile_nobo_mvp3": 223.5,
        "mile_sobo_mvp3": 40.5,
        "state": "PA",
        "milepoint_type": "generated",
        "official": false,
        "confidence": "estimated_from_open_route_geometry_with_known_length_gap",
        "source_id": "osm",
        "source_url": "https://www.openstreetmap.org/relation/156553",
        "source_access_url": "https://hiking.waymarkedtrails.org/api/v1/details/relation/156553",
        "license_status": "open_license_share_alike",
        "source_license": "ODbL",
        "attribution": "OpenStreetMap contributors",
        "last_checked": "2026-05-13",
        "last_generated": "2026-05-14",
        "ai_answer_rule": "Generated mile based on Scout MVP3 Mid-Atlantic open route geometry, not an official ATC mile. Use for source-aware planning only."
      },
      "geometry": {
        "type": "Point",
        "coordinates": [
          -75.685425,
          40.772715
        ]
      }
    },
    {
      "type": "Feature",
      "properties": {
        "trail": "Appalachian Trail",
        "route_id": "at-mvp3-midatlantic-harpers-ferry-delaware-water-gap-open-2026",
        "source_route_id": "at-main-osm-2026-open",
        "mile_nobo_global_est": 1230,
        "mile_nobo_mvp3": 224,
        "mile_sobo_mvp3": 40,
        "state": "PA",
        "milepoint_type": "generated",
        "official": false,
        "confidence": "estimated_from_open_route_geometry_with_known_length_gap",
        "source_id": "osm",
        "source_url": "https://www.openstreetmap.org/relation/156553",
        "source_access_url": "https://hiking.waymarkedtrails.org/api/v1/details/relation/156553",
        "license_status": "open_license_share_alike",
        "source_license": "ODbL",
        "attribution": "OpenStreetMap contributors",
        "last_checked": "2026-05-13",
        "last_generated": "2026-05-14",
        "ai_answer_rule": "Generated mile based on Scout MVP3 Mid-Atlantic open route geometry, not an official ATC mile. Use for source-aware planning only."
      },
      "geometry": {
        "type": "Point",
        "coordinates": [
          -75.676572,
          40.775155
        ]
      }
    },
    {
      "type": "Feature",
      "properties": {
        "trail": "Appalachian Trail",
        "route_id": "at-mvp3-midatlantic-harpers-ferry-delaware-water-gap-open-2026",
        "source_route_id": "at-main-osm-2026-open",
        "mile_nobo_global_est": 1230.5,
        "mile_nobo_mvp3": 224.5,
        "mile_sobo_mvp3": 39.5,
        "state": "PA",
        "milepoint_type": "generated",
        "official": false,
        "confidence": "estimated_from_open_route_geometry_with_known_length_gap",
        "source_id": "osm",
        "source_url": "https://www.openstreetmap.org/relation/156553",
        "source_access_url": "https://hiking.waymarkedtrails.org/api/v1/details/relation/156553",
        "license_status": "open_license_share_alike",
        "source_license": "ODbL",
        "attribution": "OpenStreetMap contributors",
        "last_checked": "2026-05-13",
        "last_generated": "2026-05-14",
        "ai_answer_rule": "Generated mile based on Scout MVP3 Mid-Atlantic open route geometry, not an official ATC mile. Use for source-aware planning only."
      },
      "geometry": {
        "type": "Point",
        "coordinates": [
          -75.668203,
          40.777411
        ]
      }
    },
    {
      "type": "Feature",
      "properties": {
        "trail": "Appalachian Trail",
        "route_id": "at-mvp3-midatlantic-harpers-ferry-delaware-water-gap-open-2026",
        "source_route_id": "at-main-osm-2026-open",
        "mile_nobo_global_est": 1231,
        "mile_nobo_mvp3": 225,
        "mile_sobo_mvp3": 39,
        "state": "PA",
        "milepoint_type": "generated",
        "official": false,
        "confidence": "estimated_from_open_route_geometry_with_known_length_gap",
        "source_id": "osm",
        "source_url": "https://www.openstreetmap.org/relation/156553",
        "source_access_url": "https://hiking.waymarkedtrails.org/api/v1/details/relation/156553",
        "license_status": "open_license_share_alike",
        "source_license": "ODbL",
        "attribution": "OpenStreetMap contributors",
        "last_checked": "2026-05-13",
        "last_generated": "2026-05-14",
        "ai_answer_rule": "Generated mile based on Scout MVP3 Mid-Atlantic open route geometry, not an official ATC mile. Use for source-aware planning only."
      },
      "geometry": {
        "type": "Point",
        "coordinates": [
          -75.659106,
          40.778187
        ]
      }
    },
    {
      "type": "Feature",
      "properties": {
        "trail": "Appalachian Trail",
        "route_id": "at-mvp3-midatlantic-harpers-ferry-delaware-water-gap-open-2026",
        "source_route_id": "at-main-osm-2026-open",
        "mile_nobo_global_est": 1231.5,
        "mile_nobo_mvp3": 225.5,
        "mile_sobo_mvp3": 38.5,
        "state": "PA",
        "milepoint_type": "generated",
        "official": false,
        "confidence": "estimated_from_open_route_geometry_with_known_length_gap",
        "source_id": "osm",
        "source_url": "https://www.openstreetmap.org/relation/156553",
        "source_access_url": "https://hiking.waymarkedtrails.org/api/v1/details/relation/156553",
        "license_status": "open_license_share_alike",
        "source_license": "ODbL",
        "attribution": "OpenStreetMap contributors",
        "last_checked": "2026-05-13",
        "last_generated": "2026-05-14",
        "ai_answer_rule": "Generated mile based on Scout MVP3 Mid-Atlantic open route geometry, not an official ATC mile. Use for source-aware planning only."
      },
      "geometry": {
        "type": "Point",
        "coordinates": [
          -75.649937,
          40.779927
        ]
      }
    },
    {
      "type": "Feature",
      "properties": {
        "trail": "Appalachian Trail",
        "route_id": "at-mvp3-midatlantic-harpers-ferry-delaware-water-gap-open-2026",
        "source_route_id": "at-main-osm-2026-open",
        "mile_nobo_global_est": 1232,
        "mile_nobo_mvp3": 226,
        "mile_sobo_mvp3": 38,
        "state": "PA",
        "milepoint_type": "generated",
        "official": false,
        "confidence": "estimated_from_open_route_geometry_with_known_length_gap",
        "source_id": "osm",
        "source_url": "https://www.openstreetmap.org/relation/156553",
        "source_access_url": "https://hiking.waymarkedtrails.org/api/v1/details/relation/156553",
        "license_status": "open_license_share_alike",
        "source_license": "ODbL",
        "attribution": "OpenStreetMap contributors",
        "last_checked": "2026-05-13",
        "last_generated": "2026-05-14",
        "ai_answer_rule": "Generated mile based on Scout MVP3 Mid-Atlantic open route geometry, not an official ATC mile. Use for source-aware planning only."
      },
      "geometry": {
        "type": "Point",
        "coordinates": [
          -75.643376,
          40.781744
        ]
      }
    },
    {
      "type": "Feature",
      "properties": {
        "trail": "Appalachian Trail",
        "route_id": "at-mvp3-midatlantic-harpers-ferry-delaware-water-gap-open-2026",
        "source_route_id": "at-main-osm-2026-open",
        "mile_nobo_global_est": 1232.5,
        "mile_nobo_mvp3": 226.5,
        "mile_sobo_mvp3": 37.5,
        "state": "PA",
        "milepoint_type": "generated",
        "official": false,
        "confidence": "estimated_from_open_route_geometry_with_known_length_gap",
        "source_id": "osm",
        "source_url": "https://www.openstreetmap.org/relation/156553",
        "source_access_url": "https://hiking.waymarkedtrails.org/api/v1/details/relation/156553",
        "license_status": "open_license_share_alike",
        "source_license": "ODbL",
        "attribution": "OpenStreetMap contributors",
        "last_checked": "2026-05-13",
        "last_generated": "2026-05-14",
        "ai_answer_rule": "Generated mile based on Scout MVP3 Mid-Atlantic open route geometry, not an official ATC mile. Use for source-aware planning only."
      },
      "geometry": {
        "type": "Point",
        "coordinates": [
          -75.634015,
          40.781905
        ]
      }
    },
    {
      "type": "Feature",
      "properties": {
        "trail": "Appalachian Trail",
        "route_id": "at-mvp3-midatlantic-harpers-ferry-delaware-water-gap-open-2026",
        "source_route_id": "at-main-osm-2026-open",
        "mile_nobo_global_est": 1233,
        "mile_nobo_mvp3": 227,
        "mile_sobo_mvp3": 37,
        "state": "PA",
        "milepoint_type": "generated",
        "official": false,
        "confidence": "estimated_from_open_route_geometry_with_known_length_gap",
        "source_id": "osm",
        "source_url": "https://www.openstreetmap.org/relation/156553",
        "source_access_url": "https://hiking.waymarkedtrails.org/api/v1/details/relation/156553",
        "license_status": "open_license_share_alike",
        "source_license": "ODbL",
        "attribution": "OpenStreetMap contributors",
        "last_checked": "2026-05-13",
        "last_generated": "2026-05-14",
        "ai_answer_rule": "Generated mile based on Scout MVP3 Mid-Atlantic open route geometry, not an official ATC mile. Use for source-aware planning only."
      },
      "geometry": {
        "type": "Point",
        "coordinates": [
          -75.626601,
          40.783768
        ]
      }
    },
    {
      "type": "Feature",
      "properties": {
        "trail": "Appalachian Trail",
        "route_id": "at-mvp3-midatlantic-harpers-ferry-delaware-water-gap-open-2026",
        "source_route_id": "at-main-osm-2026-open",
        "mile_nobo_global_est": 1233.5,
        "mile_nobo_mvp3": 227.5,
        "mile_sobo_mvp3": 36.5,
        "state": "PA",
        "milepoint_type": "generated",
        "official": false,
        "confidence": "estimated_from_open_route_geometry_with_known_length_gap",
        "source_id": "osm",
        "source_url": "https://www.openstreetmap.org/relation/156553",
        "source_access_url": "https://hiking.waymarkedtrails.org/api/v1/details/relation/156553",
        "license_status": "open_license_share_alike",
        "source_license": "ODbL",
        "attribution": "OpenStreetMap contributors",
        "last_checked": "2026-05-13",
        "last_generated": "2026-05-14",
        "ai_answer_rule": "Generated mile based on Scout MVP3 Mid-Atlantic open route geometry, not an official ATC mile. Use for source-aware planning only."
      },
      "geometry": {
        "type": "Point",
        "coordinates": [
          -75.617713,
          40.785735
        ]
      }
    },
    {
      "type": "Feature",
      "properties": {
        "trail": "Appalachian Trail",
        "route_id": "at-mvp3-midatlantic-harpers-ferry-delaware-water-gap-open-2026",
        "source_route_id": "at-main-osm-2026-open",
        "mile_nobo_global_est": 1234,
        "mile_nobo_mvp3": 228,
        "mile_sobo_mvp3": 36,
        "state": "PA",
        "milepoint_type": "generated",
        "official": false,
        "confidence": "estimated_from_open_route_geometry_with_known_length_gap",
        "source_id": "osm",
        "source_url": "https://www.openstreetmap.org/relation/156553",
        "source_access_url": "https://hiking.waymarkedtrails.org/api/v1/details/relation/156553",
        "license_status": "open_license_share_alike",
        "source_license": "ODbL",
        "attribution": "OpenStreetMap contributors",
        "last_checked": "2026-05-13",
        "last_generated": "2026-05-14",
        "ai_answer_rule": "Generated mile based on Scout MVP3 Mid-Atlantic open route geometry, not an official ATC mile. Use for source-aware planning only."
      },
      "geometry": {
        "type": "Point",
        "coordinates": [
          -75.617182,
          40.782761
        ]
      }
    },
    {
      "type": "Feature",
      "properties": {
        "trail": "Appalachian Trail",
        "route_id": "at-mvp3-midatlantic-harpers-ferry-delaware-water-gap-open-2026",
        "source_route_id": "at-main-osm-2026-open",
        "mile_nobo_global_est": 1234.5,
        "mile_nobo_mvp3": 228.5,
        "mile_sobo_mvp3": 35.5,
        "state": "PA",
        "milepoint_type": "generated",
        "official": false,
        "confidence": "estimated_from_open_route_geometry_with_known_length_gap",
        "source_id": "osm",
        "source_url": "https://www.openstreetmap.org/relation/156553",
        "source_access_url": "https://hiking.waymarkedtrails.org/api/v1/details/relation/156553",
        "license_status": "open_license_share_alike",
        "source_license": "ODbL",
        "attribution": "OpenStreetMap contributors",
        "last_checked": "2026-05-13",
        "last_generated": "2026-05-14",
        "ai_answer_rule": "Generated mile based on Scout MVP3 Mid-Atlantic open route geometry, not an official ATC mile. Use for source-aware planning only."
      },
      "geometry": {
        "type": "Point",
        "coordinates": [
          -75.609038,
          40.781034
        ]
      }
    },
    {
      "type": "Feature",
      "properties": {
        "trail": "Appalachian Trail",
        "route_id": "at-mvp3-midatlantic-harpers-ferry-delaware-water-gap-open-2026",
        "source_route_id": "at-main-osm-2026-open",
        "mile_nobo_global_est": 1235,
        "mile_nobo_mvp3": 229,
        "mile_sobo_mvp3": 35,
        "state": "PA",
        "milepoint_type": "generated",
        "official": false,
        "confidence": "estimated_from_open_route_geometry_with_known_length_gap",
        "source_id": "osm",
        "source_url": "https://www.openstreetmap.org/relation/156553",
        "source_access_url": "https://hiking.waymarkedtrails.org/api/v1/details/relation/156553",
        "license_status": "open_license_share_alike",
        "source_license": "ODbL",
        "attribution": "OpenStreetMap contributors",
        "last_checked": "2026-05-13",
        "last_generated": "2026-05-14",
        "ai_answer_rule": "Generated mile based on Scout MVP3 Mid-Atlantic open route geometry, not an official ATC mile. Use for source-aware planning only."
      },
      "geometry": {
        "type": "Point",
        "coordinates": [
          -75.60445,
          40.782842
        ]
      }
    },
    {
      "type": "Feature",
      "properties": {
        "trail": "Appalachian Trail",
        "route_id": "at-mvp3-midatlantic-harpers-ferry-delaware-water-gap-open-2026",
        "source_route_id": "at-main-osm-2026-open",
        "mile_nobo_global_est": 1235.5,
        "mile_nobo_mvp3": 229.5,
        "mile_sobo_mvp3": 34.5,
        "state": "PA",
        "milepoint_type": "generated",
        "official": false,
        "confidence": "estimated_from_open_route_geometry_with_known_length_gap",
        "source_id": "osm",
        "source_url": "https://www.openstreetmap.org/relation/156553",
        "source_access_url": "https://hiking.waymarkedtrails.org/api/v1/details/relation/156553",
        "license_status": "open_license_share_alike",
        "source_license": "ODbL",
        "attribution": "OpenStreetMap contributors",
        "last_checked": "2026-05-13",
        "last_generated": "2026-05-14",
        "ai_answer_rule": "Generated mile based on Scout MVP3 Mid-Atlantic open route geometry, not an official ATC mile. Use for source-aware planning only."
      },
      "geometry": {
        "type": "Point",
        "coordinates": [
          -75.604008,
          40.786982
        ]
      }
    },
    {
      "type": "Feature",
      "properties": {
        "trail": "Appalachian Trail",
        "route_id": "at-mvp3-midatlantic-harpers-ferry-delaware-water-gap-open-2026",
        "source_route_id": "at-main-osm-2026-open",
        "mile_nobo_global_est": 1236,
        "mile_nobo_mvp3": 230,
        "mile_sobo_mvp3": 34,
        "state": "PA",
        "milepoint_type": "generated",
        "official": false,
        "confidence": "estimated_from_open_route_geometry_with_known_length_gap",
        "source_id": "osm",
        "source_url": "https://www.openstreetmap.org/relation/156553",
        "source_access_url": "https://hiking.waymarkedtrails.org/api/v1/details/relation/156553",
        "license_status": "open_license_share_alike",
        "source_license": "ODbL",
        "attribution": "OpenStreetMap contributors",
        "last_checked": "2026-05-13",
        "last_generated": "2026-05-14",
        "ai_answer_rule": "Generated mile based on Scout MVP3 Mid-Atlantic open route geometry, not an official ATC mile. Use for source-aware planning only."
      },
      "geometry": {
        "type": "Point",
        "coordinates": [
          -75.598593,
          40.789895
        ]
      }
    },
    {
      "type": "Feature",
      "properties": {
        "trail": "Appalachian Trail",
        "route_id": "at-mvp3-midatlantic-harpers-ferry-delaware-water-gap-open-2026",
        "source_route_id": "at-main-osm-2026-open",
        "mile_nobo_global_est": 1236.5,
        "mile_nobo_mvp3": 230.5,
        "mile_sobo_mvp3": 33.5,
        "state": "PA",
        "milepoint_type": "generated",
        "official": false,
        "confidence": "estimated_from_open_route_geometry_with_known_length_gap",
        "source_id": "osm",
        "source_url": "https://www.openstreetmap.org/relation/156553",
        "source_access_url": "https://hiking.waymarkedtrails.org/api/v1/details/relation/156553",
        "license_status": "open_license_share_alike",
        "source_license": "ODbL",
        "attribution": "OpenStreetMap contributors",
        "last_checked": "2026-05-13",
        "last_generated": "2026-05-14",
        "ai_answer_rule": "Generated mile based on Scout MVP3 Mid-Atlantic open route geometry, not an official ATC mile. Use for source-aware planning only."
      },
      "geometry": {
        "type": "Point",
        "coordinates": [
          -75.590311,
          40.792822
        ]
      }
    },
    {
      "type": "Feature",
      "properties": {
        "trail": "Appalachian Trail",
        "route_id": "at-mvp3-midatlantic-harpers-ferry-delaware-water-gap-open-2026",
        "source_route_id": "at-main-osm-2026-open",
        "mile_nobo_global_est": 1237,
        "mile_nobo_mvp3": 231,
        "mile_sobo_mvp3": 33,
        "state": "PA",
        "milepoint_type": "generated",
        "official": false,
        "confidence": "estimated_from_open_route_geometry_with_known_length_gap",
        "source_id": "osm",
        "source_url": "https://www.openstreetmap.org/relation/156553",
        "source_access_url": "https://hiking.waymarkedtrails.org/api/v1/details/relation/156553",
        "license_status": "open_license_share_alike",
        "source_license": "ODbL",
        "attribution": "OpenStreetMap contributors",
        "last_checked": "2026-05-13",
        "last_generated": "2026-05-14",
        "ai_answer_rule": "Generated mile based on Scout MVP3 Mid-Atlantic open route geometry, not an official ATC mile. Use for source-aware planning only."
      },
      "geometry": {
        "type": "Point",
        "coordinates": [
          -75.584628,
          40.797061
        ]
      }
    },
    {
      "type": "Feature",
      "properties": {
        "trail": "Appalachian Trail",
        "route_id": "at-mvp3-midatlantic-harpers-ferry-delaware-water-gap-open-2026",
        "source_route_id": "at-main-osm-2026-open",
        "mile_nobo_global_est": 1237.5,
        "mile_nobo_mvp3": 231.5,
        "mile_sobo_mvp3": 32.5,
        "state": "PA",
        "milepoint_type": "generated",
        "official": false,
        "confidence": "estimated_from_open_route_geometry_with_known_length_gap",
        "source_id": "osm",
        "source_url": "https://www.openstreetmap.org/relation/156553",
        "source_access_url": "https://hiking.waymarkedtrails.org/api/v1/details/relation/156553",
        "license_status": "open_license_share_alike",
        "source_license": "ODbL",
        "attribution": "OpenStreetMap contributors",
        "last_checked": "2026-05-13",
        "last_generated": "2026-05-14",
        "ai_answer_rule": "Generated mile based on Scout MVP3 Mid-Atlantic open route geometry, not an official ATC mile. Use for source-aware planning only."
      },
      "geometry": {
        "type": "Point",
        "coordinates": [
          -75.576417,
          40.800099
        ]
      }
    },
    {
      "type": "Feature",
      "properties": {
        "trail": "Appalachian Trail",
        "route_id": "at-mvp3-midatlantic-harpers-ferry-delaware-water-gap-open-2026",
        "source_route_id": "at-main-osm-2026-open",
        "mile_nobo_global_est": 1238,
        "mile_nobo_mvp3": 232,
        "mile_sobo_mvp3": 32,
        "state": "PA",
        "milepoint_type": "generated",
        "official": false,
        "confidence": "estimated_from_open_route_geometry_with_known_length_gap",
        "source_id": "osm",
        "source_url": "https://www.openstreetmap.org/relation/156553",
        "source_access_url": "https://hiking.waymarkedtrails.org/api/v1/details/relation/156553",
        "license_status": "open_license_share_alike",
        "source_license": "ODbL",
        "attribution": "OpenStreetMap contributors",
        "last_checked": "2026-05-13",
        "last_generated": "2026-05-14",
        "ai_answer_rule": "Generated mile based on Scout MVP3 Mid-Atlantic open route geometry, not an official ATC mile. Use for source-aware planning only."
      },
      "geometry": {
        "type": "Point",
        "coordinates": [
          -75.568119,
          40.802269
        ]
      }
    },
    {
      "type": "Feature",
      "properties": {
        "trail": "Appalachian Trail",
        "route_id": "at-mvp3-midatlantic-harpers-ferry-delaware-water-gap-open-2026",
        "source_route_id": "at-main-osm-2026-open",
        "mile_nobo_global_est": 1238.5,
        "mile_nobo_mvp3": 232.5,
        "mile_sobo_mvp3": 31.5,
        "state": "PA",
        "milepoint_type": "generated",
        "official": false,
        "confidence": "estimated_from_open_route_geometry_with_known_length_gap",
        "source_id": "osm",
        "source_url": "https://www.openstreetmap.org/relation/156553",
        "source_access_url": "https://hiking.waymarkedtrails.org/api/v1/details/relation/156553",
        "license_status": "open_license_share_alike",
        "source_license": "ODbL",
        "attribution": "OpenStreetMap contributors",
        "last_checked": "2026-05-13",
        "last_generated": "2026-05-14",
        "ai_answer_rule": "Generated mile based on Scout MVP3 Mid-Atlantic open route geometry, not an official ATC mile. Use for source-aware planning only."
      },
      "geometry": {
        "type": "Point",
        "coordinates": [
          -75.559519,
          40.804551
        ]
      }
    },
    {
      "type": "Feature",
      "properties": {
        "trail": "Appalachian Trail",
        "route_id": "at-mvp3-midatlantic-harpers-ferry-delaware-water-gap-open-2026",
        "source_route_id": "at-main-osm-2026-open",
        "mile_nobo_global_est": 1239,
        "mile_nobo_mvp3": 233,
        "mile_sobo_mvp3": 31,
        "state": "PA",
        "milepoint_type": "generated",
        "official": false,
        "confidence": "estimated_from_open_route_geometry_with_known_length_gap",
        "source_id": "osm",
        "source_url": "https://www.openstreetmap.org/relation/156553",
        "source_access_url": "https://hiking.waymarkedtrails.org/api/v1/details/relation/156553",
        "license_status": "open_license_share_alike",
        "source_license": "ODbL",
        "attribution": "OpenStreetMap contributors",
        "last_checked": "2026-05-13",
        "last_generated": "2026-05-14",
        "ai_answer_rule": "Generated mile based on Scout MVP3 Mid-Atlantic open route geometry, not an official ATC mile. Use for source-aware planning only."
      },
      "geometry": {
        "type": "Point",
        "coordinates": [
          -75.551592,
          40.80536
        ]
      }
    },
    {
      "type": "Feature",
      "properties": {
        "trail": "Appalachian Trail",
        "route_id": "at-mvp3-midatlantic-harpers-ferry-delaware-water-gap-open-2026",
        "source_route_id": "at-main-osm-2026-open",
        "mile_nobo_global_est": 1239.5,
        "mile_nobo_mvp3": 233.5,
        "mile_sobo_mvp3": 30.5,
        "state": "PA",
        "milepoint_type": "generated",
        "official": false,
        "confidence": "estimated_from_open_route_geometry_with_known_length_gap",
        "source_id": "osm",
        "source_url": "https://www.openstreetmap.org/relation/156553",
        "source_access_url": "https://hiking.waymarkedtrails.org/api/v1/details/relation/156553",
        "license_status": "open_license_share_alike",
        "source_license": "ODbL",
        "attribution": "OpenStreetMap contributors",
        "last_checked": "2026-05-13",
        "last_generated": "2026-05-14",
        "ai_answer_rule": "Generated mile based on Scout MVP3 Mid-Atlantic open route geometry, not an official ATC mile. Use for source-aware planning only."
      },
      "geometry": {
        "type": "Point",
        "coordinates": [
          -75.542808,
          40.805803
        ]
      }
    },
    {
      "type": "Feature",
      "properties": {
        "trail": "Appalachian Trail",
        "route_id": "at-mvp3-midatlantic-harpers-ferry-delaware-water-gap-open-2026",
        "source_route_id": "at-main-osm-2026-open",
        "mile_nobo_global_est": 1240,
        "mile_nobo_mvp3": 234,
        "mile_sobo_mvp3": 30,
        "state": "PA",
        "milepoint_type": "generated",
        "official": false,
        "confidence": "estimated_from_open_route_geometry_with_known_length_gap",
        "source_id": "osm",
        "source_url": "https://www.openstreetmap.org/relation/156553",
        "source_access_url": "https://hiking.waymarkedtrails.org/api/v1/details/relation/156553",
        "license_status": "open_license_share_alike",
        "source_license": "ODbL",
        "attribution": "OpenStreetMap contributors",
        "last_checked": "2026-05-13",
        "last_generated": "2026-05-14",
        "ai_answer_rule": "Generated mile based on Scout MVP3 Mid-Atlantic open route geometry, not an official ATC mile. Use for source-aware planning only."
      },
      "geometry": {
        "type": "Point",
        "coordinates": [
          -75.53826,
          40.807556
        ]
      }
    },
    {
      "type": "Feature",
      "properties": {
        "trail": "Appalachian Trail",
        "route_id": "at-mvp3-midatlantic-harpers-ferry-delaware-water-gap-open-2026",
        "source_route_id": "at-main-osm-2026-open",
        "mile_nobo_global_est": 1240.5,
        "mile_nobo_mvp3": 234.5,
        "mile_sobo_mvp3": 29.5,
        "state": "PA",
        "milepoint_type": "generated",
        "official": false,
        "confidence": "estimated_from_open_route_geometry_with_known_length_gap",
        "source_id": "osm",
        "source_url": "https://www.openstreetmap.org/relation/156553",
        "source_access_url": "https://hiking.waymarkedtrails.org/api/v1/details/relation/156553",
        "license_status": "open_license_share_alike",
        "source_license": "ODbL",
        "attribution": "OpenStreetMap contributors",
        "last_checked": "2026-05-13",
        "last_generated": "2026-05-14",
        "ai_answer_rule": "Generated mile based on Scout MVP3 Mid-Atlantic open route geometry, not an official ATC mile. Use for source-aware planning only."
      },
      "geometry": {
        "type": "Point",
        "coordinates": [
          -75.529886,
          40.80646
        ]
      }
    },
    {
      "type": "Feature",
      "properties": {
        "trail": "Appalachian Trail",
        "route_id": "at-mvp3-midatlantic-harpers-ferry-delaware-water-gap-open-2026",
        "source_route_id": "at-main-osm-2026-open",
        "mile_nobo_global_est": 1241,
        "mile_nobo_mvp3": 235,
        "mile_sobo_mvp3": 29,
        "state": "PA",
        "milepoint_type": "generated",
        "official": false,
        "confidence": "estimated_from_open_route_geometry_with_known_length_gap",
        "source_id": "osm",
        "source_url": "https://www.openstreetmap.org/relation/156553",
        "source_access_url": "https://hiking.waymarkedtrails.org/api/v1/details/relation/156553",
        "license_status": "open_license_share_alike",
        "source_license": "ODbL",
        "attribution": "OpenStreetMap contributors",
        "last_checked": "2026-05-13",
        "last_generated": "2026-05-14",
        "ai_answer_rule": "Generated mile based on Scout MVP3 Mid-Atlantic open route geometry, not an official ATC mile. Use for source-aware planning only."
      },
      "geometry": {
        "type": "Point",
        "coordinates": [
          -75.521623,
          40.807765
        ]
      }
    },
    {
      "type": "Feature",
      "properties": {
        "trail": "Appalachian Trail",
        "route_id": "at-mvp3-midatlantic-harpers-ferry-delaware-water-gap-open-2026",
        "source_route_id": "at-main-osm-2026-open",
        "mile_nobo_global_est": 1241.5,
        "mile_nobo_mvp3": 235.5,
        "mile_sobo_mvp3": 28.5,
        "state": "PA",
        "milepoint_type": "generated",
        "official": false,
        "confidence": "estimated_from_open_route_geometry_with_known_length_gap",
        "source_id": "osm",
        "source_url": "https://www.openstreetmap.org/relation/156553",
        "source_access_url": "https://hiking.waymarkedtrails.org/api/v1/details/relation/156553",
        "license_status": "open_license_share_alike",
        "source_license": "ODbL",
        "attribution": "OpenStreetMap contributors",
        "last_checked": "2026-05-13",
        "last_generated": "2026-05-14",
        "ai_answer_rule": "Generated mile based on Scout MVP3 Mid-Atlantic open route geometry, not an official ATC mile. Use for source-aware planning only."
      },
      "geometry": {
        "type": "Point",
        "coordinates": [
          -75.512389,
          40.808785
        ]
      }
    },
    {
      "type": "Feature",
      "properties": {
        "trail": "Appalachian Trail",
        "route_id": "at-mvp3-midatlantic-harpers-ferry-delaware-water-gap-open-2026",
        "source_route_id": "at-main-osm-2026-open",
        "mile_nobo_global_est": 1242,
        "mile_nobo_mvp3": 236,
        "mile_sobo_mvp3": 28,
        "state": "PA",
        "milepoint_type": "generated",
        "official": false,
        "confidence": "estimated_from_open_route_geometry_with_known_length_gap",
        "source_id": "osm",
        "source_url": "https://www.openstreetmap.org/relation/156553",
        "source_access_url": "https://hiking.waymarkedtrails.org/api/v1/details/relation/156553",
        "license_status": "open_license_share_alike",
        "source_license": "ODbL",
        "attribution": "OpenStreetMap contributors",
        "last_checked": "2026-05-13",
        "last_generated": "2026-05-14",
        "ai_answer_rule": "Generated mile based on Scout MVP3 Mid-Atlantic open route geometry, not an official ATC mile. Use for source-aware planning only."
      },
      "geometry": {
        "type": "Point",
        "coordinates": [
          -75.503666,
          40.808977
        ]
      }
    },
    {
      "type": "Feature",
      "properties": {
        "trail": "Appalachian Trail",
        "route_id": "at-mvp3-midatlantic-harpers-ferry-delaware-water-gap-open-2026",
        "source_route_id": "at-main-osm-2026-open",
        "mile_nobo_global_est": 1242.5,
        "mile_nobo_mvp3": 236.5,
        "mile_sobo_mvp3": 27.5,
        "state": "PA",
        "milepoint_type": "generated",
        "official": false,
        "confidence": "estimated_from_open_route_geometry_with_known_length_gap",
        "source_id": "osm",
        "source_url": "https://www.openstreetmap.org/relation/156553",
        "source_access_url": "https://hiking.waymarkedtrails.org/api/v1/details/relation/156553",
        "license_status": "open_license_share_alike",
        "source_license": "ODbL",
        "attribution": "OpenStreetMap contributors",
        "last_checked": "2026-05-13",
        "last_generated": "2026-05-14",
        "ai_answer_rule": "Generated mile based on Scout MVP3 Mid-Atlantic open route geometry, not an official ATC mile. Use for source-aware planning only."
      },
      "geometry": {
        "type": "Point",
        "coordinates": [
          -75.495043,
          40.810523
        ]
      }
    },
    {
      "type": "Feature",
      "properties": {
        "trail": "Appalachian Trail",
        "route_id": "at-mvp3-midatlantic-harpers-ferry-delaware-water-gap-open-2026",
        "source_route_id": "at-main-osm-2026-open",
        "mile_nobo_global_est": 1243,
        "mile_nobo_mvp3": 237,
        "mile_sobo_mvp3": 27,
        "state": "PA",
        "milepoint_type": "generated",
        "official": false,
        "confidence": "estimated_from_open_route_geometry_with_known_length_gap",
        "source_id": "osm",
        "source_url": "https://www.openstreetmap.org/relation/156553",
        "source_access_url": "https://hiking.waymarkedtrails.org/api/v1/details/relation/156553",
        "license_status": "open_license_share_alike",
        "source_license": "ODbL",
        "attribution": "OpenStreetMap contributors",
        "last_checked": "2026-05-13",
        "last_generated": "2026-05-14",
        "ai_answer_rule": "Generated mile based on Scout MVP3 Mid-Atlantic open route geometry, not an official ATC mile. Use for source-aware planning only."
      },
      "geometry": {
        "type": "Point",
        "coordinates": [
          -75.486193,
          40.812352
        ]
      }
    },
    {
      "type": "Feature",
      "properties": {
        "trail": "Appalachian Trail",
        "route_id": "at-mvp3-midatlantic-harpers-ferry-delaware-water-gap-open-2026",
        "source_route_id": "at-main-osm-2026-open",
        "mile_nobo_global_est": 1243.5,
        "mile_nobo_mvp3": 237.5,
        "mile_sobo_mvp3": 26.5,
        "state": "PA",
        "milepoint_type": "generated",
        "official": false,
        "confidence": "estimated_from_open_route_geometry_with_known_length_gap",
        "source_id": "osm",
        "source_url": "https://www.openstreetmap.org/relation/156553",
        "source_access_url": "https://hiking.waymarkedtrails.org/api/v1/details/relation/156553",
        "license_status": "open_license_share_alike",
        "source_license": "ODbL",
        "attribution": "OpenStreetMap contributors",
        "last_checked": "2026-05-13",
        "last_generated": "2026-05-14",
        "ai_answer_rule": "Generated mile based on Scout MVP3 Mid-Atlantic open route geometry, not an official ATC mile. Use for source-aware planning only."
      },
      "geometry": {
        "type": "Point",
        "coordinates": [
          -75.477057,
          40.813579
        ]
      }
    },
    {
      "type": "Feature",
      "properties": {
        "trail": "Appalachian Trail",
        "route_id": "at-mvp3-midatlantic-harpers-ferry-delaware-water-gap-open-2026",
        "source_route_id": "at-main-osm-2026-open",
        "mile_nobo_global_est": 1244,
        "mile_nobo_mvp3": 238,
        "mile_sobo_mvp3": 26,
        "state": "PA",
        "milepoint_type": "generated",
        "official": false,
        "confidence": "estimated_from_open_route_geometry_with_known_length_gap",
        "source_id": "osm",
        "source_url": "https://www.openstreetmap.org/relation/156553",
        "source_access_url": "https://hiking.waymarkedtrails.org/api/v1/details/relation/156553",
        "license_status": "open_license_share_alike",
        "source_license": "ODbL",
        "attribution": "OpenStreetMap contributors",
        "last_checked": "2026-05-13",
        "last_generated": "2026-05-14",
        "ai_answer_rule": "Generated mile based on Scout MVP3 Mid-Atlantic open route geometry, not an official ATC mile. Use for source-aware planning only."
      },
      "geometry": {
        "type": "Point",
        "coordinates": [
          -75.468443,
          40.815896
        ]
      }
    },
    {
      "type": "Feature",
      "properties": {
        "trail": "Appalachian Trail",
        "route_id": "at-mvp3-midatlantic-harpers-ferry-delaware-water-gap-open-2026",
        "source_route_id": "at-main-osm-2026-open",
        "mile_nobo_global_est": 1244.5,
        "mile_nobo_mvp3": 238.5,
        "mile_sobo_mvp3": 25.5,
        "state": "PA",
        "milepoint_type": "generated",
        "official": false,
        "confidence": "estimated_from_open_route_geometry_with_known_length_gap",
        "source_id": "osm",
        "source_url": "https://www.openstreetmap.org/relation/156553",
        "source_access_url": "https://hiking.waymarkedtrails.org/api/v1/details/relation/156553",
        "license_status": "open_license_share_alike",
        "source_license": "ODbL",
        "attribution": "OpenStreetMap contributors",
        "last_checked": "2026-05-13",
        "last_generated": "2026-05-14",
        "ai_answer_rule": "Generated mile based on Scout MVP3 Mid-Atlantic open route geometry, not an official ATC mile. Use for source-aware planning only."
      },
      "geometry": {
        "type": "Point",
        "coordinates": [
          -75.459825,
          40.81754
        ]
      }
    },
    {
      "type": "Feature",
      "properties": {
        "trail": "Appalachian Trail",
        "route_id": "at-mvp3-midatlantic-harpers-ferry-delaware-water-gap-open-2026",
        "source_route_id": "at-main-osm-2026-open",
        "mile_nobo_global_est": 1245,
        "mile_nobo_mvp3": 239,
        "mile_sobo_mvp3": 25,
        "state": "PA",
        "milepoint_type": "generated",
        "official": false,
        "confidence": "estimated_from_open_route_geometry_with_known_length_gap",
        "source_id": "osm",
        "source_url": "https://www.openstreetmap.org/relation/156553",
        "source_access_url": "https://hiking.waymarkedtrails.org/api/v1/details/relation/156553",
        "license_status": "open_license_share_alike",
        "source_license": "ODbL",
        "attribution": "OpenStreetMap contributors",
        "last_checked": "2026-05-13",
        "last_generated": "2026-05-14",
        "ai_answer_rule": "Generated mile based on Scout MVP3 Mid-Atlantic open route geometry, not an official ATC mile. Use for source-aware planning only."
      },
      "geometry": {
        "type": "Point",
        "coordinates": [
          -75.450679,
          40.818161
        ]
      }
    },
    {
      "type": "Feature",
      "properties": {
        "trail": "Appalachian Trail",
        "route_id": "at-mvp3-midatlantic-harpers-ferry-delaware-water-gap-open-2026",
        "source_route_id": "at-main-osm-2026-open",
        "mile_nobo_global_est": 1245.5,
        "mile_nobo_mvp3": 239.5,
        "mile_sobo_mvp3": 24.5,
        "state": "PA",
        "milepoint_type": "generated",
        "official": false,
        "confidence": "estimated_from_open_route_geometry_with_known_length_gap",
        "source_id": "osm",
        "source_url": "https://www.openstreetmap.org/relation/156553",
        "source_access_url": "https://hiking.waymarkedtrails.org/api/v1/details/relation/156553",
        "license_status": "open_license_share_alike",
        "source_license": "ODbL",
        "attribution": "OpenStreetMap contributors",
        "last_checked": "2026-05-13",
        "last_generated": "2026-05-14",
        "ai_answer_rule": "Generated mile based on Scout MVP3 Mid-Atlantic open route geometry, not an official ATC mile. Use for source-aware planning only."
      },
      "geometry": {
        "type": "Point",
        "coordinates": [
          -75.443161,
          40.81843
        ]
      }
    },
    {
      "type": "Feature",
      "properties": {
        "trail": "Appalachian Trail",
        "route_id": "at-mvp3-midatlantic-harpers-ferry-delaware-water-gap-open-2026",
        "source_route_id": "at-main-osm-2026-open",
        "mile_nobo_global_est": 1246,
        "mile_nobo_mvp3": 240,
        "mile_sobo_mvp3": 24,
        "state": "PA",
        "milepoint_type": "generated",
        "official": false,
        "confidence": "estimated_from_open_route_geometry_with_known_length_gap",
        "source_id": "osm",
        "source_url": "https://www.openstreetmap.org/relation/156553",
        "source_access_url": "https://hiking.waymarkedtrails.org/api/v1/details/relation/156553",
        "license_status": "open_license_share_alike",
        "source_license": "ODbL",
        "attribution": "OpenStreetMap contributors",
        "last_checked": "2026-05-13",
        "last_generated": "2026-05-14",
        "ai_answer_rule": "Generated mile based on Scout MVP3 Mid-Atlantic open route geometry, not an official ATC mile. Use for source-aware planning only."
      },
      "geometry": {
        "type": "Point",
        "coordinates": [
          -75.435056,
          40.820443
        ]
      }
    },
    {
      "type": "Feature",
      "properties": {
        "trail": "Appalachian Trail",
        "route_id": "at-mvp3-midatlantic-harpers-ferry-delaware-water-gap-open-2026",
        "source_route_id": "at-main-osm-2026-open",
        "mile_nobo_global_est": 1246.5,
        "mile_nobo_mvp3": 240.5,
        "mile_sobo_mvp3": 23.5,
        "state": "PA",
        "milepoint_type": "generated",
        "official": false,
        "confidence": "estimated_from_open_route_geometry_with_known_length_gap",
        "source_id": "osm",
        "source_url": "https://www.openstreetmap.org/relation/156553",
        "source_access_url": "https://hiking.waymarkedtrails.org/api/v1/details/relation/156553",
        "license_status": "open_license_share_alike",
        "source_license": "ODbL",
        "attribution": "OpenStreetMap contributors",
        "last_checked": "2026-05-13",
        "last_generated": "2026-05-14",
        "ai_answer_rule": "Generated mile based on Scout MVP3 Mid-Atlantic open route geometry, not an official ATC mile. Use for source-aware planning only."
      },
      "geometry": {
        "type": "Point",
        "coordinates": [
          -75.426252,
          40.822747
        ]
      }
    },
    {
      "type": "Feature",
      "properties": {
        "trail": "Appalachian Trail",
        "route_id": "at-mvp3-midatlantic-harpers-ferry-delaware-water-gap-open-2026",
        "source_route_id": "at-main-osm-2026-open",
        "mile_nobo_global_est": 1247,
        "mile_nobo_mvp3": 241,
        "mile_sobo_mvp3": 23,
        "state": "PA",
        "milepoint_type": "generated",
        "official": false,
        "confidence": "estimated_from_open_route_geometry_with_known_length_gap",
        "source_id": "osm",
        "source_url": "https://www.openstreetmap.org/relation/156553",
        "source_access_url": "https://hiking.waymarkedtrails.org/api/v1/details/relation/156553",
        "license_status": "open_license_share_alike",
        "source_license": "ODbL",
        "attribution": "OpenStreetMap contributors",
        "last_checked": "2026-05-13",
        "last_generated": "2026-05-14",
        "ai_answer_rule": "Generated mile based on Scout MVP3 Mid-Atlantic open route geometry, not an official ATC mile. Use for source-aware planning only."
      },
      "geometry": {
        "type": "Point",
        "coordinates": [
          -75.417053,
          40.823773
        ]
      }
    },
    {
      "type": "Feature",
      "properties": {
        "trail": "Appalachian Trail",
        "route_id": "at-mvp3-midatlantic-harpers-ferry-delaware-water-gap-open-2026",
        "source_route_id": "at-main-osm-2026-open",
        "mile_nobo_global_est": 1247.5,
        "mile_nobo_mvp3": 241.5,
        "mile_sobo_mvp3": 22.5,
        "state": "PA",
        "milepoint_type": "generated",
        "official": false,
        "confidence": "estimated_from_open_route_geometry_with_known_length_gap",
        "source_id": "osm",
        "source_url": "https://www.openstreetmap.org/relation/156553",
        "source_access_url": "https://hiking.waymarkedtrails.org/api/v1/details/relation/156553",
        "license_status": "open_license_share_alike",
        "source_license": "ODbL",
        "attribution": "OpenStreetMap contributors",
        "last_checked": "2026-05-13",
        "last_generated": "2026-05-14",
        "ai_answer_rule": "Generated mile based on Scout MVP3 Mid-Atlantic open route geometry, not an official ATC mile. Use for source-aware planning only."
      },
      "geometry": {
        "type": "Point",
        "coordinates": [
          -75.409325,
          40.826648
        ]
      }
    },
    {
      "type": "Feature",
      "properties": {
        "trail": "Appalachian Trail",
        "route_id": "at-mvp3-midatlantic-harpers-ferry-delaware-water-gap-open-2026",
        "source_route_id": "at-main-osm-2026-open",
        "mile_nobo_global_est": 1248,
        "mile_nobo_mvp3": 242,
        "mile_sobo_mvp3": 22,
        "state": "PA",
        "milepoint_type": "generated",
        "official": false,
        "confidence": "estimated_from_open_route_geometry_with_known_length_gap",
        "source_id": "osm",
        "source_url": "https://www.openstreetmap.org/relation/156553",
        "source_access_url": "https://hiking.waymarkedtrails.org/api/v1/details/relation/156553",
        "license_status": "open_license_share_alike",
        "source_license": "ODbL",
        "attribution": "OpenStreetMap contributors",
        "last_checked": "2026-05-13",
        "last_generated": "2026-05-14",
        "ai_answer_rule": "Generated mile based on Scout MVP3 Mid-Atlantic open route geometry, not an official ATC mile. Use for source-aware planning only."
      },
      "geometry": {
        "type": "Point",
        "coordinates": [
          -75.40067,
          40.828872
        ]
      }
    },
    {
      "type": "Feature",
      "properties": {
        "trail": "Appalachian Trail",
        "route_id": "at-mvp3-midatlantic-harpers-ferry-delaware-water-gap-open-2026",
        "source_route_id": "at-main-osm-2026-open",
        "mile_nobo_global_est": 1248.5,
        "mile_nobo_mvp3": 242.5,
        "mile_sobo_mvp3": 21.5,
        "state": "PA",
        "milepoint_type": "generated",
        "official": false,
        "confidence": "estimated_from_open_route_geometry_with_known_length_gap",
        "source_id": "osm",
        "source_url": "https://www.openstreetmap.org/relation/156553",
        "source_access_url": "https://hiking.waymarkedtrails.org/api/v1/details/relation/156553",
        "license_status": "open_license_share_alike",
        "source_license": "ODbL",
        "attribution": "OpenStreetMap contributors",
        "last_checked": "2026-05-13",
        "last_generated": "2026-05-14",
        "ai_answer_rule": "Generated mile based on Scout MVP3 Mid-Atlantic open route geometry, not an official ATC mile. Use for source-aware planning only."
      },
      "geometry": {
        "type": "Point",
        "coordinates": [
          -75.392088,
          40.827722
        ]
      }
    },
    {
      "type": "Feature",
      "properties": {
        "trail": "Appalachian Trail",
        "route_id": "at-mvp3-midatlantic-harpers-ferry-delaware-water-gap-open-2026",
        "source_route_id": "at-main-osm-2026-open",
        "mile_nobo_global_est": 1249,
        "mile_nobo_mvp3": 243,
        "mile_sobo_mvp3": 21,
        "state": "PA",
        "milepoint_type": "generated",
        "official": false,
        "confidence": "estimated_from_open_route_geometry_with_known_length_gap",
        "source_id": "osm",
        "source_url": "https://www.openstreetmap.org/relation/156553",
        "source_access_url": "https://hiking.waymarkedtrails.org/api/v1/details/relation/156553",
        "license_status": "open_license_share_alike",
        "source_license": "ODbL",
        "attribution": "OpenStreetMap contributors",
        "last_checked": "2026-05-13",
        "last_generated": "2026-05-14",
        "ai_answer_rule": "Generated mile based on Scout MVP3 Mid-Atlantic open route geometry, not an official ATC mile. Use for source-aware planning only."
      },
      "geometry": {
        "type": "Point",
        "coordinates": [
          -75.384114,
          40.829809
        ]
      }
    },
    {
      "type": "Feature",
      "properties": {
        "trail": "Appalachian Trail",
        "route_id": "at-mvp3-midatlantic-harpers-ferry-delaware-water-gap-open-2026",
        "source_route_id": "at-main-osm-2026-open",
        "mile_nobo_global_est": 1249.5,
        "mile_nobo_mvp3": 243.5,
        "mile_sobo_mvp3": 20.5,
        "state": "PA",
        "milepoint_type": "generated",
        "official": false,
        "confidence": "estimated_from_open_route_geometry_with_known_length_gap",
        "source_id": "osm",
        "source_url": "https://www.openstreetmap.org/relation/156553",
        "source_access_url": "https://hiking.waymarkedtrails.org/api/v1/details/relation/156553",
        "license_status": "open_license_share_alike",
        "source_license": "ODbL",
        "attribution": "OpenStreetMap contributors",
        "last_checked": "2026-05-13",
        "last_generated": "2026-05-14",
        "ai_answer_rule": "Generated mile based on Scout MVP3 Mid-Atlantic open route geometry, not an official ATC mile. Use for source-aware planning only."
      },
      "geometry": {
        "type": "Point",
        "coordinates": [
          -75.375485,
          40.831946
        ]
      }
    },
    {
      "type": "Feature",
      "properties": {
        "trail": "Appalachian Trail",
        "route_id": "at-mvp3-midatlantic-harpers-ferry-delaware-water-gap-open-2026",
        "source_route_id": "at-main-osm-2026-open",
        "mile_nobo_global_est": 1250,
        "mile_nobo_mvp3": 244,
        "mile_sobo_mvp3": 20,
        "state": "PA",
        "milepoint_type": "generated",
        "official": false,
        "confidence": "estimated_from_open_route_geometry_with_known_length_gap",
        "source_id": "osm",
        "source_url": "https://www.openstreetmap.org/relation/156553",
        "source_access_url": "https://hiking.waymarkedtrails.org/api/v1/details/relation/156553",
        "license_status": "open_license_share_alike",
        "source_license": "ODbL",
        "attribution": "OpenStreetMap contributors",
        "last_checked": "2026-05-13",
        "last_generated": "2026-05-14",
        "ai_answer_rule": "Generated mile based on Scout MVP3 Mid-Atlantic open route geometry, not an official ATC mile. Use for source-aware planning only."
      },
      "geometry": {
        "type": "Point",
        "coordinates": [
          -75.367549,
          40.835606
        ]
      }
    },
    {
      "type": "Feature",
      "properties": {
        "trail": "Appalachian Trail",
        "route_id": "at-mvp3-midatlantic-harpers-ferry-delaware-water-gap-open-2026",
        "source_route_id": "at-main-osm-2026-open",
        "mile_nobo_global_est": 1250.5,
        "mile_nobo_mvp3": 244.5,
        "mile_sobo_mvp3": 19.5,
        "state": "PA",
        "milepoint_type": "generated",
        "official": false,
        "confidence": "estimated_from_open_route_geometry_with_known_length_gap",
        "source_id": "osm",
        "source_url": "https://www.openstreetmap.org/relation/156553",
        "source_access_url": "https://hiking.waymarkedtrails.org/api/v1/details/relation/156553",
        "license_status": "open_license_share_alike",
        "source_license": "ODbL",
        "attribution": "OpenStreetMap contributors",
        "last_checked": "2026-05-13",
        "last_generated": "2026-05-14",
        "ai_answer_rule": "Generated mile based on Scout MVP3 Mid-Atlantic open route geometry, not an official ATC mile. Use for source-aware planning only."
      },
      "geometry": {
        "type": "Point",
        "coordinates": [
          -75.360473,
          40.840256
        ]
      }
    },
    {
      "type": "Feature",
      "properties": {
        "trail": "Appalachian Trail",
        "route_id": "at-mvp3-midatlantic-harpers-ferry-delaware-water-gap-open-2026",
        "source_route_id": "at-main-osm-2026-open",
        "mile_nobo_global_est": 1251,
        "mile_nobo_mvp3": 245,
        "mile_sobo_mvp3": 19,
        "state": "PA",
        "milepoint_type": "generated",
        "official": false,
        "confidence": "estimated_from_open_route_geometry_with_known_length_gap",
        "source_id": "osm",
        "source_url": "https://www.openstreetmap.org/relation/156553",
        "source_access_url": "https://hiking.waymarkedtrails.org/api/v1/details/relation/156553",
        "license_status": "open_license_share_alike",
        "source_license": "ODbL",
        "attribution": "OpenStreetMap contributors",
        "last_checked": "2026-05-13",
        "last_generated": "2026-05-14",
        "ai_answer_rule": "Generated mile based on Scout MVP3 Mid-Atlantic open route geometry, not an official ATC mile. Use for source-aware planning only."
      },
      "geometry": {
        "type": "Point",
        "coordinates": [
          -75.353114,
          40.843451
        ]
      }
    },
    {
      "type": "Feature",
      "properties": {
        "trail": "Appalachian Trail",
        "route_id": "at-mvp3-midatlantic-harpers-ferry-delaware-water-gap-open-2026",
        "source_route_id": "at-main-osm-2026-open",
        "mile_nobo_global_est": 1251.5,
        "mile_nobo_mvp3": 245.5,
        "mile_sobo_mvp3": 18.5,
        "state": "PA",
        "milepoint_type": "generated",
        "official": false,
        "confidence": "estimated_from_open_route_geometry_with_known_length_gap",
        "source_id": "osm",
        "source_url": "https://www.openstreetmap.org/relation/156553",
        "source_access_url": "https://hiking.waymarkedtrails.org/api/v1/details/relation/156553",
        "license_status": "open_license_share_alike",
        "source_license": "ODbL",
        "attribution": "OpenStreetMap contributors",
        "last_checked": "2026-05-13",
        "last_generated": "2026-05-14",
        "ai_answer_rule": "Generated mile based on Scout MVP3 Mid-Atlantic open route geometry, not an official ATC mile. Use for source-aware planning only."
      },
      "geometry": {
        "type": "Point",
        "coordinates": [
          -75.344141,
          40.844872
        ]
      }
    },
    {
      "type": "Feature",
      "properties": {
        "trail": "Appalachian Trail",
        "route_id": "at-mvp3-midatlantic-harpers-ferry-delaware-water-gap-open-2026",
        "source_route_id": "at-main-osm-2026-open",
        "mile_nobo_global_est": 1252,
        "mile_nobo_mvp3": 246,
        "mile_sobo_mvp3": 18,
        "state": "PA",
        "milepoint_type": "generated",
        "official": false,
        "confidence": "estimated_from_open_route_geometry_with_known_length_gap",
        "source_id": "osm",
        "source_url": "https://www.openstreetmap.org/relation/156553",
        "source_access_url": "https://hiking.waymarkedtrails.org/api/v1/details/relation/156553",
        "license_status": "open_license_share_alike",
        "source_license": "ODbL",
        "attribution": "OpenStreetMap contributors",
        "last_checked": "2026-05-13",
        "last_generated": "2026-05-14",
        "ai_answer_rule": "Generated mile based on Scout MVP3 Mid-Atlantic open route geometry, not an official ATC mile. Use for source-aware planning only."
      },
      "geometry": {
        "type": "Point",
        "coordinates": [
          -75.336133,
          40.847548
        ]
      }
    },
    {
      "type": "Feature",
      "properties": {
        "trail": "Appalachian Trail",
        "route_id": "at-mvp3-midatlantic-harpers-ferry-delaware-water-gap-open-2026",
        "source_route_id": "at-main-osm-2026-open",
        "mile_nobo_global_est": 1252.5,
        "mile_nobo_mvp3": 246.5,
        "mile_sobo_mvp3": 17.5,
        "state": "PA",
        "milepoint_type": "generated",
        "official": false,
        "confidence": "estimated_from_open_route_geometry_with_known_length_gap",
        "source_id": "osm",
        "source_url": "https://www.openstreetmap.org/relation/156553",
        "source_access_url": "https://hiking.waymarkedtrails.org/api/v1/details/relation/156553",
        "license_status": "open_license_share_alike",
        "source_license": "ODbL",
        "attribution": "OpenStreetMap contributors",
        "last_checked": "2026-05-13",
        "last_generated": "2026-05-14",
        "ai_answer_rule": "Generated mile based on Scout MVP3 Mid-Atlantic open route geometry, not an official ATC mile. Use for source-aware planning only."
      },
      "geometry": {
        "type": "Point",
        "coordinates": [
          -75.328421,
          40.851558
        ]
      }
    },
    {
      "type": "Feature",
      "properties": {
        "trail": "Appalachian Trail",
        "route_id": "at-mvp3-midatlantic-harpers-ferry-delaware-water-gap-open-2026",
        "source_route_id": "at-main-osm-2026-open",
        "mile_nobo_global_est": 1253,
        "mile_nobo_mvp3": 247,
        "mile_sobo_mvp3": 17,
        "state": "PA",
        "milepoint_type": "generated",
        "official": false,
        "confidence": "estimated_from_open_route_geometry_with_known_length_gap",
        "source_id": "osm",
        "source_url": "https://www.openstreetmap.org/relation/156553",
        "source_access_url": "https://hiking.waymarkedtrails.org/api/v1/details/relation/156553",
        "license_status": "open_license_share_alike",
        "source_license": "ODbL",
        "attribution": "OpenStreetMap contributors",
        "last_checked": "2026-05-13",
        "last_generated": "2026-05-14",
        "ai_answer_rule": "Generated mile based on Scout MVP3 Mid-Atlantic open route geometry, not an official ATC mile. Use for source-aware planning only."
      },
      "geometry": {
        "type": "Point",
        "coordinates": [
          -75.320565,
          40.855482
        ]
      }
    },
    {
      "type": "Feature",
      "properties": {
        "trail": "Appalachian Trail",
        "route_id": "at-mvp3-midatlantic-harpers-ferry-delaware-water-gap-open-2026",
        "source_route_id": "at-main-osm-2026-open",
        "mile_nobo_global_est": 1253.5,
        "mile_nobo_mvp3": 247.5,
        "mile_sobo_mvp3": 16.5,
        "state": "PA",
        "milepoint_type": "generated",
        "official": false,
        "confidence": "estimated_from_open_route_geometry_with_known_length_gap",
        "source_id": "osm",
        "source_url": "https://www.openstreetmap.org/relation/156553",
        "source_access_url": "https://hiking.waymarkedtrails.org/api/v1/details/relation/156553",
        "license_status": "open_license_share_alike",
        "source_license": "ODbL",
        "attribution": "OpenStreetMap contributors",
        "last_checked": "2026-05-13",
        "last_generated": "2026-05-14",
        "ai_answer_rule": "Generated mile based on Scout MVP3 Mid-Atlantic open route geometry, not an official ATC mile. Use for source-aware planning only."
      },
      "geometry": {
        "type": "Point",
        "coordinates": [
          -75.312226,
          40.858178
        ]
      }
    },
    {
      "type": "Feature",
      "properties": {
        "trail": "Appalachian Trail",
        "route_id": "at-mvp3-midatlantic-harpers-ferry-delaware-water-gap-open-2026",
        "source_route_id": "at-main-osm-2026-open",
        "mile_nobo_global_est": 1254,
        "mile_nobo_mvp3": 248,
        "mile_sobo_mvp3": 16,
        "state": "PA",
        "milepoint_type": "generated",
        "official": false,
        "confidence": "estimated_from_open_route_geometry_with_known_length_gap",
        "source_id": "osm",
        "source_url": "https://www.openstreetmap.org/relation/156553",
        "source_access_url": "https://hiking.waymarkedtrails.org/api/v1/details/relation/156553",
        "license_status": "open_license_share_alike",
        "source_license": "ODbL",
        "attribution": "OpenStreetMap contributors",
        "last_checked": "2026-05-13",
        "last_generated": "2026-05-14",
        "ai_answer_rule": "Generated mile based on Scout MVP3 Mid-Atlantic open route geometry, not an official ATC mile. Use for source-aware planning only."
      },
      "geometry": {
        "type": "Point",
        "coordinates": [
          -75.303054,
          40.858911
        ]
      }
    },
    {
      "type": "Feature",
      "properties": {
        "trail": "Appalachian Trail",
        "route_id": "at-mvp3-midatlantic-harpers-ferry-delaware-water-gap-open-2026",
        "source_route_id": "at-main-osm-2026-open",
        "mile_nobo_global_est": 1254.5,
        "mile_nobo_mvp3": 248.5,
        "mile_sobo_mvp3": 15.5,
        "state": "PA",
        "milepoint_type": "generated",
        "official": false,
        "confidence": "estimated_from_open_route_geometry_with_known_length_gap",
        "source_id": "osm",
        "source_url": "https://www.openstreetmap.org/relation/156553",
        "source_access_url": "https://hiking.waymarkedtrails.org/api/v1/details/relation/156553",
        "license_status": "open_license_share_alike",
        "source_license": "ODbL",
        "attribution": "OpenStreetMap contributors",
        "last_checked": "2026-05-13",
        "last_generated": "2026-05-14",
        "ai_answer_rule": "Generated mile based on Scout MVP3 Mid-Atlantic open route geometry, not an official ATC mile. Use for source-aware planning only."
      },
      "geometry": {
        "type": "Point",
        "coordinates": [
          -75.296639,
          40.859535
        ]
      }
    },
    {
      "type": "Feature",
      "properties": {
        "trail": "Appalachian Trail",
        "route_id": "at-mvp3-midatlantic-harpers-ferry-delaware-water-gap-open-2026",
        "source_route_id": "at-main-osm-2026-open",
        "mile_nobo_global_est": 1255,
        "mile_nobo_mvp3": 249,
        "mile_sobo_mvp3": 15,
        "state": "PA",
        "milepoint_type": "generated",
        "official": false,
        "confidence": "estimated_from_open_route_geometry_with_known_length_gap",
        "source_id": "osm",
        "source_url": "https://www.openstreetmap.org/relation/156553",
        "source_access_url": "https://hiking.waymarkedtrails.org/api/v1/details/relation/156553",
        "license_status": "open_license_share_alike",
        "source_license": "ODbL",
        "attribution": "OpenStreetMap contributors",
        "last_checked": "2026-05-13",
        "last_generated": "2026-05-14",
        "ai_answer_rule": "Generated mile based on Scout MVP3 Mid-Atlantic open route geometry, not an official ATC mile. Use for source-aware planning only."
      },
      "geometry": {
        "type": "Point",
        "coordinates": [
          -75.29232,
          40.861533
        ]
      }
    },
    {
      "type": "Feature",
      "properties": {
        "trail": "Appalachian Trail",
        "route_id": "at-mvp3-midatlantic-harpers-ferry-delaware-water-gap-open-2026",
        "source_route_id": "at-main-osm-2026-open",
        "mile_nobo_global_est": 1255.5,
        "mile_nobo_mvp3": 249.5,
        "mile_sobo_mvp3": 14.5,
        "state": "PA",
        "milepoint_type": "generated",
        "official": false,
        "confidence": "estimated_from_open_route_geometry_with_known_length_gap",
        "source_id": "osm",
        "source_url": "https://www.openstreetmap.org/relation/156553",
        "source_access_url": "https://hiking.waymarkedtrails.org/api/v1/details/relation/156553",
        "license_status": "open_license_share_alike",
        "source_license": "ODbL",
        "attribution": "OpenStreetMap contributors",
        "last_checked": "2026-05-13",
        "last_generated": "2026-05-14",
        "ai_answer_rule": "Generated mile based on Scout MVP3 Mid-Atlantic open route geometry, not an official ATC mile. Use for source-aware planning only."
      },
      "geometry": {
        "type": "Point",
        "coordinates": [
          -75.284569,
          40.864993
        ]
      }
    },
    {
      "type": "Feature",
      "properties": {
        "trail": "Appalachian Trail",
        "route_id": "at-mvp3-midatlantic-harpers-ferry-delaware-water-gap-open-2026",
        "source_route_id": "at-main-osm-2026-open",
        "mile_nobo_global_est": 1256,
        "mile_nobo_mvp3": 250,
        "mile_sobo_mvp3": 14,
        "state": "PA",
        "milepoint_type": "generated",
        "official": false,
        "confidence": "estimated_from_open_route_geometry_with_known_length_gap",
        "source_id": "osm",
        "source_url": "https://www.openstreetmap.org/relation/156553",
        "source_access_url": "https://hiking.waymarkedtrails.org/api/v1/details/relation/156553",
        "license_status": "open_license_share_alike",
        "source_license": "ODbL",
        "attribution": "OpenStreetMap contributors",
        "last_checked": "2026-05-13",
        "last_generated": "2026-05-14",
        "ai_answer_rule": "Generated mile based on Scout MVP3 Mid-Atlantic open route geometry, not an official ATC mile. Use for source-aware planning only."
      },
      "geometry": {
        "type": "Point",
        "coordinates": [
          -75.278526,
          40.870154
        ]
      }
    },
    {
      "type": "Feature",
      "properties": {
        "trail": "Appalachian Trail",
        "route_id": "at-mvp3-midatlantic-harpers-ferry-delaware-water-gap-open-2026",
        "source_route_id": "at-main-osm-2026-open",
        "mile_nobo_global_est": 1256.5,
        "mile_nobo_mvp3": 250.5,
        "mile_sobo_mvp3": 13.5,
        "state": "PA",
        "milepoint_type": "generated",
        "official": false,
        "confidence": "estimated_from_open_route_geometry_with_known_length_gap",
        "source_id": "osm",
        "source_url": "https://www.openstreetmap.org/relation/156553",
        "source_access_url": "https://hiking.waymarkedtrails.org/api/v1/details/relation/156553",
        "license_status": "open_license_share_alike",
        "source_license": "ODbL",
        "attribution": "OpenStreetMap contributors",
        "last_checked": "2026-05-13",
        "last_generated": "2026-05-14",
        "ai_answer_rule": "Generated mile based on Scout MVP3 Mid-Atlantic open route geometry, not an official ATC mile. Use for source-aware planning only."
      },
      "geometry": {
        "type": "Point",
        "coordinates": [
          -75.271856,
          40.874537
        ]
      }
    },
    {
      "type": "Feature",
      "properties": {
        "trail": "Appalachian Trail",
        "route_id": "at-mvp3-midatlantic-harpers-ferry-delaware-water-gap-open-2026",
        "source_route_id": "at-main-osm-2026-open",
        "mile_nobo_global_est": 1257,
        "mile_nobo_mvp3": 251,
        "mile_sobo_mvp3": 13,
        "state": "PA",
        "milepoint_type": "generated",
        "official": false,
        "confidence": "estimated_from_open_route_geometry_with_known_length_gap",
        "source_id": "osm",
        "source_url": "https://www.openstreetmap.org/relation/156553",
        "source_access_url": "https://hiking.waymarkedtrails.org/api/v1/details/relation/156553",
        "license_status": "open_license_share_alike",
        "source_license": "ODbL",
        "attribution": "OpenStreetMap contributors",
        "last_checked": "2026-05-13",
        "last_generated": "2026-05-14",
        "ai_answer_rule": "Generated mile based on Scout MVP3 Mid-Atlantic open route geometry, not an official ATC mile. Use for source-aware planning only."
      },
      "geometry": {
        "type": "Point",
        "coordinates": [
          -75.274247,
          40.880542
        ]
      }
    },
    {
      "type": "Feature",
      "properties": {
        "trail": "Appalachian Trail",
        "route_id": "at-mvp3-midatlantic-harpers-ferry-delaware-water-gap-open-2026",
        "source_route_id": "at-main-osm-2026-open",
        "mile_nobo_global_est": 1257.5,
        "mile_nobo_mvp3": 251.5,
        "mile_sobo_mvp3": 12.5,
        "state": "PA",
        "milepoint_type": "generated",
        "official": false,
        "confidence": "estimated_from_open_route_geometry_with_known_length_gap",
        "source_id": "osm",
        "source_url": "https://www.openstreetmap.org/relation/156553",
        "source_access_url": "https://hiking.waymarkedtrails.org/api/v1/details/relation/156553",
        "license_status": "open_license_share_alike",
        "source_license": "ODbL",
        "attribution": "OpenStreetMap contributors",
        "last_checked": "2026-05-13",
        "last_generated": "2026-05-14",
        "ai_answer_rule": "Generated mile based on Scout MVP3 Mid-Atlantic open route geometry, not an official ATC mile. Use for source-aware planning only."
      },
      "geometry": {
        "type": "Point",
        "coordinates": [
          -75.269482,
          40.886396
        ]
      }
    },
    {
      "type": "Feature",
      "properties": {
        "trail": "Appalachian Trail",
        "route_id": "at-mvp3-midatlantic-harpers-ferry-delaware-water-gap-open-2026",
        "source_route_id": "at-main-osm-2026-open",
        "mile_nobo_global_est": 1258,
        "mile_nobo_mvp3": 252,
        "mile_sobo_mvp3": 12,
        "state": "PA",
        "milepoint_type": "generated",
        "official": false,
        "confidence": "estimated_from_open_route_geometry_with_known_length_gap",
        "source_id": "osm",
        "source_url": "https://www.openstreetmap.org/relation/156553",
        "source_access_url": "https://hiking.waymarkedtrails.org/api/v1/details/relation/156553",
        "license_status": "open_license_share_alike",
        "source_license": "ODbL",
        "attribution": "OpenStreetMap contributors",
        "last_checked": "2026-05-13",
        "last_generated": "2026-05-14",
        "ai_answer_rule": "Generated mile based on Scout MVP3 Mid-Atlantic open route geometry, not an official ATC mile. Use for source-aware planning only."
      },
      "geometry": {
        "type": "Point",
        "coordinates": [
          -75.262942,
          40.891482
        ]
      }
    },
    {
      "type": "Feature",
      "properties": {
        "trail": "Appalachian Trail",
        "route_id": "at-mvp3-midatlantic-harpers-ferry-delaware-water-gap-open-2026",
        "source_route_id": "at-main-osm-2026-open",
        "mile_nobo_global_est": 1258.5,
        "mile_nobo_mvp3": 252.5,
        "mile_sobo_mvp3": 11.5,
        "state": "PA",
        "milepoint_type": "generated",
        "official": false,
        "confidence": "estimated_from_open_route_geometry_with_known_length_gap",
        "source_id": "osm",
        "source_url": "https://www.openstreetmap.org/relation/156553",
        "source_access_url": "https://hiking.waymarkedtrails.org/api/v1/details/relation/156553",
        "license_status": "open_license_share_alike",
        "source_license": "ODbL",
        "attribution": "OpenStreetMap contributors",
        "last_checked": "2026-05-13",
        "last_generated": "2026-05-14",
        "ai_answer_rule": "Generated mile based on Scout MVP3 Mid-Atlantic open route geometry, not an official ATC mile. Use for source-aware planning only."
      },
      "geometry": {
        "type": "Point",
        "coordinates": [
          -75.254709,
          40.894962
        ]
      }
    },
    {
      "type": "Feature",
      "properties": {
        "trail": "Appalachian Trail",
        "route_id": "at-mvp3-midatlantic-harpers-ferry-delaware-water-gap-open-2026",
        "source_route_id": "at-main-osm-2026-open",
        "mile_nobo_global_est": 1259,
        "mile_nobo_mvp3": 253,
        "mile_sobo_mvp3": 11,
        "state": "PA",
        "milepoint_type": "generated",
        "official": false,
        "confidence": "estimated_from_open_route_geometry_with_known_length_gap",
        "source_id": "osm",
        "source_url": "https://www.openstreetmap.org/relation/156553",
        "source_access_url": "https://hiking.waymarkedtrails.org/api/v1/details/relation/156553",
        "license_status": "open_license_share_alike",
        "source_license": "ODbL",
        "attribution": "OpenStreetMap contributors",
        "last_checked": "2026-05-13",
        "last_generated": "2026-05-14",
        "ai_answer_rule": "Generated mile based on Scout MVP3 Mid-Atlantic open route geometry, not an official ATC mile. Use for source-aware planning only."
      },
      "geometry": {
        "type": "Point",
        "coordinates": [
          -75.248621,
          40.900315
        ]
      }
    },
    {
      "type": "Feature",
      "properties": {
        "trail": "Appalachian Trail",
        "route_id": "at-mvp3-midatlantic-harpers-ferry-delaware-water-gap-open-2026",
        "source_route_id": "at-main-osm-2026-open",
        "mile_nobo_global_est": 1259.5,
        "mile_nobo_mvp3": 253.5,
        "mile_sobo_mvp3": 10.5,
        "state": "PA",
        "milepoint_type": "generated",
        "official": false,
        "confidence": "estimated_from_open_route_geometry_with_known_length_gap",
        "source_id": "osm",
        "source_url": "https://www.openstreetmap.org/relation/156553",
        "source_access_url": "https://hiking.waymarkedtrails.org/api/v1/details/relation/156553",
        "license_status": "open_license_share_alike",
        "source_license": "ODbL",
        "attribution": "OpenStreetMap contributors",
        "last_checked": "2026-05-13",
        "last_generated": "2026-05-14",
        "ai_answer_rule": "Generated mile based on Scout MVP3 Mid-Atlantic open route geometry, not an official ATC mile. Use for source-aware planning only."
      },
      "geometry": {
        "type": "Point",
        "coordinates": [
          -75.246656,
          40.906138
        ]
      }
    },
    {
      "type": "Feature",
      "properties": {
        "trail": "Appalachian Trail",
        "route_id": "at-mvp3-midatlantic-harpers-ferry-delaware-water-gap-open-2026",
        "source_route_id": "at-main-osm-2026-open",
        "mile_nobo_global_est": 1260,
        "mile_nobo_mvp3": 254,
        "mile_sobo_mvp3": 10,
        "state": "PA",
        "milepoint_type": "generated",
        "official": false,
        "confidence": "estimated_from_open_route_geometry_with_known_length_gap",
        "source_id": "osm",
        "source_url": "https://www.openstreetmap.org/relation/156553",
        "source_access_url": "https://hiking.waymarkedtrails.org/api/v1/details/relation/156553",
        "license_status": "open_license_share_alike",
        "source_license": "ODbL",
        "attribution": "OpenStreetMap contributors",
        "last_checked": "2026-05-13",
        "last_generated": "2026-05-14",
        "ai_answer_rule": "Generated mile based on Scout MVP3 Mid-Atlantic open route geometry, not an official ATC mile. Use for source-aware planning only."
      },
      "geometry": {
        "type": "Point",
        "coordinates": [
          -75.239903,
          40.910606
        ]
      }
    },
    {
      "type": "Feature",
      "properties": {
        "trail": "Appalachian Trail",
        "route_id": "at-mvp3-midatlantic-harpers-ferry-delaware-water-gap-open-2026",
        "source_route_id": "at-main-osm-2026-open",
        "mile_nobo_global_est": 1260.5,
        "mile_nobo_mvp3": 254.5,
        "mile_sobo_mvp3": 9.5,
        "state": "PA",
        "milepoint_type": "generated",
        "official": false,
        "confidence": "estimated_from_open_route_geometry_with_known_length_gap",
        "source_id": "osm",
        "source_url": "https://www.openstreetmap.org/relation/156553",
        "source_access_url": "https://hiking.waymarkedtrails.org/api/v1/details/relation/156553",
        "license_status": "open_license_share_alike",
        "source_license": "ODbL",
        "attribution": "OpenStreetMap contributors",
        "last_checked": "2026-05-13",
        "last_generated": "2026-05-14",
        "ai_answer_rule": "Generated mile based on Scout MVP3 Mid-Atlantic open route geometry, not an official ATC mile. Use for source-aware planning only."
      },
      "geometry": {
        "type": "Point",
        "coordinates": [
          -75.232578,
          40.914098
        ]
      }
    },
    {
      "type": "Feature",
      "properties": {
        "trail": "Appalachian Trail",
        "route_id": "at-mvp3-midatlantic-harpers-ferry-delaware-water-gap-open-2026",
        "source_route_id": "at-main-osm-2026-open",
        "mile_nobo_global_est": 1261,
        "mile_nobo_mvp3": 255,
        "mile_sobo_mvp3": 9,
        "state": "PA",
        "milepoint_type": "generated",
        "official": false,
        "confidence": "estimated_from_open_route_geometry_with_known_length_gap",
        "source_id": "osm",
        "source_url": "https://www.openstreetmap.org/relation/156553",
        "source_access_url": "https://hiking.waymarkedtrails.org/api/v1/details/relation/156553",
        "license_status": "open_license_share_alike",
        "source_license": "ODbL",
        "attribution": "OpenStreetMap contributors",
        "last_checked": "2026-05-13",
        "last_generated": "2026-05-14",
        "ai_answer_rule": "Generated mile based on Scout MVP3 Mid-Atlantic open route geometry, not an official ATC mile. Use for source-aware planning only."
      },
      "geometry": {
        "type": "Point",
        "coordinates": [
          -75.226185,
          40.918931
        ]
      }
    },
    {
      "type": "Feature",
      "properties": {
        "trail": "Appalachian Trail",
        "route_id": "at-mvp3-midatlantic-harpers-ferry-delaware-water-gap-open-2026",
        "source_route_id": "at-main-osm-2026-open",
        "mile_nobo_global_est": 1261.5,
        "mile_nobo_mvp3": 255.5,
        "mile_sobo_mvp3": 8.5,
        "state": "PA",
        "milepoint_type": "generated",
        "official": false,
        "confidence": "estimated_from_open_route_geometry_with_known_length_gap",
        "source_id": "osm",
        "source_url": "https://www.openstreetmap.org/relation/156553",
        "source_access_url": "https://hiking.waymarkedtrails.org/api/v1/details/relation/156553",
        "license_status": "open_license_share_alike",
        "source_license": "ODbL",
        "attribution": "OpenStreetMap contributors",
        "last_checked": "2026-05-13",
        "last_generated": "2026-05-14",
        "ai_answer_rule": "Generated mile based on Scout MVP3 Mid-Atlantic open route geometry, not an official ATC mile. Use for source-aware planning only."
      },
      "geometry": {
        "type": "Point",
        "coordinates": [
          -75.222319,
          40.924906
        ]
      }
    },
    {
      "type": "Feature",
      "properties": {
        "trail": "Appalachian Trail",
        "route_id": "at-mvp3-midatlantic-harpers-ferry-delaware-water-gap-open-2026",
        "source_route_id": "at-main-osm-2026-open",
        "mile_nobo_global_est": 1262,
        "mile_nobo_mvp3": 256,
        "mile_sobo_mvp3": 8,
        "state": "PA",
        "milepoint_type": "generated",
        "official": false,
        "confidence": "estimated_from_open_route_geometry_with_known_length_gap",
        "source_id": "osm",
        "source_url": "https://www.openstreetmap.org/relation/156553",
        "source_access_url": "https://hiking.waymarkedtrails.org/api/v1/details/relation/156553",
        "license_status": "open_license_share_alike",
        "source_license": "ODbL",
        "attribution": "OpenStreetMap contributors",
        "last_checked": "2026-05-13",
        "last_generated": "2026-05-14",
        "ai_answer_rule": "Generated mile based on Scout MVP3 Mid-Atlantic open route geometry, not an official ATC mile. Use for source-aware planning only."
      },
      "geometry": {
        "type": "Point",
        "coordinates": [
          -75.217735,
          40.930008
        ]
      }
    },
    {
      "type": "Feature",
      "properties": {
        "trail": "Appalachian Trail",
        "route_id": "at-mvp3-midatlantic-harpers-ferry-delaware-water-gap-open-2026",
        "source_route_id": "at-main-osm-2026-open",
        "mile_nobo_global_est": 1262.5,
        "mile_nobo_mvp3": 256.5,
        "mile_sobo_mvp3": 7.5,
        "state": "PA",
        "milepoint_type": "generated",
        "official": false,
        "confidence": "estimated_from_open_route_geometry_with_known_length_gap",
        "source_id": "osm",
        "source_url": "https://www.openstreetmap.org/relation/156553",
        "source_access_url": "https://hiking.waymarkedtrails.org/api/v1/details/relation/156553",
        "license_status": "open_license_share_alike",
        "source_license": "ODbL",
        "attribution": "OpenStreetMap contributors",
        "last_checked": "2026-05-13",
        "last_generated": "2026-05-14",
        "ai_answer_rule": "Generated mile based on Scout MVP3 Mid-Atlantic open route geometry, not an official ATC mile. Use for source-aware planning only."
      },
      "geometry": {
        "type": "Point",
        "coordinates": [
          -75.209336,
          40.932944
        ]
      }
    },
    {
      "type": "Feature",
      "properties": {
        "trail": "Appalachian Trail",
        "route_id": "at-mvp3-midatlantic-harpers-ferry-delaware-water-gap-open-2026",
        "source_route_id": "at-main-osm-2026-open",
        "mile_nobo_global_est": 1263,
        "mile_nobo_mvp3": 257,
        "mile_sobo_mvp3": 7,
        "state": "PA",
        "milepoint_type": "generated",
        "official": false,
        "confidence": "estimated_from_open_route_geometry_with_known_length_gap",
        "source_id": "osm",
        "source_url": "https://www.openstreetmap.org/relation/156553",
        "source_access_url": "https://hiking.waymarkedtrails.org/api/v1/details/relation/156553",
        "license_status": "open_license_share_alike",
        "source_license": "ODbL",
        "attribution": "OpenStreetMap contributors",
        "last_checked": "2026-05-13",
        "last_generated": "2026-05-14",
        "ai_answer_rule": "Generated mile based on Scout MVP3 Mid-Atlantic open route geometry, not an official ATC mile. Use for source-aware planning only."
      },
      "geometry": {
        "type": "Point",
        "coordinates": [
          -75.200588,
          40.935412
        ]
      }
    },
    {
      "type": "Feature",
      "properties": {
        "trail": "Appalachian Trail",
        "route_id": "at-mvp3-midatlantic-harpers-ferry-delaware-water-gap-open-2026",
        "source_route_id": "at-main-osm-2026-open",
        "mile_nobo_global_est": 1263.5,
        "mile_nobo_mvp3": 257.5,
        "mile_sobo_mvp3": 6.5,
        "state": "PA",
        "milepoint_type": "generated",
        "official": false,
        "confidence": "estimated_from_open_route_geometry_with_known_length_gap",
        "source_id": "osm",
        "source_url": "https://www.openstreetmap.org/relation/156553",
        "source_access_url": "https://hiking.waymarkedtrails.org/api/v1/details/relation/156553",
        "license_status": "open_license_share_alike",
        "source_license": "ODbL",
        "attribution": "OpenStreetMap contributors",
        "last_checked": "2026-05-13",
        "last_generated": "2026-05-14",
        "ai_answer_rule": "Generated mile based on Scout MVP3 Mid-Atlantic open route geometry, not an official ATC mile. Use for source-aware planning only."
      },
      "geometry": {
        "type": "Point",
        "coordinates": [
          -75.191752,
          40.936149
        ]
      }
    },
    {
      "type": "Feature",
      "properties": {
        "trail": "Appalachian Trail",
        "route_id": "at-mvp3-midatlantic-harpers-ferry-delaware-water-gap-open-2026",
        "source_route_id": "at-main-osm-2026-open",
        "mile_nobo_global_est": 1264,
        "mile_nobo_mvp3": 258,
        "mile_sobo_mvp3": 6,
        "state": "PA",
        "milepoint_type": "generated",
        "official": false,
        "confidence": "estimated_from_open_route_geometry_with_known_length_gap",
        "source_id": "osm",
        "source_url": "https://www.openstreetmap.org/relation/156553",
        "source_access_url": "https://hiking.waymarkedtrails.org/api/v1/details/relation/156553",
        "license_status": "open_license_share_alike",
        "source_license": "ODbL",
        "attribution": "OpenStreetMap contributors",
        "last_checked": "2026-05-13",
        "last_generated": "2026-05-14",
        "ai_answer_rule": "Generated mile based on Scout MVP3 Mid-Atlantic open route geometry, not an official ATC mile. Use for source-aware planning only."
      },
      "geometry": {
        "type": "Point",
        "coordinates": [
          -75.183062,
          40.937878
        ]
      }
    },
    {
      "type": "Feature",
      "properties": {
        "trail": "Appalachian Trail",
        "route_id": "at-mvp3-midatlantic-harpers-ferry-delaware-water-gap-open-2026",
        "source_route_id": "at-main-osm-2026-open",
        "mile_nobo_global_est": 1264.5,
        "mile_nobo_mvp3": 258.5,
        "mile_sobo_mvp3": 5.5,
        "state": "PA",
        "milepoint_type": "generated",
        "official": false,
        "confidence": "estimated_from_open_route_geometry_with_known_length_gap",
        "source_id": "osm",
        "source_url": "https://www.openstreetmap.org/relation/156553",
        "source_access_url": "https://hiking.waymarkedtrails.org/api/v1/details/relation/156553",
        "license_status": "open_license_share_alike",
        "source_license": "ODbL",
        "attribution": "OpenStreetMap contributors",
        "last_checked": "2026-05-13",
        "last_generated": "2026-05-14",
        "ai_answer_rule": "Generated mile based on Scout MVP3 Mid-Atlantic open route geometry, not an official ATC mile. Use for source-aware planning only."
      },
      "geometry": {
        "type": "Point",
        "coordinates": [
          -75.177537,
          40.943149
        ]
      }
    },
    {
      "type": "Feature",
      "properties": {
        "trail": "Appalachian Trail",
        "route_id": "at-mvp3-midatlantic-harpers-ferry-delaware-water-gap-open-2026",
        "source_route_id": "at-main-osm-2026-open",
        "mile_nobo_global_est": 1265,
        "mile_nobo_mvp3": 259,
        "mile_sobo_mvp3": 5,
        "state": "PA",
        "milepoint_type": "generated",
        "official": false,
        "confidence": "estimated_from_open_route_geometry_with_known_length_gap",
        "source_id": "osm",
        "source_url": "https://www.openstreetmap.org/relation/156553",
        "source_access_url": "https://hiking.waymarkedtrails.org/api/v1/details/relation/156553",
        "license_status": "open_license_share_alike",
        "source_license": "ODbL",
        "attribution": "OpenStreetMap contributors",
        "last_checked": "2026-05-13",
        "last_generated": "2026-05-14",
        "ai_answer_rule": "Generated mile based on Scout MVP3 Mid-Atlantic open route geometry, not an official ATC mile. Use for source-aware planning only."
      },
      "geometry": {
        "type": "Point",
        "coordinates": [
          -75.171621,
          40.947098
        ]
      }
    },
    {
      "type": "Feature",
      "properties": {
        "trail": "Appalachian Trail",
        "route_id": "at-mvp3-midatlantic-harpers-ferry-delaware-water-gap-open-2026",
        "source_route_id": "at-main-osm-2026-open",
        "mile_nobo_global_est": 1265.5,
        "mile_nobo_mvp3": 259.5,
        "mile_sobo_mvp3": 4.5,
        "state": "PA",
        "milepoint_type": "generated",
        "official": false,
        "confidence": "estimated_from_open_route_geometry_with_known_length_gap",
        "source_id": "osm",
        "source_url": "https://www.openstreetmap.org/relation/156553",
        "source_access_url": "https://hiking.waymarkedtrails.org/api/v1/details/relation/156553",
        "license_status": "open_license_share_alike",
        "source_license": "ODbL",
        "attribution": "OpenStreetMap contributors",
        "last_checked": "2026-05-13",
        "last_generated": "2026-05-14",
        "ai_answer_rule": "Generated mile based on Scout MVP3 Mid-Atlantic open route geometry, not an official ATC mile. Use for source-aware planning only."
      },
      "geometry": {
        "type": "Point",
        "coordinates": [
          -75.16238,
          40.948668
        ]
      }
    },
    {
      "type": "Feature",
      "properties": {
        "trail": "Appalachian Trail",
        "route_id": "at-mvp3-midatlantic-harpers-ferry-delaware-water-gap-open-2026",
        "source_route_id": "at-main-osm-2026-open",
        "mile_nobo_global_est": 1266,
        "mile_nobo_mvp3": 260,
        "mile_sobo_mvp3": 4,
        "state": "PA",
        "milepoint_type": "generated",
        "official": false,
        "confidence": "estimated_from_open_route_geometry_with_known_length_gap",
        "source_id": "osm",
        "source_url": "https://www.openstreetmap.org/relation/156553",
        "source_access_url": "https://hiking.waymarkedtrails.org/api/v1/details/relation/156553",
        "license_status": "open_license_share_alike",
        "source_license": "ODbL",
        "attribution": "OpenStreetMap contributors",
        "last_checked": "2026-05-13",
        "last_generated": "2026-05-14",
        "ai_answer_rule": "Generated mile based on Scout MVP3 Mid-Atlantic open route geometry, not an official ATC mile. Use for source-aware planning only."
      },
      "geometry": {
        "type": "Point",
        "coordinates": [
          -75.153846,
          40.949074
        ]
      }
    },
    {
      "type": "Feature",
      "properties": {
        "trail": "Appalachian Trail",
        "route_id": "at-mvp3-midatlantic-harpers-ferry-delaware-water-gap-open-2026",
        "source_route_id": "at-main-osm-2026-open",
        "mile_nobo_global_est": 1266.5,
        "mile_nobo_mvp3": 260.5,
        "mile_sobo_mvp3": 3.5,
        "state": "PA",
        "milepoint_type": "generated",
        "official": false,
        "confidence": "estimated_from_open_route_geometry_with_known_length_gap",
        "source_id": "osm",
        "source_url": "https://www.openstreetmap.org/relation/156553",
        "source_access_url": "https://hiking.waymarkedtrails.org/api/v1/details/relation/156553",
        "license_status": "open_license_share_alike",
        "source_license": "ODbL",
        "attribution": "OpenStreetMap contributors",
        "last_checked": "2026-05-13",
        "last_generated": "2026-05-14",
        "ai_answer_rule": "Generated mile based on Scout MVP3 Mid-Atlantic open route geometry, not an official ATC mile. Use for source-aware planning only."
      },
      "geometry": {
        "type": "Point",
        "coordinates": [
          -75.145353,
          40.951775
        ]
      }
    },
    {
      "type": "Feature",
      "properties": {
        "trail": "Appalachian Trail",
        "route_id": "at-mvp3-midatlantic-harpers-ferry-delaware-water-gap-open-2026",
        "source_route_id": "at-main-osm-2026-open",
        "mile_nobo_global_est": 1267,
        "mile_nobo_mvp3": 261,
        "mile_sobo_mvp3": 3,
        "state": "PA",
        "milepoint_type": "generated",
        "official": false,
        "confidence": "estimated_from_open_route_geometry_with_known_length_gap",
        "source_id": "osm",
        "source_url": "https://www.openstreetmap.org/relation/156553",
        "source_access_url": "https://hiking.waymarkedtrails.org/api/v1/details/relation/156553",
        "license_status": "open_license_share_alike",
        "source_license": "ODbL",
        "attribution": "OpenStreetMap contributors",
        "last_checked": "2026-05-13",
        "last_generated": "2026-05-14",
        "ai_answer_rule": "Generated mile based on Scout MVP3 Mid-Atlantic open route geometry, not an official ATC mile. Use for source-aware planning only."
      },
      "geometry": {
        "type": "Point",
        "coordinates": [
          -75.137063,
          40.955083
        ]
      }
    },
    {
      "type": "Feature",
      "properties": {
        "trail": "Appalachian Trail",
        "route_id": "at-mvp3-midatlantic-harpers-ferry-delaware-water-gap-open-2026",
        "source_route_id": "at-main-osm-2026-open",
        "mile_nobo_global_est": 1267.5,
        "mile_nobo_mvp3": 261.5,
        "mile_sobo_mvp3": 2.5,
        "state": "PA",
        "milepoint_type": "generated",
        "official": false,
        "confidence": "estimated_from_open_route_geometry_with_known_length_gap",
        "source_id": "osm",
        "source_url": "https://www.openstreetmap.org/relation/156553",
        "source_access_url": "https://hiking.waymarkedtrails.org/api/v1/details/relation/156553",
        "license_status": "open_license_share_alike",
        "source_license": "ODbL",
        "attribution": "OpenStreetMap contributors",
        "last_checked": "2026-05-13",
        "last_generated": "2026-05-14",
        "ai_answer_rule": "Generated mile based on Scout MVP3 Mid-Atlantic open route geometry, not an official ATC mile. Use for source-aware planning only."
      },
      "geometry": {
        "type": "Point",
        "coordinates": [
          -75.129042,
          40.958912
        ]
      }
    },
    {
      "type": "Feature",
      "properties": {
        "trail": "Appalachian Trail",
        "route_id": "at-mvp3-midatlantic-harpers-ferry-delaware-water-gap-open-2026",
        "source_route_id": "at-main-osm-2026-open",
        "mile_nobo_global_est": 1268,
        "mile_nobo_mvp3": 262,
        "mile_sobo_mvp3": 2,
        "state": "PA",
        "milepoint_type": "generated",
        "official": false,
        "confidence": "estimated_from_open_route_geometry_with_known_length_gap",
        "source_id": "osm",
        "source_url": "https://www.openstreetmap.org/relation/156553",
        "source_access_url": "https://hiking.waymarkedtrails.org/api/v1/details/relation/156553",
        "license_status": "open_license_share_alike",
        "source_license": "ODbL",
        "attribution": "OpenStreetMap contributors",
        "last_checked": "2026-05-13",
        "last_generated": "2026-05-14",
        "ai_answer_rule": "Generated mile based on Scout MVP3 Mid-Atlantic open route geometry, not an official ATC mile. Use for source-aware planning only."
      },
      "geometry": {
        "type": "Point",
        "coordinates": [
          -75.129854,
          40.964033
        ]
      }
    },
    {
      "type": "Feature",
      "properties": {
        "trail": "Appalachian Trail",
        "route_id": "at-mvp3-midatlantic-harpers-ferry-delaware-water-gap-open-2026",
        "source_route_id": "at-main-osm-2026-open",
        "mile_nobo_global_est": 1268.5,
        "mile_nobo_mvp3": 262.5,
        "mile_sobo_mvp3": 1.5,
        "state": "PA",
        "milepoint_type": "generated",
        "official": false,
        "confidence": "estimated_from_open_route_geometry_with_known_length_gap",
        "source_id": "osm",
        "source_url": "https://www.openstreetmap.org/relation/156553",
        "source_access_url": "https://hiking.waymarkedtrails.org/api/v1/details/relation/156553",
        "license_status": "open_license_share_alike",
        "source_license": "ODbL",
        "attribution": "OpenStreetMap contributors",
        "last_checked": "2026-05-13",
        "last_generated": "2026-05-14",
        "ai_answer_rule": "Generated mile based on Scout MVP3 Mid-Atlantic open route geometry, not an official ATC mile. Use for source-aware planning only."
      },
      "geometry": {
        "type": "Point",
        "coordinates": [
          -75.135297,
          40.968589
        ]
      }
    },
    {
      "type": "Feature",
      "properties": {
        "trail": "Appalachian Trail",
        "route_id": "at-mvp3-midatlantic-harpers-ferry-delaware-water-gap-open-2026",
        "source_route_id": "at-main-osm-2026-open",
        "mile_nobo_global_est": 1269,
        "mile_nobo_mvp3": 263,
        "mile_sobo_mvp3": 1,
        "state": "PA",
        "milepoint_type": "generated",
        "official": false,
        "confidence": "estimated_from_open_route_geometry_with_known_length_gap",
        "source_id": "osm",
        "source_url": "https://www.openstreetmap.org/relation/156553",
        "source_access_url": "https://hiking.waymarkedtrails.org/api/v1/details/relation/156553",
        "license_status": "open_license_share_alike",
        "source_license": "ODbL",
        "attribution": "OpenStreetMap contributors",
        "last_checked": "2026-05-13",
        "last_generated": "2026-05-14",
        "ai_answer_rule": "Generated mile based on Scout MVP3 Mid-Atlantic open route geometry, not an official ATC mile. Use for source-aware planning only."
      },
      "geometry": {
        "type": "Point",
        "coordinates": [
          -75.137753,
          40.971977
        ]
      }
    },
    {
      "type": "Feature",
      "properties": {
        "trail": "Appalachian Trail",
        "route_id": "at-mvp3-midatlantic-harpers-ferry-delaware-water-gap-open-2026",
        "source_route_id": "at-main-osm-2026-open",
        "mile_nobo_global_est": 1269.5,
        "mile_nobo_mvp3": 263.5,
        "mile_sobo_mvp3": 0.5,
        "state": "PA",
        "milepoint_type": "generated",
        "official": false,
        "confidence": "estimated_from_open_route_geometry_with_known_length_gap",
        "source_id": "osm",
        "source_url": "https://www.openstreetmap.org/relation/156553",
        "source_access_url": "https://hiking.waymarkedtrails.org/api/v1/details/relation/156553",
        "license_status": "open_license_share_alike",
        "source_license": "ODbL",
        "attribution": "OpenStreetMap contributors",
        "last_checked": "2026-05-13",
        "last_generated": "2026-05-14",
        "ai_answer_rule": "Generated mile based on Scout MVP3 Mid-Atlantic open route geometry, not an official ATC mile. Use for source-aware planning only."
      },
      "geometry": {
        "type": "Point",
        "coordinates": [
          -75.140093,
          40.978252
        ]
      }
    },
    {
      "type": "Feature",
      "properties": {
        "trail": "Appalachian Trail",
        "route_id": "at-mvp3-midatlantic-harpers-ferry-delaware-water-gap-open-2026",
        "source_route_id": "at-main-osm-2026-open",
        "mile_nobo_global_est": 1270,
        "mile_nobo_mvp3": 264,
        "mile_sobo_mvp3": 0,
        "state": "PA",
        "milepoint_type": "generated",
        "official": false,
        "confidence": "estimated_from_open_route_geometry_with_known_length_gap",
        "source_id": "osm",
        "source_url": "https://www.openstreetmap.org/relation/156553",
        "source_access_url": "https://hiking.waymarkedtrails.org/api/v1/details/relation/156553",
        "license_status": "open_license_share_alike",
        "source_license": "ODbL",
        "attribution": "OpenStreetMap contributors",
        "last_checked": "2026-05-13",
        "last_generated": "2026-05-14",
        "ai_answer_rule": "Generated mile based on Scout MVP3 Mid-Atlantic open route geometry, not an official ATC mile. Use for source-aware planning only."
      },
      "geometry": {
        "type": "Point",
        "coordinates": [
          -75.139222,
          40.982788
        ]
      }
    }
  ]
}
