{
  "type": "FeatureCollection",
  "name": "Scout MVP6 Maine generated milepoints 1mi",
  "features": [
    {
      "type": "Feature",
      "properties": {
        "trail": "Appalachian Trail",
        "route_id": "at-mvp6-maine-nh-me-katahdin-open-2026",
        "source_route_id": "at-main-osm-2026-open",
        "mile_nobo_global_est": 1853,
        "mile_nobo_mvp6": 0,
        "mile_sobo_mvp6": 253.2,
        "state": "ME",
        "milepoint_type": "generated",
        "official": false,
        "confidence": "estimated_from_open_route_geometry_with_known_length_gap",
        "source_id": "osm",
        "source_url": "https://www.openstreetmap.org/relation/156553",
        "source_access_url": "https://hiking.waymarkedtrails.org/api/v1/details/relation/156553",
        "license_status": "open_license_share_alike",
        "source_license": "ODbL",
        "attribution": "OpenStreetMap contributors",
        "last_checked": "2026-05-13",
        "last_generated": "2026-05-14",
        "ai_answer_rule": "Generated mile based on Scout MVP6 Maine open route geometry, not an official ATC mile. Use for source-aware planning only."
      },
      "geometry": {
        "type": "Point",
        "coordinates": [
          -70.981207,
          44.525507
        ]
      }
    },
    {
      "type": "Feature",
      "properties": {
        "trail": "Appalachian Trail",
        "route_id": "at-mvp6-maine-nh-me-katahdin-open-2026",
        "source_route_id": "at-main-osm-2026-open",
        "mile_nobo_global_est": 1854,
        "mile_nobo_mvp6": 1,
        "mile_sobo_mvp6": 252.2,
        "state": "ME",
        "milepoint_type": "generated",
        "official": false,
        "confidence": "estimated_from_open_route_geometry_with_known_length_gap",
        "source_id": "osm",
        "source_url": "https://www.openstreetmap.org/relation/156553",
        "source_access_url": "https://hiking.waymarkedtrails.org/api/v1/details/relation/156553",
        "license_status": "open_license_share_alike",
        "source_license": "ODbL",
        "attribution": "OpenStreetMap contributors",
        "last_checked": "2026-05-13",
        "last_generated": "2026-05-14",
        "ai_answer_rule": "Generated mile based on Scout MVP6 Maine open route geometry, not an official ATC mile. Use for source-aware planning only."
      },
      "geometry": {
        "type": "Point",
        "coordinates": [
          -70.986828,
          44.536512
        ]
      }
    },
    {
      "type": "Feature",
      "properties": {
        "trail": "Appalachian Trail",
        "route_id": "at-mvp6-maine-nh-me-katahdin-open-2026",
        "source_route_id": "at-main-osm-2026-open",
        "mile_nobo_global_est": 1855,
        "mile_nobo_mvp6": 2,
        "mile_sobo_mvp6": 251.2,
        "state": "ME",
        "milepoint_type": "generated",
        "official": false,
        "confidence": "estimated_from_open_route_geometry_with_known_length_gap",
        "source_id": "osm",
        "source_url": "https://www.openstreetmap.org/relation/156553",
        "source_access_url": "https://hiking.waymarkedtrails.org/api/v1/details/relation/156553",
        "license_status": "open_license_share_alike",
        "source_license": "ODbL",
        "attribution": "OpenStreetMap contributors",
        "last_checked": "2026-05-13",
        "last_generated": "2026-05-14",
        "ai_answer_rule": "Generated mile based on Scout MVP6 Maine open route geometry, not an official ATC mile. Use for source-aware planning only."
      },
      "geometry": {
        "type": "Point",
        "coordinates": [
          -70.978979,
          44.544801
        ]
      }
    },
    {
      "type": "Feature",
      "properties": {
        "trail": "Appalachian Trail",
        "route_id": "at-mvp6-maine-nh-me-katahdin-open-2026",
        "source_route_id": "at-main-osm-2026-open",
        "mile_nobo_global_est": 1856,
        "mile_nobo_mvp6": 3,
        "mile_sobo_mvp6": 250.2,
        "state": "ME",
        "milepoint_type": "generated",
        "official": false,
        "confidence": "estimated_from_open_route_geometry_with_known_length_gap",
        "source_id": "osm",
        "source_url": "https://www.openstreetmap.org/relation/156553",
        "source_access_url": "https://hiking.waymarkedtrails.org/api/v1/details/relation/156553",
        "license_status": "open_license_share_alike",
        "source_license": "ODbL",
        "attribution": "OpenStreetMap contributors",
        "last_checked": "2026-05-13",
        "last_generated": "2026-05-14",
        "ai_answer_rule": "Generated mile based on Scout MVP6 Maine open route geometry, not an official ATC mile. Use for source-aware planning only."
      },
      "geometry": {
        "type": "Point",
        "coordinates": [
          -70.978731,
          44.55706
        ]
      }
    },
    {
      "type": "Feature",
      "properties": {
        "trail": "Appalachian Trail",
        "route_id": "at-mvp6-maine-nh-me-katahdin-open-2026",
        "source_route_id": "at-main-osm-2026-open",
        "mile_nobo_global_est": 1857,
        "mile_nobo_mvp6": 4,
        "mile_sobo_mvp6": 249.2,
        "state": "ME",
        "milepoint_type": "generated",
        "official": false,
        "confidence": "estimated_from_open_route_geometry_with_known_length_gap",
        "source_id": "osm",
        "source_url": "https://www.openstreetmap.org/relation/156553",
        "source_access_url": "https://hiking.waymarkedtrails.org/api/v1/details/relation/156553",
        "license_status": "open_license_share_alike",
        "source_license": "ODbL",
        "attribution": "OpenStreetMap contributors",
        "last_checked": "2026-05-13",
        "last_generated": "2026-05-14",
        "ai_answer_rule": "Generated mile based on Scout MVP6 Maine open route geometry, not an official ATC mile. Use for source-aware planning only."
      },
      "geometry": {
        "type": "Point",
        "coordinates": [
          -70.972472,
          44.56444
        ]
      }
    },
    {
      "type": "Feature",
      "properties": {
        "trail": "Appalachian Trail",
        "route_id": "at-mvp6-maine-nh-me-katahdin-open-2026",
        "source_route_id": "at-main-osm-2026-open",
        "mile_nobo_global_est": 1858,
        "mile_nobo_mvp6": 5,
        "mile_sobo_mvp6": 248.2,
        "state": "ME",
        "milepoint_type": "generated",
        "official": false,
        "confidence": "estimated_from_open_route_geometry_with_known_length_gap",
        "source_id": "osm",
        "source_url": "https://www.openstreetmap.org/relation/156553",
        "source_access_url": "https://hiking.waymarkedtrails.org/api/v1/details/relation/156553",
        "license_status": "open_license_share_alike",
        "source_license": "ODbL",
        "attribution": "OpenStreetMap contributors",
        "last_checked": "2026-05-13",
        "last_generated": "2026-05-14",
        "ai_answer_rule": "Generated mile based on Scout MVP6 Maine open route geometry, not an official ATC mile. Use for source-aware planning only."
      },
      "geometry": {
        "type": "Point",
        "coordinates": [
          -70.958196,
          44.571922
        ]
      }
    },
    {
      "type": "Feature",
      "properties": {
        "trail": "Appalachian Trail",
        "route_id": "at-mvp6-maine-nh-me-katahdin-open-2026",
        "source_route_id": "at-main-osm-2026-open",
        "mile_nobo_global_est": 1859,
        "mile_nobo_mvp6": 6,
        "mile_sobo_mvp6": 247.2,
        "state": "ME",
        "milepoint_type": "generated",
        "official": false,
        "confidence": "estimated_from_open_route_geometry_with_known_length_gap",
        "source_id": "osm",
        "source_url": "https://www.openstreetmap.org/relation/156553",
        "source_access_url": "https://hiking.waymarkedtrails.org/api/v1/details/relation/156553",
        "license_status": "open_license_share_alike",
        "source_license": "ODbL",
        "attribution": "OpenStreetMap contributors",
        "last_checked": "2026-05-13",
        "last_generated": "2026-05-14",
        "ai_answer_rule": "Generated mile based on Scout MVP6 Maine open route geometry, not an official ATC mile. Use for source-aware planning only."
      },
      "geometry": {
        "type": "Point",
        "coordinates": [
          -70.964865,
          44.583154
        ]
      }
    },
    {
      "type": "Feature",
      "properties": {
        "trail": "Appalachian Trail",
        "route_id": "at-mvp6-maine-nh-me-katahdin-open-2026",
        "source_route_id": "at-main-osm-2026-open",
        "mile_nobo_global_est": 1860,
        "mile_nobo_mvp6": 7,
        "mile_sobo_mvp6": 246.2,
        "state": "ME",
        "milepoint_type": "generated",
        "official": false,
        "confidence": "estimated_from_open_route_geometry_with_known_length_gap",
        "source_id": "osm",
        "source_url": "https://www.openstreetmap.org/relation/156553",
        "source_access_url": "https://hiking.waymarkedtrails.org/api/v1/details/relation/156553",
        "license_status": "open_license_share_alike",
        "source_license": "ODbL",
        "attribution": "OpenStreetMap contributors",
        "last_checked": "2026-05-13",
        "last_generated": "2026-05-14",
        "ai_answer_rule": "Generated mile based on Scout MVP6 Maine open route geometry, not an official ATC mile. Use for source-aware planning only."
      },
      "geometry": {
        "type": "Point",
        "coordinates": [
          -70.956839,
          44.590246
        ]
      }
    },
    {
      "type": "Feature",
      "properties": {
        "trail": "Appalachian Trail",
        "route_id": "at-mvp6-maine-nh-me-katahdin-open-2026",
        "source_route_id": "at-main-osm-2026-open",
        "mile_nobo_global_est": 1861,
        "mile_nobo_mvp6": 8,
        "mile_sobo_mvp6": 245.2,
        "state": "ME",
        "milepoint_type": "generated",
        "official": false,
        "confidence": "estimated_from_open_route_geometry_with_known_length_gap",
        "source_id": "osm",
        "source_url": "https://www.openstreetmap.org/relation/156553",
        "source_access_url": "https://hiking.waymarkedtrails.org/api/v1/details/relation/156553",
        "license_status": "open_license_share_alike",
        "source_license": "ODbL",
        "attribution": "OpenStreetMap contributors",
        "last_checked": "2026-05-13",
        "last_generated": "2026-05-14",
        "ai_answer_rule": "Generated mile based on Scout MVP6 Maine open route geometry, not an official ATC mile. Use for source-aware planning only."
      },
      "geometry": {
        "type": "Point",
        "coordinates": [
          -70.94737,
          44.590252
        ]
      }
    },
    {
      "type": "Feature",
      "properties": {
        "trail": "Appalachian Trail",
        "route_id": "at-mvp6-maine-nh-me-katahdin-open-2026",
        "source_route_id": "at-main-osm-2026-open",
        "mile_nobo_global_est": 1862,
        "mile_nobo_mvp6": 9,
        "mile_sobo_mvp6": 244.2,
        "state": "ME",
        "milepoint_type": "generated",
        "official": false,
        "confidence": "estimated_from_open_route_geometry_with_known_length_gap",
        "source_id": "osm",
        "source_url": "https://www.openstreetmap.org/relation/156553",
        "source_access_url": "https://hiking.waymarkedtrails.org/api/v1/details/relation/156553",
        "license_status": "open_license_share_alike",
        "source_license": "ODbL",
        "attribution": "OpenStreetMap contributors",
        "last_checked": "2026-05-13",
        "last_generated": "2026-05-14",
        "ai_answer_rule": "Generated mile based on Scout MVP6 Maine open route geometry, not an official ATC mile. Use for source-aware planning only."
      },
      "geometry": {
        "type": "Point",
        "coordinates": [
          -70.932663,
          44.596397
        ]
      }
    },
    {
      "type": "Feature",
      "properties": {
        "trail": "Appalachian Trail",
        "route_id": "at-mvp6-maine-nh-me-katahdin-open-2026",
        "source_route_id": "at-main-osm-2026-open",
        "mile_nobo_global_est": 1863,
        "mile_nobo_mvp6": 10,
        "mile_sobo_mvp6": 243.2,
        "state": "ME",
        "milepoint_type": "generated",
        "official": false,
        "confidence": "estimated_from_open_route_geometry_with_known_length_gap",
        "source_id": "osm",
        "source_url": "https://www.openstreetmap.org/relation/156553",
        "source_access_url": "https://hiking.waymarkedtrails.org/api/v1/details/relation/156553",
        "license_status": "open_license_share_alike",
        "source_license": "ODbL",
        "attribution": "OpenStreetMap contributors",
        "last_checked": "2026-05-13",
        "last_generated": "2026-05-14",
        "ai_answer_rule": "Generated mile based on Scout MVP6 Maine open route geometry, not an official ATC mile. Use for source-aware planning only."
      },
      "geometry": {
        "type": "Point",
        "coordinates": [
          -70.916557,
          44.599772
        ]
      }
    },
    {
      "type": "Feature",
      "properties": {
        "trail": "Appalachian Trail",
        "route_id": "at-mvp6-maine-nh-me-katahdin-open-2026",
        "source_route_id": "at-main-osm-2026-open",
        "mile_nobo_global_est": 1864,
        "mile_nobo_mvp6": 11,
        "mile_sobo_mvp6": 242.2,
        "state": "ME",
        "milepoint_type": "generated",
        "official": false,
        "confidence": "estimated_from_open_route_geometry_with_known_length_gap",
        "source_id": "osm",
        "source_url": "https://www.openstreetmap.org/relation/156553",
        "source_access_url": "https://hiking.waymarkedtrails.org/api/v1/details/relation/156553",
        "license_status": "open_license_share_alike",
        "source_license": "ODbL",
        "attribution": "OpenStreetMap contributors",
        "last_checked": "2026-05-13",
        "last_generated": "2026-05-14",
        "ai_answer_rule": "Generated mile based on Scout MVP6 Maine open route geometry, not an official ATC mile. Use for source-aware planning only."
      },
      "geometry": {
        "type": "Point",
        "coordinates": [
          -70.900523,
          44.60285
        ]
      }
    },
    {
      "type": "Feature",
      "properties": {
        "trail": "Appalachian Trail",
        "route_id": "at-mvp6-maine-nh-me-katahdin-open-2026",
        "source_route_id": "at-main-osm-2026-open",
        "mile_nobo_global_est": 1865,
        "mile_nobo_mvp6": 12,
        "mile_sobo_mvp6": 241.2,
        "state": "ME",
        "milepoint_type": "generated",
        "official": false,
        "confidence": "estimated_from_open_route_geometry_with_known_length_gap",
        "source_id": "osm",
        "source_url": "https://www.openstreetmap.org/relation/156553",
        "source_access_url": "https://hiking.waymarkedtrails.org/api/v1/details/relation/156553",
        "license_status": "open_license_share_alike",
        "source_license": "ODbL",
        "attribution": "OpenStreetMap contributors",
        "last_checked": "2026-05-13",
        "last_generated": "2026-05-14",
        "ai_answer_rule": "Generated mile based on Scout MVP6 Maine open route geometry, not an official ATC mile. Use for source-aware planning only."
      },
      "geometry": {
        "type": "Point",
        "coordinates": [
          -70.891712,
          44.612843
        ]
      }
    },
    {
      "type": "Feature",
      "properties": {
        "trail": "Appalachian Trail",
        "route_id": "at-mvp6-maine-nh-me-katahdin-open-2026",
        "source_route_id": "at-main-osm-2026-open",
        "mile_nobo_global_est": 1866,
        "mile_nobo_mvp6": 13,
        "mile_sobo_mvp6": 240.2,
        "state": "ME",
        "milepoint_type": "generated",
        "official": false,
        "confidence": "estimated_from_open_route_geometry_with_known_length_gap",
        "source_id": "osm",
        "source_url": "https://www.openstreetmap.org/relation/156553",
        "source_access_url": "https://hiking.waymarkedtrails.org/api/v1/details/relation/156553",
        "license_status": "open_license_share_alike",
        "source_license": "ODbL",
        "attribution": "OpenStreetMap contributors",
        "last_checked": "2026-05-13",
        "last_generated": "2026-05-14",
        "ai_answer_rule": "Generated mile based on Scout MVP6 Maine open route geometry, not an official ATC mile. Use for source-aware planning only."
      },
      "geometry": {
        "type": "Point",
        "coordinates": [
          -70.897184,
          44.62587
        ]
      }
    },
    {
      "type": "Feature",
      "properties": {
        "trail": "Appalachian Trail",
        "route_id": "at-mvp6-maine-nh-me-katahdin-open-2026",
        "source_route_id": "at-main-osm-2026-open",
        "mile_nobo_global_est": 1867,
        "mile_nobo_mvp6": 14,
        "mile_sobo_mvp6": 239.2,
        "state": "ME",
        "milepoint_type": "generated",
        "official": false,
        "confidence": "estimated_from_open_route_geometry_with_known_length_gap",
        "source_id": "osm",
        "source_url": "https://www.openstreetmap.org/relation/156553",
        "source_access_url": "https://hiking.waymarkedtrails.org/api/v1/details/relation/156553",
        "license_status": "open_license_share_alike",
        "source_license": "ODbL",
        "attribution": "OpenStreetMap contributors",
        "last_checked": "2026-05-13",
        "last_generated": "2026-05-14",
        "ai_answer_rule": "Generated mile based on Scout MVP6 Maine open route geometry, not an official ATC mile. Use for source-aware planning only."
      },
      "geometry": {
        "type": "Point",
        "coordinates": [
          -70.899139,
          44.635177
        ]
      }
    },
    {
      "type": "Feature",
      "properties": {
        "trail": "Appalachian Trail",
        "route_id": "at-mvp6-maine-nh-me-katahdin-open-2026",
        "source_route_id": "at-main-osm-2026-open",
        "mile_nobo_global_est": 1868,
        "mile_nobo_mvp6": 15,
        "mile_sobo_mvp6": 238.2,
        "state": "ME",
        "milepoint_type": "generated",
        "official": false,
        "confidence": "estimated_from_open_route_geometry_with_known_length_gap",
        "source_id": "osm",
        "source_url": "https://www.openstreetmap.org/relation/156553",
        "source_access_url": "https://hiking.waymarkedtrails.org/api/v1/details/relation/156553",
        "license_status": "open_license_share_alike",
        "source_license": "ODbL",
        "attribution": "OpenStreetMap contributors",
        "last_checked": "2026-05-13",
        "last_generated": "2026-05-14",
        "ai_answer_rule": "Generated mile based on Scout MVP6 Maine open route geometry, not an official ATC mile. Use for source-aware planning only."
      },
      "geometry": {
        "type": "Point",
        "coordinates": [
          -70.889359,
          44.642608
        ]
      }
    },
    {
      "type": "Feature",
      "properties": {
        "trail": "Appalachian Trail",
        "route_id": "at-mvp6-maine-nh-me-katahdin-open-2026",
        "source_route_id": "at-main-osm-2026-open",
        "mile_nobo_global_est": 1869,
        "mile_nobo_mvp6": 16,
        "mile_sobo_mvp6": 237.2,
        "state": "ME",
        "milepoint_type": "generated",
        "official": false,
        "confidence": "estimated_from_open_route_geometry_with_known_length_gap",
        "source_id": "osm",
        "source_url": "https://www.openstreetmap.org/relation/156553",
        "source_access_url": "https://hiking.waymarkedtrails.org/api/v1/details/relation/156553",
        "license_status": "open_license_share_alike",
        "source_license": "ODbL",
        "attribution": "OpenStreetMap contributors",
        "last_checked": "2026-05-13",
        "last_generated": "2026-05-14",
        "ai_answer_rule": "Generated mile based on Scout MVP6 Maine open route geometry, not an official ATC mile. Use for source-aware planning only."
      },
      "geometry": {
        "type": "Point",
        "coordinates": [
          -70.897179,
          44.654109
        ]
      }
    },
    {
      "type": "Feature",
      "properties": {
        "trail": "Appalachian Trail",
        "route_id": "at-mvp6-maine-nh-me-katahdin-open-2026",
        "source_route_id": "at-main-osm-2026-open",
        "mile_nobo_global_est": 1870,
        "mile_nobo_mvp6": 17,
        "mile_sobo_mvp6": 236.2,
        "state": "ME",
        "milepoint_type": "generated",
        "official": false,
        "confidence": "estimated_from_open_route_geometry_with_known_length_gap",
        "source_id": "osm",
        "source_url": "https://www.openstreetmap.org/relation/156553",
        "source_access_url": "https://hiking.waymarkedtrails.org/api/v1/details/relation/156553",
        "license_status": "open_license_share_alike",
        "source_license": "ODbL",
        "attribution": "OpenStreetMap contributors",
        "last_checked": "2026-05-13",
        "last_generated": "2026-05-14",
        "ai_answer_rule": "Generated mile based on Scout MVP6 Maine open route geometry, not an official ATC mile. Use for source-aware planning only."
      },
      "geometry": {
        "type": "Point",
        "coordinates": [
          -70.894447,
          44.663127
        ]
      }
    },
    {
      "type": "Feature",
      "properties": {
        "trail": "Appalachian Trail",
        "route_id": "at-mvp6-maine-nh-me-katahdin-open-2026",
        "source_route_id": "at-main-osm-2026-open",
        "mile_nobo_global_est": 1871,
        "mile_nobo_mvp6": 18,
        "mile_sobo_mvp6": 235.2,
        "state": "ME",
        "milepoint_type": "generated",
        "official": false,
        "confidence": "estimated_from_open_route_geometry_with_known_length_gap",
        "source_id": "osm",
        "source_url": "https://www.openstreetmap.org/relation/156553",
        "source_access_url": "https://hiking.waymarkedtrails.org/api/v1/details/relation/156553",
        "license_status": "open_license_share_alike",
        "source_license": "ODbL",
        "attribution": "OpenStreetMap contributors",
        "last_checked": "2026-05-13",
        "last_generated": "2026-05-14",
        "ai_answer_rule": "Generated mile based on Scout MVP6 Maine open route geometry, not an official ATC mile. Use for source-aware planning only."
      },
      "geometry": {
        "type": "Point",
        "coordinates": [
          -70.883055,
          44.671425
        ]
      }
    },
    {
      "type": "Feature",
      "properties": {
        "trail": "Appalachian Trail",
        "route_id": "at-mvp6-maine-nh-me-katahdin-open-2026",
        "source_route_id": "at-main-osm-2026-open",
        "mile_nobo_global_est": 1872,
        "mile_nobo_mvp6": 19,
        "mile_sobo_mvp6": 234.2,
        "state": "ME",
        "milepoint_type": "generated",
        "official": false,
        "confidence": "estimated_from_open_route_geometry_with_known_length_gap",
        "source_id": "osm",
        "source_url": "https://www.openstreetmap.org/relation/156553",
        "source_access_url": "https://hiking.waymarkedtrails.org/api/v1/details/relation/156553",
        "license_status": "open_license_share_alike",
        "source_license": "ODbL",
        "attribution": "OpenStreetMap contributors",
        "last_checked": "2026-05-13",
        "last_generated": "2026-05-14",
        "ai_answer_rule": "Generated mile based on Scout MVP6 Maine open route geometry, not an official ATC mile. Use for source-aware planning only."
      },
      "geometry": {
        "type": "Point",
        "coordinates": [
          -70.865142,
          44.674071
        ]
      }
    },
    {
      "type": "Feature",
      "properties": {
        "trail": "Appalachian Trail",
        "route_id": "at-mvp6-maine-nh-me-katahdin-open-2026",
        "source_route_id": "at-main-osm-2026-open",
        "mile_nobo_global_est": 1873,
        "mile_nobo_mvp6": 20,
        "mile_sobo_mvp6": 233.2,
        "state": "ME",
        "milepoint_type": "generated",
        "official": false,
        "confidence": "estimated_from_open_route_geometry_with_known_length_gap",
        "source_id": "osm",
        "source_url": "https://www.openstreetmap.org/relation/156553",
        "source_access_url": "https://hiking.waymarkedtrails.org/api/v1/details/relation/156553",
        "license_status": "open_license_share_alike",
        "source_license": "ODbL",
        "attribution": "OpenStreetMap contributors",
        "last_checked": "2026-05-13",
        "last_generated": "2026-05-14",
        "ai_answer_rule": "Generated mile based on Scout MVP6 Maine open route geometry, not an official ATC mile. Use for source-aware planning only."
      },
      "geometry": {
        "type": "Point",
        "coordinates": [
          -70.847561,
          44.673089
        ]
      }
    },
    {
      "type": "Feature",
      "properties": {
        "trail": "Appalachian Trail",
        "route_id": "at-mvp6-maine-nh-me-katahdin-open-2026",
        "source_route_id": "at-main-osm-2026-open",
        "mile_nobo_global_est": 1874,
        "mile_nobo_mvp6": 21,
        "mile_sobo_mvp6": 232.2,
        "state": "ME",
        "milepoint_type": "generated",
        "official": false,
        "confidence": "estimated_from_open_route_geometry_with_known_length_gap",
        "source_id": "osm",
        "source_url": "https://www.openstreetmap.org/relation/156553",
        "source_access_url": "https://hiking.waymarkedtrails.org/api/v1/details/relation/156553",
        "license_status": "open_license_share_alike",
        "source_license": "ODbL",
        "attribution": "OpenStreetMap contributors",
        "last_checked": "2026-05-13",
        "last_generated": "2026-05-14",
        "ai_answer_rule": "Generated mile based on Scout MVP6 Maine open route geometry, not an official ATC mile. Use for source-aware planning only."
      },
      "geometry": {
        "type": "Point",
        "coordinates": [
          -70.837418,
          44.68104
        ]
      }
    },
    {
      "type": "Feature",
      "properties": {
        "trail": "Appalachian Trail",
        "route_id": "at-mvp6-maine-nh-me-katahdin-open-2026",
        "source_route_id": "at-main-osm-2026-open",
        "mile_nobo_global_est": 1875,
        "mile_nobo_mvp6": 22,
        "mile_sobo_mvp6": 231.2,
        "state": "ME",
        "milepoint_type": "generated",
        "official": false,
        "confidence": "estimated_from_open_route_geometry_with_known_length_gap",
        "source_id": "osm",
        "source_url": "https://www.openstreetmap.org/relation/156553",
        "source_access_url": "https://hiking.waymarkedtrails.org/api/v1/details/relation/156553",
        "license_status": "open_license_share_alike",
        "source_license": "ODbL",
        "attribution": "OpenStreetMap contributors",
        "last_checked": "2026-05-13",
        "last_generated": "2026-05-14",
        "ai_answer_rule": "Generated mile based on Scout MVP6 Maine open route geometry, not an official ATC mile. Use for source-aware planning only."
      },
      "geometry": {
        "type": "Point",
        "coordinates": [
          -70.836087,
          44.693322
        ]
      }
    },
    {
      "type": "Feature",
      "properties": {
        "trail": "Appalachian Trail",
        "route_id": "at-mvp6-maine-nh-me-katahdin-open-2026",
        "source_route_id": "at-main-osm-2026-open",
        "mile_nobo_global_est": 1876,
        "mile_nobo_mvp6": 23,
        "mile_sobo_mvp6": 230.2,
        "state": "ME",
        "milepoint_type": "generated",
        "official": false,
        "confidence": "estimated_from_open_route_geometry_with_known_length_gap",
        "source_id": "osm",
        "source_url": "https://www.openstreetmap.org/relation/156553",
        "source_access_url": "https://hiking.waymarkedtrails.org/api/v1/details/relation/156553",
        "license_status": "open_license_share_alike",
        "source_license": "ODbL",
        "attribution": "OpenStreetMap contributors",
        "last_checked": "2026-05-13",
        "last_generated": "2026-05-14",
        "ai_answer_rule": "Generated mile based on Scout MVP6 Maine open route geometry, not an official ATC mile. Use for source-aware planning only."
      },
      "geometry": {
        "type": "Point",
        "coordinates": [
          -70.821967,
          44.702252
        ]
      }
    },
    {
      "type": "Feature",
      "properties": {
        "trail": "Appalachian Trail",
        "route_id": "at-mvp6-maine-nh-me-katahdin-open-2026",
        "source_route_id": "at-main-osm-2026-open",
        "mile_nobo_global_est": 1877,
        "mile_nobo_mvp6": 24,
        "mile_sobo_mvp6": 229.2,
        "state": "ME",
        "milepoint_type": "generated",
        "official": false,
        "confidence": "estimated_from_open_route_geometry_with_known_length_gap",
        "source_id": "osm",
        "source_url": "https://www.openstreetmap.org/relation/156553",
        "source_access_url": "https://hiking.waymarkedtrails.org/api/v1/details/relation/156553",
        "license_status": "open_license_share_alike",
        "source_license": "ODbL",
        "attribution": "OpenStreetMap contributors",
        "last_checked": "2026-05-13",
        "last_generated": "2026-05-14",
        "ai_answer_rule": "Generated mile based on Scout MVP6 Maine open route geometry, not an official ATC mile. Use for source-aware planning only."
      },
      "geometry": {
        "type": "Point",
        "coordinates": [
          -70.814934,
          44.712604
        ]
      }
    },
    {
      "type": "Feature",
      "properties": {
        "trail": "Appalachian Trail",
        "route_id": "at-mvp6-maine-nh-me-katahdin-open-2026",
        "source_route_id": "at-main-osm-2026-open",
        "mile_nobo_global_est": 1878,
        "mile_nobo_mvp6": 25,
        "mile_sobo_mvp6": 228.2,
        "state": "ME",
        "milepoint_type": "generated",
        "official": false,
        "confidence": "estimated_from_open_route_geometry_with_known_length_gap",
        "source_id": "osm",
        "source_url": "https://www.openstreetmap.org/relation/156553",
        "source_access_url": "https://hiking.waymarkedtrails.org/api/v1/details/relation/156553",
        "license_status": "open_license_share_alike",
        "source_license": "ODbL",
        "attribution": "OpenStreetMap contributors",
        "last_checked": "2026-05-13",
        "last_generated": "2026-05-14",
        "ai_answer_rule": "Generated mile based on Scout MVP6 Maine open route geometry, not an official ATC mile. Use for source-aware planning only."
      },
      "geometry": {
        "type": "Point",
        "coordinates": [
          -70.803736,
          44.712202
        ]
      }
    },
    {
      "type": "Feature",
      "properties": {
        "trail": "Appalachian Trail",
        "route_id": "at-mvp6-maine-nh-me-katahdin-open-2026",
        "source_route_id": "at-main-osm-2026-open",
        "mile_nobo_global_est": 1879,
        "mile_nobo_mvp6": 26,
        "mile_sobo_mvp6": 227.2,
        "state": "ME",
        "milepoint_type": "generated",
        "official": false,
        "confidence": "estimated_from_open_route_geometry_with_known_length_gap",
        "source_id": "osm",
        "source_url": "https://www.openstreetmap.org/relation/156553",
        "source_access_url": "https://hiking.waymarkedtrails.org/api/v1/details/relation/156553",
        "license_status": "open_license_share_alike",
        "source_license": "ODbL",
        "attribution": "OpenStreetMap contributors",
        "last_checked": "2026-05-13",
        "last_generated": "2026-05-14",
        "ai_answer_rule": "Generated mile based on Scout MVP6 Maine open route geometry, not an official ATC mile. Use for source-aware planning only."
      },
      "geometry": {
        "type": "Point",
        "coordinates": [
          -70.790862,
          44.719837
        ]
      }
    },
    {
      "type": "Feature",
      "properties": {
        "trail": "Appalachian Trail",
        "route_id": "at-mvp6-maine-nh-me-katahdin-open-2026",
        "source_route_id": "at-main-osm-2026-open",
        "mile_nobo_global_est": 1880,
        "mile_nobo_mvp6": 27,
        "mile_sobo_mvp6": 226.2,
        "state": "ME",
        "milepoint_type": "generated",
        "official": false,
        "confidence": "estimated_from_open_route_geometry_with_known_length_gap",
        "source_id": "osm",
        "source_url": "https://www.openstreetmap.org/relation/156553",
        "source_access_url": "https://hiking.waymarkedtrails.org/api/v1/details/relation/156553",
        "license_status": "open_license_share_alike",
        "source_license": "ODbL",
        "attribution": "OpenStreetMap contributors",
        "last_checked": "2026-05-13",
        "last_generated": "2026-05-14",
        "ai_answer_rule": "Generated mile based on Scout MVP6 Maine open route geometry, not an official ATC mile. Use for source-aware planning only."
      },
      "geometry": {
        "type": "Point",
        "coordinates": [
          -70.779447,
          44.728228
        ]
      }
    },
    {
      "type": "Feature",
      "properties": {
        "trail": "Appalachian Trail",
        "route_id": "at-mvp6-maine-nh-me-katahdin-open-2026",
        "source_route_id": "at-main-osm-2026-open",
        "mile_nobo_global_est": 1881,
        "mile_nobo_mvp6": 28,
        "mile_sobo_mvp6": 225.2,
        "state": "ME",
        "milepoint_type": "generated",
        "official": false,
        "confidence": "estimated_from_open_route_geometry_with_known_length_gap",
        "source_id": "osm",
        "source_url": "https://www.openstreetmap.org/relation/156553",
        "source_access_url": "https://hiking.waymarkedtrails.org/api/v1/details/relation/156553",
        "license_status": "open_license_share_alike",
        "source_license": "ODbL",
        "attribution": "OpenStreetMap contributors",
        "last_checked": "2026-05-13",
        "last_generated": "2026-05-14",
        "ai_answer_rule": "Generated mile based on Scout MVP6 Maine open route geometry, not an official ATC mile. Use for source-aware planning only."
      },
      "geometry": {
        "type": "Point",
        "coordinates": [
          -70.773784,
          44.74098
        ]
      }
    },
    {
      "type": "Feature",
      "properties": {
        "trail": "Appalachian Trail",
        "route_id": "at-mvp6-maine-nh-me-katahdin-open-2026",
        "source_route_id": "at-main-osm-2026-open",
        "mile_nobo_global_est": 1882,
        "mile_nobo_mvp6": 29,
        "mile_sobo_mvp6": 224.2,
        "state": "ME",
        "milepoint_type": "generated",
        "official": false,
        "confidence": "estimated_from_open_route_geometry_with_known_length_gap",
        "source_id": "osm",
        "source_url": "https://www.openstreetmap.org/relation/156553",
        "source_access_url": "https://hiking.waymarkedtrails.org/api/v1/details/relation/156553",
        "license_status": "open_license_share_alike",
        "source_license": "ODbL",
        "attribution": "OpenStreetMap contributors",
        "last_checked": "2026-05-13",
        "last_generated": "2026-05-14",
        "ai_answer_rule": "Generated mile based on Scout MVP6 Maine open route geometry, not an official ATC mile. Use for source-aware planning only."
      },
      "geometry": {
        "type": "Point",
        "coordinates": [
          -70.766773,
          44.750657
        ]
      }
    },
    {
      "type": "Feature",
      "properties": {
        "trail": "Appalachian Trail",
        "route_id": "at-mvp6-maine-nh-me-katahdin-open-2026",
        "source_route_id": "at-main-osm-2026-open",
        "mile_nobo_global_est": 1883,
        "mile_nobo_mvp6": 30,
        "mile_sobo_mvp6": 223.2,
        "state": "ME",
        "milepoint_type": "generated",
        "official": false,
        "confidence": "estimated_from_open_route_geometry_with_known_length_gap",
        "source_id": "osm",
        "source_url": "https://www.openstreetmap.org/relation/156553",
        "source_access_url": "https://hiking.waymarkedtrails.org/api/v1/details/relation/156553",
        "license_status": "open_license_share_alike",
        "source_license": "ODbL",
        "attribution": "OpenStreetMap contributors",
        "last_checked": "2026-05-13",
        "last_generated": "2026-05-14",
        "ai_answer_rule": "Generated mile based on Scout MVP6 Maine open route geometry, not an official ATC mile. Use for source-aware planning only."
      },
      "geometry": {
        "type": "Point",
        "coordinates": [
          -70.768988,
          44.764794
        ]
      }
    },
    {
      "type": "Feature",
      "properties": {
        "trail": "Appalachian Trail",
        "route_id": "at-mvp6-maine-nh-me-katahdin-open-2026",
        "source_route_id": "at-main-osm-2026-open",
        "mile_nobo_global_est": 1884,
        "mile_nobo_mvp6": 31,
        "mile_sobo_mvp6": 222.2,
        "state": "ME",
        "milepoint_type": "generated",
        "official": false,
        "confidence": "estimated_from_open_route_geometry_with_known_length_gap",
        "source_id": "osm",
        "source_url": "https://www.openstreetmap.org/relation/156553",
        "source_access_url": "https://hiking.waymarkedtrails.org/api/v1/details/relation/156553",
        "license_status": "open_license_share_alike",
        "source_license": "ODbL",
        "attribution": "OpenStreetMap contributors",
        "last_checked": "2026-05-13",
        "last_generated": "2026-05-14",
        "ai_answer_rule": "Generated mile based on Scout MVP6 Maine open route geometry, not an official ATC mile. Use for source-aware planning only."
      },
      "geometry": {
        "type": "Point",
        "coordinates": [
          -70.767863,
          44.778069
        ]
      }
    },
    {
      "type": "Feature",
      "properties": {
        "trail": "Appalachian Trail",
        "route_id": "at-mvp6-maine-nh-me-katahdin-open-2026",
        "source_route_id": "at-main-osm-2026-open",
        "mile_nobo_global_est": 1885,
        "mile_nobo_mvp6": 32,
        "mile_sobo_mvp6": 221.2,
        "state": "ME",
        "milepoint_type": "generated",
        "official": false,
        "confidence": "estimated_from_open_route_geometry_with_known_length_gap",
        "source_id": "osm",
        "source_url": "https://www.openstreetmap.org/relation/156553",
        "source_access_url": "https://hiking.waymarkedtrails.org/api/v1/details/relation/156553",
        "license_status": "open_license_share_alike",
        "source_license": "ODbL",
        "attribution": "OpenStreetMap contributors",
        "last_checked": "2026-05-13",
        "last_generated": "2026-05-14",
        "ai_answer_rule": "Generated mile based on Scout MVP6 Maine open route geometry, not an official ATC mile. Use for source-aware planning only."
      },
      "geometry": {
        "type": "Point",
        "coordinates": [
          -70.769435,
          44.790876
        ]
      }
    },
    {
      "type": "Feature",
      "properties": {
        "trail": "Appalachian Trail",
        "route_id": "at-mvp6-maine-nh-me-katahdin-open-2026",
        "source_route_id": "at-main-osm-2026-open",
        "mile_nobo_global_est": 1886,
        "mile_nobo_mvp6": 33,
        "mile_sobo_mvp6": 220.2,
        "state": "ME",
        "milepoint_type": "generated",
        "official": false,
        "confidence": "estimated_from_open_route_geometry_with_known_length_gap",
        "source_id": "osm",
        "source_url": "https://www.openstreetmap.org/relation/156553",
        "source_access_url": "https://hiking.waymarkedtrails.org/api/v1/details/relation/156553",
        "license_status": "open_license_share_alike",
        "source_license": "ODbL",
        "attribution": "OpenStreetMap contributors",
        "last_checked": "2026-05-13",
        "last_generated": "2026-05-14",
        "ai_answer_rule": "Generated mile based on Scout MVP6 Maine open route geometry, not an official ATC mile. Use for source-aware planning only."
      },
      "geometry": {
        "type": "Point",
        "coordinates": [
          -70.763295,
          44.801086
        ]
      }
    },
    {
      "type": "Feature",
      "properties": {
        "trail": "Appalachian Trail",
        "route_id": "at-mvp6-maine-nh-me-katahdin-open-2026",
        "source_route_id": "at-main-osm-2026-open",
        "mile_nobo_global_est": 1887,
        "mile_nobo_mvp6": 34,
        "mile_sobo_mvp6": 219.2,
        "state": "ME",
        "milepoint_type": "generated",
        "official": false,
        "confidence": "estimated_from_open_route_geometry_with_known_length_gap",
        "source_id": "osm",
        "source_url": "https://www.openstreetmap.org/relation/156553",
        "source_access_url": "https://hiking.waymarkedtrails.org/api/v1/details/relation/156553",
        "license_status": "open_license_share_alike",
        "source_license": "ODbL",
        "attribution": "OpenStreetMap contributors",
        "last_checked": "2026-05-13",
        "last_generated": "2026-05-14",
        "ai_answer_rule": "Generated mile based on Scout MVP6 Maine open route geometry, not an official ATC mile. Use for source-aware planning only."
      },
      "geometry": {
        "type": "Point",
        "coordinates": [
          -70.75593,
          44.811007
        ]
      }
    },
    {
      "type": "Feature",
      "properties": {
        "trail": "Appalachian Trail",
        "route_id": "at-mvp6-maine-nh-me-katahdin-open-2026",
        "source_route_id": "at-main-osm-2026-open",
        "mile_nobo_global_est": 1888,
        "mile_nobo_mvp6": 35,
        "mile_sobo_mvp6": 218.2,
        "state": "ME",
        "milepoint_type": "generated",
        "official": false,
        "confidence": "estimated_from_open_route_geometry_with_known_length_gap",
        "source_id": "osm",
        "source_url": "https://www.openstreetmap.org/relation/156553",
        "source_access_url": "https://hiking.waymarkedtrails.org/api/v1/details/relation/156553",
        "license_status": "open_license_share_alike",
        "source_license": "ODbL",
        "attribution": "OpenStreetMap contributors",
        "last_checked": "2026-05-13",
        "last_generated": "2026-05-14",
        "ai_answer_rule": "Generated mile based on Scout MVP6 Maine open route geometry, not an official ATC mile. Use for source-aware planning only."
      },
      "geometry": {
        "type": "Point",
        "coordinates": [
          -70.748241,
          44.820985
        ]
      }
    },
    {
      "type": "Feature",
      "properties": {
        "trail": "Appalachian Trail",
        "route_id": "at-mvp6-maine-nh-me-katahdin-open-2026",
        "source_route_id": "at-main-osm-2026-open",
        "mile_nobo_global_est": 1889,
        "mile_nobo_mvp6": 36,
        "mile_sobo_mvp6": 217.2,
        "state": "ME",
        "milepoint_type": "generated",
        "official": false,
        "confidence": "estimated_from_open_route_geometry_with_known_length_gap",
        "source_id": "osm",
        "source_url": "https://www.openstreetmap.org/relation/156553",
        "source_access_url": "https://hiking.waymarkedtrails.org/api/v1/details/relation/156553",
        "license_status": "open_license_share_alike",
        "source_license": "ODbL",
        "attribution": "OpenStreetMap contributors",
        "last_checked": "2026-05-13",
        "last_generated": "2026-05-14",
        "ai_answer_rule": "Generated mile based on Scout MVP6 Maine open route geometry, not an official ATC mile. Use for source-aware planning only."
      },
      "geometry": {
        "type": "Point",
        "coordinates": [
          -70.737423,
          44.827853
        ]
      }
    },
    {
      "type": "Feature",
      "properties": {
        "trail": "Appalachian Trail",
        "route_id": "at-mvp6-maine-nh-me-katahdin-open-2026",
        "source_route_id": "at-main-osm-2026-open",
        "mile_nobo_global_est": 1890,
        "mile_nobo_mvp6": 37,
        "mile_sobo_mvp6": 216.2,
        "state": "ME",
        "milepoint_type": "generated",
        "official": false,
        "confidence": "estimated_from_open_route_geometry_with_known_length_gap",
        "source_id": "osm",
        "source_url": "https://www.openstreetmap.org/relation/156553",
        "source_access_url": "https://hiking.waymarkedtrails.org/api/v1/details/relation/156553",
        "license_status": "open_license_share_alike",
        "source_license": "ODbL",
        "attribution": "OpenStreetMap contributors",
        "last_checked": "2026-05-13",
        "last_generated": "2026-05-14",
        "ai_answer_rule": "Generated mile based on Scout MVP6 Maine open route geometry, not an official ATC mile. Use for source-aware planning only."
      },
      "geometry": {
        "type": "Point",
        "coordinates": [
          -70.726403,
          44.835751
        ]
      }
    },
    {
      "type": "Feature",
      "properties": {
        "trail": "Appalachian Trail",
        "route_id": "at-mvp6-maine-nh-me-katahdin-open-2026",
        "source_route_id": "at-main-osm-2026-open",
        "mile_nobo_global_est": 1891,
        "mile_nobo_mvp6": 38,
        "mile_sobo_mvp6": 215.2,
        "state": "ME",
        "milepoint_type": "generated",
        "official": false,
        "confidence": "estimated_from_open_route_geometry_with_known_length_gap",
        "source_id": "osm",
        "source_url": "https://www.openstreetmap.org/relation/156553",
        "source_access_url": "https://hiking.waymarkedtrails.org/api/v1/details/relation/156553",
        "license_status": "open_license_share_alike",
        "source_license": "ODbL",
        "attribution": "OpenStreetMap contributors",
        "last_checked": "2026-05-13",
        "last_generated": "2026-05-14",
        "ai_answer_rule": "Generated mile based on Scout MVP6 Maine open route geometry, not an official ATC mile. Use for source-aware planning only."
      },
      "geometry": {
        "type": "Point",
        "coordinates": [
          -70.710084,
          44.835978
        ]
      }
    },
    {
      "type": "Feature",
      "properties": {
        "trail": "Appalachian Trail",
        "route_id": "at-mvp6-maine-nh-me-katahdin-open-2026",
        "source_route_id": "at-main-osm-2026-open",
        "mile_nobo_global_est": 1892,
        "mile_nobo_mvp6": 39,
        "mile_sobo_mvp6": 214.2,
        "state": "ME",
        "milepoint_type": "generated",
        "official": false,
        "confidence": "estimated_from_open_route_geometry_with_known_length_gap",
        "source_id": "osm",
        "source_url": "https://www.openstreetmap.org/relation/156553",
        "source_access_url": "https://hiking.waymarkedtrails.org/api/v1/details/relation/156553",
        "license_status": "open_license_share_alike",
        "source_license": "ODbL",
        "attribution": "OpenStreetMap contributors",
        "last_checked": "2026-05-13",
        "last_generated": "2026-05-14",
        "ai_answer_rule": "Generated mile based on Scout MVP6 Maine open route geometry, not an official ATC mile. Use for source-aware planning only."
      },
      "geometry": {
        "type": "Point",
        "coordinates": [
          -70.696335,
          44.844802
        ]
      }
    },
    {
      "type": "Feature",
      "properties": {
        "trail": "Appalachian Trail",
        "route_id": "at-mvp6-maine-nh-me-katahdin-open-2026",
        "source_route_id": "at-main-osm-2026-open",
        "mile_nobo_global_est": 1893,
        "mile_nobo_mvp6": 40,
        "mile_sobo_mvp6": 213.2,
        "state": "ME",
        "milepoint_type": "generated",
        "official": false,
        "confidence": "estimated_from_open_route_geometry_with_known_length_gap",
        "source_id": "osm",
        "source_url": "https://www.openstreetmap.org/relation/156553",
        "source_access_url": "https://hiking.waymarkedtrails.org/api/v1/details/relation/156553",
        "license_status": "open_license_share_alike",
        "source_license": "ODbL",
        "attribution": "OpenStreetMap contributors",
        "last_checked": "2026-05-13",
        "last_generated": "2026-05-14",
        "ai_answer_rule": "Generated mile based on Scout MVP6 Maine open route geometry, not an official ATC mile. Use for source-aware planning only."
      },
      "geometry": {
        "type": "Point",
        "coordinates": [
          -70.678693,
          44.849774
        ]
      }
    },
    {
      "type": "Feature",
      "properties": {
        "trail": "Appalachian Trail",
        "route_id": "at-mvp6-maine-nh-me-katahdin-open-2026",
        "source_route_id": "at-main-osm-2026-open",
        "mile_nobo_global_est": 1894,
        "mile_nobo_mvp6": 41,
        "mile_sobo_mvp6": 212.2,
        "state": "ME",
        "milepoint_type": "generated",
        "official": false,
        "confidence": "estimated_from_open_route_geometry_with_known_length_gap",
        "source_id": "osm",
        "source_url": "https://www.openstreetmap.org/relation/156553",
        "source_access_url": "https://hiking.waymarkedtrails.org/api/v1/details/relation/156553",
        "license_status": "open_license_share_alike",
        "source_license": "ODbL",
        "attribution": "OpenStreetMap contributors",
        "last_checked": "2026-05-13",
        "last_generated": "2026-05-14",
        "ai_answer_rule": "Generated mile based on Scout MVP6 Maine open route geometry, not an official ATC mile. Use for source-aware planning only."
      },
      "geometry": {
        "type": "Point",
        "coordinates": [
          -70.662267,
          44.846151
        ]
      }
    },
    {
      "type": "Feature",
      "properties": {
        "trail": "Appalachian Trail",
        "route_id": "at-mvp6-maine-nh-me-katahdin-open-2026",
        "source_route_id": "at-main-osm-2026-open",
        "mile_nobo_global_est": 1895,
        "mile_nobo_mvp6": 42,
        "mile_sobo_mvp6": 211.2,
        "state": "ME",
        "milepoint_type": "generated",
        "official": false,
        "confidence": "estimated_from_open_route_geometry_with_known_length_gap",
        "source_id": "osm",
        "source_url": "https://www.openstreetmap.org/relation/156553",
        "source_access_url": "https://hiking.waymarkedtrails.org/api/v1/details/relation/156553",
        "license_status": "open_license_share_alike",
        "source_license": "ODbL",
        "attribution": "OpenStreetMap contributors",
        "last_checked": "2026-05-13",
        "last_generated": "2026-05-14",
        "ai_answer_rule": "Generated mile based on Scout MVP6 Maine open route geometry, not an official ATC mile. Use for source-aware planning only."
      },
      "geometry": {
        "type": "Point",
        "coordinates": [
          -70.655154,
          44.842911
        ]
      }
    },
    {
      "type": "Feature",
      "properties": {
        "trail": "Appalachian Trail",
        "route_id": "at-mvp6-maine-nh-me-katahdin-open-2026",
        "source_route_id": "at-main-osm-2026-open",
        "mile_nobo_global_est": 1896,
        "mile_nobo_mvp6": 43,
        "mile_sobo_mvp6": 210.2,
        "state": "ME",
        "milepoint_type": "generated",
        "official": false,
        "confidence": "estimated_from_open_route_geometry_with_known_length_gap",
        "source_id": "osm",
        "source_url": "https://www.openstreetmap.org/relation/156553",
        "source_access_url": "https://hiking.waymarkedtrails.org/api/v1/details/relation/156553",
        "license_status": "open_license_share_alike",
        "source_license": "ODbL",
        "attribution": "OpenStreetMap contributors",
        "last_checked": "2026-05-13",
        "last_generated": "2026-05-14",
        "ai_answer_rule": "Generated mile based on Scout MVP6 Maine open route geometry, not an official ATC mile. Use for source-aware planning only."
      },
      "geometry": {
        "type": "Point",
        "coordinates": [
          -70.637141,
          44.844949
        ]
      }
    },
    {
      "type": "Feature",
      "properties": {
        "trail": "Appalachian Trail",
        "route_id": "at-mvp6-maine-nh-me-katahdin-open-2026",
        "source_route_id": "at-main-osm-2026-open",
        "mile_nobo_global_est": 1897,
        "mile_nobo_mvp6": 44,
        "mile_sobo_mvp6": 209.2,
        "state": "ME",
        "milepoint_type": "generated",
        "official": false,
        "confidence": "estimated_from_open_route_geometry_with_known_length_gap",
        "source_id": "osm",
        "source_url": "https://www.openstreetmap.org/relation/156553",
        "source_access_url": "https://hiking.waymarkedtrails.org/api/v1/details/relation/156553",
        "license_status": "open_license_share_alike",
        "source_license": "ODbL",
        "attribution": "OpenStreetMap contributors",
        "last_checked": "2026-05-13",
        "last_generated": "2026-05-14",
        "ai_answer_rule": "Generated mile based on Scout MVP6 Maine open route geometry, not an official ATC mile. Use for source-aware planning only."
      },
      "geometry": {
        "type": "Point",
        "coordinates": [
          -70.619725,
          44.845369
        ]
      }
    },
    {
      "type": "Feature",
      "properties": {
        "trail": "Appalachian Trail",
        "route_id": "at-mvp6-maine-nh-me-katahdin-open-2026",
        "source_route_id": "at-main-osm-2026-open",
        "mile_nobo_global_est": 1898,
        "mile_nobo_mvp6": 45,
        "mile_sobo_mvp6": 208.2,
        "state": "ME",
        "milepoint_type": "generated",
        "official": false,
        "confidence": "estimated_from_open_route_geometry_with_known_length_gap",
        "source_id": "osm",
        "source_url": "https://www.openstreetmap.org/relation/156553",
        "source_access_url": "https://hiking.waymarkedtrails.org/api/v1/details/relation/156553",
        "license_status": "open_license_share_alike",
        "source_license": "ODbL",
        "attribution": "OpenStreetMap contributors",
        "last_checked": "2026-05-13",
        "last_generated": "2026-05-14",
        "ai_answer_rule": "Generated mile based on Scout MVP6 Maine open route geometry, not an official ATC mile. Use for source-aware planning only."
      },
      "geometry": {
        "type": "Point",
        "coordinates": [
          -70.604163,
          44.850482
        ]
      }
    },
    {
      "type": "Feature",
      "properties": {
        "trail": "Appalachian Trail",
        "route_id": "at-mvp6-maine-nh-me-katahdin-open-2026",
        "source_route_id": "at-main-osm-2026-open",
        "mile_nobo_global_est": 1899,
        "mile_nobo_mvp6": 46,
        "mile_sobo_mvp6": 207.2,
        "state": "ME",
        "milepoint_type": "generated",
        "official": false,
        "confidence": "estimated_from_open_route_geometry_with_known_length_gap",
        "source_id": "osm",
        "source_url": "https://www.openstreetmap.org/relation/156553",
        "source_access_url": "https://hiking.waymarkedtrails.org/api/v1/details/relation/156553",
        "license_status": "open_license_share_alike",
        "source_license": "ODbL",
        "attribution": "OpenStreetMap contributors",
        "last_checked": "2026-05-13",
        "last_generated": "2026-05-14",
        "ai_answer_rule": "Generated mile based on Scout MVP6 Maine open route geometry, not an official ATC mile. Use for source-aware planning only."
      },
      "geometry": {
        "type": "Point",
        "coordinates": [
          -70.587671,
          44.853875
        ]
      }
    },
    {
      "type": "Feature",
      "properties": {
        "trail": "Appalachian Trail",
        "route_id": "at-mvp6-maine-nh-me-katahdin-open-2026",
        "source_route_id": "at-main-osm-2026-open",
        "mile_nobo_global_est": 1900,
        "mile_nobo_mvp6": 47,
        "mile_sobo_mvp6": 206.2,
        "state": "ME",
        "milepoint_type": "generated",
        "official": false,
        "confidence": "estimated_from_open_route_geometry_with_known_length_gap",
        "source_id": "osm",
        "source_url": "https://www.openstreetmap.org/relation/156553",
        "source_access_url": "https://hiking.waymarkedtrails.org/api/v1/details/relation/156553",
        "license_status": "open_license_share_alike",
        "source_license": "ODbL",
        "attribution": "OpenStreetMap contributors",
        "last_checked": "2026-05-13",
        "last_generated": "2026-05-14",
        "ai_answer_rule": "Generated mile based on Scout MVP6 Maine open route geometry, not an official ATC mile. Use for source-aware planning only."
      },
      "geometry": {
        "type": "Point",
        "coordinates": [
          -70.577708,
          44.859654
        ]
      }
    },
    {
      "type": "Feature",
      "properties": {
        "trail": "Appalachian Trail",
        "route_id": "at-mvp6-maine-nh-me-katahdin-open-2026",
        "source_route_id": "at-main-osm-2026-open",
        "mile_nobo_global_est": 1901,
        "mile_nobo_mvp6": 48,
        "mile_sobo_mvp6": 205.2,
        "state": "ME",
        "milepoint_type": "generated",
        "official": false,
        "confidence": "estimated_from_open_route_geometry_with_known_length_gap",
        "source_id": "osm",
        "source_url": "https://www.openstreetmap.org/relation/156553",
        "source_access_url": "https://hiking.waymarkedtrails.org/api/v1/details/relation/156553",
        "license_status": "open_license_share_alike",
        "source_license": "ODbL",
        "attribution": "OpenStreetMap contributors",
        "last_checked": "2026-05-13",
        "last_generated": "2026-05-14",
        "ai_answer_rule": "Generated mile based on Scout MVP6 Maine open route geometry, not an official ATC mile. Use for source-aware planning only."
      },
      "geometry": {
        "type": "Point",
        "coordinates": [
          -70.561233,
          44.866249
        ]
      }
    },
    {
      "type": "Feature",
      "properties": {
        "trail": "Appalachian Trail",
        "route_id": "at-mvp6-maine-nh-me-katahdin-open-2026",
        "source_route_id": "at-main-osm-2026-open",
        "mile_nobo_global_est": 1902,
        "mile_nobo_mvp6": 49,
        "mile_sobo_mvp6": 204.2,
        "state": "ME",
        "milepoint_type": "generated",
        "official": false,
        "confidence": "estimated_from_open_route_geometry_with_known_length_gap",
        "source_id": "osm",
        "source_url": "https://www.openstreetmap.org/relation/156553",
        "source_access_url": "https://hiking.waymarkedtrails.org/api/v1/details/relation/156553",
        "license_status": "open_license_share_alike",
        "source_license": "ODbL",
        "attribution": "OpenStreetMap contributors",
        "last_checked": "2026-05-13",
        "last_generated": "2026-05-14",
        "ai_answer_rule": "Generated mile based on Scout MVP6 Maine open route geometry, not an official ATC mile. Use for source-aware planning only."
      },
      "geometry": {
        "type": "Point",
        "coordinates": [
          -70.556403,
          44.877119
        ]
      }
    },
    {
      "type": "Feature",
      "properties": {
        "trail": "Appalachian Trail",
        "route_id": "at-mvp6-maine-nh-me-katahdin-open-2026",
        "source_route_id": "at-main-osm-2026-open",
        "mile_nobo_global_est": 1903,
        "mile_nobo_mvp6": 50,
        "mile_sobo_mvp6": 203.2,
        "state": "ME",
        "milepoint_type": "generated",
        "official": false,
        "confidence": "estimated_from_open_route_geometry_with_known_length_gap",
        "source_id": "osm",
        "source_url": "https://www.openstreetmap.org/relation/156553",
        "source_access_url": "https://hiking.waymarkedtrails.org/api/v1/details/relation/156553",
        "license_status": "open_license_share_alike",
        "source_license": "ODbL",
        "attribution": "OpenStreetMap contributors",
        "last_checked": "2026-05-13",
        "last_generated": "2026-05-14",
        "ai_answer_rule": "Generated mile based on Scout MVP6 Maine open route geometry, not an official ATC mile. Use for source-aware planning only."
      },
      "geometry": {
        "type": "Point",
        "coordinates": [
          -70.54251,
          44.885973
        ]
      }
    },
    {
      "type": "Feature",
      "properties": {
        "trail": "Appalachian Trail",
        "route_id": "at-mvp6-maine-nh-me-katahdin-open-2026",
        "source_route_id": "at-main-osm-2026-open",
        "mile_nobo_global_est": 1904,
        "mile_nobo_mvp6": 51,
        "mile_sobo_mvp6": 202.2,
        "state": "ME",
        "milepoint_type": "generated",
        "official": false,
        "confidence": "estimated_from_open_route_geometry_with_known_length_gap",
        "source_id": "osm",
        "source_url": "https://www.openstreetmap.org/relation/156553",
        "source_access_url": "https://hiking.waymarkedtrails.org/api/v1/details/relation/156553",
        "license_status": "open_license_share_alike",
        "source_license": "ODbL",
        "attribution": "OpenStreetMap contributors",
        "last_checked": "2026-05-13",
        "last_generated": "2026-05-14",
        "ai_answer_rule": "Generated mile based on Scout MVP6 Maine open route geometry, not an official ATC mile. Use for source-aware planning only."
      },
      "geometry": {
        "type": "Point",
        "coordinates": [
          -70.535656,
          44.895674
        ]
      }
    },
    {
      "type": "Feature",
      "properties": {
        "trail": "Appalachian Trail",
        "route_id": "at-mvp6-maine-nh-me-katahdin-open-2026",
        "source_route_id": "at-main-osm-2026-open",
        "mile_nobo_global_est": 1905,
        "mile_nobo_mvp6": 52,
        "mile_sobo_mvp6": 201.2,
        "state": "ME",
        "milepoint_type": "generated",
        "official": false,
        "confidence": "estimated_from_open_route_geometry_with_known_length_gap",
        "source_id": "osm",
        "source_url": "https://www.openstreetmap.org/relation/156553",
        "source_access_url": "https://hiking.waymarkedtrails.org/api/v1/details/relation/156553",
        "license_status": "open_license_share_alike",
        "source_license": "ODbL",
        "attribution": "OpenStreetMap contributors",
        "last_checked": "2026-05-13",
        "last_generated": "2026-05-14",
        "ai_answer_rule": "Generated mile based on Scout MVP6 Maine open route geometry, not an official ATC mile. Use for source-aware planning only."
      },
      "geometry": {
        "type": "Point",
        "coordinates": [
          -70.52754,
          44.905274
        ]
      }
    },
    {
      "type": "Feature",
      "properties": {
        "trail": "Appalachian Trail",
        "route_id": "at-mvp6-maine-nh-me-katahdin-open-2026",
        "source_route_id": "at-main-osm-2026-open",
        "mile_nobo_global_est": 1906,
        "mile_nobo_mvp6": 53,
        "mile_sobo_mvp6": 200.2,
        "state": "ME",
        "milepoint_type": "generated",
        "official": false,
        "confidence": "estimated_from_open_route_geometry_with_known_length_gap",
        "source_id": "osm",
        "source_url": "https://www.openstreetmap.org/relation/156553",
        "source_access_url": "https://hiking.waymarkedtrails.org/api/v1/details/relation/156553",
        "license_status": "open_license_share_alike",
        "source_license": "ODbL",
        "attribution": "OpenStreetMap contributors",
        "last_checked": "2026-05-13",
        "last_generated": "2026-05-14",
        "ai_answer_rule": "Generated mile based on Scout MVP6 Maine open route geometry, not an official ATC mile. Use for source-aware planning only."
      },
      "geometry": {
        "type": "Point",
        "coordinates": [
          -70.525668,
          44.914402
        ]
      }
    },
    {
      "type": "Feature",
      "properties": {
        "trail": "Appalachian Trail",
        "route_id": "at-mvp6-maine-nh-me-katahdin-open-2026",
        "source_route_id": "at-main-osm-2026-open",
        "mile_nobo_global_est": 1907,
        "mile_nobo_mvp6": 54,
        "mile_sobo_mvp6": 199.2,
        "state": "ME",
        "milepoint_type": "generated",
        "official": false,
        "confidence": "estimated_from_open_route_geometry_with_known_length_gap",
        "source_id": "osm",
        "source_url": "https://www.openstreetmap.org/relation/156553",
        "source_access_url": "https://hiking.waymarkedtrails.org/api/v1/details/relation/156553",
        "license_status": "open_license_share_alike",
        "source_license": "ODbL",
        "attribution": "OpenStreetMap contributors",
        "last_checked": "2026-05-13",
        "last_generated": "2026-05-14",
        "ai_answer_rule": "Generated mile based on Scout MVP6 Maine open route geometry, not an official ATC mile. Use for source-aware planning only."
      },
      "geometry": {
        "type": "Point",
        "coordinates": [
          -70.519358,
          44.924579
        ]
      }
    },
    {
      "type": "Feature",
      "properties": {
        "trail": "Appalachian Trail",
        "route_id": "at-mvp6-maine-nh-me-katahdin-open-2026",
        "source_route_id": "at-main-osm-2026-open",
        "mile_nobo_global_est": 1908,
        "mile_nobo_mvp6": 55,
        "mile_sobo_mvp6": 198.2,
        "state": "ME",
        "milepoint_type": "generated",
        "official": false,
        "confidence": "estimated_from_open_route_geometry_with_known_length_gap",
        "source_id": "osm",
        "source_url": "https://www.openstreetmap.org/relation/156553",
        "source_access_url": "https://hiking.waymarkedtrails.org/api/v1/details/relation/156553",
        "license_status": "open_license_share_alike",
        "source_license": "ODbL",
        "attribution": "OpenStreetMap contributors",
        "last_checked": "2026-05-13",
        "last_generated": "2026-05-14",
        "ai_answer_rule": "Generated mile based on Scout MVP6 Maine open route geometry, not an official ATC mile. Use for source-aware planning only."
      },
      "geometry": {
        "type": "Point",
        "coordinates": [
          -70.50734,
          44.934416
        ]
      }
    },
    {
      "type": "Feature",
      "properties": {
        "trail": "Appalachian Trail",
        "route_id": "at-mvp6-maine-nh-me-katahdin-open-2026",
        "source_route_id": "at-main-osm-2026-open",
        "mile_nobo_global_est": 1909,
        "mile_nobo_mvp6": 56,
        "mile_sobo_mvp6": 197.2,
        "state": "ME",
        "milepoint_type": "generated",
        "official": false,
        "confidence": "estimated_from_open_route_geometry_with_known_length_gap",
        "source_id": "osm",
        "source_url": "https://www.openstreetmap.org/relation/156553",
        "source_access_url": "https://hiking.waymarkedtrails.org/api/v1/details/relation/156553",
        "license_status": "open_license_share_alike",
        "source_license": "ODbL",
        "attribution": "OpenStreetMap contributors",
        "last_checked": "2026-05-13",
        "last_generated": "2026-05-14",
        "ai_answer_rule": "Generated mile based on Scout MVP6 Maine open route geometry, not an official ATC mile. Use for source-aware planning only."
      },
      "geometry": {
        "type": "Point",
        "coordinates": [
          -70.496005,
          44.945155
        ]
      }
    },
    {
      "type": "Feature",
      "properties": {
        "trail": "Appalachian Trail",
        "route_id": "at-mvp6-maine-nh-me-katahdin-open-2026",
        "source_route_id": "at-main-osm-2026-open",
        "mile_nobo_global_est": 1910,
        "mile_nobo_mvp6": 57,
        "mile_sobo_mvp6": 196.2,
        "state": "ME",
        "milepoint_type": "generated",
        "official": false,
        "confidence": "estimated_from_open_route_geometry_with_known_length_gap",
        "source_id": "osm",
        "source_url": "https://www.openstreetmap.org/relation/156553",
        "source_access_url": "https://hiking.waymarkedtrails.org/api/v1/details/relation/156553",
        "license_status": "open_license_share_alike",
        "source_license": "ODbL",
        "attribution": "OpenStreetMap contributors",
        "last_checked": "2026-05-13",
        "last_generated": "2026-05-14",
        "ai_answer_rule": "Generated mile based on Scout MVP6 Maine open route geometry, not an official ATC mile. Use for source-aware planning only."
      },
      "geometry": {
        "type": "Point",
        "coordinates": [
          -70.48216,
          44.951017
        ]
      }
    },
    {
      "type": "Feature",
      "properties": {
        "trail": "Appalachian Trail",
        "route_id": "at-mvp6-maine-nh-me-katahdin-open-2026",
        "source_route_id": "at-main-osm-2026-open",
        "mile_nobo_global_est": 1911,
        "mile_nobo_mvp6": 58,
        "mile_sobo_mvp6": 195.2,
        "state": "ME",
        "milepoint_type": "generated",
        "official": false,
        "confidence": "estimated_from_open_route_geometry_with_known_length_gap",
        "source_id": "osm",
        "source_url": "https://www.openstreetmap.org/relation/156553",
        "source_access_url": "https://hiking.waymarkedtrails.org/api/v1/details/relation/156553",
        "license_status": "open_license_share_alike",
        "source_license": "ODbL",
        "attribution": "OpenStreetMap contributors",
        "last_checked": "2026-05-13",
        "last_generated": "2026-05-14",
        "ai_answer_rule": "Generated mile based on Scout MVP6 Maine open route geometry, not an official ATC mile. Use for source-aware planning only."
      },
      "geometry": {
        "type": "Point",
        "coordinates": [
          -70.464298,
          44.955223
        ]
      }
    },
    {
      "type": "Feature",
      "properties": {
        "trail": "Appalachian Trail",
        "route_id": "at-mvp6-maine-nh-me-katahdin-open-2026",
        "source_route_id": "at-main-osm-2026-open",
        "mile_nobo_global_est": 1912,
        "mile_nobo_mvp6": 59,
        "mile_sobo_mvp6": 194.2,
        "state": "ME",
        "milepoint_type": "generated",
        "official": false,
        "confidence": "estimated_from_open_route_geometry_with_known_length_gap",
        "source_id": "osm",
        "source_url": "https://www.openstreetmap.org/relation/156553",
        "source_access_url": "https://hiking.waymarkedtrails.org/api/v1/details/relation/156553",
        "license_status": "open_license_share_alike",
        "source_license": "ODbL",
        "attribution": "OpenStreetMap contributors",
        "last_checked": "2026-05-13",
        "last_generated": "2026-05-14",
        "ai_answer_rule": "Generated mile based on Scout MVP6 Maine open route geometry, not an official ATC mile. Use for source-aware planning only."
      },
      "geometry": {
        "type": "Point",
        "coordinates": [
          -70.448104,
          44.961473
        ]
      }
    },
    {
      "type": "Feature",
      "properties": {
        "trail": "Appalachian Trail",
        "route_id": "at-mvp6-maine-nh-me-katahdin-open-2026",
        "source_route_id": "at-main-osm-2026-open",
        "mile_nobo_global_est": 1913,
        "mile_nobo_mvp6": 60,
        "mile_sobo_mvp6": 193.2,
        "state": "ME",
        "milepoint_type": "generated",
        "official": false,
        "confidence": "estimated_from_open_route_geometry_with_known_length_gap",
        "source_id": "osm",
        "source_url": "https://www.openstreetmap.org/relation/156553",
        "source_access_url": "https://hiking.waymarkedtrails.org/api/v1/details/relation/156553",
        "license_status": "open_license_share_alike",
        "source_license": "ODbL",
        "attribution": "OpenStreetMap contributors",
        "last_checked": "2026-05-13",
        "last_generated": "2026-05-14",
        "ai_answer_rule": "Generated mile based on Scout MVP6 Maine open route geometry, not an official ATC mile. Use for source-aware planning only."
      },
      "geometry": {
        "type": "Point",
        "coordinates": [
          -70.439786,
          44.972093
        ]
      }
    },
    {
      "type": "Feature",
      "properties": {
        "trail": "Appalachian Trail",
        "route_id": "at-mvp6-maine-nh-me-katahdin-open-2026",
        "source_route_id": "at-main-osm-2026-open",
        "mile_nobo_global_est": 1914,
        "mile_nobo_mvp6": 61,
        "mile_sobo_mvp6": 192.2,
        "state": "ME",
        "milepoint_type": "generated",
        "official": false,
        "confidence": "estimated_from_open_route_geometry_with_known_length_gap",
        "source_id": "osm",
        "source_url": "https://www.openstreetmap.org/relation/156553",
        "source_access_url": "https://hiking.waymarkedtrails.org/api/v1/details/relation/156553",
        "license_status": "open_license_share_alike",
        "source_license": "ODbL",
        "attribution": "OpenStreetMap contributors",
        "last_checked": "2026-05-13",
        "last_generated": "2026-05-14",
        "ai_answer_rule": "Generated mile based on Scout MVP6 Maine open route geometry, not an official ATC mile. Use for source-aware planning only."
      },
      "geometry": {
        "type": "Point",
        "coordinates": [
          -70.424019,
          44.976161
        ]
      }
    },
    {
      "type": "Feature",
      "properties": {
        "trail": "Appalachian Trail",
        "route_id": "at-mvp6-maine-nh-me-katahdin-open-2026",
        "source_route_id": "at-main-osm-2026-open",
        "mile_nobo_global_est": 1915,
        "mile_nobo_mvp6": 62,
        "mile_sobo_mvp6": 191.2,
        "state": "ME",
        "milepoint_type": "generated",
        "official": false,
        "confidence": "estimated_from_open_route_geometry_with_known_length_gap",
        "source_id": "osm",
        "source_url": "https://www.openstreetmap.org/relation/156553",
        "source_access_url": "https://hiking.waymarkedtrails.org/api/v1/details/relation/156553",
        "license_status": "open_license_share_alike",
        "source_license": "ODbL",
        "attribution": "OpenStreetMap contributors",
        "last_checked": "2026-05-13",
        "last_generated": "2026-05-14",
        "ai_answer_rule": "Generated mile based on Scout MVP6 Maine open route geometry, not an official ATC mile. Use for source-aware planning only."
      },
      "geometry": {
        "type": "Point",
        "coordinates": [
          -70.407405,
          44.973379
        ]
      }
    },
    {
      "type": "Feature",
      "properties": {
        "trail": "Appalachian Trail",
        "route_id": "at-mvp6-maine-nh-me-katahdin-open-2026",
        "source_route_id": "at-main-osm-2026-open",
        "mile_nobo_global_est": 1916,
        "mile_nobo_mvp6": 63,
        "mile_sobo_mvp6": 190.2,
        "state": "ME",
        "milepoint_type": "generated",
        "official": false,
        "confidence": "estimated_from_open_route_geometry_with_known_length_gap",
        "source_id": "osm",
        "source_url": "https://www.openstreetmap.org/relation/156553",
        "source_access_url": "https://hiking.waymarkedtrails.org/api/v1/details/relation/156553",
        "license_status": "open_license_share_alike",
        "source_license": "ODbL",
        "attribution": "OpenStreetMap contributors",
        "last_checked": "2026-05-13",
        "last_generated": "2026-05-14",
        "ai_answer_rule": "Generated mile based on Scout MVP6 Maine open route geometry, not an official ATC mile. Use for source-aware planning only."
      },
      "geometry": {
        "type": "Point",
        "coordinates": [
          -70.391209,
          44.977645
        ]
      }
    },
    {
      "type": "Feature",
      "properties": {
        "trail": "Appalachian Trail",
        "route_id": "at-mvp6-maine-nh-me-katahdin-open-2026",
        "source_route_id": "at-main-osm-2026-open",
        "mile_nobo_global_est": 1917,
        "mile_nobo_mvp6": 64,
        "mile_sobo_mvp6": 189.2,
        "state": "ME",
        "milepoint_type": "generated",
        "official": false,
        "confidence": "estimated_from_open_route_geometry_with_known_length_gap",
        "source_id": "osm",
        "source_url": "https://www.openstreetmap.org/relation/156553",
        "source_access_url": "https://hiking.waymarkedtrails.org/api/v1/details/relation/156553",
        "license_status": "open_license_share_alike",
        "source_license": "ODbL",
        "attribution": "OpenStreetMap contributors",
        "last_checked": "2026-05-13",
        "last_generated": "2026-05-14",
        "ai_answer_rule": "Generated mile based on Scout MVP6 Maine open route geometry, not an official ATC mile. Use for source-aware planning only."
      },
      "geometry": {
        "type": "Point",
        "coordinates": [
          -70.373662,
          44.976928
        ]
      }
    },
    {
      "type": "Feature",
      "properties": {
        "trail": "Appalachian Trail",
        "route_id": "at-mvp6-maine-nh-me-katahdin-open-2026",
        "source_route_id": "at-main-osm-2026-open",
        "mile_nobo_global_est": 1918,
        "mile_nobo_mvp6": 65,
        "mile_sobo_mvp6": 188.2,
        "state": "ME",
        "milepoint_type": "generated",
        "official": false,
        "confidence": "estimated_from_open_route_geometry_with_known_length_gap",
        "source_id": "osm",
        "source_url": "https://www.openstreetmap.org/relation/156553",
        "source_access_url": "https://hiking.waymarkedtrails.org/api/v1/details/relation/156553",
        "license_status": "open_license_share_alike",
        "source_license": "ODbL",
        "attribution": "OpenStreetMap contributors",
        "last_checked": "2026-05-13",
        "last_generated": "2026-05-14",
        "ai_answer_rule": "Generated mile based on Scout MVP6 Maine open route geometry, not an official ATC mile. Use for source-aware planning only."
      },
      "geometry": {
        "type": "Point",
        "coordinates": [
          -70.360047,
          44.975442
        ]
      }
    },
    {
      "type": "Feature",
      "properties": {
        "trail": "Appalachian Trail",
        "route_id": "at-mvp6-maine-nh-me-katahdin-open-2026",
        "source_route_id": "at-main-osm-2026-open",
        "mile_nobo_global_est": 1919,
        "mile_nobo_mvp6": 66,
        "mile_sobo_mvp6": 187.2,
        "state": "ME",
        "milepoint_type": "generated",
        "official": false,
        "confidence": "estimated_from_open_route_geometry_with_known_length_gap",
        "source_id": "osm",
        "source_url": "https://www.openstreetmap.org/relation/156553",
        "source_access_url": "https://hiking.waymarkedtrails.org/api/v1/details/relation/156553",
        "license_status": "open_license_share_alike",
        "source_license": "ODbL",
        "attribution": "OpenStreetMap contributors",
        "last_checked": "2026-05-13",
        "last_generated": "2026-05-14",
        "ai_answer_rule": "Generated mile based on Scout MVP6 Maine open route geometry, not an official ATC mile. Use for source-aware planning only."
      },
      "geometry": {
        "type": "Point",
        "coordinates": [
          -70.349428,
          44.987293
        ]
      }
    },
    {
      "type": "Feature",
      "properties": {
        "trail": "Appalachian Trail",
        "route_id": "at-mvp6-maine-nh-me-katahdin-open-2026",
        "source_route_id": "at-main-osm-2026-open",
        "mile_nobo_global_est": 1920,
        "mile_nobo_mvp6": 67,
        "mile_sobo_mvp6": 186.2,
        "state": "ME",
        "milepoint_type": "generated",
        "official": false,
        "confidence": "estimated_from_open_route_geometry_with_known_length_gap",
        "source_id": "osm",
        "source_url": "https://www.openstreetmap.org/relation/156553",
        "source_access_url": "https://hiking.waymarkedtrails.org/api/v1/details/relation/156553",
        "license_status": "open_license_share_alike",
        "source_license": "ODbL",
        "attribution": "OpenStreetMap contributors",
        "last_checked": "2026-05-13",
        "last_generated": "2026-05-14",
        "ai_answer_rule": "Generated mile based on Scout MVP6 Maine open route geometry, not an official ATC mile. Use for source-aware planning only."
      },
      "geometry": {
        "type": "Point",
        "coordinates": [
          -70.341912,
          44.998462
        ]
      }
    },
    {
      "type": "Feature",
      "properties": {
        "trail": "Appalachian Trail",
        "route_id": "at-mvp6-maine-nh-me-katahdin-open-2026",
        "source_route_id": "at-main-osm-2026-open",
        "mile_nobo_global_est": 1921,
        "mile_nobo_mvp6": 68,
        "mile_sobo_mvp6": 185.2,
        "state": "ME",
        "milepoint_type": "generated",
        "official": false,
        "confidence": "estimated_from_open_route_geometry_with_known_length_gap",
        "source_id": "osm",
        "source_url": "https://www.openstreetmap.org/relation/156553",
        "source_access_url": "https://hiking.waymarkedtrails.org/api/v1/details/relation/156553",
        "license_status": "open_license_share_alike",
        "source_license": "ODbL",
        "attribution": "OpenStreetMap contributors",
        "last_checked": "2026-05-13",
        "last_generated": "2026-05-14",
        "ai_answer_rule": "Generated mile based on Scout MVP6 Maine open route geometry, not an official ATC mile. Use for source-aware planning only."
      },
      "geometry": {
        "type": "Point",
        "coordinates": [
          -70.331029,
          45.008167
        ]
      }
    },
    {
      "type": "Feature",
      "properties": {
        "trail": "Appalachian Trail",
        "route_id": "at-mvp6-maine-nh-me-katahdin-open-2026",
        "source_route_id": "at-main-osm-2026-open",
        "mile_nobo_global_est": 1922,
        "mile_nobo_mvp6": 69,
        "mile_sobo_mvp6": 184.2,
        "state": "ME",
        "milepoint_type": "generated",
        "official": false,
        "confidence": "estimated_from_open_route_geometry_with_known_length_gap",
        "source_id": "osm",
        "source_url": "https://www.openstreetmap.org/relation/156553",
        "source_access_url": "https://hiking.waymarkedtrails.org/api/v1/details/relation/156553",
        "license_status": "open_license_share_alike",
        "source_license": "ODbL",
        "attribution": "OpenStreetMap contributors",
        "last_checked": "2026-05-13",
        "last_generated": "2026-05-14",
        "ai_answer_rule": "Generated mile based on Scout MVP6 Maine open route geometry, not an official ATC mile. Use for source-aware planning only."
      },
      "geometry": {
        "type": "Point",
        "coordinates": [
          -70.323229,
          45.020904
        ]
      }
    },
    {
      "type": "Feature",
      "properties": {
        "trail": "Appalachian Trail",
        "route_id": "at-mvp6-maine-nh-me-katahdin-open-2026",
        "source_route_id": "at-main-osm-2026-open",
        "mile_nobo_global_est": 1923,
        "mile_nobo_mvp6": 70,
        "mile_sobo_mvp6": 183.2,
        "state": "ME",
        "milepoint_type": "generated",
        "official": false,
        "confidence": "estimated_from_open_route_geometry_with_known_length_gap",
        "source_id": "osm",
        "source_url": "https://www.openstreetmap.org/relation/156553",
        "source_access_url": "https://hiking.waymarkedtrails.org/api/v1/details/relation/156553",
        "license_status": "open_license_share_alike",
        "source_license": "ODbL",
        "attribution": "OpenStreetMap contributors",
        "last_checked": "2026-05-13",
        "last_generated": "2026-05-14",
        "ai_answer_rule": "Generated mile based on Scout MVP6 Maine open route geometry, not an official ATC mile. Use for source-aware planning only."
      },
      "geometry": {
        "type": "Point",
        "coordinates": [
          -70.326486,
          45.031626
        ]
      }
    },
    {
      "type": "Feature",
      "properties": {
        "trail": "Appalachian Trail",
        "route_id": "at-mvp6-maine-nh-me-katahdin-open-2026",
        "source_route_id": "at-main-osm-2026-open",
        "mile_nobo_global_est": 1924,
        "mile_nobo_mvp6": 71,
        "mile_sobo_mvp6": 182.2,
        "state": "ME",
        "milepoint_type": "generated",
        "official": false,
        "confidence": "estimated_from_open_route_geometry_with_known_length_gap",
        "source_id": "osm",
        "source_url": "https://www.openstreetmap.org/relation/156553",
        "source_access_url": "https://hiking.waymarkedtrails.org/api/v1/details/relation/156553",
        "license_status": "open_license_share_alike",
        "source_license": "ODbL",
        "attribution": "OpenStreetMap contributors",
        "last_checked": "2026-05-13",
        "last_generated": "2026-05-14",
        "ai_answer_rule": "Generated mile based on Scout MVP6 Maine open route geometry, not an official ATC mile. Use for source-aware planning only."
      },
      "geometry": {
        "type": "Point",
        "coordinates": [
          -70.340643,
          45.034346
        ]
      }
    },
    {
      "type": "Feature",
      "properties": {
        "trail": "Appalachian Trail",
        "route_id": "at-mvp6-maine-nh-me-katahdin-open-2026",
        "source_route_id": "at-main-osm-2026-open",
        "mile_nobo_global_est": 1925,
        "mile_nobo_mvp6": 72,
        "mile_sobo_mvp6": 181.2,
        "state": "ME",
        "milepoint_type": "generated",
        "official": false,
        "confidence": "estimated_from_open_route_geometry_with_known_length_gap",
        "source_id": "osm",
        "source_url": "https://www.openstreetmap.org/relation/156553",
        "source_access_url": "https://hiking.waymarkedtrails.org/api/v1/details/relation/156553",
        "license_status": "open_license_share_alike",
        "source_license": "ODbL",
        "attribution": "OpenStreetMap contributors",
        "last_checked": "2026-05-13",
        "last_generated": "2026-05-14",
        "ai_answer_rule": "Generated mile based on Scout MVP6 Maine open route geometry, not an official ATC mile. Use for source-aware planning only."
      },
      "geometry": {
        "type": "Point",
        "coordinates": [
          -70.353672,
          45.041982
        ]
      }
    },
    {
      "type": "Feature",
      "properties": {
        "trail": "Appalachian Trail",
        "route_id": "at-mvp6-maine-nh-me-katahdin-open-2026",
        "source_route_id": "at-main-osm-2026-open",
        "mile_nobo_global_est": 1926,
        "mile_nobo_mvp6": 73,
        "mile_sobo_mvp6": 180.2,
        "state": "ME",
        "milepoint_type": "generated",
        "official": false,
        "confidence": "estimated_from_open_route_geometry_with_known_length_gap",
        "source_id": "osm",
        "source_url": "https://www.openstreetmap.org/relation/156553",
        "source_access_url": "https://hiking.waymarkedtrails.org/api/v1/details/relation/156553",
        "license_status": "open_license_share_alike",
        "source_license": "ODbL",
        "attribution": "OpenStreetMap contributors",
        "last_checked": "2026-05-13",
        "last_generated": "2026-05-14",
        "ai_answer_rule": "Generated mile based on Scout MVP6 Maine open route geometry, not an official ATC mile. Use for source-aware planning only."
      },
      "geometry": {
        "type": "Point",
        "coordinates": [
          -70.369018,
          45.037034
        ]
      }
    },
    {
      "type": "Feature",
      "properties": {
        "trail": "Appalachian Trail",
        "route_id": "at-mvp6-maine-nh-me-katahdin-open-2026",
        "source_route_id": "at-main-osm-2026-open",
        "mile_nobo_global_est": 1927,
        "mile_nobo_mvp6": 74,
        "mile_sobo_mvp6": 179.2,
        "state": "ME",
        "milepoint_type": "generated",
        "official": false,
        "confidence": "estimated_from_open_route_geometry_with_known_length_gap",
        "source_id": "osm",
        "source_url": "https://www.openstreetmap.org/relation/156553",
        "source_access_url": "https://hiking.waymarkedtrails.org/api/v1/details/relation/156553",
        "license_status": "open_license_share_alike",
        "source_license": "ODbL",
        "attribution": "OpenStreetMap contributors",
        "last_checked": "2026-05-13",
        "last_generated": "2026-05-14",
        "ai_answer_rule": "Generated mile based on Scout MVP6 Maine open route geometry, not an official ATC mile. Use for source-aware planning only."
      },
      "geometry": {
        "type": "Point",
        "coordinates": [
          -70.379849,
          45.044702
        ]
      }
    },
    {
      "type": "Feature",
      "properties": {
        "trail": "Appalachian Trail",
        "route_id": "at-mvp6-maine-nh-me-katahdin-open-2026",
        "source_route_id": "at-main-osm-2026-open",
        "mile_nobo_global_est": 1928,
        "mile_nobo_mvp6": 75,
        "mile_sobo_mvp6": 178.2,
        "state": "ME",
        "milepoint_type": "generated",
        "official": false,
        "confidence": "estimated_from_open_route_geometry_with_known_length_gap",
        "source_id": "osm",
        "source_url": "https://www.openstreetmap.org/relation/156553",
        "source_access_url": "https://hiking.waymarkedtrails.org/api/v1/details/relation/156553",
        "license_status": "open_license_share_alike",
        "source_license": "ODbL",
        "attribution": "OpenStreetMap contributors",
        "last_checked": "2026-05-13",
        "last_generated": "2026-05-14",
        "ai_answer_rule": "Generated mile based on Scout MVP6 Maine open route geometry, not an official ATC mile. Use for source-aware planning only."
      },
      "geometry": {
        "type": "Point",
        "coordinates": [
          -70.38079,
          45.056756
        ]
      }
    },
    {
      "type": "Feature",
      "properties": {
        "trail": "Appalachian Trail",
        "route_id": "at-mvp6-maine-nh-me-katahdin-open-2026",
        "source_route_id": "at-main-osm-2026-open",
        "mile_nobo_global_est": 1929,
        "mile_nobo_mvp6": 76,
        "mile_sobo_mvp6": 177.2,
        "state": "ME",
        "milepoint_type": "generated",
        "official": false,
        "confidence": "estimated_from_open_route_geometry_with_known_length_gap",
        "source_id": "osm",
        "source_url": "https://www.openstreetmap.org/relation/156553",
        "source_access_url": "https://hiking.waymarkedtrails.org/api/v1/details/relation/156553",
        "license_status": "open_license_share_alike",
        "source_license": "ODbL",
        "attribution": "OpenStreetMap contributors",
        "last_checked": "2026-05-13",
        "last_generated": "2026-05-14",
        "ai_answer_rule": "Generated mile based on Scout MVP6 Maine open route geometry, not an official ATC mile. Use for source-aware planning only."
      },
      "geometry": {
        "type": "Point",
        "coordinates": [
          -70.374712,
          45.068341
        ]
      }
    },
    {
      "type": "Feature",
      "properties": {
        "trail": "Appalachian Trail",
        "route_id": "at-mvp6-maine-nh-me-katahdin-open-2026",
        "source_route_id": "at-main-osm-2026-open",
        "mile_nobo_global_est": 1930,
        "mile_nobo_mvp6": 77,
        "mile_sobo_mvp6": 176.2,
        "state": "ME",
        "milepoint_type": "generated",
        "official": false,
        "confidence": "estimated_from_open_route_geometry_with_known_length_gap",
        "source_id": "osm",
        "source_url": "https://www.openstreetmap.org/relation/156553",
        "source_access_url": "https://hiking.waymarkedtrails.org/api/v1/details/relation/156553",
        "license_status": "open_license_share_alike",
        "source_license": "ODbL",
        "attribution": "OpenStreetMap contributors",
        "last_checked": "2026-05-13",
        "last_generated": "2026-05-14",
        "ai_answer_rule": "Generated mile based on Scout MVP6 Maine open route geometry, not an official ATC mile. Use for source-aware planning only."
      },
      "geometry": {
        "type": "Point",
        "coordinates": [
          -70.37368,
          45.081439
        ]
      }
    },
    {
      "type": "Feature",
      "properties": {
        "trail": "Appalachian Trail",
        "route_id": "at-mvp6-maine-nh-me-katahdin-open-2026",
        "source_route_id": "at-main-osm-2026-open",
        "mile_nobo_global_est": 1931,
        "mile_nobo_mvp6": 78,
        "mile_sobo_mvp6": 175.2,
        "state": "ME",
        "milepoint_type": "generated",
        "official": false,
        "confidence": "estimated_from_open_route_geometry_with_known_length_gap",
        "source_id": "osm",
        "source_url": "https://www.openstreetmap.org/relation/156553",
        "source_access_url": "https://hiking.waymarkedtrails.org/api/v1/details/relation/156553",
        "license_status": "open_license_share_alike",
        "source_license": "ODbL",
        "attribution": "OpenStreetMap contributors",
        "last_checked": "2026-05-13",
        "last_generated": "2026-05-14",
        "ai_answer_rule": "Generated mile based on Scout MVP6 Maine open route geometry, not an official ATC mile. Use for source-aware planning only."
      },
      "geometry": {
        "type": "Point",
        "coordinates": [
          -70.361934,
          45.091526
        ]
      }
    },
    {
      "type": "Feature",
      "properties": {
        "trail": "Appalachian Trail",
        "route_id": "at-mvp6-maine-nh-me-katahdin-open-2026",
        "source_route_id": "at-main-osm-2026-open",
        "mile_nobo_global_est": 1932,
        "mile_nobo_mvp6": 79,
        "mile_sobo_mvp6": 174.2,
        "state": "ME",
        "milepoint_type": "generated",
        "official": false,
        "confidence": "estimated_from_open_route_geometry_with_known_length_gap",
        "source_id": "osm",
        "source_url": "https://www.openstreetmap.org/relation/156553",
        "source_access_url": "https://hiking.waymarkedtrails.org/api/v1/details/relation/156553",
        "license_status": "open_license_share_alike",
        "source_license": "ODbL",
        "attribution": "OpenStreetMap contributors",
        "last_checked": "2026-05-13",
        "last_generated": "2026-05-14",
        "ai_answer_rule": "Generated mile based on Scout MVP6 Maine open route geometry, not an official ATC mile. Use for source-aware planning only."
      },
      "geometry": {
        "type": "Point",
        "coordinates": [
          -70.356088,
          45.103799
        ]
      }
    },
    {
      "type": "Feature",
      "properties": {
        "trail": "Appalachian Trail",
        "route_id": "at-mvp6-maine-nh-me-katahdin-open-2026",
        "source_route_id": "at-main-osm-2026-open",
        "mile_nobo_global_est": 1933,
        "mile_nobo_mvp6": 80,
        "mile_sobo_mvp6": 173.2,
        "state": "ME",
        "milepoint_type": "generated",
        "official": false,
        "confidence": "estimated_from_open_route_geometry_with_known_length_gap",
        "source_id": "osm",
        "source_url": "https://www.openstreetmap.org/relation/156553",
        "source_access_url": "https://hiking.waymarkedtrails.org/api/v1/details/relation/156553",
        "license_status": "open_license_share_alike",
        "source_license": "ODbL",
        "attribution": "OpenStreetMap contributors",
        "last_checked": "2026-05-13",
        "last_generated": "2026-05-14",
        "ai_answer_rule": "Generated mile based on Scout MVP6 Maine open route geometry, not an official ATC mile. Use for source-aware planning only."
      },
      "geometry": {
        "type": "Point",
        "coordinates": [
          -70.349802,
          45.114803
        ]
      }
    },
    {
      "type": "Feature",
      "properties": {
        "trail": "Appalachian Trail",
        "route_id": "at-mvp6-maine-nh-me-katahdin-open-2026",
        "source_route_id": "at-main-osm-2026-open",
        "mile_nobo_global_est": 1934,
        "mile_nobo_mvp6": 81,
        "mile_sobo_mvp6": 172.2,
        "state": "ME",
        "milepoint_type": "generated",
        "official": false,
        "confidence": "estimated_from_open_route_geometry_with_known_length_gap",
        "source_id": "osm",
        "source_url": "https://www.openstreetmap.org/relation/156553",
        "source_access_url": "https://hiking.waymarkedtrails.org/api/v1/details/relation/156553",
        "license_status": "open_license_share_alike",
        "source_license": "ODbL",
        "attribution": "OpenStreetMap contributors",
        "last_checked": "2026-05-13",
        "last_generated": "2026-05-14",
        "ai_answer_rule": "Generated mile based on Scout MVP6 Maine open route geometry, not an official ATC mile. Use for source-aware planning only."
      },
      "geometry": {
        "type": "Point",
        "coordinates": [
          -70.348741,
          45.127537
        ]
      }
    },
    {
      "type": "Feature",
      "properties": {
        "trail": "Appalachian Trail",
        "route_id": "at-mvp6-maine-nh-me-katahdin-open-2026",
        "source_route_id": "at-main-osm-2026-open",
        "mile_nobo_global_est": 1935,
        "mile_nobo_mvp6": 82,
        "mile_sobo_mvp6": 171.2,
        "state": "ME",
        "milepoint_type": "generated",
        "official": false,
        "confidence": "estimated_from_open_route_geometry_with_known_length_gap",
        "source_id": "osm",
        "source_url": "https://www.openstreetmap.org/relation/156553",
        "source_access_url": "https://hiking.waymarkedtrails.org/api/v1/details/relation/156553",
        "license_status": "open_license_share_alike",
        "source_license": "ODbL",
        "attribution": "OpenStreetMap contributors",
        "last_checked": "2026-05-13",
        "last_generated": "2026-05-14",
        "ai_answer_rule": "Generated mile based on Scout MVP6 Maine open route geometry, not an official ATC mile. Use for source-aware planning only."
      },
      "geometry": {
        "type": "Point",
        "coordinates": [
          -70.35442,
          45.13848
        ]
      }
    },
    {
      "type": "Feature",
      "properties": {
        "trail": "Appalachian Trail",
        "route_id": "at-mvp6-maine-nh-me-katahdin-open-2026",
        "source_route_id": "at-main-osm-2026-open",
        "mile_nobo_global_est": 1936,
        "mile_nobo_mvp6": 83,
        "mile_sobo_mvp6": 170.2,
        "state": "ME",
        "milepoint_type": "generated",
        "official": false,
        "confidence": "estimated_from_open_route_geometry_with_known_length_gap",
        "source_id": "osm",
        "source_url": "https://www.openstreetmap.org/relation/156553",
        "source_access_url": "https://hiking.waymarkedtrails.org/api/v1/details/relation/156553",
        "license_status": "open_license_share_alike",
        "source_license": "ODbL",
        "attribution": "OpenStreetMap contributors",
        "last_checked": "2026-05-13",
        "last_generated": "2026-05-14",
        "ai_answer_rule": "Generated mile based on Scout MVP6 Maine open route geometry, not an official ATC mile. Use for source-aware planning only."
      },
      "geometry": {
        "type": "Point",
        "coordinates": [
          -70.339567,
          45.143115
        ]
      }
    },
    {
      "type": "Feature",
      "properties": {
        "trail": "Appalachian Trail",
        "route_id": "at-mvp6-maine-nh-me-katahdin-open-2026",
        "source_route_id": "at-main-osm-2026-open",
        "mile_nobo_global_est": 1937,
        "mile_nobo_mvp6": 84,
        "mile_sobo_mvp6": 169.2,
        "state": "ME",
        "milepoint_type": "generated",
        "official": false,
        "confidence": "estimated_from_open_route_geometry_with_known_length_gap",
        "source_id": "osm",
        "source_url": "https://www.openstreetmap.org/relation/156553",
        "source_access_url": "https://hiking.waymarkedtrails.org/api/v1/details/relation/156553",
        "license_status": "open_license_share_alike",
        "source_license": "ODbL",
        "attribution": "OpenStreetMap contributors",
        "last_checked": "2026-05-13",
        "last_generated": "2026-05-14",
        "ai_answer_rule": "Generated mile based on Scout MVP6 Maine open route geometry, not an official ATC mile. Use for source-aware planning only."
      },
      "geometry": {
        "type": "Point",
        "coordinates": [
          -70.322827,
          45.144882
        ]
      }
    },
    {
      "type": "Feature",
      "properties": {
        "trail": "Appalachian Trail",
        "route_id": "at-mvp6-maine-nh-me-katahdin-open-2026",
        "source_route_id": "at-main-osm-2026-open",
        "mile_nobo_global_est": 1938,
        "mile_nobo_mvp6": 85,
        "mile_sobo_mvp6": 168.2,
        "state": "ME",
        "milepoint_type": "generated",
        "official": false,
        "confidence": "estimated_from_open_route_geometry_with_known_length_gap",
        "source_id": "osm",
        "source_url": "https://www.openstreetmap.org/relation/156553",
        "source_access_url": "https://hiking.waymarkedtrails.org/api/v1/details/relation/156553",
        "license_status": "open_license_share_alike",
        "source_license": "ODbL",
        "attribution": "OpenStreetMap contributors",
        "last_checked": "2026-05-13",
        "last_generated": "2026-05-14",
        "ai_answer_rule": "Generated mile based on Scout MVP6 Maine open route geometry, not an official ATC mile. Use for source-aware planning only."
      },
      "geometry": {
        "type": "Point",
        "coordinates": [
          -70.304038,
          45.143745
        ]
      }
    },
    {
      "type": "Feature",
      "properties": {
        "trail": "Appalachian Trail",
        "route_id": "at-mvp6-maine-nh-me-katahdin-open-2026",
        "source_route_id": "at-main-osm-2026-open",
        "mile_nobo_global_est": 1939,
        "mile_nobo_mvp6": 86,
        "mile_sobo_mvp6": 167.2,
        "state": "ME",
        "milepoint_type": "generated",
        "official": false,
        "confidence": "estimated_from_open_route_geometry_with_known_length_gap",
        "source_id": "osm",
        "source_url": "https://www.openstreetmap.org/relation/156553",
        "source_access_url": "https://hiking.waymarkedtrails.org/api/v1/details/relation/156553",
        "license_status": "open_license_share_alike",
        "source_license": "ODbL",
        "attribution": "OpenStreetMap contributors",
        "last_checked": "2026-05-13",
        "last_generated": "2026-05-14",
        "ai_answer_rule": "Generated mile based on Scout MVP6 Maine open route geometry, not an official ATC mile. Use for source-aware planning only."
      },
      "geometry": {
        "type": "Point",
        "coordinates": [
          -70.285557,
          45.14703
        ]
      }
    },
    {
      "type": "Feature",
      "properties": {
        "trail": "Appalachian Trail",
        "route_id": "at-mvp6-maine-nh-me-katahdin-open-2026",
        "source_route_id": "at-main-osm-2026-open",
        "mile_nobo_global_est": 1940,
        "mile_nobo_mvp6": 87,
        "mile_sobo_mvp6": 166.2,
        "state": "ME",
        "milepoint_type": "generated",
        "official": false,
        "confidence": "estimated_from_open_route_geometry_with_known_length_gap",
        "source_id": "osm",
        "source_url": "https://www.openstreetmap.org/relation/156553",
        "source_access_url": "https://hiking.waymarkedtrails.org/api/v1/details/relation/156553",
        "license_status": "open_license_share_alike",
        "source_license": "ODbL",
        "attribution": "OpenStreetMap contributors",
        "last_checked": "2026-05-13",
        "last_generated": "2026-05-14",
        "ai_answer_rule": "Generated mile based on Scout MVP6 Maine open route geometry, not an official ATC mile. Use for source-aware planning only."
      },
      "geometry": {
        "type": "Point",
        "coordinates": [
          -70.265921,
          45.148199
        ]
      }
    },
    {
      "type": "Feature",
      "properties": {
        "trail": "Appalachian Trail",
        "route_id": "at-mvp6-maine-nh-me-katahdin-open-2026",
        "source_route_id": "at-main-osm-2026-open",
        "mile_nobo_global_est": 1941,
        "mile_nobo_mvp6": 88,
        "mile_sobo_mvp6": 165.2,
        "state": "ME",
        "milepoint_type": "generated",
        "official": false,
        "confidence": "estimated_from_open_route_geometry_with_known_length_gap",
        "source_id": "osm",
        "source_url": "https://www.openstreetmap.org/relation/156553",
        "source_access_url": "https://hiking.waymarkedtrails.org/api/v1/details/relation/156553",
        "license_status": "open_license_share_alike",
        "source_license": "ODbL",
        "attribution": "OpenStreetMap contributors",
        "last_checked": "2026-05-13",
        "last_generated": "2026-05-14",
        "ai_answer_rule": "Generated mile based on Scout MVP6 Maine open route geometry, not an official ATC mile. Use for source-aware planning only."
      },
      "geometry": {
        "type": "Point",
        "coordinates": [
          -70.257186,
          45.145938
        ]
      }
    },
    {
      "type": "Feature",
      "properties": {
        "trail": "Appalachian Trail",
        "route_id": "at-mvp6-maine-nh-me-katahdin-open-2026",
        "source_route_id": "at-main-osm-2026-open",
        "mile_nobo_global_est": 1942,
        "mile_nobo_mvp6": 89,
        "mile_sobo_mvp6": 164.2,
        "state": "ME",
        "milepoint_type": "generated",
        "official": false,
        "confidence": "estimated_from_open_route_geometry_with_known_length_gap",
        "source_id": "osm",
        "source_url": "https://www.openstreetmap.org/relation/156553",
        "source_access_url": "https://hiking.waymarkedtrails.org/api/v1/details/relation/156553",
        "license_status": "open_license_share_alike",
        "source_license": "ODbL",
        "attribution": "OpenStreetMap contributors",
        "last_checked": "2026-05-13",
        "last_generated": "2026-05-14",
        "ai_answer_rule": "Generated mile based on Scout MVP6 Maine open route geometry, not an official ATC mile. Use for source-aware planning only."
      },
      "geometry": {
        "type": "Point",
        "coordinates": [
          -70.242188,
          45.144777
        ]
      }
    },
    {
      "type": "Feature",
      "properties": {
        "trail": "Appalachian Trail",
        "route_id": "at-mvp6-maine-nh-me-katahdin-open-2026",
        "source_route_id": "at-main-osm-2026-open",
        "mile_nobo_global_est": 1943,
        "mile_nobo_mvp6": 90,
        "mile_sobo_mvp6": 163.2,
        "state": "ME",
        "milepoint_type": "generated",
        "official": false,
        "confidence": "estimated_from_open_route_geometry_with_known_length_gap",
        "source_id": "osm",
        "source_url": "https://www.openstreetmap.org/relation/156553",
        "source_access_url": "https://hiking.waymarkedtrails.org/api/v1/details/relation/156553",
        "license_status": "open_license_share_alike",
        "source_license": "ODbL",
        "attribution": "OpenStreetMap contributors",
        "last_checked": "2026-05-13",
        "last_generated": "2026-05-14",
        "ai_answer_rule": "Generated mile based on Scout MVP6 Maine open route geometry, not an official ATC mile. Use for source-aware planning only."
      },
      "geometry": {
        "type": "Point",
        "coordinates": [
          -70.227704,
          45.140036
        ]
      }
    },
    {
      "type": "Feature",
      "properties": {
        "trail": "Appalachian Trail",
        "route_id": "at-mvp6-maine-nh-me-katahdin-open-2026",
        "source_route_id": "at-main-osm-2026-open",
        "mile_nobo_global_est": 1944,
        "mile_nobo_mvp6": 91,
        "mile_sobo_mvp6": 162.2,
        "state": "ME",
        "milepoint_type": "generated",
        "official": false,
        "confidence": "estimated_from_open_route_geometry_with_known_length_gap",
        "source_id": "osm",
        "source_url": "https://www.openstreetmap.org/relation/156553",
        "source_access_url": "https://hiking.waymarkedtrails.org/api/v1/details/relation/156553",
        "license_status": "open_license_share_alike",
        "source_license": "ODbL",
        "attribution": "OpenStreetMap contributors",
        "last_checked": "2026-05-13",
        "last_generated": "2026-05-14",
        "ai_answer_rule": "Generated mile based on Scout MVP6 Maine open route geometry, not an official ATC mile. Use for source-aware planning only."
      },
      "geometry": {
        "type": "Point",
        "coordinates": [
          -70.213305,
          45.131768
        ]
      }
    },
    {
      "type": "Feature",
      "properties": {
        "trail": "Appalachian Trail",
        "route_id": "at-mvp6-maine-nh-me-katahdin-open-2026",
        "source_route_id": "at-main-osm-2026-open",
        "mile_nobo_global_est": 1945,
        "mile_nobo_mvp6": 92,
        "mile_sobo_mvp6": 161.2,
        "state": "ME",
        "milepoint_type": "generated",
        "official": false,
        "confidence": "estimated_from_open_route_geometry_with_known_length_gap",
        "source_id": "osm",
        "source_url": "https://www.openstreetmap.org/relation/156553",
        "source_access_url": "https://hiking.waymarkedtrails.org/api/v1/details/relation/156553",
        "license_status": "open_license_share_alike",
        "source_license": "ODbL",
        "attribution": "OpenStreetMap contributors",
        "last_checked": "2026-05-13",
        "last_generated": "2026-05-14",
        "ai_answer_rule": "Generated mile based on Scout MVP6 Maine open route geometry, not an official ATC mile. Use for source-aware planning only."
      },
      "geometry": {
        "type": "Point",
        "coordinates": [
          -70.200455,
          45.132438
        ]
      }
    },
    {
      "type": "Feature",
      "properties": {
        "trail": "Appalachian Trail",
        "route_id": "at-mvp6-maine-nh-me-katahdin-open-2026",
        "source_route_id": "at-main-osm-2026-open",
        "mile_nobo_global_est": 1946,
        "mile_nobo_mvp6": 93,
        "mile_sobo_mvp6": 160.2,
        "state": "ME",
        "milepoint_type": "generated",
        "official": false,
        "confidence": "estimated_from_open_route_geometry_with_known_length_gap",
        "source_id": "osm",
        "source_url": "https://www.openstreetmap.org/relation/156553",
        "source_access_url": "https://hiking.waymarkedtrails.org/api/v1/details/relation/156553",
        "license_status": "open_license_share_alike",
        "source_license": "ODbL",
        "attribution": "OpenStreetMap contributors",
        "last_checked": "2026-05-13",
        "last_generated": "2026-05-14",
        "ai_answer_rule": "Generated mile based on Scout MVP6 Maine open route geometry, not an official ATC mile. Use for source-aware planning only."
      },
      "geometry": {
        "type": "Point",
        "coordinates": [
          -70.189103,
          45.135176
        ]
      }
    },
    {
      "type": "Feature",
      "properties": {
        "trail": "Appalachian Trail",
        "route_id": "at-mvp6-maine-nh-me-katahdin-open-2026",
        "source_route_id": "at-main-osm-2026-open",
        "mile_nobo_global_est": 1947,
        "mile_nobo_mvp6": 94,
        "mile_sobo_mvp6": 159.2,
        "state": "ME",
        "milepoint_type": "generated",
        "official": false,
        "confidence": "estimated_from_open_route_geometry_with_known_length_gap",
        "source_id": "osm",
        "source_url": "https://www.openstreetmap.org/relation/156553",
        "source_access_url": "https://hiking.waymarkedtrails.org/api/v1/details/relation/156553",
        "license_status": "open_license_share_alike",
        "source_license": "ODbL",
        "attribution": "OpenStreetMap contributors",
        "last_checked": "2026-05-13",
        "last_generated": "2026-05-14",
        "ai_answer_rule": "Generated mile based on Scout MVP6 Maine open route geometry, not an official ATC mile. Use for source-aware planning only."
      },
      "geometry": {
        "type": "Point",
        "coordinates": [
          -70.171315,
          45.134458
        ]
      }
    },
    {
      "type": "Feature",
      "properties": {
        "trail": "Appalachian Trail",
        "route_id": "at-mvp6-maine-nh-me-katahdin-open-2026",
        "source_route_id": "at-main-osm-2026-open",
        "mile_nobo_global_est": 1948,
        "mile_nobo_mvp6": 95,
        "mile_sobo_mvp6": 158.2,
        "state": "ME",
        "milepoint_type": "generated",
        "official": false,
        "confidence": "estimated_from_open_route_geometry_with_known_length_gap",
        "source_id": "osm",
        "source_url": "https://www.openstreetmap.org/relation/156553",
        "source_access_url": "https://hiking.waymarkedtrails.org/api/v1/details/relation/156553",
        "license_status": "open_license_share_alike",
        "source_license": "ODbL",
        "attribution": "OpenStreetMap contributors",
        "last_checked": "2026-05-13",
        "last_generated": "2026-05-14",
        "ai_answer_rule": "Generated mile based on Scout MVP6 Maine open route geometry, not an official ATC mile. Use for source-aware planning only."
      },
      "geometry": {
        "type": "Point",
        "coordinates": [
          -70.167764,
          45.143666
        ]
      }
    },
    {
      "type": "Feature",
      "properties": {
        "trail": "Appalachian Trail",
        "route_id": "at-mvp6-maine-nh-me-katahdin-open-2026",
        "source_route_id": "at-main-osm-2026-open",
        "mile_nobo_global_est": 1949,
        "mile_nobo_mvp6": 96,
        "mile_sobo_mvp6": 157.2,
        "state": "ME",
        "milepoint_type": "generated",
        "official": false,
        "confidence": "estimated_from_open_route_geometry_with_known_length_gap",
        "source_id": "osm",
        "source_url": "https://www.openstreetmap.org/relation/156553",
        "source_access_url": "https://hiking.waymarkedtrails.org/api/v1/details/relation/156553",
        "license_status": "open_license_share_alike",
        "source_license": "ODbL",
        "attribution": "OpenStreetMap contributors",
        "last_checked": "2026-05-13",
        "last_generated": "2026-05-14",
        "ai_answer_rule": "Generated mile based on Scout MVP6 Maine open route geometry, not an official ATC mile. Use for source-aware planning only."
      },
      "geometry": {
        "type": "Point",
        "coordinates": [
          -70.16972,
          45.152365
        ]
      }
    },
    {
      "type": "Feature",
      "properties": {
        "trail": "Appalachian Trail",
        "route_id": "at-mvp6-maine-nh-me-katahdin-open-2026",
        "source_route_id": "at-main-osm-2026-open",
        "mile_nobo_global_est": 1950,
        "mile_nobo_mvp6": 97,
        "mile_sobo_mvp6": 156.2,
        "state": "ME",
        "milepoint_type": "generated",
        "official": false,
        "confidence": "estimated_from_open_route_geometry_with_known_length_gap",
        "source_id": "osm",
        "source_url": "https://www.openstreetmap.org/relation/156553",
        "source_access_url": "https://hiking.waymarkedtrails.org/api/v1/details/relation/156553",
        "license_status": "open_license_share_alike",
        "source_license": "ODbL",
        "attribution": "OpenStreetMap contributors",
        "last_checked": "2026-05-13",
        "last_generated": "2026-05-14",
        "ai_answer_rule": "Generated mile based on Scout MVP6 Maine open route geometry, not an official ATC mile. Use for source-aware planning only."
      },
      "geometry": {
        "type": "Point",
        "coordinates": [
          -70.1521,
          45.155554
        ]
      }
    },
    {
      "type": "Feature",
      "properties": {
        "trail": "Appalachian Trail",
        "route_id": "at-mvp6-maine-nh-me-katahdin-open-2026",
        "source_route_id": "at-main-osm-2026-open",
        "mile_nobo_global_est": 1951,
        "mile_nobo_mvp6": 98,
        "mile_sobo_mvp6": 155.2,
        "state": "ME",
        "milepoint_type": "generated",
        "official": false,
        "confidence": "estimated_from_open_route_geometry_with_known_length_gap",
        "source_id": "osm",
        "source_url": "https://www.openstreetmap.org/relation/156553",
        "source_access_url": "https://hiking.waymarkedtrails.org/api/v1/details/relation/156553",
        "license_status": "open_license_share_alike",
        "source_license": "ODbL",
        "attribution": "OpenStreetMap contributors",
        "last_checked": "2026-05-13",
        "last_generated": "2026-05-14",
        "ai_answer_rule": "Generated mile based on Scout MVP6 Maine open route geometry, not an official ATC mile. Use for source-aware planning only."
      },
      "geometry": {
        "type": "Point",
        "coordinates": [
          -70.134847,
          45.161087
        ]
      }
    },
    {
      "type": "Feature",
      "properties": {
        "trail": "Appalachian Trail",
        "route_id": "at-mvp6-maine-nh-me-katahdin-open-2026",
        "source_route_id": "at-main-osm-2026-open",
        "mile_nobo_global_est": 1952,
        "mile_nobo_mvp6": 99,
        "mile_sobo_mvp6": 154.2,
        "state": "ME",
        "milepoint_type": "generated",
        "official": false,
        "confidence": "estimated_from_open_route_geometry_with_known_length_gap",
        "source_id": "osm",
        "source_url": "https://www.openstreetmap.org/relation/156553",
        "source_access_url": "https://hiking.waymarkedtrails.org/api/v1/details/relation/156553",
        "license_status": "open_license_share_alike",
        "source_license": "ODbL",
        "attribution": "OpenStreetMap contributors",
        "last_checked": "2026-05-13",
        "last_generated": "2026-05-14",
        "ai_answer_rule": "Generated mile based on Scout MVP6 Maine open route geometry, not an official ATC mile. Use for source-aware planning only."
      },
      "geometry": {
        "type": "Point",
        "coordinates": [
          -70.117284,
          45.156433
        ]
      }
    },
    {
      "type": "Feature",
      "properties": {
        "trail": "Appalachian Trail",
        "route_id": "at-mvp6-maine-nh-me-katahdin-open-2026",
        "source_route_id": "at-main-osm-2026-open",
        "mile_nobo_global_est": 1953,
        "mile_nobo_mvp6": 100,
        "mile_sobo_mvp6": 153.2,
        "state": "ME",
        "milepoint_type": "generated",
        "official": false,
        "confidence": "estimated_from_open_route_geometry_with_known_length_gap",
        "source_id": "osm",
        "source_url": "https://www.openstreetmap.org/relation/156553",
        "source_access_url": "https://hiking.waymarkedtrails.org/api/v1/details/relation/156553",
        "license_status": "open_license_share_alike",
        "source_license": "ODbL",
        "attribution": "OpenStreetMap contributors",
        "last_checked": "2026-05-13",
        "last_generated": "2026-05-14",
        "ai_answer_rule": "Generated mile based on Scout MVP6 Maine open route geometry, not an official ATC mile. Use for source-aware planning only."
      },
      "geometry": {
        "type": "Point",
        "coordinates": [
          -70.099987,
          45.158517
        ]
      }
    },
    {
      "type": "Feature",
      "properties": {
        "trail": "Appalachian Trail",
        "route_id": "at-mvp6-maine-nh-me-katahdin-open-2026",
        "source_route_id": "at-main-osm-2026-open",
        "mile_nobo_global_est": 1954,
        "mile_nobo_mvp6": 101,
        "mile_sobo_mvp6": 152.2,
        "state": "ME",
        "milepoint_type": "generated",
        "official": false,
        "confidence": "estimated_from_open_route_geometry_with_known_length_gap",
        "source_id": "osm",
        "source_url": "https://www.openstreetmap.org/relation/156553",
        "source_access_url": "https://hiking.waymarkedtrails.org/api/v1/details/relation/156553",
        "license_status": "open_license_share_alike",
        "source_license": "ODbL",
        "attribution": "OpenStreetMap contributors",
        "last_checked": "2026-05-13",
        "last_generated": "2026-05-14",
        "ai_answer_rule": "Generated mile based on Scout MVP6 Maine open route geometry, not an official ATC mile. Use for source-aware planning only."
      },
      "geometry": {
        "type": "Point",
        "coordinates": [
          -70.091275,
          45.166354
        ]
      }
    },
    {
      "type": "Feature",
      "properties": {
        "trail": "Appalachian Trail",
        "route_id": "at-mvp6-maine-nh-me-katahdin-open-2026",
        "source_route_id": "at-main-osm-2026-open",
        "mile_nobo_global_est": 1955,
        "mile_nobo_mvp6": 102,
        "mile_sobo_mvp6": 151.2,
        "state": "ME",
        "milepoint_type": "generated",
        "official": false,
        "confidence": "estimated_from_open_route_geometry_with_known_length_gap",
        "source_id": "osm",
        "source_url": "https://www.openstreetmap.org/relation/156553",
        "source_access_url": "https://hiking.waymarkedtrails.org/api/v1/details/relation/156553",
        "license_status": "open_license_share_alike",
        "source_license": "ODbL",
        "attribution": "OpenStreetMap contributors",
        "last_checked": "2026-05-13",
        "last_generated": "2026-05-14",
        "ai_answer_rule": "Generated mile based on Scout MVP6 Maine open route geometry, not an official ATC mile. Use for source-aware planning only."
      },
      "geometry": {
        "type": "Point",
        "coordinates": [
          -70.077112,
          45.174143
        ]
      }
    },
    {
      "type": "Feature",
      "properties": {
        "trail": "Appalachian Trail",
        "route_id": "at-mvp6-maine-nh-me-katahdin-open-2026",
        "source_route_id": "at-main-osm-2026-open",
        "mile_nobo_global_est": 1956,
        "mile_nobo_mvp6": 103,
        "mile_sobo_mvp6": 150.2,
        "state": "ME",
        "milepoint_type": "generated",
        "official": false,
        "confidence": "estimated_from_open_route_geometry_with_known_length_gap",
        "source_id": "osm",
        "source_url": "https://www.openstreetmap.org/relation/156553",
        "source_access_url": "https://hiking.waymarkedtrails.org/api/v1/details/relation/156553",
        "license_status": "open_license_share_alike",
        "source_license": "ODbL",
        "attribution": "OpenStreetMap contributors",
        "last_checked": "2026-05-13",
        "last_generated": "2026-05-14",
        "ai_answer_rule": "Generated mile based on Scout MVP6 Maine open route geometry, not an official ATC mile. Use for source-aware planning only."
      },
      "geometry": {
        "type": "Point",
        "coordinates": [
          -70.065268,
          45.181381
        ]
      }
    },
    {
      "type": "Feature",
      "properties": {
        "trail": "Appalachian Trail",
        "route_id": "at-mvp6-maine-nh-me-katahdin-open-2026",
        "source_route_id": "at-main-osm-2026-open",
        "mile_nobo_global_est": 1957,
        "mile_nobo_mvp6": 104,
        "mile_sobo_mvp6": 149.2,
        "state": "ME",
        "milepoint_type": "generated",
        "official": false,
        "confidence": "estimated_from_open_route_geometry_with_known_length_gap",
        "source_id": "osm",
        "source_url": "https://www.openstreetmap.org/relation/156553",
        "source_access_url": "https://hiking.waymarkedtrails.org/api/v1/details/relation/156553",
        "license_status": "open_license_share_alike",
        "source_license": "ODbL",
        "attribution": "OpenStreetMap contributors",
        "last_checked": "2026-05-13",
        "last_generated": "2026-05-14",
        "ai_answer_rule": "Generated mile based on Scout MVP6 Maine open route geometry, not an official ATC mile. Use for source-aware planning only."
      },
      "geometry": {
        "type": "Point",
        "coordinates": [
          -70.055599,
          45.19105
        ]
      }
    },
    {
      "type": "Feature",
      "properties": {
        "trail": "Appalachian Trail",
        "route_id": "at-mvp6-maine-nh-me-katahdin-open-2026",
        "source_route_id": "at-main-osm-2026-open",
        "mile_nobo_global_est": 1958,
        "mile_nobo_mvp6": 105,
        "mile_sobo_mvp6": 148.2,
        "state": "ME",
        "milepoint_type": "generated",
        "official": false,
        "confidence": "estimated_from_open_route_geometry_with_known_length_gap",
        "source_id": "osm",
        "source_url": "https://www.openstreetmap.org/relation/156553",
        "source_access_url": "https://hiking.waymarkedtrails.org/api/v1/details/relation/156553",
        "license_status": "open_license_share_alike",
        "source_license": "ODbL",
        "attribution": "OpenStreetMap contributors",
        "last_checked": "2026-05-13",
        "last_generated": "2026-05-14",
        "ai_answer_rule": "Generated mile based on Scout MVP6 Maine open route geometry, not an official ATC mile. Use for source-aware planning only."
      },
      "geometry": {
        "type": "Point",
        "coordinates": [
          -70.065661,
          45.199014
        ]
      }
    },
    {
      "type": "Feature",
      "properties": {
        "trail": "Appalachian Trail",
        "route_id": "at-mvp6-maine-nh-me-katahdin-open-2026",
        "source_route_id": "at-main-osm-2026-open",
        "mile_nobo_global_est": 1959,
        "mile_nobo_mvp6": 106,
        "mile_sobo_mvp6": 147.2,
        "state": "ME",
        "milepoint_type": "generated",
        "official": false,
        "confidence": "estimated_from_open_route_geometry_with_known_length_gap",
        "source_id": "osm",
        "source_url": "https://www.openstreetmap.org/relation/156553",
        "source_access_url": "https://hiking.waymarkedtrails.org/api/v1/details/relation/156553",
        "license_status": "open_license_share_alike",
        "source_license": "ODbL",
        "attribution": "OpenStreetMap contributors",
        "last_checked": "2026-05-13",
        "last_generated": "2026-05-14",
        "ai_answer_rule": "Generated mile based on Scout MVP6 Maine open route geometry, not an official ATC mile. Use for source-aware planning only."
      },
      "geometry": {
        "type": "Point",
        "coordinates": [
          -70.069139,
          45.208146
        ]
      }
    },
    {
      "type": "Feature",
      "properties": {
        "trail": "Appalachian Trail",
        "route_id": "at-mvp6-maine-nh-me-katahdin-open-2026",
        "source_route_id": "at-main-osm-2026-open",
        "mile_nobo_global_est": 1960,
        "mile_nobo_mvp6": 107,
        "mile_sobo_mvp6": 146.2,
        "state": "ME",
        "milepoint_type": "generated",
        "official": false,
        "confidence": "estimated_from_open_route_geometry_with_known_length_gap",
        "source_id": "osm",
        "source_url": "https://www.openstreetmap.org/relation/156553",
        "source_access_url": "https://hiking.waymarkedtrails.org/api/v1/details/relation/156553",
        "license_status": "open_license_share_alike",
        "source_license": "ODbL",
        "attribution": "OpenStreetMap contributors",
        "last_checked": "2026-05-13",
        "last_generated": "2026-05-14",
        "ai_answer_rule": "Generated mile based on Scout MVP6 Maine open route geometry, not an official ATC mile. Use for source-aware planning only."
      },
      "geometry": {
        "type": "Point",
        "coordinates": [
          -70.080239,
          45.216825
        ]
      }
    },
    {
      "type": "Feature",
      "properties": {
        "trail": "Appalachian Trail",
        "route_id": "at-mvp6-maine-nh-me-katahdin-open-2026",
        "source_route_id": "at-main-osm-2026-open",
        "mile_nobo_global_est": 1961,
        "mile_nobo_mvp6": 108,
        "mile_sobo_mvp6": 145.2,
        "state": "ME",
        "milepoint_type": "generated",
        "official": false,
        "confidence": "estimated_from_open_route_geometry_with_known_length_gap",
        "source_id": "osm",
        "source_url": "https://www.openstreetmap.org/relation/156553",
        "source_access_url": "https://hiking.waymarkedtrails.org/api/v1/details/relation/156553",
        "license_status": "open_license_share_alike",
        "source_license": "ODbL",
        "attribution": "OpenStreetMap contributors",
        "last_checked": "2026-05-13",
        "last_generated": "2026-05-14",
        "ai_answer_rule": "Generated mile based on Scout MVP6 Maine open route geometry, not an official ATC mile. Use for source-aware planning only."
      },
      "geometry": {
        "type": "Point",
        "coordinates": [
          -70.076832,
          45.226566
        ]
      }
    },
    {
      "type": "Feature",
      "properties": {
        "trail": "Appalachian Trail",
        "route_id": "at-mvp6-maine-nh-me-katahdin-open-2026",
        "source_route_id": "at-main-osm-2026-open",
        "mile_nobo_global_est": 1962,
        "mile_nobo_mvp6": 109,
        "mile_sobo_mvp6": 144.2,
        "state": "ME",
        "milepoint_type": "generated",
        "official": false,
        "confidence": "estimated_from_open_route_geometry_with_known_length_gap",
        "source_id": "osm",
        "source_url": "https://www.openstreetmap.org/relation/156553",
        "source_access_url": "https://hiking.waymarkedtrails.org/api/v1/details/relation/156553",
        "license_status": "open_license_share_alike",
        "source_license": "ODbL",
        "attribution": "OpenStreetMap contributors",
        "last_checked": "2026-05-13",
        "last_generated": "2026-05-14",
        "ai_answer_rule": "Generated mile based on Scout MVP6 Maine open route geometry, not an official ATC mile. Use for source-aware planning only."
      },
      "geometry": {
        "type": "Point",
        "coordinates": [
          -70.062821,
          45.234844
        ]
      }
    },
    {
      "type": "Feature",
      "properties": {
        "trail": "Appalachian Trail",
        "route_id": "at-mvp6-maine-nh-me-katahdin-open-2026",
        "source_route_id": "at-main-osm-2026-open",
        "mile_nobo_global_est": 1963,
        "mile_nobo_mvp6": 110,
        "mile_sobo_mvp6": 143.2,
        "state": "ME",
        "milepoint_type": "generated",
        "official": false,
        "confidence": "estimated_from_open_route_geometry_with_known_length_gap",
        "source_id": "osm",
        "source_url": "https://www.openstreetmap.org/relation/156553",
        "source_access_url": "https://hiking.waymarkedtrails.org/api/v1/details/relation/156553",
        "license_status": "open_license_share_alike",
        "source_license": "ODbL",
        "attribution": "OpenStreetMap contributors",
        "last_checked": "2026-05-13",
        "last_generated": "2026-05-14",
        "ai_answer_rule": "Generated mile based on Scout MVP6 Maine open route geometry, not an official ATC mile. Use for source-aware planning only."
      },
      "geometry": {
        "type": "Point",
        "coordinates": [
          -70.04688,
          45.238916
        ]
      }
    },
    {
      "type": "Feature",
      "properties": {
        "trail": "Appalachian Trail",
        "route_id": "at-mvp6-maine-nh-me-katahdin-open-2026",
        "source_route_id": "at-main-osm-2026-open",
        "mile_nobo_global_est": 1964,
        "mile_nobo_mvp6": 111,
        "mile_sobo_mvp6": 142.2,
        "state": "ME",
        "milepoint_type": "generated",
        "official": false,
        "confidence": "estimated_from_open_route_geometry_with_known_length_gap",
        "source_id": "osm",
        "source_url": "https://www.openstreetmap.org/relation/156553",
        "source_access_url": "https://hiking.waymarkedtrails.org/api/v1/details/relation/156553",
        "license_status": "open_license_share_alike",
        "source_license": "ODbL",
        "attribution": "OpenStreetMap contributors",
        "last_checked": "2026-05-13",
        "last_generated": "2026-05-14",
        "ai_answer_rule": "Generated mile based on Scout MVP6 Maine open route geometry, not an official ATC mile. Use for source-aware planning only."
      },
      "geometry": {
        "type": "Point",
        "coordinates": [
          -70.028021,
          45.241581
        ]
      }
    },
    {
      "type": "Feature",
      "properties": {
        "trail": "Appalachian Trail",
        "route_id": "at-mvp6-maine-nh-me-katahdin-open-2026",
        "source_route_id": "at-main-osm-2026-open",
        "mile_nobo_global_est": 1965,
        "mile_nobo_mvp6": 112,
        "mile_sobo_mvp6": 141.2,
        "state": "ME",
        "milepoint_type": "generated",
        "official": false,
        "confidence": "estimated_from_open_route_geometry_with_known_length_gap",
        "source_id": "osm",
        "source_url": "https://www.openstreetmap.org/relation/156553",
        "source_access_url": "https://hiking.waymarkedtrails.org/api/v1/details/relation/156553",
        "license_status": "open_license_share_alike",
        "source_license": "ODbL",
        "attribution": "OpenStreetMap contributors",
        "last_checked": "2026-05-13",
        "last_generated": "2026-05-14",
        "ai_answer_rule": "Generated mile based on Scout MVP6 Maine open route geometry, not an official ATC mile. Use for source-aware planning only."
      },
      "geometry": {
        "type": "Point",
        "coordinates": [
          -70.012968,
          45.237112
        ]
      }
    },
    {
      "type": "Feature",
      "properties": {
        "trail": "Appalachian Trail",
        "route_id": "at-mvp6-maine-nh-me-katahdin-open-2026",
        "source_route_id": "at-main-osm-2026-open",
        "mile_nobo_global_est": 1966,
        "mile_nobo_mvp6": 113,
        "mile_sobo_mvp6": 140.2,
        "state": "ME",
        "milepoint_type": "generated",
        "official": false,
        "confidence": "estimated_from_open_route_geometry_with_known_length_gap",
        "source_id": "osm",
        "source_url": "https://www.openstreetmap.org/relation/156553",
        "source_access_url": "https://hiking.waymarkedtrails.org/api/v1/details/relation/156553",
        "license_status": "open_license_share_alike",
        "source_license": "ODbL",
        "attribution": "OpenStreetMap contributors",
        "last_checked": "2026-05-13",
        "last_generated": "2026-05-14",
        "ai_answer_rule": "Generated mile based on Scout MVP6 Maine open route geometry, not an official ATC mile. Use for source-aware planning only."
      },
      "geometry": {
        "type": "Point",
        "coordinates": [
          -69.997724,
          45.238107
        ]
      }
    },
    {
      "type": "Feature",
      "properties": {
        "trail": "Appalachian Trail",
        "route_id": "at-mvp6-maine-nh-me-katahdin-open-2026",
        "source_route_id": "at-main-osm-2026-open",
        "mile_nobo_global_est": 1967,
        "mile_nobo_mvp6": 114,
        "mile_sobo_mvp6": 139.2,
        "state": "ME",
        "milepoint_type": "generated",
        "official": false,
        "confidence": "estimated_from_open_route_geometry_with_known_length_gap",
        "source_id": "osm",
        "source_url": "https://www.openstreetmap.org/relation/156553",
        "source_access_url": "https://hiking.waymarkedtrails.org/api/v1/details/relation/156553",
        "license_status": "open_license_share_alike",
        "source_license": "ODbL",
        "attribution": "OpenStreetMap contributors",
        "last_checked": "2026-05-13",
        "last_generated": "2026-05-14",
        "ai_answer_rule": "Generated mile based on Scout MVP6 Maine open route geometry, not an official ATC mile. Use for source-aware planning only."
      },
      "geometry": {
        "type": "Point",
        "coordinates": [
          -69.98469,
          45.248319
        ]
      }
    },
    {
      "type": "Feature",
      "properties": {
        "trail": "Appalachian Trail",
        "route_id": "at-mvp6-maine-nh-me-katahdin-open-2026",
        "source_route_id": "at-main-osm-2026-open",
        "mile_nobo_global_est": 1968,
        "mile_nobo_mvp6": 115,
        "mile_sobo_mvp6": 138.2,
        "state": "ME",
        "milepoint_type": "generated",
        "official": false,
        "confidence": "estimated_from_open_route_geometry_with_known_length_gap",
        "source_id": "osm",
        "source_url": "https://www.openstreetmap.org/relation/156553",
        "source_access_url": "https://hiking.waymarkedtrails.org/api/v1/details/relation/156553",
        "license_status": "open_license_share_alike",
        "source_license": "ODbL",
        "attribution": "OpenStreetMap contributors",
        "last_checked": "2026-05-13",
        "last_generated": "2026-05-14",
        "ai_answer_rule": "Generated mile based on Scout MVP6 Maine open route geometry, not an official ATC mile. Use for source-aware planning only."
      },
      "geometry": {
        "type": "Point",
        "coordinates": [
          -69.976244,
          45.259086
        ]
      }
    },
    {
      "type": "Feature",
      "properties": {
        "trail": "Appalachian Trail",
        "route_id": "at-mvp6-maine-nh-me-katahdin-open-2026",
        "source_route_id": "at-main-osm-2026-open",
        "mile_nobo_global_est": 1969,
        "mile_nobo_mvp6": 116,
        "mile_sobo_mvp6": 137.2,
        "state": "ME",
        "milepoint_type": "generated",
        "official": false,
        "confidence": "estimated_from_open_route_geometry_with_known_length_gap",
        "source_id": "osm",
        "source_url": "https://www.openstreetmap.org/relation/156553",
        "source_access_url": "https://hiking.waymarkedtrails.org/api/v1/details/relation/156553",
        "license_status": "open_license_share_alike",
        "source_license": "ODbL",
        "attribution": "OpenStreetMap contributors",
        "last_checked": "2026-05-13",
        "last_generated": "2026-05-14",
        "ai_answer_rule": "Generated mile based on Scout MVP6 Maine open route geometry, not an official ATC mile. Use for source-aware planning only."
      },
      "geometry": {
        "type": "Point",
        "coordinates": [
          -69.962444,
          45.267945
        ]
      }
    },
    {
      "type": "Feature",
      "properties": {
        "trail": "Appalachian Trail",
        "route_id": "at-mvp6-maine-nh-me-katahdin-open-2026",
        "source_route_id": "at-main-osm-2026-open",
        "mile_nobo_global_est": 1970,
        "mile_nobo_mvp6": 117,
        "mile_sobo_mvp6": 136.2,
        "state": "ME",
        "milepoint_type": "generated",
        "official": false,
        "confidence": "estimated_from_open_route_geometry_with_known_length_gap",
        "source_id": "osm",
        "source_url": "https://www.openstreetmap.org/relation/156553",
        "source_access_url": "https://hiking.waymarkedtrails.org/api/v1/details/relation/156553",
        "license_status": "open_license_share_alike",
        "source_license": "ODbL",
        "attribution": "OpenStreetMap contributors",
        "last_checked": "2026-05-13",
        "last_generated": "2026-05-14",
        "ai_answer_rule": "Generated mile based on Scout MVP6 Maine open route geometry, not an official ATC mile. Use for source-aware planning only."
      },
      "geometry": {
        "type": "Point",
        "coordinates": [
          -69.945765,
          45.273674
        ]
      }
    },
    {
      "type": "Feature",
      "properties": {
        "trail": "Appalachian Trail",
        "route_id": "at-mvp6-maine-nh-me-katahdin-open-2026",
        "source_route_id": "at-main-osm-2026-open",
        "mile_nobo_global_est": 1971,
        "mile_nobo_mvp6": 118,
        "mile_sobo_mvp6": 135.2,
        "state": "ME",
        "milepoint_type": "generated",
        "official": false,
        "confidence": "estimated_from_open_route_geometry_with_known_length_gap",
        "source_id": "osm",
        "source_url": "https://www.openstreetmap.org/relation/156553",
        "source_access_url": "https://hiking.waymarkedtrails.org/api/v1/details/relation/156553",
        "license_status": "open_license_share_alike",
        "source_license": "ODbL",
        "attribution": "OpenStreetMap contributors",
        "last_checked": "2026-05-13",
        "last_generated": "2026-05-14",
        "ai_answer_rule": "Generated mile based on Scout MVP6 Maine open route geometry, not an official ATC mile. Use for source-aware planning only."
      },
      "geometry": {
        "type": "Point",
        "coordinates": [
          -69.926919,
          45.272954
        ]
      }
    },
    {
      "type": "Feature",
      "properties": {
        "trail": "Appalachian Trail",
        "route_id": "at-mvp6-maine-nh-me-katahdin-open-2026",
        "source_route_id": "at-main-osm-2026-open",
        "mile_nobo_global_est": 1972,
        "mile_nobo_mvp6": 119,
        "mile_sobo_mvp6": 134.2,
        "state": "ME",
        "milepoint_type": "generated",
        "official": false,
        "confidence": "estimated_from_open_route_geometry_with_known_length_gap",
        "source_id": "osm",
        "source_url": "https://www.openstreetmap.org/relation/156553",
        "source_access_url": "https://hiking.waymarkedtrails.org/api/v1/details/relation/156553",
        "license_status": "open_license_share_alike",
        "source_license": "ODbL",
        "attribution": "OpenStreetMap contributors",
        "last_checked": "2026-05-13",
        "last_generated": "2026-05-14",
        "ai_answer_rule": "Generated mile based on Scout MVP6 Maine open route geometry, not an official ATC mile. Use for source-aware planning only."
      },
      "geometry": {
        "type": "Point",
        "coordinates": [
          -69.907827,
          45.272247
        ]
      }
    },
    {
      "type": "Feature",
      "properties": {
        "trail": "Appalachian Trail",
        "route_id": "at-mvp6-maine-nh-me-katahdin-open-2026",
        "source_route_id": "at-main-osm-2026-open",
        "mile_nobo_global_est": 1973,
        "mile_nobo_mvp6": 120,
        "mile_sobo_mvp6": 133.2,
        "state": "ME",
        "milepoint_type": "generated",
        "official": false,
        "confidence": "estimated_from_open_route_geometry_with_known_length_gap",
        "source_id": "osm",
        "source_url": "https://www.openstreetmap.org/relation/156553",
        "source_access_url": "https://hiking.waymarkedtrails.org/api/v1/details/relation/156553",
        "license_status": "open_license_share_alike",
        "source_license": "ODbL",
        "attribution": "OpenStreetMap contributors",
        "last_checked": "2026-05-13",
        "last_generated": "2026-05-14",
        "ai_answer_rule": "Generated mile based on Scout MVP6 Maine open route geometry, not an official ATC mile. Use for source-aware planning only."
      },
      "geometry": {
        "type": "Point",
        "coordinates": [
          -69.893878,
          45.270674
        ]
      }
    },
    {
      "type": "Feature",
      "properties": {
        "trail": "Appalachian Trail",
        "route_id": "at-mvp6-maine-nh-me-katahdin-open-2026",
        "source_route_id": "at-main-osm-2026-open",
        "mile_nobo_global_est": 1974,
        "mile_nobo_mvp6": 121,
        "mile_sobo_mvp6": 132.2,
        "state": "ME",
        "milepoint_type": "generated",
        "official": false,
        "confidence": "estimated_from_open_route_geometry_with_known_length_gap",
        "source_id": "osm",
        "source_url": "https://www.openstreetmap.org/relation/156553",
        "source_access_url": "https://hiking.waymarkedtrails.org/api/v1/details/relation/156553",
        "license_status": "open_license_share_alike",
        "source_license": "ODbL",
        "attribution": "OpenStreetMap contributors",
        "last_checked": "2026-05-13",
        "last_generated": "2026-05-14",
        "ai_answer_rule": "Generated mile based on Scout MVP6 Maine open route geometry, not an official ATC mile. Use for source-aware planning only."
      },
      "geometry": {
        "type": "Point",
        "coordinates": [
          -69.880682,
          45.264055
        ]
      }
    },
    {
      "type": "Feature",
      "properties": {
        "trail": "Appalachian Trail",
        "route_id": "at-mvp6-maine-nh-me-katahdin-open-2026",
        "source_route_id": "at-main-osm-2026-open",
        "mile_nobo_global_est": 1975,
        "mile_nobo_mvp6": 122,
        "mile_sobo_mvp6": 131.2,
        "state": "ME",
        "milepoint_type": "generated",
        "official": false,
        "confidence": "estimated_from_open_route_geometry_with_known_length_gap",
        "source_id": "osm",
        "source_url": "https://www.openstreetmap.org/relation/156553",
        "source_access_url": "https://hiking.waymarkedtrails.org/api/v1/details/relation/156553",
        "license_status": "open_license_share_alike",
        "source_license": "ODbL",
        "attribution": "OpenStreetMap contributors",
        "last_checked": "2026-05-13",
        "last_generated": "2026-05-14",
        "ai_answer_rule": "Generated mile based on Scout MVP6 Maine open route geometry, not an official ATC mile. Use for source-aware planning only."
      },
      "geometry": {
        "type": "Point",
        "coordinates": [
          -69.865647,
          45.258673
        ]
      }
    },
    {
      "type": "Feature",
      "properties": {
        "trail": "Appalachian Trail",
        "route_id": "at-mvp6-maine-nh-me-katahdin-open-2026",
        "source_route_id": "at-main-osm-2026-open",
        "mile_nobo_global_est": 1976,
        "mile_nobo_mvp6": 123,
        "mile_sobo_mvp6": 130.2,
        "state": "ME",
        "milepoint_type": "generated",
        "official": false,
        "confidence": "estimated_from_open_route_geometry_with_known_length_gap",
        "source_id": "osm",
        "source_url": "https://www.openstreetmap.org/relation/156553",
        "source_access_url": "https://hiking.waymarkedtrails.org/api/v1/details/relation/156553",
        "license_status": "open_license_share_alike",
        "source_license": "ODbL",
        "attribution": "OpenStreetMap contributors",
        "last_checked": "2026-05-13",
        "last_generated": "2026-05-14",
        "ai_answer_rule": "Generated mile based on Scout MVP6 Maine open route geometry, not an official ATC mile. Use for source-aware planning only."
      },
      "geometry": {
        "type": "Point",
        "coordinates": [
          -69.847986,
          45.252056
        ]
      }
    },
    {
      "type": "Feature",
      "properties": {
        "trail": "Appalachian Trail",
        "route_id": "at-mvp6-maine-nh-me-katahdin-open-2026",
        "source_route_id": "at-main-osm-2026-open",
        "mile_nobo_global_est": 1977,
        "mile_nobo_mvp6": 124,
        "mile_sobo_mvp6": 129.2,
        "state": "ME",
        "milepoint_type": "generated",
        "official": false,
        "confidence": "estimated_from_open_route_geometry_with_known_length_gap",
        "source_id": "osm",
        "source_url": "https://www.openstreetmap.org/relation/156553",
        "source_access_url": "https://hiking.waymarkedtrails.org/api/v1/details/relation/156553",
        "license_status": "open_license_share_alike",
        "source_license": "ODbL",
        "attribution": "OpenStreetMap contributors",
        "last_checked": "2026-05-13",
        "last_generated": "2026-05-14",
        "ai_answer_rule": "Generated mile based on Scout MVP6 Maine open route geometry, not an official ATC mile. Use for source-aware planning only."
      },
      "geometry": {
        "type": "Point",
        "coordinates": [
          -69.83216,
          45.252972
        ]
      }
    },
    {
      "type": "Feature",
      "properties": {
        "trail": "Appalachian Trail",
        "route_id": "at-mvp6-maine-nh-me-katahdin-open-2026",
        "source_route_id": "at-main-osm-2026-open",
        "mile_nobo_global_est": 1978,
        "mile_nobo_mvp6": 125,
        "mile_sobo_mvp6": 128.2,
        "state": "ME",
        "milepoint_type": "generated",
        "official": false,
        "confidence": "estimated_from_open_route_geometry_with_known_length_gap",
        "source_id": "osm",
        "source_url": "https://www.openstreetmap.org/relation/156553",
        "source_access_url": "https://hiking.waymarkedtrails.org/api/v1/details/relation/156553",
        "license_status": "open_license_share_alike",
        "source_license": "ODbL",
        "attribution": "OpenStreetMap contributors",
        "last_checked": "2026-05-13",
        "last_generated": "2026-05-14",
        "ai_answer_rule": "Generated mile based on Scout MVP6 Maine open route geometry, not an official ATC mile. Use for source-aware planning only."
      },
      "geometry": {
        "type": "Point",
        "coordinates": [
          -69.819497,
          45.246494
        ]
      }
    },
    {
      "type": "Feature",
      "properties": {
        "trail": "Appalachian Trail",
        "route_id": "at-mvp6-maine-nh-me-katahdin-open-2026",
        "source_route_id": "at-main-osm-2026-open",
        "mile_nobo_global_est": 1979,
        "mile_nobo_mvp6": 126,
        "mile_sobo_mvp6": 127.2,
        "state": "ME",
        "milepoint_type": "generated",
        "official": false,
        "confidence": "estimated_from_open_route_geometry_with_known_length_gap",
        "source_id": "osm",
        "source_url": "https://www.openstreetmap.org/relation/156553",
        "source_access_url": "https://hiking.waymarkedtrails.org/api/v1/details/relation/156553",
        "license_status": "open_license_share_alike",
        "source_license": "ODbL",
        "attribution": "OpenStreetMap contributors",
        "last_checked": "2026-05-13",
        "last_generated": "2026-05-14",
        "ai_answer_rule": "Generated mile based on Scout MVP6 Maine open route geometry, not an official ATC mile. Use for source-aware planning only."
      },
      "geometry": {
        "type": "Point",
        "coordinates": [
          -69.807699,
          45.252548
        ]
      }
    },
    {
      "type": "Feature",
      "properties": {
        "trail": "Appalachian Trail",
        "route_id": "at-mvp6-maine-nh-me-katahdin-open-2026",
        "source_route_id": "at-main-osm-2026-open",
        "mile_nobo_global_est": 1980,
        "mile_nobo_mvp6": 127,
        "mile_sobo_mvp6": 126.2,
        "state": "ME",
        "milepoint_type": "generated",
        "official": false,
        "confidence": "estimated_from_open_route_geometry_with_known_length_gap",
        "source_id": "osm",
        "source_url": "https://www.openstreetmap.org/relation/156553",
        "source_access_url": "https://hiking.waymarkedtrails.org/api/v1/details/relation/156553",
        "license_status": "open_license_share_alike",
        "source_license": "ODbL",
        "attribution": "OpenStreetMap contributors",
        "last_checked": "2026-05-13",
        "last_generated": "2026-05-14",
        "ai_answer_rule": "Generated mile based on Scout MVP6 Maine open route geometry, not an official ATC mile. Use for source-aware planning only."
      },
      "geometry": {
        "type": "Point",
        "coordinates": [
          -69.796303,
          45.259905
        ]
      }
    },
    {
      "type": "Feature",
      "properties": {
        "trail": "Appalachian Trail",
        "route_id": "at-mvp6-maine-nh-me-katahdin-open-2026",
        "source_route_id": "at-main-osm-2026-open",
        "mile_nobo_global_est": 1981,
        "mile_nobo_mvp6": 128,
        "mile_sobo_mvp6": 125.2,
        "state": "ME",
        "milepoint_type": "generated",
        "official": false,
        "confidence": "estimated_from_open_route_geometry_with_known_length_gap",
        "source_id": "osm",
        "source_url": "https://www.openstreetmap.org/relation/156553",
        "source_access_url": "https://hiking.waymarkedtrails.org/api/v1/details/relation/156553",
        "license_status": "open_license_share_alike",
        "source_license": "ODbL",
        "attribution": "OpenStreetMap contributors",
        "last_checked": "2026-05-13",
        "last_generated": "2026-05-14",
        "ai_answer_rule": "Generated mile based on Scout MVP6 Maine open route geometry, not an official ATC mile. Use for source-aware planning only."
      },
      "geometry": {
        "type": "Point",
        "coordinates": [
          -69.780162,
          45.266428
        ]
      }
    },
    {
      "type": "Feature",
      "properties": {
        "trail": "Appalachian Trail",
        "route_id": "at-mvp6-maine-nh-me-katahdin-open-2026",
        "source_route_id": "at-main-osm-2026-open",
        "mile_nobo_global_est": 1982,
        "mile_nobo_mvp6": 129,
        "mile_sobo_mvp6": 124.2,
        "state": "ME",
        "milepoint_type": "generated",
        "official": false,
        "confidence": "estimated_from_open_route_geometry_with_known_length_gap",
        "source_id": "osm",
        "source_url": "https://www.openstreetmap.org/relation/156553",
        "source_access_url": "https://hiking.waymarkedtrails.org/api/v1/details/relation/156553",
        "license_status": "open_license_share_alike",
        "source_license": "ODbL",
        "attribution": "OpenStreetMap contributors",
        "last_checked": "2026-05-13",
        "last_generated": "2026-05-14",
        "ai_answer_rule": "Generated mile based on Scout MVP6 Maine open route geometry, not an official ATC mile. Use for source-aware planning only."
      },
      "geometry": {
        "type": "Point",
        "coordinates": [
          -69.768433,
          45.265409
        ]
      }
    },
    {
      "type": "Feature",
      "properties": {
        "trail": "Appalachian Trail",
        "route_id": "at-mvp6-maine-nh-me-katahdin-open-2026",
        "source_route_id": "at-main-osm-2026-open",
        "mile_nobo_global_est": 1983,
        "mile_nobo_mvp6": 130,
        "mile_sobo_mvp6": 123.2,
        "state": "ME",
        "milepoint_type": "generated",
        "official": false,
        "confidence": "estimated_from_open_route_geometry_with_known_length_gap",
        "source_id": "osm",
        "source_url": "https://www.openstreetmap.org/relation/156553",
        "source_access_url": "https://hiking.waymarkedtrails.org/api/v1/details/relation/156553",
        "license_status": "open_license_share_alike",
        "source_license": "ODbL",
        "attribution": "OpenStreetMap contributors",
        "last_checked": "2026-05-13",
        "last_generated": "2026-05-14",
        "ai_answer_rule": "Generated mile based on Scout MVP6 Maine open route geometry, not an official ATC mile. Use for source-aware planning only."
      },
      "geometry": {
        "type": "Point",
        "coordinates": [
          -69.755678,
          45.269017
        ]
      }
    },
    {
      "type": "Feature",
      "properties": {
        "trail": "Appalachian Trail",
        "route_id": "at-mvp6-maine-nh-me-katahdin-open-2026",
        "source_route_id": "at-main-osm-2026-open",
        "mile_nobo_global_est": 1984,
        "mile_nobo_mvp6": 131,
        "mile_sobo_mvp6": 122.2,
        "state": "ME",
        "milepoint_type": "generated",
        "official": false,
        "confidence": "estimated_from_open_route_geometry_with_known_length_gap",
        "source_id": "osm",
        "source_url": "https://www.openstreetmap.org/relation/156553",
        "source_access_url": "https://hiking.waymarkedtrails.org/api/v1/details/relation/156553",
        "license_status": "open_license_share_alike",
        "source_license": "ODbL",
        "attribution": "OpenStreetMap contributors",
        "last_checked": "2026-05-13",
        "last_generated": "2026-05-14",
        "ai_answer_rule": "Generated mile based on Scout MVP6 Maine open route geometry, not an official ATC mile. Use for source-aware planning only."
      },
      "geometry": {
        "type": "Point",
        "coordinates": [
          -69.738397,
          45.274397
        ]
      }
    },
    {
      "type": "Feature",
      "properties": {
        "trail": "Appalachian Trail",
        "route_id": "at-mvp6-maine-nh-me-katahdin-open-2026",
        "source_route_id": "at-main-osm-2026-open",
        "mile_nobo_global_est": 1985,
        "mile_nobo_mvp6": 132,
        "mile_sobo_mvp6": 121.2,
        "state": "ME",
        "milepoint_type": "generated",
        "official": false,
        "confidence": "estimated_from_open_route_geometry_with_known_length_gap",
        "source_id": "osm",
        "source_url": "https://www.openstreetmap.org/relation/156553",
        "source_access_url": "https://hiking.waymarkedtrails.org/api/v1/details/relation/156553",
        "license_status": "open_license_share_alike",
        "source_license": "ODbL",
        "attribution": "OpenStreetMap contributors",
        "last_checked": "2026-05-13",
        "last_generated": "2026-05-14",
        "ai_answer_rule": "Generated mile based on Scout MVP6 Maine open route geometry, not an official ATC mile. Use for source-aware planning only."
      },
      "geometry": {
        "type": "Point",
        "coordinates": [
          -69.728012,
          45.282438
        ]
      }
    },
    {
      "type": "Feature",
      "properties": {
        "trail": "Appalachian Trail",
        "route_id": "at-mvp6-maine-nh-me-katahdin-open-2026",
        "source_route_id": "at-main-osm-2026-open",
        "mile_nobo_global_est": 1986,
        "mile_nobo_mvp6": 133,
        "mile_sobo_mvp6": 120.2,
        "state": "ME",
        "milepoint_type": "generated",
        "official": false,
        "confidence": "estimated_from_open_route_geometry_with_known_length_gap",
        "source_id": "osm",
        "source_url": "https://www.openstreetmap.org/relation/156553",
        "source_access_url": "https://hiking.waymarkedtrails.org/api/v1/details/relation/156553",
        "license_status": "open_license_share_alike",
        "source_license": "ODbL",
        "attribution": "OpenStreetMap contributors",
        "last_checked": "2026-05-13",
        "last_generated": "2026-05-14",
        "ai_answer_rule": "Generated mile based on Scout MVP6 Maine open route geometry, not an official ATC mile. Use for source-aware planning only."
      },
      "geometry": {
        "type": "Point",
        "coordinates": [
          -69.713958,
          45.278047
        ]
      }
    },
    {
      "type": "Feature",
      "properties": {
        "trail": "Appalachian Trail",
        "route_id": "at-mvp6-maine-nh-me-katahdin-open-2026",
        "source_route_id": "at-main-osm-2026-open",
        "mile_nobo_global_est": 1987,
        "mile_nobo_mvp6": 134,
        "mile_sobo_mvp6": 119.2,
        "state": "ME",
        "milepoint_type": "generated",
        "official": false,
        "confidence": "estimated_from_open_route_geometry_with_known_length_gap",
        "source_id": "osm",
        "source_url": "https://www.openstreetmap.org/relation/156553",
        "source_access_url": "https://hiking.waymarkedtrails.org/api/v1/details/relation/156553",
        "license_status": "open_license_share_alike",
        "source_license": "ODbL",
        "attribution": "OpenStreetMap contributors",
        "last_checked": "2026-05-13",
        "last_generated": "2026-05-14",
        "ai_answer_rule": "Generated mile based on Scout MVP6 Maine open route geometry, not an official ATC mile. Use for source-aware planning only."
      },
      "geometry": {
        "type": "Point",
        "coordinates": [
          -69.695123,
          45.277316
        ]
      }
    },
    {
      "type": "Feature",
      "properties": {
        "trail": "Appalachian Trail",
        "route_id": "at-mvp6-maine-nh-me-katahdin-open-2026",
        "source_route_id": "at-main-osm-2026-open",
        "mile_nobo_global_est": 1988,
        "mile_nobo_mvp6": 135,
        "mile_sobo_mvp6": 118.2,
        "state": "ME",
        "milepoint_type": "generated",
        "official": false,
        "confidence": "estimated_from_open_route_geometry_with_known_length_gap",
        "source_id": "osm",
        "source_url": "https://www.openstreetmap.org/relation/156553",
        "source_access_url": "https://hiking.waymarkedtrails.org/api/v1/details/relation/156553",
        "license_status": "open_license_share_alike",
        "source_license": "ODbL",
        "attribution": "OpenStreetMap contributors",
        "last_checked": "2026-05-13",
        "last_generated": "2026-05-14",
        "ai_answer_rule": "Generated mile based on Scout MVP6 Maine open route geometry, not an official ATC mile. Use for source-aware planning only."
      },
      "geometry": {
        "type": "Point",
        "coordinates": [
          -69.677553,
          45.271953
        ]
      }
    },
    {
      "type": "Feature",
      "properties": {
        "trail": "Appalachian Trail",
        "route_id": "at-mvp6-maine-nh-me-katahdin-open-2026",
        "source_route_id": "at-main-osm-2026-open",
        "mile_nobo_global_est": 1989,
        "mile_nobo_mvp6": 136,
        "mile_sobo_mvp6": 117.2,
        "state": "ME",
        "milepoint_type": "generated",
        "official": false,
        "confidence": "estimated_from_open_route_geometry_with_known_length_gap",
        "source_id": "osm",
        "source_url": "https://www.openstreetmap.org/relation/156553",
        "source_access_url": "https://hiking.waymarkedtrails.org/api/v1/details/relation/156553",
        "license_status": "open_license_share_alike",
        "source_license": "ODbL",
        "attribution": "OpenStreetMap contributors",
        "last_checked": "2026-05-13",
        "last_generated": "2026-05-14",
        "ai_answer_rule": "Generated mile based on Scout MVP6 Maine open route geometry, not an official ATC mile. Use for source-aware planning only."
      },
      "geometry": {
        "type": "Point",
        "coordinates": [
          -69.662216,
          45.27447
        ]
      }
    },
    {
      "type": "Feature",
      "properties": {
        "trail": "Appalachian Trail",
        "route_id": "at-mvp6-maine-nh-me-katahdin-open-2026",
        "source_route_id": "at-main-osm-2026-open",
        "mile_nobo_global_est": 1990,
        "mile_nobo_mvp6": 137,
        "mile_sobo_mvp6": 116.2,
        "state": "ME",
        "milepoint_type": "generated",
        "official": false,
        "confidence": "estimated_from_open_route_geometry_with_known_length_gap",
        "source_id": "osm",
        "source_url": "https://www.openstreetmap.org/relation/156553",
        "source_access_url": "https://hiking.waymarkedtrails.org/api/v1/details/relation/156553",
        "license_status": "open_license_share_alike",
        "source_license": "ODbL",
        "attribution": "OpenStreetMap contributors",
        "last_checked": "2026-05-13",
        "last_generated": "2026-05-14",
        "ai_answer_rule": "Generated mile based on Scout MVP6 Maine open route geometry, not an official ATC mile. Use for source-aware planning only."
      },
      "geometry": {
        "type": "Point",
        "coordinates": [
          -69.647124,
          45.276526
        ]
      }
    },
    {
      "type": "Feature",
      "properties": {
        "trail": "Appalachian Trail",
        "route_id": "at-mvp6-maine-nh-me-katahdin-open-2026",
        "source_route_id": "at-main-osm-2026-open",
        "mile_nobo_global_est": 1991,
        "mile_nobo_mvp6": 138,
        "mile_sobo_mvp6": 115.2,
        "state": "ME",
        "milepoint_type": "generated",
        "official": false,
        "confidence": "estimated_from_open_route_geometry_with_known_length_gap",
        "source_id": "osm",
        "source_url": "https://www.openstreetmap.org/relation/156553",
        "source_access_url": "https://hiking.waymarkedtrails.org/api/v1/details/relation/156553",
        "license_status": "open_license_share_alike",
        "source_license": "ODbL",
        "attribution": "OpenStreetMap contributors",
        "last_checked": "2026-05-13",
        "last_generated": "2026-05-14",
        "ai_answer_rule": "Generated mile based on Scout MVP6 Maine open route geometry, not an official ATC mile. Use for source-aware planning only."
      },
      "geometry": {
        "type": "Point",
        "coordinates": [
          -69.638672,
          45.282168
        ]
      }
    },
    {
      "type": "Feature",
      "properties": {
        "trail": "Appalachian Trail",
        "route_id": "at-mvp6-maine-nh-me-katahdin-open-2026",
        "source_route_id": "at-main-osm-2026-open",
        "mile_nobo_global_est": 1992,
        "mile_nobo_mvp6": 139,
        "mile_sobo_mvp6": 114.2,
        "state": "ME",
        "milepoint_type": "generated",
        "official": false,
        "confidence": "estimated_from_open_route_geometry_with_known_length_gap",
        "source_id": "osm",
        "source_url": "https://www.openstreetmap.org/relation/156553",
        "source_access_url": "https://hiking.waymarkedtrails.org/api/v1/details/relation/156553",
        "license_status": "open_license_share_alike",
        "source_license": "ODbL",
        "attribution": "OpenStreetMap contributors",
        "last_checked": "2026-05-13",
        "last_generated": "2026-05-14",
        "ai_answer_rule": "Generated mile based on Scout MVP6 Maine open route geometry, not an official ATC mile. Use for source-aware planning only."
      },
      "geometry": {
        "type": "Point",
        "coordinates": [
          -69.627055,
          45.283709
        ]
      }
    },
    {
      "type": "Feature",
      "properties": {
        "trail": "Appalachian Trail",
        "route_id": "at-mvp6-maine-nh-me-katahdin-open-2026",
        "source_route_id": "at-main-osm-2026-open",
        "mile_nobo_global_est": 1993,
        "mile_nobo_mvp6": 140,
        "mile_sobo_mvp6": 113.2,
        "state": "ME",
        "milepoint_type": "generated",
        "official": false,
        "confidence": "estimated_from_open_route_geometry_with_known_length_gap",
        "source_id": "osm",
        "source_url": "https://www.openstreetmap.org/relation/156553",
        "source_access_url": "https://hiking.waymarkedtrails.org/api/v1/details/relation/156553",
        "license_status": "open_license_share_alike",
        "source_license": "ODbL",
        "attribution": "OpenStreetMap contributors",
        "last_checked": "2026-05-13",
        "last_generated": "2026-05-14",
        "ai_answer_rule": "Generated mile based on Scout MVP6 Maine open route geometry, not an official ATC mile. Use for source-aware planning only."
      },
      "geometry": {
        "type": "Point",
        "coordinates": [
          -69.612526,
          45.287725
        ]
      }
    },
    {
      "type": "Feature",
      "properties": {
        "trail": "Appalachian Trail",
        "route_id": "at-mvp6-maine-nh-me-katahdin-open-2026",
        "source_route_id": "at-main-osm-2026-open",
        "mile_nobo_global_est": 1994,
        "mile_nobo_mvp6": 141,
        "mile_sobo_mvp6": 112.2,
        "state": "ME",
        "milepoint_type": "generated",
        "official": false,
        "confidence": "estimated_from_open_route_geometry_with_known_length_gap",
        "source_id": "osm",
        "source_url": "https://www.openstreetmap.org/relation/156553",
        "source_access_url": "https://hiking.waymarkedtrails.org/api/v1/details/relation/156553",
        "license_status": "open_license_share_alike",
        "source_license": "ODbL",
        "attribution": "OpenStreetMap contributors",
        "last_checked": "2026-05-13",
        "last_generated": "2026-05-14",
        "ai_answer_rule": "Generated mile based on Scout MVP6 Maine open route geometry, not an official ATC mile. Use for source-aware planning only."
      },
      "geometry": {
        "type": "Point",
        "coordinates": [
          -69.5944,
          45.283468
        ]
      }
    },
    {
      "type": "Feature",
      "properties": {
        "trail": "Appalachian Trail",
        "route_id": "at-mvp6-maine-nh-me-katahdin-open-2026",
        "source_route_id": "at-main-osm-2026-open",
        "mile_nobo_global_est": 1995,
        "mile_nobo_mvp6": 142,
        "mile_sobo_mvp6": 111.2,
        "state": "ME",
        "milepoint_type": "generated",
        "official": false,
        "confidence": "estimated_from_open_route_geometry_with_known_length_gap",
        "source_id": "osm",
        "source_url": "https://www.openstreetmap.org/relation/156553",
        "source_access_url": "https://hiking.waymarkedtrails.org/api/v1/details/relation/156553",
        "license_status": "open_license_share_alike",
        "source_license": "ODbL",
        "attribution": "OpenStreetMap contributors",
        "last_checked": "2026-05-13",
        "last_generated": "2026-05-14",
        "ai_answer_rule": "Generated mile based on Scout MVP6 Maine open route geometry, not an official ATC mile. Use for source-aware planning only."
      },
      "geometry": {
        "type": "Point",
        "coordinates": [
          -69.579036,
          45.283193
        ]
      }
    },
    {
      "type": "Feature",
      "properties": {
        "trail": "Appalachian Trail",
        "route_id": "at-mvp6-maine-nh-me-katahdin-open-2026",
        "source_route_id": "at-main-osm-2026-open",
        "mile_nobo_global_est": 1996,
        "mile_nobo_mvp6": 143,
        "mile_sobo_mvp6": 110.2,
        "state": "ME",
        "milepoint_type": "generated",
        "official": false,
        "confidence": "estimated_from_open_route_geometry_with_known_length_gap",
        "source_id": "osm",
        "source_url": "https://www.openstreetmap.org/relation/156553",
        "source_access_url": "https://hiking.waymarkedtrails.org/api/v1/details/relation/156553",
        "license_status": "open_license_share_alike",
        "source_license": "ODbL",
        "attribution": "OpenStreetMap contributors",
        "last_checked": "2026-05-13",
        "last_generated": "2026-05-14",
        "ai_answer_rule": "Generated mile based on Scout MVP6 Maine open route geometry, not an official ATC mile. Use for source-aware planning only."
      },
      "geometry": {
        "type": "Point",
        "coordinates": [
          -69.561073,
          45.284007
        ]
      }
    },
    {
      "type": "Feature",
      "properties": {
        "trail": "Appalachian Trail",
        "route_id": "at-mvp6-maine-nh-me-katahdin-open-2026",
        "source_route_id": "at-main-osm-2026-open",
        "mile_nobo_global_est": 1997,
        "mile_nobo_mvp6": 144,
        "mile_sobo_mvp6": 109.2,
        "state": "ME",
        "milepoint_type": "generated",
        "official": false,
        "confidence": "estimated_from_open_route_geometry_with_known_length_gap",
        "source_id": "osm",
        "source_url": "https://www.openstreetmap.org/relation/156553",
        "source_access_url": "https://hiking.waymarkedtrails.org/api/v1/details/relation/156553",
        "license_status": "open_license_share_alike",
        "source_license": "ODbL",
        "attribution": "OpenStreetMap contributors",
        "last_checked": "2026-05-13",
        "last_generated": "2026-05-14",
        "ai_answer_rule": "Generated mile based on Scout MVP6 Maine open route geometry, not an official ATC mile. Use for source-aware planning only."
      },
      "geometry": {
        "type": "Point",
        "coordinates": [
          -69.543642,
          45.288847
        ]
      }
    },
    {
      "type": "Feature",
      "properties": {
        "trail": "Appalachian Trail",
        "route_id": "at-mvp6-maine-nh-me-katahdin-open-2026",
        "source_route_id": "at-main-osm-2026-open",
        "mile_nobo_global_est": 1998,
        "mile_nobo_mvp6": 145,
        "mile_sobo_mvp6": 108.2,
        "state": "ME",
        "milepoint_type": "generated",
        "official": false,
        "confidence": "estimated_from_open_route_geometry_with_known_length_gap",
        "source_id": "osm",
        "source_url": "https://www.openstreetmap.org/relation/156553",
        "source_access_url": "https://hiking.waymarkedtrails.org/api/v1/details/relation/156553",
        "license_status": "open_license_share_alike",
        "source_license": "ODbL",
        "attribution": "OpenStreetMap contributors",
        "last_checked": "2026-05-13",
        "last_generated": "2026-05-14",
        "ai_answer_rule": "Generated mile based on Scout MVP6 Maine open route geometry, not an official ATC mile. Use for source-aware planning only."
      },
      "geometry": {
        "type": "Point",
        "coordinates": [
          -69.541763,
          45.298795
        ]
      }
    },
    {
      "type": "Feature",
      "properties": {
        "trail": "Appalachian Trail",
        "route_id": "at-mvp6-maine-nh-me-katahdin-open-2026",
        "source_route_id": "at-main-osm-2026-open",
        "mile_nobo_global_est": 1999,
        "mile_nobo_mvp6": 146,
        "mile_sobo_mvp6": 107.2,
        "state": "ME",
        "milepoint_type": "generated",
        "official": false,
        "confidence": "estimated_from_open_route_geometry_with_known_length_gap",
        "source_id": "osm",
        "source_url": "https://www.openstreetmap.org/relation/156553",
        "source_access_url": "https://hiking.waymarkedtrails.org/api/v1/details/relation/156553",
        "license_status": "open_license_share_alike",
        "source_license": "ODbL",
        "attribution": "OpenStreetMap contributors",
        "last_checked": "2026-05-13",
        "last_generated": "2026-05-14",
        "ai_answer_rule": "Generated mile based on Scout MVP6 Maine open route geometry, not an official ATC mile. Use for source-aware planning only."
      },
      "geometry": {
        "type": "Point",
        "coordinates": [
          -69.545164,
          45.312153
        ]
      }
    },
    {
      "type": "Feature",
      "properties": {
        "trail": "Appalachian Trail",
        "route_id": "at-mvp6-maine-nh-me-katahdin-open-2026",
        "source_route_id": "at-main-osm-2026-open",
        "mile_nobo_global_est": 2000,
        "mile_nobo_mvp6": 147,
        "mile_sobo_mvp6": 106.2,
        "state": "ME",
        "milepoint_type": "generated",
        "official": false,
        "confidence": "estimated_from_open_route_geometry_with_known_length_gap",
        "source_id": "osm",
        "source_url": "https://www.openstreetmap.org/relation/156553",
        "source_access_url": "https://hiking.waymarkedtrails.org/api/v1/details/relation/156553",
        "license_status": "open_license_share_alike",
        "source_license": "ODbL",
        "attribution": "OpenStreetMap contributors",
        "last_checked": "2026-05-13",
        "last_generated": "2026-05-14",
        "ai_answer_rule": "Generated mile based on Scout MVP6 Maine open route geometry, not an official ATC mile. Use for source-aware planning only."
      },
      "geometry": {
        "type": "Point",
        "coordinates": [
          -69.541093,
          45.32437
        ]
      }
    },
    {
      "type": "Feature",
      "properties": {
        "trail": "Appalachian Trail",
        "route_id": "at-mvp6-maine-nh-me-katahdin-open-2026",
        "source_route_id": "at-main-osm-2026-open",
        "mile_nobo_global_est": 2001,
        "mile_nobo_mvp6": 148,
        "mile_sobo_mvp6": 105.2,
        "state": "ME",
        "milepoint_type": "generated",
        "official": false,
        "confidence": "estimated_from_open_route_geometry_with_known_length_gap",
        "source_id": "osm",
        "source_url": "https://www.openstreetmap.org/relation/156553",
        "source_access_url": "https://hiking.waymarkedtrails.org/api/v1/details/relation/156553",
        "license_status": "open_license_share_alike",
        "source_license": "ODbL",
        "attribution": "OpenStreetMap contributors",
        "last_checked": "2026-05-13",
        "last_generated": "2026-05-14",
        "ai_answer_rule": "Generated mile based on Scout MVP6 Maine open route geometry, not an official ATC mile. Use for source-aware planning only."
      },
      "geometry": {
        "type": "Point",
        "coordinates": [
          -69.530267,
          45.334717
        ]
      }
    },
    {
      "type": "Feature",
      "properties": {
        "trail": "Appalachian Trail",
        "route_id": "at-mvp6-maine-nh-me-katahdin-open-2026",
        "source_route_id": "at-main-osm-2026-open",
        "mile_nobo_global_est": 2002,
        "mile_nobo_mvp6": 149,
        "mile_sobo_mvp6": 104.2,
        "state": "ME",
        "milepoint_type": "generated",
        "official": false,
        "confidence": "estimated_from_open_route_geometry_with_known_length_gap",
        "source_id": "osm",
        "source_url": "https://www.openstreetmap.org/relation/156553",
        "source_access_url": "https://hiking.waymarkedtrails.org/api/v1/details/relation/156553",
        "license_status": "open_license_share_alike",
        "source_license": "ODbL",
        "attribution": "OpenStreetMap contributors",
        "last_checked": "2026-05-13",
        "last_generated": "2026-05-14",
        "ai_answer_rule": "Generated mile based on Scout MVP6 Maine open route geometry, not an official ATC mile. Use for source-aware planning only."
      },
      "geometry": {
        "type": "Point",
        "coordinates": [
          -69.515709,
          45.342127
        ]
      }
    },
    {
      "type": "Feature",
      "properties": {
        "trail": "Appalachian Trail",
        "route_id": "at-mvp6-maine-nh-me-katahdin-open-2026",
        "source_route_id": "at-main-osm-2026-open",
        "mile_nobo_global_est": 2003,
        "mile_nobo_mvp6": 150,
        "mile_sobo_mvp6": 103.2,
        "state": "ME",
        "milepoint_type": "generated",
        "official": false,
        "confidence": "estimated_from_open_route_geometry_with_known_length_gap",
        "source_id": "osm",
        "source_url": "https://www.openstreetmap.org/relation/156553",
        "source_access_url": "https://hiking.waymarkedtrails.org/api/v1/details/relation/156553",
        "license_status": "open_license_share_alike",
        "source_license": "ODbL",
        "attribution": "OpenStreetMap contributors",
        "last_checked": "2026-05-13",
        "last_generated": "2026-05-14",
        "ai_answer_rule": "Generated mile based on Scout MVP6 Maine open route geometry, not an official ATC mile. Use for source-aware planning only."
      },
      "geometry": {
        "type": "Point",
        "coordinates": [
          -69.502916,
          45.347678
        ]
      }
    },
    {
      "type": "Feature",
      "properties": {
        "trail": "Appalachian Trail",
        "route_id": "at-mvp6-maine-nh-me-katahdin-open-2026",
        "source_route_id": "at-main-osm-2026-open",
        "mile_nobo_global_est": 2004,
        "mile_nobo_mvp6": 151,
        "mile_sobo_mvp6": 102.2,
        "state": "ME",
        "milepoint_type": "generated",
        "official": false,
        "confidence": "estimated_from_open_route_geometry_with_known_length_gap",
        "source_id": "osm",
        "source_url": "https://www.openstreetmap.org/relation/156553",
        "source_access_url": "https://hiking.waymarkedtrails.org/api/v1/details/relation/156553",
        "license_status": "open_license_share_alike",
        "source_license": "ODbL",
        "attribution": "OpenStreetMap contributors",
        "last_checked": "2026-05-13",
        "last_generated": "2026-05-14",
        "ai_answer_rule": "Generated mile based on Scout MVP6 Maine open route geometry, not an official ATC mile. Use for source-aware planning only."
      },
      "geometry": {
        "type": "Point",
        "coordinates": [
          -69.486748,
          45.352799
        ]
      }
    },
    {
      "type": "Feature",
      "properties": {
        "trail": "Appalachian Trail",
        "route_id": "at-mvp6-maine-nh-me-katahdin-open-2026",
        "source_route_id": "at-main-osm-2026-open",
        "mile_nobo_global_est": 2005,
        "mile_nobo_mvp6": 152,
        "mile_sobo_mvp6": 101.2,
        "state": "ME",
        "milepoint_type": "generated",
        "official": false,
        "confidence": "estimated_from_open_route_geometry_with_known_length_gap",
        "source_id": "osm",
        "source_url": "https://www.openstreetmap.org/relation/156553",
        "source_access_url": "https://hiking.waymarkedtrails.org/api/v1/details/relation/156553",
        "license_status": "open_license_share_alike",
        "source_license": "ODbL",
        "attribution": "OpenStreetMap contributors",
        "last_checked": "2026-05-13",
        "last_generated": "2026-05-14",
        "ai_answer_rule": "Generated mile based on Scout MVP6 Maine open route geometry, not an official ATC mile. Use for source-aware planning only."
      },
      "geometry": {
        "type": "Point",
        "coordinates": [
          -69.473643,
          45.357467
        ]
      }
    },
    {
      "type": "Feature",
      "properties": {
        "trail": "Appalachian Trail",
        "route_id": "at-mvp6-maine-nh-me-katahdin-open-2026",
        "source_route_id": "at-main-osm-2026-open",
        "mile_nobo_global_est": 2006,
        "mile_nobo_mvp6": 153,
        "mile_sobo_mvp6": 100.2,
        "state": "ME",
        "milepoint_type": "generated",
        "official": false,
        "confidence": "estimated_from_open_route_geometry_with_known_length_gap",
        "source_id": "osm",
        "source_url": "https://www.openstreetmap.org/relation/156553",
        "source_access_url": "https://hiking.waymarkedtrails.org/api/v1/details/relation/156553",
        "license_status": "open_license_share_alike",
        "source_license": "ODbL",
        "attribution": "OpenStreetMap contributors",
        "last_checked": "2026-05-13",
        "last_generated": "2026-05-14",
        "ai_answer_rule": "Generated mile based on Scout MVP6 Maine open route geometry, not an official ATC mile. Use for source-aware planning only."
      },
      "geometry": {
        "type": "Point",
        "coordinates": [
          -69.464735,
          45.366127
        ]
      }
    },
    {
      "type": "Feature",
      "properties": {
        "trail": "Appalachian Trail",
        "route_id": "at-mvp6-maine-nh-me-katahdin-open-2026",
        "source_route_id": "at-main-osm-2026-open",
        "mile_nobo_global_est": 2007,
        "mile_nobo_mvp6": 154,
        "mile_sobo_mvp6": 99.2,
        "state": "ME",
        "milepoint_type": "generated",
        "official": false,
        "confidence": "estimated_from_open_route_geometry_with_known_length_gap",
        "source_id": "osm",
        "source_url": "https://www.openstreetmap.org/relation/156553",
        "source_access_url": "https://hiking.waymarkedtrails.org/api/v1/details/relation/156553",
        "license_status": "open_license_share_alike",
        "source_license": "ODbL",
        "attribution": "OpenStreetMap contributors",
        "last_checked": "2026-05-13",
        "last_generated": "2026-05-14",
        "ai_answer_rule": "Generated mile based on Scout MVP6 Maine open route geometry, not an official ATC mile. Use for source-aware planning only."
      },
      "geometry": {
        "type": "Point",
        "coordinates": [
          -69.46897,
          45.376012
        ]
      }
    },
    {
      "type": "Feature",
      "properties": {
        "trail": "Appalachian Trail",
        "route_id": "at-mvp6-maine-nh-me-katahdin-open-2026",
        "source_route_id": "at-main-osm-2026-open",
        "mile_nobo_global_est": 2008,
        "mile_nobo_mvp6": 155,
        "mile_sobo_mvp6": 98.2,
        "state": "ME",
        "milepoint_type": "generated",
        "official": false,
        "confidence": "estimated_from_open_route_geometry_with_known_length_gap",
        "source_id": "osm",
        "source_url": "https://www.openstreetmap.org/relation/156553",
        "source_access_url": "https://hiking.waymarkedtrails.org/api/v1/details/relation/156553",
        "license_status": "open_license_share_alike",
        "source_license": "ODbL",
        "attribution": "OpenStreetMap contributors",
        "last_checked": "2026-05-13",
        "last_generated": "2026-05-14",
        "ai_answer_rule": "Generated mile based on Scout MVP6 Maine open route geometry, not an official ATC mile. Use for source-aware planning only."
      },
      "geometry": {
        "type": "Point",
        "coordinates": [
          -69.462359,
          45.381985
        ]
      }
    },
    {
      "type": "Feature",
      "properties": {
        "trail": "Appalachian Trail",
        "route_id": "at-mvp6-maine-nh-me-katahdin-open-2026",
        "source_route_id": "at-main-osm-2026-open",
        "mile_nobo_global_est": 2009,
        "mile_nobo_mvp6": 156,
        "mile_sobo_mvp6": 97.2,
        "state": "ME",
        "milepoint_type": "generated",
        "official": false,
        "confidence": "estimated_from_open_route_geometry_with_known_length_gap",
        "source_id": "osm",
        "source_url": "https://www.openstreetmap.org/relation/156553",
        "source_access_url": "https://hiking.waymarkedtrails.org/api/v1/details/relation/156553",
        "license_status": "open_license_share_alike",
        "source_license": "ODbL",
        "attribution": "OpenStreetMap contributors",
        "last_checked": "2026-05-13",
        "last_generated": "2026-05-14",
        "ai_answer_rule": "Generated mile based on Scout MVP6 Maine open route geometry, not an official ATC mile. Use for source-aware planning only."
      },
      "geometry": {
        "type": "Point",
        "coordinates": [
          -69.464463,
          45.390391
        ]
      }
    },
    {
      "type": "Feature",
      "properties": {
        "trail": "Appalachian Trail",
        "route_id": "at-mvp6-maine-nh-me-katahdin-open-2026",
        "source_route_id": "at-main-osm-2026-open",
        "mile_nobo_global_est": 2010,
        "mile_nobo_mvp6": 157,
        "mile_sobo_mvp6": 96.2,
        "state": "ME",
        "milepoint_type": "generated",
        "official": false,
        "confidence": "estimated_from_open_route_geometry_with_known_length_gap",
        "source_id": "osm",
        "source_url": "https://www.openstreetmap.org/relation/156553",
        "source_access_url": "https://hiking.waymarkedtrails.org/api/v1/details/relation/156553",
        "license_status": "open_license_share_alike",
        "source_license": "ODbL",
        "attribution": "OpenStreetMap contributors",
        "last_checked": "2026-05-13",
        "last_generated": "2026-05-14",
        "ai_answer_rule": "Generated mile based on Scout MVP6 Maine open route geometry, not an official ATC mile. Use for source-aware planning only."
      },
      "geometry": {
        "type": "Point",
        "coordinates": [
          -69.465029,
          45.39993
        ]
      }
    },
    {
      "type": "Feature",
      "properties": {
        "trail": "Appalachian Trail",
        "route_id": "at-mvp6-maine-nh-me-katahdin-open-2026",
        "source_route_id": "at-main-osm-2026-open",
        "mile_nobo_global_est": 2011,
        "mile_nobo_mvp6": 158,
        "mile_sobo_mvp6": 95.2,
        "state": "ME",
        "milepoint_type": "generated",
        "official": false,
        "confidence": "estimated_from_open_route_geometry_with_known_length_gap",
        "source_id": "osm",
        "source_url": "https://www.openstreetmap.org/relation/156553",
        "source_access_url": "https://hiking.waymarkedtrails.org/api/v1/details/relation/156553",
        "license_status": "open_license_share_alike",
        "source_license": "ODbL",
        "attribution": "OpenStreetMap contributors",
        "last_checked": "2026-05-13",
        "last_generated": "2026-05-14",
        "ai_answer_rule": "Generated mile based on Scout MVP6 Maine open route geometry, not an official ATC mile. Use for source-aware planning only."
      },
      "geometry": {
        "type": "Point",
        "coordinates": [
          -69.446805,
          45.399135
        ]
      }
    },
    {
      "type": "Feature",
      "properties": {
        "trail": "Appalachian Trail",
        "route_id": "at-mvp6-maine-nh-me-katahdin-open-2026",
        "source_route_id": "at-main-osm-2026-open",
        "mile_nobo_global_est": 2012,
        "mile_nobo_mvp6": 159,
        "mile_sobo_mvp6": 94.2,
        "state": "ME",
        "milepoint_type": "generated",
        "official": false,
        "confidence": "estimated_from_open_route_geometry_with_known_length_gap",
        "source_id": "osm",
        "source_url": "https://www.openstreetmap.org/relation/156553",
        "source_access_url": "https://hiking.waymarkedtrails.org/api/v1/details/relation/156553",
        "license_status": "open_license_share_alike",
        "source_license": "ODbL",
        "attribution": "OpenStreetMap contributors",
        "last_checked": "2026-05-13",
        "last_generated": "2026-05-14",
        "ai_answer_rule": "Generated mile based on Scout MVP6 Maine open route geometry, not an official ATC mile. Use for source-aware planning only."
      },
      "geometry": {
        "type": "Point",
        "coordinates": [
          -69.436745,
          45.405241
        ]
      }
    },
    {
      "type": "Feature",
      "properties": {
        "trail": "Appalachian Trail",
        "route_id": "at-mvp6-maine-nh-me-katahdin-open-2026",
        "source_route_id": "at-main-osm-2026-open",
        "mile_nobo_global_est": 2013,
        "mile_nobo_mvp6": 160,
        "mile_sobo_mvp6": 93.2,
        "state": "ME",
        "milepoint_type": "generated",
        "official": false,
        "confidence": "estimated_from_open_route_geometry_with_known_length_gap",
        "source_id": "osm",
        "source_url": "https://www.openstreetmap.org/relation/156553",
        "source_access_url": "https://hiking.waymarkedtrails.org/api/v1/details/relation/156553",
        "license_status": "open_license_share_alike",
        "source_license": "ODbL",
        "attribution": "OpenStreetMap contributors",
        "last_checked": "2026-05-13",
        "last_generated": "2026-05-14",
        "ai_answer_rule": "Generated mile based on Scout MVP6 Maine open route geometry, not an official ATC mile. Use for source-aware planning only."
      },
      "geometry": {
        "type": "Point",
        "coordinates": [
          -69.435245,
          45.417208
        ]
      }
    },
    {
      "type": "Feature",
      "properties": {
        "trail": "Appalachian Trail",
        "route_id": "at-mvp6-maine-nh-me-katahdin-open-2026",
        "source_route_id": "at-main-osm-2026-open",
        "mile_nobo_global_est": 2014,
        "mile_nobo_mvp6": 161,
        "mile_sobo_mvp6": 92.2,
        "state": "ME",
        "milepoint_type": "generated",
        "official": false,
        "confidence": "estimated_from_open_route_geometry_with_known_length_gap",
        "source_id": "osm",
        "source_url": "https://www.openstreetmap.org/relation/156553",
        "source_access_url": "https://hiking.waymarkedtrails.org/api/v1/details/relation/156553",
        "license_status": "open_license_share_alike",
        "source_license": "ODbL",
        "attribution": "OpenStreetMap contributors",
        "last_checked": "2026-05-13",
        "last_generated": "2026-05-14",
        "ai_answer_rule": "Generated mile based on Scout MVP6 Maine open route geometry, not an official ATC mile. Use for source-aware planning only."
      },
      "geometry": {
        "type": "Point",
        "coordinates": [
          -69.419144,
          45.417149
        ]
      }
    },
    {
      "type": "Feature",
      "properties": {
        "trail": "Appalachian Trail",
        "route_id": "at-mvp6-maine-nh-me-katahdin-open-2026",
        "source_route_id": "at-main-osm-2026-open",
        "mile_nobo_global_est": 2015,
        "mile_nobo_mvp6": 162,
        "mile_sobo_mvp6": 91.2,
        "state": "ME",
        "milepoint_type": "generated",
        "official": false,
        "confidence": "estimated_from_open_route_geometry_with_known_length_gap",
        "source_id": "osm",
        "source_url": "https://www.openstreetmap.org/relation/156553",
        "source_access_url": "https://hiking.waymarkedtrails.org/api/v1/details/relation/156553",
        "license_status": "open_license_share_alike",
        "source_license": "ODbL",
        "attribution": "OpenStreetMap contributors",
        "last_checked": "2026-05-13",
        "last_generated": "2026-05-14",
        "ai_answer_rule": "Generated mile based on Scout MVP6 Maine open route geometry, not an official ATC mile. Use for source-aware planning only."
      },
      "geometry": {
        "type": "Point",
        "coordinates": [
          -69.409559,
          45.416878
        ]
      }
    },
    {
      "type": "Feature",
      "properties": {
        "trail": "Appalachian Trail",
        "route_id": "at-mvp6-maine-nh-me-katahdin-open-2026",
        "source_route_id": "at-main-osm-2026-open",
        "mile_nobo_global_est": 2016,
        "mile_nobo_mvp6": 163,
        "mile_sobo_mvp6": 90.2,
        "state": "ME",
        "milepoint_type": "generated",
        "official": false,
        "confidence": "estimated_from_open_route_geometry_with_known_length_gap",
        "source_id": "osm",
        "source_url": "https://www.openstreetmap.org/relation/156553",
        "source_access_url": "https://hiking.waymarkedtrails.org/api/v1/details/relation/156553",
        "license_status": "open_license_share_alike",
        "source_license": "ODbL",
        "attribution": "OpenStreetMap contributors",
        "last_checked": "2026-05-13",
        "last_generated": "2026-05-14",
        "ai_answer_rule": "Generated mile based on Scout MVP6 Maine open route geometry, not an official ATC mile. Use for source-aware planning only."
      },
      "geometry": {
        "type": "Point",
        "coordinates": [
          -69.396607,
          45.41511
        ]
      }
    },
    {
      "type": "Feature",
      "properties": {
        "trail": "Appalachian Trail",
        "route_id": "at-mvp6-maine-nh-me-katahdin-open-2026",
        "source_route_id": "at-main-osm-2026-open",
        "mile_nobo_global_est": 2017,
        "mile_nobo_mvp6": 164,
        "mile_sobo_mvp6": 89.2,
        "state": "ME",
        "milepoint_type": "generated",
        "official": false,
        "confidence": "estimated_from_open_route_geometry_with_known_length_gap",
        "source_id": "osm",
        "source_url": "https://www.openstreetmap.org/relation/156553",
        "source_access_url": "https://hiking.waymarkedtrails.org/api/v1/details/relation/156553",
        "license_status": "open_license_share_alike",
        "source_license": "ODbL",
        "attribution": "OpenStreetMap contributors",
        "last_checked": "2026-05-13",
        "last_generated": "2026-05-14",
        "ai_answer_rule": "Generated mile based on Scout MVP6 Maine open route geometry, not an official ATC mile. Use for source-aware planning only."
      },
      "geometry": {
        "type": "Point",
        "coordinates": [
          -69.377385,
          45.416639
        ]
      }
    },
    {
      "type": "Feature",
      "properties": {
        "trail": "Appalachian Trail",
        "route_id": "at-mvp6-maine-nh-me-katahdin-open-2026",
        "source_route_id": "at-main-osm-2026-open",
        "mile_nobo_global_est": 2018,
        "mile_nobo_mvp6": 165,
        "mile_sobo_mvp6": 88.2,
        "state": "ME",
        "milepoint_type": "generated",
        "official": false,
        "confidence": "estimated_from_open_route_geometry_with_known_length_gap",
        "source_id": "osm",
        "source_url": "https://www.openstreetmap.org/relation/156553",
        "source_access_url": "https://hiking.waymarkedtrails.org/api/v1/details/relation/156553",
        "license_status": "open_license_share_alike",
        "source_license": "ODbL",
        "attribution": "OpenStreetMap contributors",
        "last_checked": "2026-05-13",
        "last_generated": "2026-05-14",
        "ai_answer_rule": "Generated mile based on Scout MVP6 Maine open route geometry, not an official ATC mile. Use for source-aware planning only."
      },
      "geometry": {
        "type": "Point",
        "coordinates": [
          -69.360365,
          45.419276
        ]
      }
    },
    {
      "type": "Feature",
      "properties": {
        "trail": "Appalachian Trail",
        "route_id": "at-mvp6-maine-nh-me-katahdin-open-2026",
        "source_route_id": "at-main-osm-2026-open",
        "mile_nobo_global_est": 2019,
        "mile_nobo_mvp6": 166,
        "mile_sobo_mvp6": 87.2,
        "state": "ME",
        "milepoint_type": "generated",
        "official": false,
        "confidence": "estimated_from_open_route_geometry_with_known_length_gap",
        "source_id": "osm",
        "source_url": "https://www.openstreetmap.org/relation/156553",
        "source_access_url": "https://hiking.waymarkedtrails.org/api/v1/details/relation/156553",
        "license_status": "open_license_share_alike",
        "source_license": "ODbL",
        "attribution": "OpenStreetMap contributors",
        "last_checked": "2026-05-13",
        "last_generated": "2026-05-14",
        "ai_answer_rule": "Generated mile based on Scout MVP6 Maine open route geometry, not an official ATC mile. Use for source-aware planning only."
      },
      "geometry": {
        "type": "Point",
        "coordinates": [
          -69.342544,
          45.424544
        ]
      }
    },
    {
      "type": "Feature",
      "properties": {
        "trail": "Appalachian Trail",
        "route_id": "at-mvp6-maine-nh-me-katahdin-open-2026",
        "source_route_id": "at-main-osm-2026-open",
        "mile_nobo_global_est": 2020,
        "mile_nobo_mvp6": 167,
        "mile_sobo_mvp6": 86.2,
        "state": "ME",
        "milepoint_type": "generated",
        "official": false,
        "confidence": "estimated_from_open_route_geometry_with_known_length_gap",
        "source_id": "osm",
        "source_url": "https://www.openstreetmap.org/relation/156553",
        "source_access_url": "https://hiking.waymarkedtrails.org/api/v1/details/relation/156553",
        "license_status": "open_license_share_alike",
        "source_license": "ODbL",
        "attribution": "OpenStreetMap contributors",
        "last_checked": "2026-05-13",
        "last_generated": "2026-05-14",
        "ai_answer_rule": "Generated mile based on Scout MVP6 Maine open route geometry, not an official ATC mile. Use for source-aware planning only."
      },
      "geometry": {
        "type": "Point",
        "coordinates": [
          -69.326885,
          45.430914
        ]
      }
    },
    {
      "type": "Feature",
      "properties": {
        "trail": "Appalachian Trail",
        "route_id": "at-mvp6-maine-nh-me-katahdin-open-2026",
        "source_route_id": "at-main-osm-2026-open",
        "mile_nobo_global_est": 2021,
        "mile_nobo_mvp6": 168,
        "mile_sobo_mvp6": 85.2,
        "state": "ME",
        "milepoint_type": "generated",
        "official": false,
        "confidence": "estimated_from_open_route_geometry_with_known_length_gap",
        "source_id": "osm",
        "source_url": "https://www.openstreetmap.org/relation/156553",
        "source_access_url": "https://hiking.waymarkedtrails.org/api/v1/details/relation/156553",
        "license_status": "open_license_share_alike",
        "source_license": "ODbL",
        "attribution": "OpenStreetMap contributors",
        "last_checked": "2026-05-13",
        "last_generated": "2026-05-14",
        "ai_answer_rule": "Generated mile based on Scout MVP6 Maine open route geometry, not an official ATC mile. Use for source-aware planning only."
      },
      "geometry": {
        "type": "Point",
        "coordinates": [
          -69.310709,
          45.437264
        ]
      }
    },
    {
      "type": "Feature",
      "properties": {
        "trail": "Appalachian Trail",
        "route_id": "at-mvp6-maine-nh-me-katahdin-open-2026",
        "source_route_id": "at-main-osm-2026-open",
        "mile_nobo_global_est": 2022,
        "mile_nobo_mvp6": 169,
        "mile_sobo_mvp6": 84.2,
        "state": "ME",
        "milepoint_type": "generated",
        "official": false,
        "confidence": "estimated_from_open_route_geometry_with_known_length_gap",
        "source_id": "osm",
        "source_url": "https://www.openstreetmap.org/relation/156553",
        "source_access_url": "https://hiking.waymarkedtrails.org/api/v1/details/relation/156553",
        "license_status": "open_license_share_alike",
        "source_license": "ODbL",
        "attribution": "OpenStreetMap contributors",
        "last_checked": "2026-05-13",
        "last_generated": "2026-05-14",
        "ai_answer_rule": "Generated mile based on Scout MVP6 Maine open route geometry, not an official ATC mile. Use for source-aware planning only."
      },
      "geometry": {
        "type": "Point",
        "coordinates": [
          -69.298446,
          45.445519
        ]
      }
    },
    {
      "type": "Feature",
      "properties": {
        "trail": "Appalachian Trail",
        "route_id": "at-mvp6-maine-nh-me-katahdin-open-2026",
        "source_route_id": "at-main-osm-2026-open",
        "mile_nobo_global_est": 2023,
        "mile_nobo_mvp6": 170,
        "mile_sobo_mvp6": 83.2,
        "state": "ME",
        "milepoint_type": "generated",
        "official": false,
        "confidence": "estimated_from_open_route_geometry_with_known_length_gap",
        "source_id": "osm",
        "source_url": "https://www.openstreetmap.org/relation/156553",
        "source_access_url": "https://hiking.waymarkedtrails.org/api/v1/details/relation/156553",
        "license_status": "open_license_share_alike",
        "source_license": "ODbL",
        "attribution": "OpenStreetMap contributors",
        "last_checked": "2026-05-13",
        "last_generated": "2026-05-14",
        "ai_answer_rule": "Generated mile based on Scout MVP6 Maine open route geometry, not an official ATC mile. Use for source-aware planning only."
      },
      "geometry": {
        "type": "Point",
        "coordinates": [
          -69.284765,
          45.449506
        ]
      }
    },
    {
      "type": "Feature",
      "properties": {
        "trail": "Appalachian Trail",
        "route_id": "at-mvp6-maine-nh-me-katahdin-open-2026",
        "source_route_id": "at-main-osm-2026-open",
        "mile_nobo_global_est": 2024,
        "mile_nobo_mvp6": 171,
        "mile_sobo_mvp6": 82.2,
        "state": "ME",
        "milepoint_type": "generated",
        "official": false,
        "confidence": "estimated_from_open_route_geometry_with_known_length_gap",
        "source_id": "osm",
        "source_url": "https://www.openstreetmap.org/relation/156553",
        "source_access_url": "https://hiking.waymarkedtrails.org/api/v1/details/relation/156553",
        "license_status": "open_license_share_alike",
        "source_license": "ODbL",
        "attribution": "OpenStreetMap contributors",
        "last_checked": "2026-05-13",
        "last_generated": "2026-05-14",
        "ai_answer_rule": "Generated mile based on Scout MVP6 Maine open route geometry, not an official ATC mile. Use for source-aware planning only."
      },
      "geometry": {
        "type": "Point",
        "coordinates": [
          -69.267922,
          45.451244
        ]
      }
    },
    {
      "type": "Feature",
      "properties": {
        "trail": "Appalachian Trail",
        "route_id": "at-mvp6-maine-nh-me-katahdin-open-2026",
        "source_route_id": "at-main-osm-2026-open",
        "mile_nobo_global_est": 2025,
        "mile_nobo_mvp6": 172,
        "mile_sobo_mvp6": 81.2,
        "state": "ME",
        "milepoint_type": "generated",
        "official": false,
        "confidence": "estimated_from_open_route_geometry_with_known_length_gap",
        "source_id": "osm",
        "source_url": "https://www.openstreetmap.org/relation/156553",
        "source_access_url": "https://hiking.waymarkedtrails.org/api/v1/details/relation/156553",
        "license_status": "open_license_share_alike",
        "source_license": "ODbL",
        "attribution": "OpenStreetMap contributors",
        "last_checked": "2026-05-13",
        "last_generated": "2026-05-14",
        "ai_answer_rule": "Generated mile based on Scout MVP6 Maine open route geometry, not an official ATC mile. Use for source-aware planning only."
      },
      "geometry": {
        "type": "Point",
        "coordinates": [
          -69.255422,
          45.456607
        ]
      }
    },
    {
      "type": "Feature",
      "properties": {
        "trail": "Appalachian Trail",
        "route_id": "at-mvp6-maine-nh-me-katahdin-open-2026",
        "source_route_id": "at-main-osm-2026-open",
        "mile_nobo_global_est": 2026,
        "mile_nobo_mvp6": 173,
        "mile_sobo_mvp6": 80.2,
        "state": "ME",
        "milepoint_type": "generated",
        "official": false,
        "confidence": "estimated_from_open_route_geometry_with_known_length_gap",
        "source_id": "osm",
        "source_url": "https://www.openstreetmap.org/relation/156553",
        "source_access_url": "https://hiking.waymarkedtrails.org/api/v1/details/relation/156553",
        "license_status": "open_license_share_alike",
        "source_license": "ODbL",
        "attribution": "OpenStreetMap contributors",
        "last_checked": "2026-05-13",
        "last_generated": "2026-05-14",
        "ai_answer_rule": "Generated mile based on Scout MVP6 Maine open route geometry, not an official ATC mile. Use for source-aware planning only."
      },
      "geometry": {
        "type": "Point",
        "coordinates": [
          -69.265942,
          45.462062
        ]
      }
    },
    {
      "type": "Feature",
      "properties": {
        "trail": "Appalachian Trail",
        "route_id": "at-mvp6-maine-nh-me-katahdin-open-2026",
        "source_route_id": "at-main-osm-2026-open",
        "mile_nobo_global_est": 2027,
        "mile_nobo_mvp6": 174,
        "mile_sobo_mvp6": 79.2,
        "state": "ME",
        "milepoint_type": "generated",
        "official": false,
        "confidence": "estimated_from_open_route_geometry_with_known_length_gap",
        "source_id": "osm",
        "source_url": "https://www.openstreetmap.org/relation/156553",
        "source_access_url": "https://hiking.waymarkedtrails.org/api/v1/details/relation/156553",
        "license_status": "open_license_share_alike",
        "source_license": "ODbL",
        "attribution": "OpenStreetMap contributors",
        "last_checked": "2026-05-13",
        "last_generated": "2026-05-14",
        "ai_answer_rule": "Generated mile based on Scout MVP6 Maine open route geometry, not an official ATC mile. Use for source-aware planning only."
      },
      "geometry": {
        "type": "Point",
        "coordinates": [
          -69.278781,
          45.468193
        ]
      }
    },
    {
      "type": "Feature",
      "properties": {
        "trail": "Appalachian Trail",
        "route_id": "at-mvp6-maine-nh-me-katahdin-open-2026",
        "source_route_id": "at-main-osm-2026-open",
        "mile_nobo_global_est": 2028,
        "mile_nobo_mvp6": 175,
        "mile_sobo_mvp6": 78.2,
        "state": "ME",
        "milepoint_type": "generated",
        "official": false,
        "confidence": "estimated_from_open_route_geometry_with_known_length_gap",
        "source_id": "osm",
        "source_url": "https://www.openstreetmap.org/relation/156553",
        "source_access_url": "https://hiking.waymarkedtrails.org/api/v1/details/relation/156553",
        "license_status": "open_license_share_alike",
        "source_license": "ODbL",
        "attribution": "OpenStreetMap contributors",
        "last_checked": "2026-05-13",
        "last_generated": "2026-05-14",
        "ai_answer_rule": "Generated mile based on Scout MVP6 Maine open route geometry, not an official ATC mile. Use for source-aware planning only."
      },
      "geometry": {
        "type": "Point",
        "coordinates": [
          -69.295309,
          45.472412
        ]
      }
    },
    {
      "type": "Feature",
      "properties": {
        "trail": "Appalachian Trail",
        "route_id": "at-mvp6-maine-nh-me-katahdin-open-2026",
        "source_route_id": "at-main-osm-2026-open",
        "mile_nobo_global_est": 2029,
        "mile_nobo_mvp6": 176,
        "mile_sobo_mvp6": 77.2,
        "state": "ME",
        "milepoint_type": "generated",
        "official": false,
        "confidence": "estimated_from_open_route_geometry_with_known_length_gap",
        "source_id": "osm",
        "source_url": "https://www.openstreetmap.org/relation/156553",
        "source_access_url": "https://hiking.waymarkedtrails.org/api/v1/details/relation/156553",
        "license_status": "open_license_share_alike",
        "source_license": "ODbL",
        "attribution": "OpenStreetMap contributors",
        "last_checked": "2026-05-13",
        "last_generated": "2026-05-14",
        "ai_answer_rule": "Generated mile based on Scout MVP6 Maine open route geometry, not an official ATC mile. Use for source-aware planning only."
      },
      "geometry": {
        "type": "Point",
        "coordinates": [
          -69.291447,
          45.479297
        ]
      }
    },
    {
      "type": "Feature",
      "properties": {
        "trail": "Appalachian Trail",
        "route_id": "at-mvp6-maine-nh-me-katahdin-open-2026",
        "source_route_id": "at-main-osm-2026-open",
        "mile_nobo_global_est": 2030,
        "mile_nobo_mvp6": 177,
        "mile_sobo_mvp6": 76.2,
        "state": "ME",
        "milepoint_type": "generated",
        "official": false,
        "confidence": "estimated_from_open_route_geometry_with_known_length_gap",
        "source_id": "osm",
        "source_url": "https://www.openstreetmap.org/relation/156553",
        "source_access_url": "https://hiking.waymarkedtrails.org/api/v1/details/relation/156553",
        "license_status": "open_license_share_alike",
        "source_license": "ODbL",
        "attribution": "OpenStreetMap contributors",
        "last_checked": "2026-05-13",
        "last_generated": "2026-05-14",
        "ai_answer_rule": "Generated mile based on Scout MVP6 Maine open route geometry, not an official ATC mile. Use for source-aware planning only."
      },
      "geometry": {
        "type": "Point",
        "coordinates": [
          -69.304426,
          45.486542
        ]
      }
    },
    {
      "type": "Feature",
      "properties": {
        "trail": "Appalachian Trail",
        "route_id": "at-mvp6-maine-nh-me-katahdin-open-2026",
        "source_route_id": "at-main-osm-2026-open",
        "mile_nobo_global_est": 2031,
        "mile_nobo_mvp6": 178,
        "mile_sobo_mvp6": 75.2,
        "state": "ME",
        "milepoint_type": "generated",
        "official": false,
        "confidence": "estimated_from_open_route_geometry_with_known_length_gap",
        "source_id": "osm",
        "source_url": "https://www.openstreetmap.org/relation/156553",
        "source_access_url": "https://hiking.waymarkedtrails.org/api/v1/details/relation/156553",
        "license_status": "open_license_share_alike",
        "source_license": "ODbL",
        "attribution": "OpenStreetMap contributors",
        "last_checked": "2026-05-13",
        "last_generated": "2026-05-14",
        "ai_answer_rule": "Generated mile based on Scout MVP6 Maine open route geometry, not an official ATC mile. Use for source-aware planning only."
      },
      "geometry": {
        "type": "Point",
        "coordinates": [
          -69.312437,
          45.497567
        ]
      }
    },
    {
      "type": "Feature",
      "properties": {
        "trail": "Appalachian Trail",
        "route_id": "at-mvp6-maine-nh-me-katahdin-open-2026",
        "source_route_id": "at-main-osm-2026-open",
        "mile_nobo_global_est": 2032,
        "mile_nobo_mvp6": 179,
        "mile_sobo_mvp6": 74.2,
        "state": "ME",
        "milepoint_type": "generated",
        "official": false,
        "confidence": "estimated_from_open_route_geometry_with_known_length_gap",
        "source_id": "osm",
        "source_url": "https://www.openstreetmap.org/relation/156553",
        "source_access_url": "https://hiking.waymarkedtrails.org/api/v1/details/relation/156553",
        "license_status": "open_license_share_alike",
        "source_license": "ODbL",
        "attribution": "OpenStreetMap contributors",
        "last_checked": "2026-05-13",
        "last_generated": "2026-05-14",
        "ai_answer_rule": "Generated mile based on Scout MVP6 Maine open route geometry, not an official ATC mile. Use for source-aware planning only."
      },
      "geometry": {
        "type": "Point",
        "coordinates": [
          -69.321361,
          45.50916
        ]
      }
    },
    {
      "type": "Feature",
      "properties": {
        "trail": "Appalachian Trail",
        "route_id": "at-mvp6-maine-nh-me-katahdin-open-2026",
        "source_route_id": "at-main-osm-2026-open",
        "mile_nobo_global_est": 2033,
        "mile_nobo_mvp6": 180,
        "mile_sobo_mvp6": 73.2,
        "state": "ME",
        "milepoint_type": "generated",
        "official": false,
        "confidence": "estimated_from_open_route_geometry_with_known_length_gap",
        "source_id": "osm",
        "source_url": "https://www.openstreetmap.org/relation/156553",
        "source_access_url": "https://hiking.waymarkedtrails.org/api/v1/details/relation/156553",
        "license_status": "open_license_share_alike",
        "source_license": "ODbL",
        "attribution": "OpenStreetMap contributors",
        "last_checked": "2026-05-13",
        "last_generated": "2026-05-14",
        "ai_answer_rule": "Generated mile based on Scout MVP6 Maine open route geometry, not an official ATC mile. Use for source-aware planning only."
      },
      "geometry": {
        "type": "Point",
        "coordinates": [
          -69.320537,
          45.522481
        ]
      }
    },
    {
      "type": "Feature",
      "properties": {
        "trail": "Appalachian Trail",
        "route_id": "at-mvp6-maine-nh-me-katahdin-open-2026",
        "source_route_id": "at-main-osm-2026-open",
        "mile_nobo_global_est": 2034,
        "mile_nobo_mvp6": 181,
        "mile_sobo_mvp6": 72.2,
        "state": "ME",
        "milepoint_type": "generated",
        "official": false,
        "confidence": "estimated_from_open_route_geometry_with_known_length_gap",
        "source_id": "osm",
        "source_url": "https://www.openstreetmap.org/relation/156553",
        "source_access_url": "https://hiking.waymarkedtrails.org/api/v1/details/relation/156553",
        "license_status": "open_license_share_alike",
        "source_license": "ODbL",
        "attribution": "OpenStreetMap contributors",
        "last_checked": "2026-05-13",
        "last_generated": "2026-05-14",
        "ai_answer_rule": "Generated mile based on Scout MVP6 Maine open route geometry, not an official ATC mile. Use for source-aware planning only."
      },
      "geometry": {
        "type": "Point",
        "coordinates": [
          -69.317023,
          45.534051
        ]
      }
    },
    {
      "type": "Feature",
      "properties": {
        "trail": "Appalachian Trail",
        "route_id": "at-mvp6-maine-nh-me-katahdin-open-2026",
        "source_route_id": "at-main-osm-2026-open",
        "mile_nobo_global_est": 2035,
        "mile_nobo_mvp6": 182,
        "mile_sobo_mvp6": 71.2,
        "state": "ME",
        "milepoint_type": "generated",
        "official": false,
        "confidence": "estimated_from_open_route_geometry_with_known_length_gap",
        "source_id": "osm",
        "source_url": "https://www.openstreetmap.org/relation/156553",
        "source_access_url": "https://hiking.waymarkedtrails.org/api/v1/details/relation/156553",
        "license_status": "open_license_share_alike",
        "source_license": "ODbL",
        "attribution": "OpenStreetMap contributors",
        "last_checked": "2026-05-13",
        "last_generated": "2026-05-14",
        "ai_answer_rule": "Generated mile based on Scout MVP6 Maine open route geometry, not an official ATC mile. Use for source-aware planning only."
      },
      "geometry": {
        "type": "Point",
        "coordinates": [
          -69.314663,
          45.544085
        ]
      }
    },
    {
      "type": "Feature",
      "properties": {
        "trail": "Appalachian Trail",
        "route_id": "at-mvp6-maine-nh-me-katahdin-open-2026",
        "source_route_id": "at-main-osm-2026-open",
        "mile_nobo_global_est": 2036,
        "mile_nobo_mvp6": 183,
        "mile_sobo_mvp6": 70.2,
        "state": "ME",
        "milepoint_type": "generated",
        "official": false,
        "confidence": "estimated_from_open_route_geometry_with_known_length_gap",
        "source_id": "osm",
        "source_url": "https://www.openstreetmap.org/relation/156553",
        "source_access_url": "https://hiking.waymarkedtrails.org/api/v1/details/relation/156553",
        "license_status": "open_license_share_alike",
        "source_license": "ODbL",
        "attribution": "OpenStreetMap contributors",
        "last_checked": "2026-05-13",
        "last_generated": "2026-05-14",
        "ai_answer_rule": "Generated mile based on Scout MVP6 Maine open route geometry, not an official ATC mile. Use for source-aware planning only."
      },
      "geometry": {
        "type": "Point",
        "coordinates": [
          -69.297176,
          45.544799
        ]
      }
    },
    {
      "type": "Feature",
      "properties": {
        "trail": "Appalachian Trail",
        "route_id": "at-mvp6-maine-nh-me-katahdin-open-2026",
        "source_route_id": "at-main-osm-2026-open",
        "mile_nobo_global_est": 2037,
        "mile_nobo_mvp6": 184,
        "mile_sobo_mvp6": 69.2,
        "state": "ME",
        "milepoint_type": "generated",
        "official": false,
        "confidence": "estimated_from_open_route_geometry_with_known_length_gap",
        "source_id": "osm",
        "source_url": "https://www.openstreetmap.org/relation/156553",
        "source_access_url": "https://hiking.waymarkedtrails.org/api/v1/details/relation/156553",
        "license_status": "open_license_share_alike",
        "source_license": "ODbL",
        "attribution": "OpenStreetMap contributors",
        "last_checked": "2026-05-13",
        "last_generated": "2026-05-14",
        "ai_answer_rule": "Generated mile based on Scout MVP6 Maine open route geometry, not an official ATC mile. Use for source-aware planning only."
      },
      "geometry": {
        "type": "Point",
        "coordinates": [
          -69.280367,
          45.55189
        ]
      }
    },
    {
      "type": "Feature",
      "properties": {
        "trail": "Appalachian Trail",
        "route_id": "at-mvp6-maine-nh-me-katahdin-open-2026",
        "source_route_id": "at-main-osm-2026-open",
        "mile_nobo_global_est": 2038,
        "mile_nobo_mvp6": 185,
        "mile_sobo_mvp6": 68.2,
        "state": "ME",
        "milepoint_type": "generated",
        "official": false,
        "confidence": "estimated_from_open_route_geometry_with_known_length_gap",
        "source_id": "osm",
        "source_url": "https://www.openstreetmap.org/relation/156553",
        "source_access_url": "https://hiking.waymarkedtrails.org/api/v1/details/relation/156553",
        "license_status": "open_license_share_alike",
        "source_license": "ODbL",
        "attribution": "OpenStreetMap contributors",
        "last_checked": "2026-05-13",
        "last_generated": "2026-05-14",
        "ai_answer_rule": "Generated mile based on Scout MVP6 Maine open route geometry, not an official ATC mile. Use for source-aware planning only."
      },
      "geometry": {
        "type": "Point",
        "coordinates": [
          -69.263792,
          45.556095
        ]
      }
    },
    {
      "type": "Feature",
      "properties": {
        "trail": "Appalachian Trail",
        "route_id": "at-mvp6-maine-nh-me-katahdin-open-2026",
        "source_route_id": "at-main-osm-2026-open",
        "mile_nobo_global_est": 2039,
        "mile_nobo_mvp6": 186,
        "mile_sobo_mvp6": 67.2,
        "state": "ME",
        "milepoint_type": "generated",
        "official": false,
        "confidence": "estimated_from_open_route_geometry_with_known_length_gap",
        "source_id": "osm",
        "source_url": "https://www.openstreetmap.org/relation/156553",
        "source_access_url": "https://hiking.waymarkedtrails.org/api/v1/details/relation/156553",
        "license_status": "open_license_share_alike",
        "source_license": "ODbL",
        "attribution": "OpenStreetMap contributors",
        "last_checked": "2026-05-13",
        "last_generated": "2026-05-14",
        "ai_answer_rule": "Generated mile based on Scout MVP6 Maine open route geometry, not an official ATC mile. Use for source-aware planning only."
      },
      "geometry": {
        "type": "Point",
        "coordinates": [
          -69.246992,
          45.554759
        ]
      }
    },
    {
      "type": "Feature",
      "properties": {
        "trail": "Appalachian Trail",
        "route_id": "at-mvp6-maine-nh-me-katahdin-open-2026",
        "source_route_id": "at-main-osm-2026-open",
        "mile_nobo_global_est": 2040,
        "mile_nobo_mvp6": 187,
        "mile_sobo_mvp6": 66.2,
        "state": "ME",
        "milepoint_type": "generated",
        "official": false,
        "confidence": "estimated_from_open_route_geometry_with_known_length_gap",
        "source_id": "osm",
        "source_url": "https://www.openstreetmap.org/relation/156553",
        "source_access_url": "https://hiking.waymarkedtrails.org/api/v1/details/relation/156553",
        "license_status": "open_license_share_alike",
        "source_license": "ODbL",
        "attribution": "OpenStreetMap contributors",
        "last_checked": "2026-05-13",
        "last_generated": "2026-05-14",
        "ai_answer_rule": "Generated mile based on Scout MVP6 Maine open route geometry, not an official ATC mile. Use for source-aware planning only."
      },
      "geometry": {
        "type": "Point",
        "coordinates": [
          -69.231314,
          45.560236
        ]
      }
    },
    {
      "type": "Feature",
      "properties": {
        "trail": "Appalachian Trail",
        "route_id": "at-mvp6-maine-nh-me-katahdin-open-2026",
        "source_route_id": "at-main-osm-2026-open",
        "mile_nobo_global_est": 2041,
        "mile_nobo_mvp6": 188,
        "mile_sobo_mvp6": 65.2,
        "state": "ME",
        "milepoint_type": "generated",
        "official": false,
        "confidence": "estimated_from_open_route_geometry_with_known_length_gap",
        "source_id": "osm",
        "source_url": "https://www.openstreetmap.org/relation/156553",
        "source_access_url": "https://hiking.waymarkedtrails.org/api/v1/details/relation/156553",
        "license_status": "open_license_share_alike",
        "source_license": "ODbL",
        "attribution": "OpenStreetMap contributors",
        "last_checked": "2026-05-13",
        "last_generated": "2026-05-14",
        "ai_answer_rule": "Generated mile based on Scout MVP6 Maine open route geometry, not an official ATC mile. Use for source-aware planning only."
      },
      "geometry": {
        "type": "Point",
        "coordinates": [
          -69.226807,
          45.569075
        ]
      }
    },
    {
      "type": "Feature",
      "properties": {
        "trail": "Appalachian Trail",
        "route_id": "at-mvp6-maine-nh-me-katahdin-open-2026",
        "source_route_id": "at-main-osm-2026-open",
        "mile_nobo_global_est": 2042,
        "mile_nobo_mvp6": 189,
        "mile_sobo_mvp6": 64.2,
        "state": "ME",
        "milepoint_type": "generated",
        "official": false,
        "confidence": "estimated_from_open_route_geometry_with_known_length_gap",
        "source_id": "osm",
        "source_url": "https://www.openstreetmap.org/relation/156553",
        "source_access_url": "https://hiking.waymarkedtrails.org/api/v1/details/relation/156553",
        "license_status": "open_license_share_alike",
        "source_license": "ODbL",
        "attribution": "OpenStreetMap contributors",
        "last_checked": "2026-05-13",
        "last_generated": "2026-05-14",
        "ai_answer_rule": "Generated mile based on Scout MVP6 Maine open route geometry, not an official ATC mile. Use for source-aware planning only."
      },
      "geometry": {
        "type": "Point",
        "coordinates": [
          -69.221596,
          45.580745
        ]
      }
    },
    {
      "type": "Feature",
      "properties": {
        "trail": "Appalachian Trail",
        "route_id": "at-mvp6-maine-nh-me-katahdin-open-2026",
        "source_route_id": "at-main-osm-2026-open",
        "mile_nobo_global_est": 2043,
        "mile_nobo_mvp6": 190,
        "mile_sobo_mvp6": 63.2,
        "state": "ME",
        "milepoint_type": "generated",
        "official": false,
        "confidence": "estimated_from_open_route_geometry_with_known_length_gap",
        "source_id": "osm",
        "source_url": "https://www.openstreetmap.org/relation/156553",
        "source_access_url": "https://hiking.waymarkedtrails.org/api/v1/details/relation/156553",
        "license_status": "open_license_share_alike",
        "source_license": "ODbL",
        "attribution": "OpenStreetMap contributors",
        "last_checked": "2026-05-13",
        "last_generated": "2026-05-14",
        "ai_answer_rule": "Generated mile based on Scout MVP6 Maine open route geometry, not an official ATC mile. Use for source-aware planning only."
      },
      "geometry": {
        "type": "Point",
        "coordinates": [
          -69.206228,
          45.589362
        ]
      }
    },
    {
      "type": "Feature",
      "properties": {
        "trail": "Appalachian Trail",
        "route_id": "at-mvp6-maine-nh-me-katahdin-open-2026",
        "source_route_id": "at-main-osm-2026-open",
        "mile_nobo_global_est": 2044,
        "mile_nobo_mvp6": 191,
        "mile_sobo_mvp6": 62.2,
        "state": "ME",
        "milepoint_type": "generated",
        "official": false,
        "confidence": "estimated_from_open_route_geometry_with_known_length_gap",
        "source_id": "osm",
        "source_url": "https://www.openstreetmap.org/relation/156553",
        "source_access_url": "https://hiking.waymarkedtrails.org/api/v1/details/relation/156553",
        "license_status": "open_license_share_alike",
        "source_license": "ODbL",
        "attribution": "OpenStreetMap contributors",
        "last_checked": "2026-05-13",
        "last_generated": "2026-05-14",
        "ai_answer_rule": "Generated mile based on Scout MVP6 Maine open route geometry, not an official ATC mile. Use for source-aware planning only."
      },
      "geometry": {
        "type": "Point",
        "coordinates": [
          -69.192917,
          45.597775
        ]
      }
    },
    {
      "type": "Feature",
      "properties": {
        "trail": "Appalachian Trail",
        "route_id": "at-mvp6-maine-nh-me-katahdin-open-2026",
        "source_route_id": "at-main-osm-2026-open",
        "mile_nobo_global_est": 2045,
        "mile_nobo_mvp6": 192,
        "mile_sobo_mvp6": 61.2,
        "state": "ME",
        "milepoint_type": "generated",
        "official": false,
        "confidence": "estimated_from_open_route_geometry_with_known_length_gap",
        "source_id": "osm",
        "source_url": "https://www.openstreetmap.org/relation/156553",
        "source_access_url": "https://hiking.waymarkedtrails.org/api/v1/details/relation/156553",
        "license_status": "open_license_share_alike",
        "source_license": "ODbL",
        "attribution": "OpenStreetMap contributors",
        "last_checked": "2026-05-13",
        "last_generated": "2026-05-14",
        "ai_answer_rule": "Generated mile based on Scout MVP6 Maine open route geometry, not an official ATC mile. Use for source-aware planning only."
      },
      "geometry": {
        "type": "Point",
        "coordinates": [
          -69.180439,
          45.607137
        ]
      }
    },
    {
      "type": "Feature",
      "properties": {
        "trail": "Appalachian Trail",
        "route_id": "at-mvp6-maine-nh-me-katahdin-open-2026",
        "source_route_id": "at-main-osm-2026-open",
        "mile_nobo_global_est": 2046,
        "mile_nobo_mvp6": 193,
        "mile_sobo_mvp6": 60.2,
        "state": "ME",
        "milepoint_type": "generated",
        "official": false,
        "confidence": "estimated_from_open_route_geometry_with_known_length_gap",
        "source_id": "osm",
        "source_url": "https://www.openstreetmap.org/relation/156553",
        "source_access_url": "https://hiking.waymarkedtrails.org/api/v1/details/relation/156553",
        "license_status": "open_license_share_alike",
        "source_license": "ODbL",
        "attribution": "OpenStreetMap contributors",
        "last_checked": "2026-05-13",
        "last_generated": "2026-05-14",
        "ai_answer_rule": "Generated mile based on Scout MVP6 Maine open route geometry, not an official ATC mile. Use for source-aware planning only."
      },
      "geometry": {
        "type": "Point",
        "coordinates": [
          -69.164197,
          45.613743
        ]
      }
    },
    {
      "type": "Feature",
      "properties": {
        "trail": "Appalachian Trail",
        "route_id": "at-mvp6-maine-nh-me-katahdin-open-2026",
        "source_route_id": "at-main-osm-2026-open",
        "mile_nobo_global_est": 2047,
        "mile_nobo_mvp6": 194,
        "mile_sobo_mvp6": 59.2,
        "state": "ME",
        "milepoint_type": "generated",
        "official": false,
        "confidence": "estimated_from_open_route_geometry_with_known_length_gap",
        "source_id": "osm",
        "source_url": "https://www.openstreetmap.org/relation/156553",
        "source_access_url": "https://hiking.waymarkedtrails.org/api/v1/details/relation/156553",
        "license_status": "open_license_share_alike",
        "source_license": "ODbL",
        "attribution": "OpenStreetMap contributors",
        "last_checked": "2026-05-13",
        "last_generated": "2026-05-14",
        "ai_answer_rule": "Generated mile based on Scout MVP6 Maine open route geometry, not an official ATC mile. Use for source-aware planning only."
      },
      "geometry": {
        "type": "Point",
        "coordinates": [
          -69.148907,
          45.614852
        ]
      }
    },
    {
      "type": "Feature",
      "properties": {
        "trail": "Appalachian Trail",
        "route_id": "at-mvp6-maine-nh-me-katahdin-open-2026",
        "source_route_id": "at-main-osm-2026-open",
        "mile_nobo_global_est": 2048,
        "mile_nobo_mvp6": 195,
        "mile_sobo_mvp6": 58.2,
        "state": "ME",
        "milepoint_type": "generated",
        "official": false,
        "confidence": "estimated_from_open_route_geometry_with_known_length_gap",
        "source_id": "osm",
        "source_url": "https://www.openstreetmap.org/relation/156553",
        "source_access_url": "https://hiking.waymarkedtrails.org/api/v1/details/relation/156553",
        "license_status": "open_license_share_alike",
        "source_license": "ODbL",
        "attribution": "OpenStreetMap contributors",
        "last_checked": "2026-05-13",
        "last_generated": "2026-05-14",
        "ai_answer_rule": "Generated mile based on Scout MVP6 Maine open route geometry, not an official ATC mile. Use for source-aware planning only."
      },
      "geometry": {
        "type": "Point",
        "coordinates": [
          -69.132392,
          45.61612
        ]
      }
    },
    {
      "type": "Feature",
      "properties": {
        "trail": "Appalachian Trail",
        "route_id": "at-mvp6-maine-nh-me-katahdin-open-2026",
        "source_route_id": "at-main-osm-2026-open",
        "mile_nobo_global_est": 2049,
        "mile_nobo_mvp6": 196,
        "mile_sobo_mvp6": 57.2,
        "state": "ME",
        "milepoint_type": "generated",
        "official": false,
        "confidence": "estimated_from_open_route_geometry_with_known_length_gap",
        "source_id": "osm",
        "source_url": "https://www.openstreetmap.org/relation/156553",
        "source_access_url": "https://hiking.waymarkedtrails.org/api/v1/details/relation/156553",
        "license_status": "open_license_share_alike",
        "source_license": "ODbL",
        "attribution": "OpenStreetMap contributors",
        "last_checked": "2026-05-13",
        "last_generated": "2026-05-14",
        "ai_answer_rule": "Generated mile based on Scout MVP6 Maine open route geometry, not an official ATC mile. Use for source-aware planning only."
      },
      "geometry": {
        "type": "Point",
        "coordinates": [
          -69.121422,
          45.623205
        ]
      }
    },
    {
      "type": "Feature",
      "properties": {
        "trail": "Appalachian Trail",
        "route_id": "at-mvp6-maine-nh-me-katahdin-open-2026",
        "source_route_id": "at-main-osm-2026-open",
        "mile_nobo_global_est": 2050,
        "mile_nobo_mvp6": 197,
        "mile_sobo_mvp6": 56.2,
        "state": "ME",
        "milepoint_type": "generated",
        "official": false,
        "confidence": "estimated_from_open_route_geometry_with_known_length_gap",
        "source_id": "osm",
        "source_url": "https://www.openstreetmap.org/relation/156553",
        "source_access_url": "https://hiking.waymarkedtrails.org/api/v1/details/relation/156553",
        "license_status": "open_license_share_alike",
        "source_license": "ODbL",
        "attribution": "OpenStreetMap contributors",
        "last_checked": "2026-05-13",
        "last_generated": "2026-05-14",
        "ai_answer_rule": "Generated mile based on Scout MVP6 Maine open route geometry, not an official ATC mile. Use for source-aware planning only."
      },
      "geometry": {
        "type": "Point",
        "coordinates": [
          -69.105364,
          45.628147
        ]
      }
    },
    {
      "type": "Feature",
      "properties": {
        "trail": "Appalachian Trail",
        "route_id": "at-mvp6-maine-nh-me-katahdin-open-2026",
        "source_route_id": "at-main-osm-2026-open",
        "mile_nobo_global_est": 2051,
        "mile_nobo_mvp6": 198,
        "mile_sobo_mvp6": 55.2,
        "state": "ME",
        "milepoint_type": "generated",
        "official": false,
        "confidence": "estimated_from_open_route_geometry_with_known_length_gap",
        "source_id": "osm",
        "source_url": "https://www.openstreetmap.org/relation/156553",
        "source_access_url": "https://hiking.waymarkedtrails.org/api/v1/details/relation/156553",
        "license_status": "open_license_share_alike",
        "source_license": "ODbL",
        "attribution": "OpenStreetMap contributors",
        "last_checked": "2026-05-13",
        "last_generated": "2026-05-14",
        "ai_answer_rule": "Generated mile based on Scout MVP6 Maine open route geometry, not an official ATC mile. Use for source-aware planning only."
      },
      "geometry": {
        "type": "Point",
        "coordinates": [
          -69.092345,
          45.638721
        ]
      }
    },
    {
      "type": "Feature",
      "properties": {
        "trail": "Appalachian Trail",
        "route_id": "at-mvp6-maine-nh-me-katahdin-open-2026",
        "source_route_id": "at-main-osm-2026-open",
        "mile_nobo_global_est": 2052,
        "mile_nobo_mvp6": 199,
        "mile_sobo_mvp6": 54.2,
        "state": "ME",
        "milepoint_type": "generated",
        "official": false,
        "confidence": "estimated_from_open_route_geometry_with_known_length_gap",
        "source_id": "osm",
        "source_url": "https://www.openstreetmap.org/relation/156553",
        "source_access_url": "https://hiking.waymarkedtrails.org/api/v1/details/relation/156553",
        "license_status": "open_license_share_alike",
        "source_license": "ODbL",
        "attribution": "OpenStreetMap contributors",
        "last_checked": "2026-05-13",
        "last_generated": "2026-05-14",
        "ai_answer_rule": "Generated mile based on Scout MVP6 Maine open route geometry, not an official ATC mile. Use for source-aware planning only."
      },
      "geometry": {
        "type": "Point",
        "coordinates": [
          -69.076436,
          45.644669
        ]
      }
    },
    {
      "type": "Feature",
      "properties": {
        "trail": "Appalachian Trail",
        "route_id": "at-mvp6-maine-nh-me-katahdin-open-2026",
        "source_route_id": "at-main-osm-2026-open",
        "mile_nobo_global_est": 2053,
        "mile_nobo_mvp6": 200,
        "mile_sobo_mvp6": 53.2,
        "state": "ME",
        "milepoint_type": "generated",
        "official": false,
        "confidence": "estimated_from_open_route_geometry_with_known_length_gap",
        "source_id": "osm",
        "source_url": "https://www.openstreetmap.org/relation/156553",
        "source_access_url": "https://hiking.waymarkedtrails.org/api/v1/details/relation/156553",
        "license_status": "open_license_share_alike",
        "source_license": "ODbL",
        "attribution": "OpenStreetMap contributors",
        "last_checked": "2026-05-13",
        "last_generated": "2026-05-14",
        "ai_answer_rule": "Generated mile based on Scout MVP6 Maine open route geometry, not an official ATC mile. Use for source-aware planning only."
      },
      "geometry": {
        "type": "Point",
        "coordinates": [
          -69.058938,
          45.649999
        ]
      }
    },
    {
      "type": "Feature",
      "properties": {
        "trail": "Appalachian Trail",
        "route_id": "at-mvp6-maine-nh-me-katahdin-open-2026",
        "source_route_id": "at-main-osm-2026-open",
        "mile_nobo_global_est": 2054,
        "mile_nobo_mvp6": 201,
        "mile_sobo_mvp6": 52.2,
        "state": "ME",
        "milepoint_type": "generated",
        "official": false,
        "confidence": "estimated_from_open_route_geometry_with_known_length_gap",
        "source_id": "osm",
        "source_url": "https://www.openstreetmap.org/relation/156553",
        "source_access_url": "https://hiking.waymarkedtrails.org/api/v1/details/relation/156553",
        "license_status": "open_license_share_alike",
        "source_license": "ODbL",
        "attribution": "OpenStreetMap contributors",
        "last_checked": "2026-05-13",
        "last_generated": "2026-05-14",
        "ai_answer_rule": "Generated mile based on Scout MVP6 Maine open route geometry, not an official ATC mile. Use for source-aware planning only."
      },
      "geometry": {
        "type": "Point",
        "coordinates": [
          -69.04614,
          45.652889
        ]
      }
    },
    {
      "type": "Feature",
      "properties": {
        "trail": "Appalachian Trail",
        "route_id": "at-mvp6-maine-nh-me-katahdin-open-2026",
        "source_route_id": "at-main-osm-2026-open",
        "mile_nobo_global_est": 2055,
        "mile_nobo_mvp6": 202,
        "mile_sobo_mvp6": 51.2,
        "state": "ME",
        "milepoint_type": "generated",
        "official": false,
        "confidence": "estimated_from_open_route_geometry_with_known_length_gap",
        "source_id": "osm",
        "source_url": "https://www.openstreetmap.org/relation/156553",
        "source_access_url": "https://hiking.waymarkedtrails.org/api/v1/details/relation/156553",
        "license_status": "open_license_share_alike",
        "source_license": "ODbL",
        "attribution": "OpenStreetMap contributors",
        "last_checked": "2026-05-13",
        "last_generated": "2026-05-14",
        "ai_answer_rule": "Generated mile based on Scout MVP6 Maine open route geometry, not an official ATC mile. Use for source-aware planning only."
      },
      "geometry": {
        "type": "Point",
        "coordinates": [
          -69.027803,
          45.651247
        ]
      }
    },
    {
      "type": "Feature",
      "properties": {
        "trail": "Appalachian Trail",
        "route_id": "at-mvp6-maine-nh-me-katahdin-open-2026",
        "source_route_id": "at-main-osm-2026-open",
        "mile_nobo_global_est": 2056,
        "mile_nobo_mvp6": 203,
        "mile_sobo_mvp6": 50.2,
        "state": "ME",
        "milepoint_type": "generated",
        "official": false,
        "confidence": "estimated_from_open_route_geometry_with_known_length_gap",
        "source_id": "osm",
        "source_url": "https://www.openstreetmap.org/relation/156553",
        "source_access_url": "https://hiking.waymarkedtrails.org/api/v1/details/relation/156553",
        "license_status": "open_license_share_alike",
        "source_license": "ODbL",
        "attribution": "OpenStreetMap contributors",
        "last_checked": "2026-05-13",
        "last_generated": "2026-05-14",
        "ai_answer_rule": "Generated mile based on Scout MVP6 Maine open route geometry, not an official ATC mile. Use for source-aware planning only."
      },
      "geometry": {
        "type": "Point",
        "coordinates": [
          -69.010903,
          45.653663
        ]
      }
    },
    {
      "type": "Feature",
      "properties": {
        "trail": "Appalachian Trail",
        "route_id": "at-mvp6-maine-nh-me-katahdin-open-2026",
        "source_route_id": "at-main-osm-2026-open",
        "mile_nobo_global_est": 2057,
        "mile_nobo_mvp6": 204,
        "mile_sobo_mvp6": 49.2,
        "state": "ME",
        "milepoint_type": "generated",
        "official": false,
        "confidence": "estimated_from_open_route_geometry_with_known_length_gap",
        "source_id": "osm",
        "source_url": "https://www.openstreetmap.org/relation/156553",
        "source_access_url": "https://hiking.waymarkedtrails.org/api/v1/details/relation/156553",
        "license_status": "open_license_share_alike",
        "source_license": "ODbL",
        "attribution": "OpenStreetMap contributors",
        "last_checked": "2026-05-13",
        "last_generated": "2026-05-14",
        "ai_answer_rule": "Generated mile based on Scout MVP6 Maine open route geometry, not an official ATC mile. Use for source-aware planning only."
      },
      "geometry": {
        "type": "Point",
        "coordinates": [
          -68.995729,
          45.660155
        ]
      }
    },
    {
      "type": "Feature",
      "properties": {
        "trail": "Appalachian Trail",
        "route_id": "at-mvp6-maine-nh-me-katahdin-open-2026",
        "source_route_id": "at-main-osm-2026-open",
        "mile_nobo_global_est": 2058,
        "mile_nobo_mvp6": 205,
        "mile_sobo_mvp6": 48.2,
        "state": "ME",
        "milepoint_type": "generated",
        "official": false,
        "confidence": "estimated_from_open_route_geometry_with_known_length_gap",
        "source_id": "osm",
        "source_url": "https://www.openstreetmap.org/relation/156553",
        "source_access_url": "https://hiking.waymarkedtrails.org/api/v1/details/relation/156553",
        "license_status": "open_license_share_alike",
        "source_license": "ODbL",
        "attribution": "OpenStreetMap contributors",
        "last_checked": "2026-05-13",
        "last_generated": "2026-05-14",
        "ai_answer_rule": "Generated mile based on Scout MVP6 Maine open route geometry, not an official ATC mile. Use for source-aware planning only."
      },
      "geometry": {
        "type": "Point",
        "coordinates": [
          -68.991848,
          45.670775
        ]
      }
    },
    {
      "type": "Feature",
      "properties": {
        "trail": "Appalachian Trail",
        "route_id": "at-mvp6-maine-nh-me-katahdin-open-2026",
        "source_route_id": "at-main-osm-2026-open",
        "mile_nobo_global_est": 2059,
        "mile_nobo_mvp6": 206,
        "mile_sobo_mvp6": 47.2,
        "state": "ME",
        "milepoint_type": "generated",
        "official": false,
        "confidence": "estimated_from_open_route_geometry_with_known_length_gap",
        "source_id": "osm",
        "source_url": "https://www.openstreetmap.org/relation/156553",
        "source_access_url": "https://hiking.waymarkedtrails.org/api/v1/details/relation/156553",
        "license_status": "open_license_share_alike",
        "source_license": "ODbL",
        "attribution": "OpenStreetMap contributors",
        "last_checked": "2026-05-13",
        "last_generated": "2026-05-14",
        "ai_answer_rule": "Generated mile based on Scout MVP6 Maine open route geometry, not an official ATC mile. Use for source-aware planning only."
      },
      "geometry": {
        "type": "Point",
        "coordinates": [
          -69.007505,
          45.678694
        ]
      }
    },
    {
      "type": "Feature",
      "properties": {
        "trail": "Appalachian Trail",
        "route_id": "at-mvp6-maine-nh-me-katahdin-open-2026",
        "source_route_id": "at-main-osm-2026-open",
        "mile_nobo_global_est": 2060,
        "mile_nobo_mvp6": 207,
        "mile_sobo_mvp6": 46.2,
        "state": "ME",
        "milepoint_type": "generated",
        "official": false,
        "confidence": "estimated_from_open_route_geometry_with_known_length_gap",
        "source_id": "osm",
        "source_url": "https://www.openstreetmap.org/relation/156553",
        "source_access_url": "https://hiking.waymarkedtrails.org/api/v1/details/relation/156553",
        "license_status": "open_license_share_alike",
        "source_license": "ODbL",
        "attribution": "OpenStreetMap contributors",
        "last_checked": "2026-05-13",
        "last_generated": "2026-05-14",
        "ai_answer_rule": "Generated mile based on Scout MVP6 Maine open route geometry, not an official ATC mile. Use for source-aware planning only."
      },
      "geometry": {
        "type": "Point",
        "coordinates": [
          -69.019619,
          45.685982
        ]
      }
    },
    {
      "type": "Feature",
      "properties": {
        "trail": "Appalachian Trail",
        "route_id": "at-mvp6-maine-nh-me-katahdin-open-2026",
        "source_route_id": "at-main-osm-2026-open",
        "mile_nobo_global_est": 2061,
        "mile_nobo_mvp6": 208,
        "mile_sobo_mvp6": 45.2,
        "state": "ME",
        "milepoint_type": "generated",
        "official": false,
        "confidence": "estimated_from_open_route_geometry_with_known_length_gap",
        "source_id": "osm",
        "source_url": "https://www.openstreetmap.org/relation/156553",
        "source_access_url": "https://hiking.waymarkedtrails.org/api/v1/details/relation/156553",
        "license_status": "open_license_share_alike",
        "source_license": "ODbL",
        "attribution": "OpenStreetMap contributors",
        "last_checked": "2026-05-13",
        "last_generated": "2026-05-14",
        "ai_answer_rule": "Generated mile based on Scout MVP6 Maine open route geometry, not an official ATC mile. Use for source-aware planning only."
      },
      "geometry": {
        "type": "Point",
        "coordinates": [
          -69.007863,
          45.692397
        ]
      }
    },
    {
      "type": "Feature",
      "properties": {
        "trail": "Appalachian Trail",
        "route_id": "at-mvp6-maine-nh-me-katahdin-open-2026",
        "source_route_id": "at-main-osm-2026-open",
        "mile_nobo_global_est": 2062,
        "mile_nobo_mvp6": 209,
        "mile_sobo_mvp6": 44.2,
        "state": "ME",
        "milepoint_type": "generated",
        "official": false,
        "confidence": "estimated_from_open_route_geometry_with_known_length_gap",
        "source_id": "osm",
        "source_url": "https://www.openstreetmap.org/relation/156553",
        "source_access_url": "https://hiking.waymarkedtrails.org/api/v1/details/relation/156553",
        "license_status": "open_license_share_alike",
        "source_license": "ODbL",
        "attribution": "OpenStreetMap contributors",
        "last_checked": "2026-05-13",
        "last_generated": "2026-05-14",
        "ai_answer_rule": "Generated mile based on Scout MVP6 Maine open route geometry, not an official ATC mile. Use for source-aware planning only."
      },
      "geometry": {
        "type": "Point",
        "coordinates": [
          -69.007786,
          45.706282
        ]
      }
    },
    {
      "type": "Feature",
      "properties": {
        "trail": "Appalachian Trail",
        "route_id": "at-mvp6-maine-nh-me-katahdin-open-2026",
        "source_route_id": "at-main-osm-2026-open",
        "mile_nobo_global_est": 2063,
        "mile_nobo_mvp6": 210,
        "mile_sobo_mvp6": 43.2,
        "state": "ME",
        "milepoint_type": "generated",
        "official": false,
        "confidence": "estimated_from_open_route_geometry_with_known_length_gap",
        "source_id": "osm",
        "source_url": "https://www.openstreetmap.org/relation/156553",
        "source_access_url": "https://hiking.waymarkedtrails.org/api/v1/details/relation/156553",
        "license_status": "open_license_share_alike",
        "source_license": "ODbL",
        "attribution": "OpenStreetMap contributors",
        "last_checked": "2026-05-13",
        "last_generated": "2026-05-14",
        "ai_answer_rule": "Generated mile based on Scout MVP6 Maine open route geometry, not an official ATC mile. Use for source-aware planning only."
      },
      "geometry": {
        "type": "Point",
        "coordinates": [
          -69.017716,
          45.716833
        ]
      }
    },
    {
      "type": "Feature",
      "properties": {
        "trail": "Appalachian Trail",
        "route_id": "at-mvp6-maine-nh-me-katahdin-open-2026",
        "source_route_id": "at-main-osm-2026-open",
        "mile_nobo_global_est": 2064,
        "mile_nobo_mvp6": 211,
        "mile_sobo_mvp6": 42.2,
        "state": "ME",
        "milepoint_type": "generated",
        "official": false,
        "confidence": "estimated_from_open_route_geometry_with_known_length_gap",
        "source_id": "osm",
        "source_url": "https://www.openstreetmap.org/relation/156553",
        "source_access_url": "https://hiking.waymarkedtrails.org/api/v1/details/relation/156553",
        "license_status": "open_license_share_alike",
        "source_license": "ODbL",
        "attribution": "OpenStreetMap contributors",
        "last_checked": "2026-05-13",
        "last_generated": "2026-05-14",
        "ai_answer_rule": "Generated mile based on Scout MVP6 Maine open route geometry, not an official ATC mile. Use for source-aware planning only."
      },
      "geometry": {
        "type": "Point",
        "coordinates": [
          -69.029816,
          45.724367
        ]
      }
    },
    {
      "type": "Feature",
      "properties": {
        "trail": "Appalachian Trail",
        "route_id": "at-mvp6-maine-nh-me-katahdin-open-2026",
        "source_route_id": "at-main-osm-2026-open",
        "mile_nobo_global_est": 2065,
        "mile_nobo_mvp6": 212,
        "mile_sobo_mvp6": 41.2,
        "state": "ME",
        "milepoint_type": "generated",
        "official": false,
        "confidence": "estimated_from_open_route_geometry_with_known_length_gap",
        "source_id": "osm",
        "source_url": "https://www.openstreetmap.org/relation/156553",
        "source_access_url": "https://hiking.waymarkedtrails.org/api/v1/details/relation/156553",
        "license_status": "open_license_share_alike",
        "source_license": "ODbL",
        "attribution": "OpenStreetMap contributors",
        "last_checked": "2026-05-13",
        "last_generated": "2026-05-14",
        "ai_answer_rule": "Generated mile based on Scout MVP6 Maine open route geometry, not an official ATC mile. Use for source-aware planning only."
      },
      "geometry": {
        "type": "Point",
        "coordinates": [
          -69.035732,
          45.734207
        ]
      }
    },
    {
      "type": "Feature",
      "properties": {
        "trail": "Appalachian Trail",
        "route_id": "at-mvp6-maine-nh-me-katahdin-open-2026",
        "source_route_id": "at-main-osm-2026-open",
        "mile_nobo_global_est": 2066,
        "mile_nobo_mvp6": 213,
        "mile_sobo_mvp6": 40.2,
        "state": "ME",
        "milepoint_type": "generated",
        "official": false,
        "confidence": "estimated_from_open_route_geometry_with_known_length_gap",
        "source_id": "osm",
        "source_url": "https://www.openstreetmap.org/relation/156553",
        "source_access_url": "https://hiking.waymarkedtrails.org/api/v1/details/relation/156553",
        "license_status": "open_license_share_alike",
        "source_license": "ODbL",
        "attribution": "OpenStreetMap contributors",
        "last_checked": "2026-05-13",
        "last_generated": "2026-05-14",
        "ai_answer_rule": "Generated mile based on Scout MVP6 Maine open route geometry, not an official ATC mile. Use for source-aware planning only."
      },
      "geometry": {
        "type": "Point",
        "coordinates": [
          -69.053446,
          45.735331
        ]
      }
    },
    {
      "type": "Feature",
      "properties": {
        "trail": "Appalachian Trail",
        "route_id": "at-mvp6-maine-nh-me-katahdin-open-2026",
        "source_route_id": "at-main-osm-2026-open",
        "mile_nobo_global_est": 2067,
        "mile_nobo_mvp6": 214,
        "mile_sobo_mvp6": 39.2,
        "state": "ME",
        "milepoint_type": "generated",
        "official": false,
        "confidence": "estimated_from_open_route_geometry_with_known_length_gap",
        "source_id": "osm",
        "source_url": "https://www.openstreetmap.org/relation/156553",
        "source_access_url": "https://hiking.waymarkedtrails.org/api/v1/details/relation/156553",
        "license_status": "open_license_share_alike",
        "source_license": "ODbL",
        "attribution": "OpenStreetMap contributors",
        "last_checked": "2026-05-13",
        "last_generated": "2026-05-14",
        "ai_answer_rule": "Generated mile based on Scout MVP6 Maine open route geometry, not an official ATC mile. Use for source-aware planning only."
      },
      "geometry": {
        "type": "Point",
        "coordinates": [
          -69.073182,
          45.734344
        ]
      }
    },
    {
      "type": "Feature",
      "properties": {
        "trail": "Appalachian Trail",
        "route_id": "at-mvp6-maine-nh-me-katahdin-open-2026",
        "source_route_id": "at-main-osm-2026-open",
        "mile_nobo_global_est": 2068,
        "mile_nobo_mvp6": 215,
        "mile_sobo_mvp6": 38.2,
        "state": "ME",
        "milepoint_type": "generated",
        "official": false,
        "confidence": "estimated_from_open_route_geometry_with_known_length_gap",
        "source_id": "osm",
        "source_url": "https://www.openstreetmap.org/relation/156553",
        "source_access_url": "https://hiking.waymarkedtrails.org/api/v1/details/relation/156553",
        "license_status": "open_license_share_alike",
        "source_license": "ODbL",
        "attribution": "OpenStreetMap contributors",
        "last_checked": "2026-05-13",
        "last_generated": "2026-05-14",
        "ai_answer_rule": "Generated mile based on Scout MVP6 Maine open route geometry, not an official ATC mile. Use for source-aware planning only."
      },
      "geometry": {
        "type": "Point",
        "coordinates": [
          -69.090376,
          45.731442
        ]
      }
    },
    {
      "type": "Feature",
      "properties": {
        "trail": "Appalachian Trail",
        "route_id": "at-mvp6-maine-nh-me-katahdin-open-2026",
        "source_route_id": "at-main-osm-2026-open",
        "mile_nobo_global_est": 2069,
        "mile_nobo_mvp6": 216,
        "mile_sobo_mvp6": 37.2,
        "state": "ME",
        "milepoint_type": "generated",
        "official": false,
        "confidence": "estimated_from_open_route_geometry_with_known_length_gap",
        "source_id": "osm",
        "source_url": "https://www.openstreetmap.org/relation/156553",
        "source_access_url": "https://hiking.waymarkedtrails.org/api/v1/details/relation/156553",
        "license_status": "open_license_share_alike",
        "source_license": "ODbL",
        "attribution": "OpenStreetMap contributors",
        "last_checked": "2026-05-13",
        "last_generated": "2026-05-14",
        "ai_answer_rule": "Generated mile based on Scout MVP6 Maine open route geometry, not an official ATC mile. Use for source-aware planning only."
      },
      "geometry": {
        "type": "Point",
        "coordinates": [
          -69.107572,
          45.737068
        ]
      }
    },
    {
      "type": "Feature",
      "properties": {
        "trail": "Appalachian Trail",
        "route_id": "at-mvp6-maine-nh-me-katahdin-open-2026",
        "source_route_id": "at-main-osm-2026-open",
        "mile_nobo_global_est": 2070,
        "mile_nobo_mvp6": 217,
        "mile_sobo_mvp6": 36.2,
        "state": "ME",
        "milepoint_type": "generated",
        "official": false,
        "confidence": "estimated_from_open_route_geometry_with_known_length_gap",
        "source_id": "osm",
        "source_url": "https://www.openstreetmap.org/relation/156553",
        "source_access_url": "https://hiking.waymarkedtrails.org/api/v1/details/relation/156553",
        "license_status": "open_license_share_alike",
        "source_license": "ODbL",
        "attribution": "OpenStreetMap contributors",
        "last_checked": "2026-05-13",
        "last_generated": "2026-05-14",
        "ai_answer_rule": "Generated mile based on Scout MVP6 Maine open route geometry, not an official ATC mile. Use for source-aware planning only."
      },
      "geometry": {
        "type": "Point",
        "coordinates": [
          -69.125184,
          45.738741
        ]
      }
    },
    {
      "type": "Feature",
      "properties": {
        "trail": "Appalachian Trail",
        "route_id": "at-mvp6-maine-nh-me-katahdin-open-2026",
        "source_route_id": "at-main-osm-2026-open",
        "mile_nobo_global_est": 2071,
        "mile_nobo_mvp6": 218,
        "mile_sobo_mvp6": 35.2,
        "state": "ME",
        "milepoint_type": "generated",
        "official": false,
        "confidence": "estimated_from_open_route_geometry_with_known_length_gap",
        "source_id": "osm",
        "source_url": "https://www.openstreetmap.org/relation/156553",
        "source_access_url": "https://hiking.waymarkedtrails.org/api/v1/details/relation/156553",
        "license_status": "open_license_share_alike",
        "source_license": "ODbL",
        "attribution": "OpenStreetMap contributors",
        "last_checked": "2026-05-13",
        "last_generated": "2026-05-14",
        "ai_answer_rule": "Generated mile based on Scout MVP6 Maine open route geometry, not an official ATC mile. Use for source-aware planning only."
      },
      "geometry": {
        "type": "Point",
        "coordinates": [
          -69.138954,
          45.74448
        ]
      }
    },
    {
      "type": "Feature",
      "properties": {
        "trail": "Appalachian Trail",
        "route_id": "at-mvp6-maine-nh-me-katahdin-open-2026",
        "source_route_id": "at-main-osm-2026-open",
        "mile_nobo_global_est": 2072,
        "mile_nobo_mvp6": 219,
        "mile_sobo_mvp6": 34.2,
        "state": "ME",
        "milepoint_type": "generated",
        "official": false,
        "confidence": "estimated_from_open_route_geometry_with_known_length_gap",
        "source_id": "osm",
        "source_url": "https://www.openstreetmap.org/relation/156553",
        "source_access_url": "https://hiking.waymarkedtrails.org/api/v1/details/relation/156553",
        "license_status": "open_license_share_alike",
        "source_license": "ODbL",
        "attribution": "OpenStreetMap contributors",
        "last_checked": "2026-05-13",
        "last_generated": "2026-05-14",
        "ai_answer_rule": "Generated mile based on Scout MVP6 Maine open route geometry, not an official ATC mile. Use for source-aware planning only."
      },
      "geometry": {
        "type": "Point",
        "coordinates": [
          -69.151364,
          45.752915
        ]
      }
    },
    {
      "type": "Feature",
      "properties": {
        "trail": "Appalachian Trail",
        "route_id": "at-mvp6-maine-nh-me-katahdin-open-2026",
        "source_route_id": "at-main-osm-2026-open",
        "mile_nobo_global_est": 2073,
        "mile_nobo_mvp6": 220,
        "mile_sobo_mvp6": 33.2,
        "state": "ME",
        "milepoint_type": "generated",
        "official": false,
        "confidence": "estimated_from_open_route_geometry_with_known_length_gap",
        "source_id": "osm",
        "source_url": "https://www.openstreetmap.org/relation/156553",
        "source_access_url": "https://hiking.waymarkedtrails.org/api/v1/details/relation/156553",
        "license_status": "open_license_share_alike",
        "source_license": "ODbL",
        "attribution": "OpenStreetMap contributors",
        "last_checked": "2026-05-13",
        "last_generated": "2026-05-14",
        "ai_answer_rule": "Generated mile based on Scout MVP6 Maine open route geometry, not an official ATC mile. Use for source-aware planning only."
      },
      "geometry": {
        "type": "Point",
        "coordinates": [
          -69.165214,
          45.756775
        ]
      }
    },
    {
      "type": "Feature",
      "properties": {
        "trail": "Appalachian Trail",
        "route_id": "at-mvp6-maine-nh-me-katahdin-open-2026",
        "source_route_id": "at-main-osm-2026-open",
        "mile_nobo_global_est": 2074,
        "mile_nobo_mvp6": 221,
        "mile_sobo_mvp6": 32.2,
        "state": "ME",
        "milepoint_type": "generated",
        "official": false,
        "confidence": "estimated_from_open_route_geometry_with_known_length_gap",
        "source_id": "osm",
        "source_url": "https://www.openstreetmap.org/relation/156553",
        "source_access_url": "https://hiking.waymarkedtrails.org/api/v1/details/relation/156553",
        "license_status": "open_license_share_alike",
        "source_license": "ODbL",
        "attribution": "OpenStreetMap contributors",
        "last_checked": "2026-05-13",
        "last_generated": "2026-05-14",
        "ai_answer_rule": "Generated mile based on Scout MVP6 Maine open route geometry, not an official ATC mile. Use for source-aware planning only."
      },
      "geometry": {
        "type": "Point",
        "coordinates": [
          -69.17426,
          45.76269
        ]
      }
    },
    {
      "type": "Feature",
      "properties": {
        "trail": "Appalachian Trail",
        "route_id": "at-mvp6-maine-nh-me-katahdin-open-2026",
        "source_route_id": "at-main-osm-2026-open",
        "mile_nobo_global_est": 2075,
        "mile_nobo_mvp6": 222,
        "mile_sobo_mvp6": 31.2,
        "state": "ME",
        "milepoint_type": "generated",
        "official": false,
        "confidence": "estimated_from_open_route_geometry_with_known_length_gap",
        "source_id": "osm",
        "source_url": "https://www.openstreetmap.org/relation/156553",
        "source_access_url": "https://hiking.waymarkedtrails.org/api/v1/details/relation/156553",
        "license_status": "open_license_share_alike",
        "source_license": "ODbL",
        "attribution": "OpenStreetMap contributors",
        "last_checked": "2026-05-13",
        "last_generated": "2026-05-14",
        "ai_answer_rule": "Generated mile based on Scout MVP6 Maine open route geometry, not an official ATC mile. Use for source-aware planning only."
      },
      "geometry": {
        "type": "Point",
        "coordinates": [
          -69.181525,
          45.770044
        ]
      }
    },
    {
      "type": "Feature",
      "properties": {
        "trail": "Appalachian Trail",
        "route_id": "at-mvp6-maine-nh-me-katahdin-open-2026",
        "source_route_id": "at-main-osm-2026-open",
        "mile_nobo_global_est": 2076,
        "mile_nobo_mvp6": 223,
        "mile_sobo_mvp6": 30.2,
        "state": "ME",
        "milepoint_type": "generated",
        "official": false,
        "confidence": "estimated_from_open_route_geometry_with_known_length_gap",
        "source_id": "osm",
        "source_url": "https://www.openstreetmap.org/relation/156553",
        "source_access_url": "https://hiking.waymarkedtrails.org/api/v1/details/relation/156553",
        "license_status": "open_license_share_alike",
        "source_license": "ODbL",
        "attribution": "OpenStreetMap contributors",
        "last_checked": "2026-05-13",
        "last_generated": "2026-05-14",
        "ai_answer_rule": "Generated mile based on Scout MVP6 Maine open route geometry, not an official ATC mile. Use for source-aware planning only."
      },
      "geometry": {
        "type": "Point",
        "coordinates": [
          -69.179221,
          45.77932
        ]
      }
    },
    {
      "type": "Feature",
      "properties": {
        "trail": "Appalachian Trail",
        "route_id": "at-mvp6-maine-nh-me-katahdin-open-2026",
        "source_route_id": "at-main-osm-2026-open",
        "mile_nobo_global_est": 2077,
        "mile_nobo_mvp6": 224,
        "mile_sobo_mvp6": 29.2,
        "state": "ME",
        "milepoint_type": "generated",
        "official": false,
        "confidence": "estimated_from_open_route_geometry_with_known_length_gap",
        "source_id": "osm",
        "source_url": "https://www.openstreetmap.org/relation/156553",
        "source_access_url": "https://hiking.waymarkedtrails.org/api/v1/details/relation/156553",
        "license_status": "open_license_share_alike",
        "source_license": "ODbL",
        "attribution": "OpenStreetMap contributors",
        "last_checked": "2026-05-13",
        "last_generated": "2026-05-14",
        "ai_answer_rule": "Generated mile based on Scout MVP6 Maine open route geometry, not an official ATC mile. Use for source-aware planning only."
      },
      "geometry": {
        "type": "Point",
        "coordinates": [
          -69.163603,
          45.78187
        ]
      }
    },
    {
      "type": "Feature",
      "properties": {
        "trail": "Appalachian Trail",
        "route_id": "at-mvp6-maine-nh-me-katahdin-open-2026",
        "source_route_id": "at-main-osm-2026-open",
        "mile_nobo_global_est": 2078,
        "mile_nobo_mvp6": 225,
        "mile_sobo_mvp6": 28.2,
        "state": "ME",
        "milepoint_type": "generated",
        "official": false,
        "confidence": "estimated_from_open_route_geometry_with_known_length_gap",
        "source_id": "osm",
        "source_url": "https://www.openstreetmap.org/relation/156553",
        "source_access_url": "https://hiking.waymarkedtrails.org/api/v1/details/relation/156553",
        "license_status": "open_license_share_alike",
        "source_license": "ODbL",
        "attribution": "OpenStreetMap contributors",
        "last_checked": "2026-05-13",
        "last_generated": "2026-05-14",
        "ai_answer_rule": "Generated mile based on Scout MVP6 Maine open route geometry, not an official ATC mile. Use for source-aware planning only."
      },
      "geometry": {
        "type": "Point",
        "coordinates": [
          -69.162387,
          45.794501
        ]
      }
    },
    {
      "type": "Feature",
      "properties": {
        "trail": "Appalachian Trail",
        "route_id": "at-mvp6-maine-nh-me-katahdin-open-2026",
        "source_route_id": "at-main-osm-2026-open",
        "mile_nobo_global_est": 2079,
        "mile_nobo_mvp6": 226,
        "mile_sobo_mvp6": 27.2,
        "state": "ME",
        "milepoint_type": "generated",
        "official": false,
        "confidence": "estimated_from_open_route_geometry_with_known_length_gap",
        "source_id": "osm",
        "source_url": "https://www.openstreetmap.org/relation/156553",
        "source_access_url": "https://hiking.waymarkedtrails.org/api/v1/details/relation/156553",
        "license_status": "open_license_share_alike",
        "source_license": "ODbL",
        "attribution": "OpenStreetMap contributors",
        "last_checked": "2026-05-13",
        "last_generated": "2026-05-14",
        "ai_answer_rule": "Generated mile based on Scout MVP6 Maine open route geometry, not an official ATC mile. Use for source-aware planning only."
      },
      "geometry": {
        "type": "Point",
        "coordinates": [
          -69.170384,
          45.804233
        ]
      }
    },
    {
      "type": "Feature",
      "properties": {
        "trail": "Appalachian Trail",
        "route_id": "at-mvp6-maine-nh-me-katahdin-open-2026",
        "source_route_id": "at-main-osm-2026-open",
        "mile_nobo_global_est": 2080,
        "mile_nobo_mvp6": 227,
        "mile_sobo_mvp6": 26.2,
        "state": "ME",
        "milepoint_type": "generated",
        "official": false,
        "confidence": "estimated_from_open_route_geometry_with_known_length_gap",
        "source_id": "osm",
        "source_url": "https://www.openstreetmap.org/relation/156553",
        "source_access_url": "https://hiking.waymarkedtrails.org/api/v1/details/relation/156553",
        "license_status": "open_license_share_alike",
        "source_license": "ODbL",
        "attribution": "OpenStreetMap contributors",
        "last_checked": "2026-05-13",
        "last_generated": "2026-05-14",
        "ai_answer_rule": "Generated mile based on Scout MVP6 Maine open route geometry, not an official ATC mile. Use for source-aware planning only."
      },
      "geometry": {
        "type": "Point",
        "coordinates": [
          -69.165723,
          45.81557
        ]
      }
    },
    {
      "type": "Feature",
      "properties": {
        "trail": "Appalachian Trail",
        "route_id": "at-mvp6-maine-nh-me-katahdin-open-2026",
        "source_route_id": "at-main-osm-2026-open",
        "mile_nobo_global_est": 2081,
        "mile_nobo_mvp6": 228,
        "mile_sobo_mvp6": 25.2,
        "state": "ME",
        "milepoint_type": "generated",
        "official": false,
        "confidence": "estimated_from_open_route_geometry_with_known_length_gap",
        "source_id": "osm",
        "source_url": "https://www.openstreetmap.org/relation/156553",
        "source_access_url": "https://hiking.waymarkedtrails.org/api/v1/details/relation/156553",
        "license_status": "open_license_share_alike",
        "source_license": "ODbL",
        "attribution": "OpenStreetMap contributors",
        "last_checked": "2026-05-13",
        "last_generated": "2026-05-14",
        "ai_answer_rule": "Generated mile based on Scout MVP6 Maine open route geometry, not an official ATC mile. Use for source-aware planning only."
      },
      "geometry": {
        "type": "Point",
        "coordinates": [
          -69.150358,
          45.818632
        ]
      }
    },
    {
      "type": "Feature",
      "properties": {
        "trail": "Appalachian Trail",
        "route_id": "at-mvp6-maine-nh-me-katahdin-open-2026",
        "source_route_id": "at-main-osm-2026-open",
        "mile_nobo_global_est": 2082,
        "mile_nobo_mvp6": 229,
        "mile_sobo_mvp6": 24.2,
        "state": "ME",
        "milepoint_type": "generated",
        "official": false,
        "confidence": "estimated_from_open_route_geometry_with_known_length_gap",
        "source_id": "osm",
        "source_url": "https://www.openstreetmap.org/relation/156553",
        "source_access_url": "https://hiking.waymarkedtrails.org/api/v1/details/relation/156553",
        "license_status": "open_license_share_alike",
        "source_license": "ODbL",
        "attribution": "OpenStreetMap contributors",
        "last_checked": "2026-05-13",
        "last_generated": "2026-05-14",
        "ai_answer_rule": "Generated mile based on Scout MVP6 Maine open route geometry, not an official ATC mile. Use for source-aware planning only."
      },
      "geometry": {
        "type": "Point",
        "coordinates": [
          -69.133471,
          45.82338
        ]
      }
    },
    {
      "type": "Feature",
      "properties": {
        "trail": "Appalachian Trail",
        "route_id": "at-mvp6-maine-nh-me-katahdin-open-2026",
        "source_route_id": "at-main-osm-2026-open",
        "mile_nobo_global_est": 2083,
        "mile_nobo_mvp6": 230,
        "mile_sobo_mvp6": 23.2,
        "state": "ME",
        "milepoint_type": "generated",
        "official": false,
        "confidence": "estimated_from_open_route_geometry_with_known_length_gap",
        "source_id": "osm",
        "source_url": "https://www.openstreetmap.org/relation/156553",
        "source_access_url": "https://hiking.waymarkedtrails.org/api/v1/details/relation/156553",
        "license_status": "open_license_share_alike",
        "source_license": "ODbL",
        "attribution": "OpenStreetMap contributors",
        "last_checked": "2026-05-13",
        "last_generated": "2026-05-14",
        "ai_answer_rule": "Generated mile based on Scout MVP6 Maine open route geometry, not an official ATC mile. Use for source-aware planning only."
      },
      "geometry": {
        "type": "Point",
        "coordinates": [
          -69.115658,
          45.820478
        ]
      }
    },
    {
      "type": "Feature",
      "properties": {
        "trail": "Appalachian Trail",
        "route_id": "at-mvp6-maine-nh-me-katahdin-open-2026",
        "source_route_id": "at-main-osm-2026-open",
        "mile_nobo_global_est": 2084,
        "mile_nobo_mvp6": 231,
        "mile_sobo_mvp6": 22.2,
        "state": "ME",
        "milepoint_type": "generated",
        "official": false,
        "confidence": "estimated_from_open_route_geometry_with_known_length_gap",
        "source_id": "osm",
        "source_url": "https://www.openstreetmap.org/relation/156553",
        "source_access_url": "https://hiking.waymarkedtrails.org/api/v1/details/relation/156553",
        "license_status": "open_license_share_alike",
        "source_license": "ODbL",
        "attribution": "OpenStreetMap contributors",
        "last_checked": "2026-05-13",
        "last_generated": "2026-05-14",
        "ai_answer_rule": "Generated mile based on Scout MVP6 Maine open route geometry, not an official ATC mile. Use for source-aware planning only."
      },
      "geometry": {
        "type": "Point",
        "coordinates": [
          -69.098709,
          45.815445
        ]
      }
    },
    {
      "type": "Feature",
      "properties": {
        "trail": "Appalachian Trail",
        "route_id": "at-mvp6-maine-nh-me-katahdin-open-2026",
        "source_route_id": "at-main-osm-2026-open",
        "mile_nobo_global_est": 2085,
        "mile_nobo_mvp6": 232,
        "mile_sobo_mvp6": 21.2,
        "state": "ME",
        "milepoint_type": "generated",
        "official": false,
        "confidence": "estimated_from_open_route_geometry_with_known_length_gap",
        "source_id": "osm",
        "source_url": "https://www.openstreetmap.org/relation/156553",
        "source_access_url": "https://hiking.waymarkedtrails.org/api/v1/details/relation/156553",
        "license_status": "open_license_share_alike",
        "source_license": "ODbL",
        "attribution": "OpenStreetMap contributors",
        "last_checked": "2026-05-13",
        "last_generated": "2026-05-14",
        "ai_answer_rule": "Generated mile based on Scout MVP6 Maine open route geometry, not an official ATC mile. Use for source-aware planning only."
      },
      "geometry": {
        "type": "Point",
        "coordinates": [
          -69.083972,
          45.806328
        ]
      }
    },
    {
      "type": "Feature",
      "properties": {
        "trail": "Appalachian Trail",
        "route_id": "at-mvp6-maine-nh-me-katahdin-open-2026",
        "source_route_id": "at-main-osm-2026-open",
        "mile_nobo_global_est": 2086,
        "mile_nobo_mvp6": 233,
        "mile_sobo_mvp6": 20.2,
        "state": "ME",
        "milepoint_type": "generated",
        "official": false,
        "confidence": "estimated_from_open_route_geometry_with_known_length_gap",
        "source_id": "osm",
        "source_url": "https://www.openstreetmap.org/relation/156553",
        "source_access_url": "https://hiking.waymarkedtrails.org/api/v1/details/relation/156553",
        "license_status": "open_license_share_alike",
        "source_license": "ODbL",
        "attribution": "OpenStreetMap contributors",
        "last_checked": "2026-05-13",
        "last_generated": "2026-05-14",
        "ai_answer_rule": "Generated mile based on Scout MVP6 Maine open route geometry, not an official ATC mile. Use for source-aware planning only."
      },
      "geometry": {
        "type": "Point",
        "coordinates": [
          -69.068022,
          45.809233
        ]
      }
    },
    {
      "type": "Feature",
      "properties": {
        "trail": "Appalachian Trail",
        "route_id": "at-mvp6-maine-nh-me-katahdin-open-2026",
        "source_route_id": "at-main-osm-2026-open",
        "mile_nobo_global_est": 2087,
        "mile_nobo_mvp6": 234,
        "mile_sobo_mvp6": 19.2,
        "state": "ME",
        "milepoint_type": "generated",
        "official": false,
        "confidence": "estimated_from_open_route_geometry_with_known_length_gap",
        "source_id": "osm",
        "source_url": "https://www.openstreetmap.org/relation/156553",
        "source_access_url": "https://hiking.waymarkedtrails.org/api/v1/details/relation/156553",
        "license_status": "open_license_share_alike",
        "source_license": "ODbL",
        "attribution": "OpenStreetMap contributors",
        "last_checked": "2026-05-13",
        "last_generated": "2026-05-14",
        "ai_answer_rule": "Generated mile based on Scout MVP6 Maine open route geometry, not an official ATC mile. Use for source-aware planning only."
      },
      "geometry": {
        "type": "Point",
        "coordinates": [
          -69.054749,
          45.814808
        ]
      }
    },
    {
      "type": "Feature",
      "properties": {
        "trail": "Appalachian Trail",
        "route_id": "at-mvp6-maine-nh-me-katahdin-open-2026",
        "source_route_id": "at-main-osm-2026-open",
        "mile_nobo_global_est": 2088,
        "mile_nobo_mvp6": 235,
        "mile_sobo_mvp6": 18.2,
        "state": "ME",
        "milepoint_type": "generated",
        "official": false,
        "confidence": "estimated_from_open_route_geometry_with_known_length_gap",
        "source_id": "osm",
        "source_url": "https://www.openstreetmap.org/relation/156553",
        "source_access_url": "https://hiking.waymarkedtrails.org/api/v1/details/relation/156553",
        "license_status": "open_license_share_alike",
        "source_license": "ODbL",
        "attribution": "OpenStreetMap contributors",
        "last_checked": "2026-05-13",
        "last_generated": "2026-05-14",
        "ai_answer_rule": "Generated mile based on Scout MVP6 Maine open route geometry, not an official ATC mile. Use for source-aware planning only."
      },
      "geometry": {
        "type": "Point",
        "coordinates": [
          -69.036443,
          45.817424
        ]
      }
    },
    {
      "type": "Feature",
      "properties": {
        "trail": "Appalachian Trail",
        "route_id": "at-mvp6-maine-nh-me-katahdin-open-2026",
        "source_route_id": "at-main-osm-2026-open",
        "mile_nobo_global_est": 2089,
        "mile_nobo_mvp6": 236,
        "mile_sobo_mvp6": 17.2,
        "state": "ME",
        "milepoint_type": "generated",
        "official": false,
        "confidence": "estimated_from_open_route_geometry_with_known_length_gap",
        "source_id": "osm",
        "source_url": "https://www.openstreetmap.org/relation/156553",
        "source_access_url": "https://hiking.waymarkedtrails.org/api/v1/details/relation/156553",
        "license_status": "open_license_share_alike",
        "source_license": "ODbL",
        "attribution": "OpenStreetMap contributors",
        "last_checked": "2026-05-13",
        "last_generated": "2026-05-14",
        "ai_answer_rule": "Generated mile based on Scout MVP6 Maine open route geometry, not an official ATC mile. Use for source-aware planning only."
      },
      "geometry": {
        "type": "Point",
        "coordinates": [
          -69.017398,
          45.81821
        ]
      }
    },
    {
      "type": "Feature",
      "properties": {
        "trail": "Appalachian Trail",
        "route_id": "at-mvp6-maine-nh-me-katahdin-open-2026",
        "source_route_id": "at-main-osm-2026-open",
        "mile_nobo_global_est": 2090,
        "mile_nobo_mvp6": 237,
        "mile_sobo_mvp6": 16.2,
        "state": "ME",
        "milepoint_type": "generated",
        "official": false,
        "confidence": "estimated_from_open_route_geometry_with_known_length_gap",
        "source_id": "osm",
        "source_url": "https://www.openstreetmap.org/relation/156553",
        "source_access_url": "https://hiking.waymarkedtrails.org/api/v1/details/relation/156553",
        "license_status": "open_license_share_alike",
        "source_license": "ODbL",
        "attribution": "OpenStreetMap contributors",
        "last_checked": "2026-05-13",
        "last_generated": "2026-05-14",
        "ai_answer_rule": "Generated mile based on Scout MVP6 Maine open route geometry, not an official ATC mile. Use for source-aware planning only."
      },
      "geometry": {
        "type": "Point",
        "coordinates": [
          -68.999194,
          45.820961
        ]
      }
    },
    {
      "type": "Feature",
      "properties": {
        "trail": "Appalachian Trail",
        "route_id": "at-mvp6-maine-nh-me-katahdin-open-2026",
        "source_route_id": "at-main-osm-2026-open",
        "mile_nobo_global_est": 2091,
        "mile_nobo_mvp6": 238,
        "mile_sobo_mvp6": 15.2,
        "state": "ME",
        "milepoint_type": "generated",
        "official": false,
        "confidence": "estimated_from_open_route_geometry_with_known_length_gap",
        "source_id": "osm",
        "source_url": "https://www.openstreetmap.org/relation/156553",
        "source_access_url": "https://hiking.waymarkedtrails.org/api/v1/details/relation/156553",
        "license_status": "open_license_share_alike",
        "source_license": "ODbL",
        "attribution": "OpenStreetMap contributors",
        "last_checked": "2026-05-13",
        "last_generated": "2026-05-14",
        "ai_answer_rule": "Generated mile based on Scout MVP6 Maine open route geometry, not an official ATC mile. Use for source-aware planning only."
      },
      "geometry": {
        "type": "Point",
        "coordinates": [
          -68.981906,
          45.826012
        ]
      }
    },
    {
      "type": "Feature",
      "properties": {
        "trail": "Appalachian Trail",
        "route_id": "at-mvp6-maine-nh-me-katahdin-open-2026",
        "source_route_id": "at-main-osm-2026-open",
        "mile_nobo_global_est": 2092,
        "mile_nobo_mvp6": 239,
        "mile_sobo_mvp6": 14.2,
        "state": "ME",
        "milepoint_type": "generated",
        "official": false,
        "confidence": "estimated_from_open_route_geometry_with_known_length_gap",
        "source_id": "osm",
        "source_url": "https://www.openstreetmap.org/relation/156553",
        "source_access_url": "https://hiking.waymarkedtrails.org/api/v1/details/relation/156553",
        "license_status": "open_license_share_alike",
        "source_license": "ODbL",
        "attribution": "OpenStreetMap contributors",
        "last_checked": "2026-05-13",
        "last_generated": "2026-05-14",
        "ai_answer_rule": "Generated mile based on Scout MVP6 Maine open route geometry, not an official ATC mile. Use for source-aware planning only."
      },
      "geometry": {
        "type": "Point",
        "coordinates": [
          -68.970641,
          45.835297
        ]
      }
    },
    {
      "type": "Feature",
      "properties": {
        "trail": "Appalachian Trail",
        "route_id": "at-mvp6-maine-nh-me-katahdin-open-2026",
        "source_route_id": "at-main-osm-2026-open",
        "mile_nobo_global_est": 2093,
        "mile_nobo_mvp6": 240,
        "mile_sobo_mvp6": 13.2,
        "state": "ME",
        "milepoint_type": "generated",
        "official": false,
        "confidence": "estimated_from_open_route_geometry_with_known_length_gap",
        "source_id": "osm",
        "source_url": "https://www.openstreetmap.org/relation/156553",
        "source_access_url": "https://hiking.waymarkedtrails.org/api/v1/details/relation/156553",
        "license_status": "open_license_share_alike",
        "source_license": "ODbL",
        "attribution": "OpenStreetMap contributors",
        "last_checked": "2026-05-13",
        "last_generated": "2026-05-14",
        "ai_answer_rule": "Generated mile based on Scout MVP6 Maine open route geometry, not an official ATC mile. Use for source-aware planning only."
      },
      "geometry": {
        "type": "Point",
        "coordinates": [
          -68.964763,
          45.839324
        ]
      }
    },
    {
      "type": "Feature",
      "properties": {
        "trail": "Appalachian Trail",
        "route_id": "at-mvp6-maine-nh-me-katahdin-open-2026",
        "source_route_id": "at-main-osm-2026-open",
        "mile_nobo_global_est": 2094,
        "mile_nobo_mvp6": 241,
        "mile_sobo_mvp6": 12.2,
        "state": "ME",
        "milepoint_type": "generated",
        "official": false,
        "confidence": "estimated_from_open_route_geometry_with_known_length_gap",
        "source_id": "osm",
        "source_url": "https://www.openstreetmap.org/relation/156553",
        "source_access_url": "https://hiking.waymarkedtrails.org/api/v1/details/relation/156553",
        "license_status": "open_license_share_alike",
        "source_license": "ODbL",
        "attribution": "OpenStreetMap contributors",
        "last_checked": "2026-05-13",
        "last_generated": "2026-05-14",
        "ai_answer_rule": "Generated mile based on Scout MVP6 Maine open route geometry, not an official ATC mile. Use for source-aware planning only."
      },
      "geometry": {
        "type": "Point",
        "coordinates": [
          -68.982665,
          45.841948
        ]
      }
    },
    {
      "type": "Feature",
      "properties": {
        "trail": "Appalachian Trail",
        "route_id": "at-mvp6-maine-nh-me-katahdin-open-2026",
        "source_route_id": "at-main-osm-2026-open",
        "mile_nobo_global_est": 2095,
        "mile_nobo_mvp6": 242,
        "mile_sobo_mvp6": 11.2,
        "state": "ME",
        "milepoint_type": "generated",
        "official": false,
        "confidence": "estimated_from_open_route_geometry_with_known_length_gap",
        "source_id": "osm",
        "source_url": "https://www.openstreetmap.org/relation/156553",
        "source_access_url": "https://hiking.waymarkedtrails.org/api/v1/details/relation/156553",
        "license_status": "open_license_share_alike",
        "source_license": "ODbL",
        "attribution": "OpenStreetMap contributors",
        "last_checked": "2026-05-13",
        "last_generated": "2026-05-14",
        "ai_answer_rule": "Generated mile based on Scout MVP6 Maine open route geometry, not an official ATC mile. Use for source-aware planning only."
      },
      "geometry": {
        "type": "Point",
        "coordinates": [
          -69.000132,
          45.843705
        ]
      }
    },
    {
      "type": "Feature",
      "properties": {
        "trail": "Appalachian Trail",
        "route_id": "at-mvp6-maine-nh-me-katahdin-open-2026",
        "source_route_id": "at-main-osm-2026-open",
        "mile_nobo_global_est": 2096,
        "mile_nobo_mvp6": 243,
        "mile_sobo_mvp6": 10.2,
        "state": "ME",
        "milepoint_type": "generated",
        "official": false,
        "confidence": "estimated_from_open_route_geometry_with_known_length_gap",
        "source_id": "osm",
        "source_url": "https://www.openstreetmap.org/relation/156553",
        "source_access_url": "https://hiking.waymarkedtrails.org/api/v1/details/relation/156553",
        "license_status": "open_license_share_alike",
        "source_license": "ODbL",
        "attribution": "OpenStreetMap contributors",
        "last_checked": "2026-05-13",
        "last_generated": "2026-05-14",
        "ai_answer_rule": "Generated mile based on Scout MVP6 Maine open route geometry, not an official ATC mile. Use for source-aware planning only."
      },
      "geometry": {
        "type": "Point",
        "coordinates": [
          -69.018565,
          45.847384
        ]
      }
    },
    {
      "type": "Feature",
      "properties": {
        "trail": "Appalachian Trail",
        "route_id": "at-mvp6-maine-nh-me-katahdin-open-2026",
        "source_route_id": "at-main-osm-2026-open",
        "mile_nobo_global_est": 2097,
        "mile_nobo_mvp6": 244,
        "mile_sobo_mvp6": 9.2,
        "state": "ME",
        "milepoint_type": "generated",
        "official": false,
        "confidence": "estimated_from_open_route_geometry_with_known_length_gap",
        "source_id": "osm",
        "source_url": "https://www.openstreetmap.org/relation/156553",
        "source_access_url": "https://hiking.waymarkedtrails.org/api/v1/details/relation/156553",
        "license_status": "open_license_share_alike",
        "source_license": "ODbL",
        "attribution": "OpenStreetMap contributors",
        "last_checked": "2026-05-13",
        "last_generated": "2026-05-14",
        "ai_answer_rule": "Generated mile based on Scout MVP6 Maine open route geometry, not an official ATC mile. Use for source-aware planning only."
      },
      "geometry": {
        "type": "Point",
        "coordinates": [
          -69.0288,
          45.854911
        ]
      }
    },
    {
      "type": "Feature",
      "properties": {
        "trail": "Appalachian Trail",
        "route_id": "at-mvp6-maine-nh-me-katahdin-open-2026",
        "source_route_id": "at-main-osm-2026-open",
        "mile_nobo_global_est": 2098,
        "mile_nobo_mvp6": 245,
        "mile_sobo_mvp6": 8.2,
        "state": "ME",
        "milepoint_type": "generated",
        "official": false,
        "confidence": "estimated_from_open_route_geometry_with_known_length_gap",
        "source_id": "osm",
        "source_url": "https://www.openstreetmap.org/relation/156553",
        "source_access_url": "https://hiking.waymarkedtrails.org/api/v1/details/relation/156553",
        "license_status": "open_license_share_alike",
        "source_license": "ODbL",
        "attribution": "OpenStreetMap contributors",
        "last_checked": "2026-05-13",
        "last_generated": "2026-05-14",
        "ai_answer_rule": "Generated mile based on Scout MVP6 Maine open route geometry, not an official ATC mile. Use for source-aware planning only."
      },
      "geometry": {
        "type": "Point",
        "coordinates": [
          -69.03425,
          45.86573
        ]
      }
    },
    {
      "type": "Feature",
      "properties": {
        "trail": "Appalachian Trail",
        "route_id": "at-mvp6-maine-nh-me-katahdin-open-2026",
        "source_route_id": "at-main-osm-2026-open",
        "mile_nobo_global_est": 2099,
        "mile_nobo_mvp6": 246,
        "mile_sobo_mvp6": 7.2,
        "state": "ME",
        "milepoint_type": "generated",
        "official": false,
        "confidence": "estimated_from_open_route_geometry_with_known_length_gap",
        "source_id": "osm",
        "source_url": "https://www.openstreetmap.org/relation/156553",
        "source_access_url": "https://hiking.waymarkedtrails.org/api/v1/details/relation/156553",
        "license_status": "open_license_share_alike",
        "source_license": "ODbL",
        "attribution": "OpenStreetMap contributors",
        "last_checked": "2026-05-13",
        "last_generated": "2026-05-14",
        "ai_answer_rule": "Generated mile based on Scout MVP6 Maine open route geometry, not an official ATC mile. Use for source-aware planning only."
      },
      "geometry": {
        "type": "Point",
        "coordinates": [
          -69.03465,
          45.878052
        ]
      }
    },
    {
      "type": "Feature",
      "properties": {
        "trail": "Appalachian Trail",
        "route_id": "at-mvp6-maine-nh-me-katahdin-open-2026",
        "source_route_id": "at-main-osm-2026-open",
        "mile_nobo_global_est": 2100,
        "mile_nobo_mvp6": 247,
        "mile_sobo_mvp6": 6.2,
        "state": "ME",
        "milepoint_type": "generated",
        "official": false,
        "confidence": "estimated_from_open_route_geometry_with_known_length_gap",
        "source_id": "osm",
        "source_url": "https://www.openstreetmap.org/relation/156553",
        "source_access_url": "https://hiking.waymarkedtrails.org/api/v1/details/relation/156553",
        "license_status": "open_license_share_alike",
        "source_license": "ODbL",
        "attribution": "OpenStreetMap contributors",
        "last_checked": "2026-05-13",
        "last_generated": "2026-05-14",
        "ai_answer_rule": "Generated mile based on Scout MVP6 Maine open route geometry, not an official ATC mile. Use for source-aware planning only."
      },
      "geometry": {
        "type": "Point",
        "coordinates": [
          -69.021385,
          45.882156
        ]
      }
    },
    {
      "type": "Feature",
      "properties": {
        "trail": "Appalachian Trail",
        "route_id": "at-mvp6-maine-nh-me-katahdin-open-2026",
        "source_route_id": "at-main-osm-2026-open",
        "mile_nobo_global_est": 2101,
        "mile_nobo_mvp6": 248,
        "mile_sobo_mvp6": 5.2,
        "state": "ME",
        "milepoint_type": "generated",
        "official": false,
        "confidence": "estimated_from_open_route_geometry_with_known_length_gap",
        "source_id": "osm",
        "source_url": "https://www.openstreetmap.org/relation/156553",
        "source_access_url": "https://hiking.waymarkedtrails.org/api/v1/details/relation/156553",
        "license_status": "open_license_share_alike",
        "source_license": "ODbL",
        "attribution": "OpenStreetMap contributors",
        "last_checked": "2026-05-13",
        "last_generated": "2026-05-14",
        "ai_answer_rule": "Generated mile based on Scout MVP6 Maine open route geometry, not an official ATC mile. Use for source-aware planning only."
      },
      "geometry": {
        "type": "Point",
        "coordinates": [
          -69.003156,
          45.880611
        ]
      }
    },
    {
      "type": "Feature",
      "properties": {
        "trail": "Appalachian Trail",
        "route_id": "at-mvp6-maine-nh-me-katahdin-open-2026",
        "source_route_id": "at-main-osm-2026-open",
        "mile_nobo_global_est": 2102,
        "mile_nobo_mvp6": 249,
        "mile_sobo_mvp6": 4.2,
        "state": "ME",
        "milepoint_type": "generated",
        "official": false,
        "confidence": "estimated_from_open_route_geometry_with_known_length_gap",
        "source_id": "osm",
        "source_url": "https://www.openstreetmap.org/relation/156553",
        "source_access_url": "https://hiking.waymarkedtrails.org/api/v1/details/relation/156553",
        "license_status": "open_license_share_alike",
        "source_license": "ODbL",
        "attribution": "OpenStreetMap contributors",
        "last_checked": "2026-05-13",
        "last_generated": "2026-05-14",
        "ai_answer_rule": "Generated mile based on Scout MVP6 Maine open route geometry, not an official ATC mile. Use for source-aware planning only."
      },
      "geometry": {
        "type": "Point",
        "coordinates": [
          -68.993848,
          45.891033
        ]
      }
    },
    {
      "type": "Feature",
      "properties": {
        "trail": "Appalachian Trail",
        "route_id": "at-mvp6-maine-nh-me-katahdin-open-2026",
        "source_route_id": "at-main-osm-2026-open",
        "mile_nobo_global_est": 2103,
        "mile_nobo_mvp6": 250,
        "mile_sobo_mvp6": 3.2,
        "state": "ME",
        "milepoint_type": "generated",
        "official": false,
        "confidence": "estimated_from_open_route_geometry_with_known_length_gap",
        "source_id": "osm",
        "source_url": "https://www.openstreetmap.org/relation/156553",
        "source_access_url": "https://hiking.waymarkedtrails.org/api/v1/details/relation/156553",
        "license_status": "open_license_share_alike",
        "source_license": "ODbL",
        "attribution": "OpenStreetMap contributors",
        "last_checked": "2026-05-13",
        "last_generated": "2026-05-14",
        "ai_answer_rule": "Generated mile based on Scout MVP6 Maine open route geometry, not an official ATC mile. Use for source-aware planning only."
      },
      "geometry": {
        "type": "Point",
        "coordinates": [
          -68.976575,
          45.896308
        ]
      }
    },
    {
      "type": "Feature",
      "properties": {
        "trail": "Appalachian Trail",
        "route_id": "at-mvp6-maine-nh-me-katahdin-open-2026",
        "source_route_id": "at-main-osm-2026-open",
        "mile_nobo_global_est": 2104,
        "mile_nobo_mvp6": 251,
        "mile_sobo_mvp6": 2.2,
        "state": "ME",
        "milepoint_type": "generated",
        "official": false,
        "confidence": "estimated_from_open_route_geometry_with_known_length_gap",
        "source_id": "osm",
        "source_url": "https://www.openstreetmap.org/relation/156553",
        "source_access_url": "https://hiking.waymarkedtrails.org/api/v1/details/relation/156553",
        "license_status": "open_license_share_alike",
        "source_license": "ODbL",
        "attribution": "OpenStreetMap contributors",
        "last_checked": "2026-05-13",
        "last_generated": "2026-05-14",
        "ai_answer_rule": "Generated mile based on Scout MVP6 Maine open route geometry, not an official ATC mile. Use for source-aware planning only."
      },
      "geometry": {
        "type": "Point",
        "coordinates": [
          -68.958357,
          45.898655
        ]
      }
    },
    {
      "type": "Feature",
      "properties": {
        "trail": "Appalachian Trail",
        "route_id": "at-mvp6-maine-nh-me-katahdin-open-2026",
        "source_route_id": "at-main-osm-2026-open",
        "mile_nobo_global_est": 2105,
        "mile_nobo_mvp6": 252,
        "mile_sobo_mvp6": 1.2,
        "state": "ME",
        "milepoint_type": "generated",
        "official": false,
        "confidence": "estimated_from_open_route_geometry_with_known_length_gap",
        "source_id": "osm",
        "source_url": "https://www.openstreetmap.org/relation/156553",
        "source_access_url": "https://hiking.waymarkedtrails.org/api/v1/details/relation/156553",
        "license_status": "open_license_share_alike",
        "source_license": "ODbL",
        "attribution": "OpenStreetMap contributors",
        "last_checked": "2026-05-13",
        "last_generated": "2026-05-14",
        "ai_answer_rule": "Generated mile based on Scout MVP6 Maine open route geometry, not an official ATC mile. Use for source-aware planning only."
      },
      "geometry": {
        "type": "Point",
        "coordinates": [
          -68.941208,
          45.898719
        ]
      }
    },
    {
      "type": "Feature",
      "properties": {
        "trail": "Appalachian Trail",
        "route_id": "at-mvp6-maine-nh-me-katahdin-open-2026",
        "source_route_id": "at-main-osm-2026-open",
        "mile_nobo_global_est": 2106,
        "mile_nobo_mvp6": 253,
        "mile_sobo_mvp6": 0.2,
        "state": "ME",
        "milepoint_type": "generated",
        "official": false,
        "confidence": "estimated_from_open_route_geometry_with_known_length_gap",
        "source_id": "osm",
        "source_url": "https://www.openstreetmap.org/relation/156553",
        "source_access_url": "https://hiking.waymarkedtrails.org/api/v1/details/relation/156553",
        "license_status": "open_license_share_alike",
        "source_license": "ODbL",
        "attribution": "OpenStreetMap contributors",
        "last_checked": "2026-05-13",
        "last_generated": "2026-05-14",
        "ai_answer_rule": "Generated mile based on Scout MVP6 Maine open route geometry, not an official ATC mile. Use for source-aware planning only."
      },
      "geometry": {
        "type": "Point",
        "coordinates": [
          -68.924742,
          45.903882
        ]
      }
    },
    {
      "type": "Feature",
      "properties": {
        "trail": "Appalachian Trail",
        "route_id": "at-mvp6-maine-nh-me-katahdin-open-2026",
        "source_route_id": "at-main-osm-2026-open",
        "mile_nobo_global_est": 2106.2,
        "mile_nobo_mvp6": 253.2,
        "mile_sobo_mvp6": 0,
        "state": "ME",
        "milepoint_type": "generated",
        "official": false,
        "confidence": "estimated_from_open_route_geometry_with_known_length_gap",
        "source_id": "osm",
        "source_url": "https://www.openstreetmap.org/relation/156553",
        "source_access_url": "https://hiking.waymarkedtrails.org/api/v1/details/relation/156553",
        "license_status": "open_license_share_alike",
        "source_license": "ODbL",
        "attribution": "OpenStreetMap contributors",
        "last_checked": "2026-05-13",
        "last_generated": "2026-05-14",
        "ai_answer_rule": "Generated mile based on Scout MVP6 Maine open route geometry, not an official ATC mile. Use for source-aware planning only."
      },
      "geometry": {
        "type": "Point",
        "coordinates": [
          -68.921501,
          45.90445
        ]
      }
    }
  ]
}
