{
  "type": "FeatureCollection",
  "features": [
    {
      "type": "Feature",
      "properties": {
        "sample_id": "elev-va-1mi-000",
        "trail": "Appalachian Trail",
        "route_id": "at-mvp2-va-damascus-harpers-ferry-open-2026",
        "mile_nobo_global_est": 459,
        "mile_nobo_va": 0,
        "mile_sobo_va": 547,
        "lat": 36.63527,
        "lon": -81.790287,
        "interval_miles": 1,
        "elevation_ft": 1922,
        "source_id": "usgs_3dep",
        "source_url": "https://epqs.nationalmap.gov/v1/json",
        "source": "USGS Elevation Point Query Service, interpolated from 3DEP dynamic elevation service",
        "source_license": "public_domain",
        "license_status": "public_domain",
        "attribution": "Data available from U.S. Geological Survey, 3D Elevation Program.",
        "confidence": "model_derived_topographic_estimate",
        "last_checked": "2026-05-14",
        "last_generated": "2026-05-14",
        "ai_answer_rule": "Describe as model-derived USGS 3DEP elevation sampled along Scout open route geometry; values may differ from guidebook profiles or surveyed summits."
      },
      "geometry": {
        "type": "Point",
        "coordinates": [
          -81.790287,
          36.63527
        ]
      }
    },
    {
      "type": "Feature",
      "properties": {
        "sample_id": "elev-va-1mi-001",
        "trail": "Appalachian Trail",
        "route_id": "at-mvp2-va-damascus-harpers-ferry-open-2026",
        "mile_nobo_global_est": 460,
        "mile_nobo_va": 1,
        "mile_sobo_va": 546,
        "lat": 36.628584,
        "lon": -81.77692,
        "interval_miles": 1,
        "elevation_ft": 1969.6,
        "source_id": "usgs_3dep",
        "source_url": "https://epqs.nationalmap.gov/v1/json",
        "source": "USGS Elevation Point Query Service, interpolated from 3DEP dynamic elevation service",
        "source_license": "public_domain",
        "license_status": "public_domain",
        "attribution": "Data available from U.S. Geological Survey, 3D Elevation Program.",
        "confidence": "model_derived_topographic_estimate",
        "last_checked": "2026-05-14",
        "last_generated": "2026-05-14",
        "ai_answer_rule": "Describe as model-derived USGS 3DEP elevation sampled along Scout open route geometry; values may differ from guidebook profiles or surveyed summits."
      },
      "geometry": {
        "type": "Point",
        "coordinates": [
          -81.77692,
          36.628584
        ]
      }
    },
    {
      "type": "Feature",
      "properties": {
        "sample_id": "elev-va-1mi-002",
        "trail": "Appalachian Trail",
        "route_id": "at-mvp2-va-damascus-harpers-ferry-open-2026",
        "mile_nobo_global_est": 461,
        "mile_nobo_va": 2,
        "mile_sobo_va": 545,
        "lat": 36.633269,
        "lon": -81.77347,
        "interval_miles": 1,
        "elevation_ft": 2526,
        "source_id": "usgs_3dep",
        "source_url": "https://epqs.nationalmap.gov/v1/json",
        "source": "USGS Elevation Point Query Service, interpolated from 3DEP dynamic elevation service",
        "source_license": "public_domain",
        "license_status": "public_domain",
        "attribution": "Data available from U.S. Geological Survey, 3D Elevation Program.",
        "confidence": "model_derived_topographic_estimate",
        "last_checked": "2026-05-14",
        "last_generated": "2026-05-14",
        "ai_answer_rule": "Describe as model-derived USGS 3DEP elevation sampled along Scout open route geometry; values may differ from guidebook profiles or surveyed summits."
      },
      "geometry": {
        "type": "Point",
        "coordinates": [
          -81.77347,
          36.633269
        ]
      }
    },
    {
      "type": "Feature",
      "properties": {
        "sample_id": "elev-va-1mi-003",
        "trail": "Appalachian Trail",
        "route_id": "at-mvp2-va-damascus-harpers-ferry-open-2026",
        "mile_nobo_global_est": 462,
        "mile_nobo_va": 3,
        "mile_sobo_va": 544,
        "lat": 36.638094,
        "lon": -81.76283,
        "interval_miles": 1,
        "elevation_ft": 2940.3,
        "source_id": "usgs_3dep",
        "source_url": "https://epqs.nationalmap.gov/v1/json",
        "source": "USGS Elevation Point Query Service, interpolated from 3DEP dynamic elevation service",
        "source_license": "public_domain",
        "license_status": "public_domain",
        "attribution": "Data available from U.S. Geological Survey, 3D Elevation Program.",
        "confidence": "model_derived_topographic_estimate",
        "last_checked": "2026-05-14",
        "last_generated": "2026-05-14",
        "ai_answer_rule": "Describe as model-derived USGS 3DEP elevation sampled along Scout open route geometry; values may differ from guidebook profiles or surveyed summits."
      },
      "geometry": {
        "type": "Point",
        "coordinates": [
          -81.76283,
          36.638094
        ]
      }
    },
    {
      "type": "Feature",
      "properties": {
        "sample_id": "elev-va-1mi-004",
        "trail": "Appalachian Trail",
        "route_id": "at-mvp2-va-damascus-harpers-ferry-open-2026",
        "mile_nobo_global_est": 463,
        "mile_nobo_va": 4,
        "mile_sobo_va": 543,
        "lat": 36.643542,
        "lon": -81.750507,
        "interval_miles": 1,
        "elevation_ft": 2708.3,
        "source_id": "usgs_3dep",
        "source_url": "https://epqs.nationalmap.gov/v1/json",
        "source": "USGS Elevation Point Query Service, interpolated from 3DEP dynamic elevation service",
        "source_license": "public_domain",
        "license_status": "public_domain",
        "attribution": "Data available from U.S. Geological Survey, 3D Elevation Program.",
        "confidence": "model_derived_topographic_estimate",
        "last_checked": "2026-05-14",
        "last_generated": "2026-05-14",
        "ai_answer_rule": "Describe as model-derived USGS 3DEP elevation sampled along Scout open route geometry; values may differ from guidebook profiles or surveyed summits."
      },
      "geometry": {
        "type": "Point",
        "coordinates": [
          -81.750507,
          36.643542
        ]
      }
    },
    {
      "type": "Feature",
      "properties": {
        "sample_id": "elev-va-1mi-005",
        "trail": "Appalachian Trail",
        "route_id": "at-mvp2-va-damascus-harpers-ferry-open-2026",
        "mile_nobo_global_est": 464,
        "mile_nobo_va": 5,
        "mile_sobo_va": 542,
        "lat": 36.64761,
        "lon": -81.740151,
        "interval_miles": 1,
        "elevation_ft": 2343.3,
        "source_id": "usgs_3dep",
        "source_url": "https://epqs.nationalmap.gov/v1/json",
        "source": "USGS Elevation Point Query Service, interpolated from 3DEP dynamic elevation service",
        "source_license": "public_domain",
        "license_status": "public_domain",
        "attribution": "Data available from U.S. Geological Survey, 3D Elevation Program.",
        "confidence": "model_derived_topographic_estimate",
        "last_checked": "2026-05-14",
        "last_generated": "2026-05-14",
        "ai_answer_rule": "Describe as model-derived USGS 3DEP elevation sampled along Scout open route geometry; values may differ from guidebook profiles or surveyed summits."
      },
      "geometry": {
        "type": "Point",
        "coordinates": [
          -81.740151,
          36.64761
        ]
      }
    },
    {
      "type": "Feature",
      "properties": {
        "sample_id": "elev-va-1mi-006",
        "trail": "Appalachian Trail",
        "route_id": "at-mvp2-va-damascus-harpers-ferry-open-2026",
        "mile_nobo_global_est": 465,
        "mile_nobo_va": 6,
        "mile_sobo_va": 541,
        "lat": 36.641567,
        "lon": -81.734962,
        "interval_miles": 1,
        "elevation_ft": 2329.2,
        "source_id": "usgs_3dep",
        "source_url": "https://epqs.nationalmap.gov/v1/json",
        "source": "USGS Elevation Point Query Service, interpolated from 3DEP dynamic elevation service",
        "source_license": "public_domain",
        "license_status": "public_domain",
        "attribution": "Data available from U.S. Geological Survey, 3D Elevation Program.",
        "confidence": "model_derived_topographic_estimate",
        "last_checked": "2026-05-14",
        "last_generated": "2026-05-14",
        "ai_answer_rule": "Describe as model-derived USGS 3DEP elevation sampled along Scout open route geometry; values may differ from guidebook profiles or surveyed summits."
      },
      "geometry": {
        "type": "Point",
        "coordinates": [
          -81.734962,
          36.641567
        ]
      }
    },
    {
      "type": "Feature",
      "properties": {
        "sample_id": "elev-va-1mi-007",
        "trail": "Appalachian Trail",
        "route_id": "at-mvp2-va-damascus-harpers-ferry-open-2026",
        "mile_nobo_global_est": 466,
        "mile_nobo_va": 7,
        "mile_sobo_va": 540,
        "lat": 36.631975,
        "lon": -81.725062,
        "interval_miles": 1,
        "elevation_ft": 2365,
        "source_id": "usgs_3dep",
        "source_url": "https://epqs.nationalmap.gov/v1/json",
        "source": "USGS Elevation Point Query Service, interpolated from 3DEP dynamic elevation service",
        "source_license": "public_domain",
        "license_status": "public_domain",
        "attribution": "Data available from U.S. Geological Survey, 3D Elevation Program.",
        "confidence": "model_derived_topographic_estimate",
        "last_checked": "2026-05-14",
        "last_generated": "2026-05-14",
        "ai_answer_rule": "Describe as model-derived USGS 3DEP elevation sampled along Scout open route geometry; values may differ from guidebook profiles or surveyed summits."
      },
      "geometry": {
        "type": "Point",
        "coordinates": [
          -81.725062,
          36.631975
        ]
      }
    },
    {
      "type": "Feature",
      "properties": {
        "sample_id": "elev-va-1mi-008",
        "trail": "Appalachian Trail",
        "route_id": "at-mvp2-va-damascus-harpers-ferry-open-2026",
        "mile_nobo_global_est": 467,
        "mile_nobo_va": 8,
        "mile_sobo_va": 539,
        "lat": 36.630822,
        "lon": -81.715857,
        "interval_miles": 1,
        "elevation_ft": 2835,
        "source_id": "usgs_3dep",
        "source_url": "https://epqs.nationalmap.gov/v1/json",
        "source": "USGS Elevation Point Query Service, interpolated from 3DEP dynamic elevation service",
        "source_license": "public_domain",
        "license_status": "public_domain",
        "attribution": "Data available from U.S. Geological Survey, 3D Elevation Program.",
        "confidence": "model_derived_topographic_estimate",
        "last_checked": "2026-05-14",
        "last_generated": "2026-05-14",
        "ai_answer_rule": "Describe as model-derived USGS 3DEP elevation sampled along Scout open route geometry; values may differ from guidebook profiles or surveyed summits."
      },
      "geometry": {
        "type": "Point",
        "coordinates": [
          -81.715857,
          36.630822
        ]
      }
    },
    {
      "type": "Feature",
      "properties": {
        "sample_id": "elev-va-1mi-009",
        "trail": "Appalachian Trail",
        "route_id": "at-mvp2-va-damascus-harpers-ferry-open-2026",
        "mile_nobo_global_est": 468,
        "mile_nobo_va": 9,
        "mile_sobo_va": 538,
        "lat": 36.634168,
        "lon": -81.715034,
        "interval_miles": 1,
        "elevation_ft": 3413.8,
        "source_id": "usgs_3dep",
        "source_url": "https://epqs.nationalmap.gov/v1/json",
        "source": "USGS Elevation Point Query Service, interpolated from 3DEP dynamic elevation service",
        "source_license": "public_domain",
        "license_status": "public_domain",
        "attribution": "Data available from U.S. Geological Survey, 3D Elevation Program.",
        "confidence": "model_derived_topographic_estimate",
        "last_checked": "2026-05-14",
        "last_generated": "2026-05-14",
        "ai_answer_rule": "Describe as model-derived USGS 3DEP elevation sampled along Scout open route geometry; values may differ from guidebook profiles or surveyed summits."
      },
      "geometry": {
        "type": "Point",
        "coordinates": [
          -81.715034,
          36.634168
        ]
      }
    },
    {
      "type": "Feature",
      "properties": {
        "sample_id": "elev-va-1mi-010",
        "trail": "Appalachian Trail",
        "route_id": "at-mvp2-va-damascus-harpers-ferry-open-2026",
        "mile_nobo_global_est": 469,
        "mile_nobo_va": 10,
        "mile_sobo_va": 537,
        "lat": 36.643177,
        "lon": -81.70325,
        "interval_miles": 1,
        "elevation_ft": 3325.3,
        "source_id": "usgs_3dep",
        "source_url": "https://epqs.nationalmap.gov/v1/json",
        "source": "USGS Elevation Point Query Service, interpolated from 3DEP dynamic elevation service",
        "source_license": "public_domain",
        "license_status": "public_domain",
        "attribution": "Data available from U.S. Geological Survey, 3D Elevation Program.",
        "confidence": "model_derived_topographic_estimate",
        "last_checked": "2026-05-14",
        "last_generated": "2026-05-14",
        "ai_answer_rule": "Describe as model-derived USGS 3DEP elevation sampled along Scout open route geometry; values may differ from guidebook profiles or surveyed summits."
      },
      "geometry": {
        "type": "Point",
        "coordinates": [
          -81.70325,
          36.643177
        ]
      }
    },
    {
      "type": "Feature",
      "properties": {
        "sample_id": "elev-va-1mi-011",
        "trail": "Appalachian Trail",
        "route_id": "at-mvp2-va-damascus-harpers-ferry-open-2026",
        "mile_nobo_global_est": 470,
        "mile_nobo_va": 11,
        "mile_sobo_va": 536,
        "lat": 36.651226,
        "lon": -81.693591,
        "interval_miles": 1,
        "elevation_ft": 3217.6,
        "source_id": "usgs_3dep",
        "source_url": "https://epqs.nationalmap.gov/v1/json",
        "source": "USGS Elevation Point Query Service, interpolated from 3DEP dynamic elevation service",
        "source_license": "public_domain",
        "license_status": "public_domain",
        "attribution": "Data available from U.S. Geological Survey, 3D Elevation Program.",
        "confidence": "model_derived_topographic_estimate",
        "last_checked": "2026-05-14",
        "last_generated": "2026-05-14",
        "ai_answer_rule": "Describe as model-derived USGS 3DEP elevation sampled along Scout open route geometry; values may differ from guidebook profiles or surveyed summits."
      },
      "geometry": {
        "type": "Point",
        "coordinates": [
          -81.693591,
          36.651226
        ]
      }
    },
    {
      "type": "Feature",
      "properties": {
        "sample_id": "elev-va-1mi-012",
        "trail": "Appalachian Trail",
        "route_id": "at-mvp2-va-damascus-harpers-ferry-open-2026",
        "mile_nobo_global_est": 471,
        "mile_nobo_va": 12,
        "mile_sobo_va": 535,
        "lat": 36.652275,
        "lon": -81.686727,
        "interval_miles": 1,
        "elevation_ft": 2977.8,
        "source_id": "usgs_3dep",
        "source_url": "https://epqs.nationalmap.gov/v1/json",
        "source": "USGS Elevation Point Query Service, interpolated from 3DEP dynamic elevation service",
        "source_license": "public_domain",
        "license_status": "public_domain",
        "attribution": "Data available from U.S. Geological Survey, 3D Elevation Program.",
        "confidence": "model_derived_topographic_estimate",
        "last_checked": "2026-05-14",
        "last_generated": "2026-05-14",
        "ai_answer_rule": "Describe as model-derived USGS 3DEP elevation sampled along Scout open route geometry; values may differ from guidebook profiles or surveyed summits."
      },
      "geometry": {
        "type": "Point",
        "coordinates": [
          -81.686727,
          36.652275
        ]
      }
    },
    {
      "type": "Feature",
      "properties": {
        "sample_id": "elev-va-1mi-013",
        "trail": "Appalachian Trail",
        "route_id": "at-mvp2-va-damascus-harpers-ferry-open-2026",
        "mile_nobo_global_est": 472,
        "mile_nobo_va": 13,
        "mile_sobo_va": 534,
        "lat": 36.65294,
        "lon": -81.679257,
        "interval_miles": 1,
        "elevation_ft": 2848.1,
        "source_id": "usgs_3dep",
        "source_url": "https://epqs.nationalmap.gov/v1/json",
        "source": "USGS Elevation Point Query Service, interpolated from 3DEP dynamic elevation service",
        "source_license": "public_domain",
        "license_status": "public_domain",
        "attribution": "Data available from U.S. Geological Survey, 3D Elevation Program.",
        "confidence": "model_derived_topographic_estimate",
        "last_checked": "2026-05-14",
        "last_generated": "2026-05-14",
        "ai_answer_rule": "Describe as model-derived USGS 3DEP elevation sampled along Scout open route geometry; values may differ from guidebook profiles or surveyed summits."
      },
      "geometry": {
        "type": "Point",
        "coordinates": [
          -81.679257,
          36.65294
        ]
      }
    },
    {
      "type": "Feature",
      "properties": {
        "sample_id": "elev-va-1mi-014",
        "trail": "Appalachian Trail",
        "route_id": "at-mvp2-va-damascus-harpers-ferry-open-2026",
        "mile_nobo_global_est": 473,
        "mile_nobo_va": 14,
        "mile_sobo_va": 533,
        "lat": 36.648066,
        "lon": -81.672299,
        "interval_miles": 1,
        "elevation_ft": 2701.5,
        "source_id": "usgs_3dep",
        "source_url": "https://epqs.nationalmap.gov/v1/json",
        "source": "USGS Elevation Point Query Service, interpolated from 3DEP dynamic elevation service",
        "source_license": "public_domain",
        "license_status": "public_domain",
        "attribution": "Data available from U.S. Geological Survey, 3D Elevation Program.",
        "confidence": "model_derived_topographic_estimate",
        "last_checked": "2026-05-14",
        "last_generated": "2026-05-14",
        "ai_answer_rule": "Describe as model-derived USGS 3DEP elevation sampled along Scout open route geometry; values may differ from guidebook profiles or surveyed summits."
      },
      "geometry": {
        "type": "Point",
        "coordinates": [
          -81.672299,
          36.648066
        ]
      }
    },
    {
      "type": "Feature",
      "properties": {
        "sample_id": "elev-va-1mi-015",
        "trail": "Appalachian Trail",
        "route_id": "at-mvp2-va-damascus-harpers-ferry-open-2026",
        "mile_nobo_global_est": 474,
        "mile_nobo_va": 15,
        "mile_sobo_va": 532,
        "lat": 36.647569,
        "lon": -81.664241,
        "interval_miles": 1,
        "elevation_ft": 3149.9,
        "source_id": "usgs_3dep",
        "source_url": "https://epqs.nationalmap.gov/v1/json",
        "source": "USGS Elevation Point Query Service, interpolated from 3DEP dynamic elevation service",
        "source_license": "public_domain",
        "license_status": "public_domain",
        "attribution": "Data available from U.S. Geological Survey, 3D Elevation Program.",
        "confidence": "model_derived_topographic_estimate",
        "last_checked": "2026-05-14",
        "last_generated": "2026-05-14",
        "ai_answer_rule": "Describe as model-derived USGS 3DEP elevation sampled along Scout open route geometry; values may differ from guidebook profiles or surveyed summits."
      },
      "geometry": {
        "type": "Point",
        "coordinates": [
          -81.664241,
          36.647569
        ]
      }
    },
    {
      "type": "Feature",
      "properties": {
        "sample_id": "elev-va-1mi-016",
        "trail": "Appalachian Trail",
        "route_id": "at-mvp2-va-damascus-harpers-ferry-open-2026",
        "mile_nobo_global_est": 475,
        "mile_nobo_va": 16,
        "mile_sobo_va": 531,
        "lat": 36.645527,
        "lon": -81.654707,
        "interval_miles": 1,
        "elevation_ft": 3344.4,
        "source_id": "usgs_3dep",
        "source_url": "https://epqs.nationalmap.gov/v1/json",
        "source": "USGS Elevation Point Query Service, interpolated from 3DEP dynamic elevation service",
        "source_license": "public_domain",
        "license_status": "public_domain",
        "attribution": "Data available from U.S. Geological Survey, 3D Elevation Program.",
        "confidence": "model_derived_topographic_estimate",
        "last_checked": "2026-05-14",
        "last_generated": "2026-05-14",
        "ai_answer_rule": "Describe as model-derived USGS 3DEP elevation sampled along Scout open route geometry; values may differ from guidebook profiles or surveyed summits."
      },
      "geometry": {
        "type": "Point",
        "coordinates": [
          -81.654707,
          36.645527
        ]
      }
    },
    {
      "type": "Feature",
      "properties": {
        "sample_id": "elev-va-1mi-017",
        "trail": "Appalachian Trail",
        "route_id": "at-mvp2-va-damascus-harpers-ferry-open-2026",
        "mile_nobo_global_est": 476,
        "mile_nobo_va": 17,
        "mile_sobo_va": 530,
        "lat": 36.639171,
        "lon": -81.648694,
        "interval_miles": 1,
        "elevation_ft": 3190.3,
        "source_id": "usgs_3dep",
        "source_url": "https://epqs.nationalmap.gov/v1/json",
        "source": "USGS Elevation Point Query Service, interpolated from 3DEP dynamic elevation service",
        "source_license": "public_domain",
        "license_status": "public_domain",
        "attribution": "Data available from U.S. Geological Survey, 3D Elevation Program.",
        "confidence": "model_derived_topographic_estimate",
        "last_checked": "2026-05-14",
        "last_generated": "2026-05-14",
        "ai_answer_rule": "Describe as model-derived USGS 3DEP elevation sampled along Scout open route geometry; values may differ from guidebook profiles or surveyed summits."
      },
      "geometry": {
        "type": "Point",
        "coordinates": [
          -81.648694,
          36.639171
        ]
      }
    },
    {
      "type": "Feature",
      "properties": {
        "sample_id": "elev-va-1mi-018",
        "trail": "Appalachian Trail",
        "route_id": "at-mvp2-va-damascus-harpers-ferry-open-2026",
        "mile_nobo_global_est": 477,
        "mile_nobo_va": 18,
        "mile_sobo_va": 529,
        "lat": 36.637114,
        "lon": -81.642074,
        "interval_miles": 1,
        "elevation_ft": 3511.3,
        "source_id": "usgs_3dep",
        "source_url": "https://epqs.nationalmap.gov/v1/json",
        "source": "USGS Elevation Point Query Service, interpolated from 3DEP dynamic elevation service",
        "source_license": "public_domain",
        "license_status": "public_domain",
        "attribution": "Data available from U.S. Geological Survey, 3D Elevation Program.",
        "confidence": "model_derived_topographic_estimate",
        "last_checked": "2026-05-14",
        "last_generated": "2026-05-14",
        "ai_answer_rule": "Describe as model-derived USGS 3DEP elevation sampled along Scout open route geometry; values may differ from guidebook profiles or surveyed summits."
      },
      "geometry": {
        "type": "Point",
        "coordinates": [
          -81.642074,
          36.637114
        ]
      }
    },
    {
      "type": "Feature",
      "properties": {
        "sample_id": "elev-va-1mi-019",
        "trail": "Appalachian Trail",
        "route_id": "at-mvp2-va-damascus-harpers-ferry-open-2026",
        "mile_nobo_global_est": 478,
        "mile_nobo_va": 19,
        "mile_sobo_va": 528,
        "lat": 36.636292,
        "lon": -81.633027,
        "interval_miles": 1,
        "elevation_ft": 4071.8,
        "source_id": "usgs_3dep",
        "source_url": "https://epqs.nationalmap.gov/v1/json",
        "source": "USGS Elevation Point Query Service, interpolated from 3DEP dynamic elevation service",
        "source_license": "public_domain",
        "license_status": "public_domain",
        "attribution": "Data available from U.S. Geological Survey, 3D Elevation Program.",
        "confidence": "model_derived_topographic_estimate",
        "last_checked": "2026-05-14",
        "last_generated": "2026-05-14",
        "ai_answer_rule": "Describe as model-derived USGS 3DEP elevation sampled along Scout open route geometry; values may differ from guidebook profiles or surveyed summits."
      },
      "geometry": {
        "type": "Point",
        "coordinates": [
          -81.633027,
          36.636292
        ]
      }
    },
    {
      "type": "Feature",
      "properties": {
        "sample_id": "elev-va-1mi-020",
        "trail": "Appalachian Trail",
        "route_id": "at-mvp2-va-damascus-harpers-ferry-open-2026",
        "mile_nobo_global_est": 479,
        "mile_nobo_va": 20,
        "mile_sobo_va": 527,
        "lat": 36.631883,
        "lon": -81.617781,
        "interval_miles": 1,
        "elevation_ft": 4782.7,
        "source_id": "usgs_3dep",
        "source_url": "https://epqs.nationalmap.gov/v1/json",
        "source": "USGS Elevation Point Query Service, interpolated from 3DEP dynamic elevation service",
        "source_license": "public_domain",
        "license_status": "public_domain",
        "attribution": "Data available from U.S. Geological Survey, 3D Elevation Program.",
        "confidence": "model_derived_topographic_estimate",
        "last_checked": "2026-05-14",
        "last_generated": "2026-05-14",
        "ai_answer_rule": "Describe as model-derived USGS 3DEP elevation sampled along Scout open route geometry; values may differ from guidebook profiles or surveyed summits."
      },
      "geometry": {
        "type": "Point",
        "coordinates": [
          -81.617781,
          36.631883
        ]
      }
    },
    {
      "type": "Feature",
      "properties": {
        "sample_id": "elev-va-1mi-021",
        "trail": "Appalachian Trail",
        "route_id": "at-mvp2-va-damascus-harpers-ferry-open-2026",
        "mile_nobo_global_est": 480,
        "mile_nobo_va": 21,
        "mile_sobo_va": 526,
        "lat": 36.633717,
        "lon": -81.610038,
        "interval_miles": 1,
        "elevation_ft": 5020.4,
        "source_id": "usgs_3dep",
        "source_url": "https://epqs.nationalmap.gov/v1/json",
        "source": "USGS Elevation Point Query Service, interpolated from 3DEP dynamic elevation service",
        "source_license": "public_domain",
        "license_status": "public_domain",
        "attribution": "Data available from U.S. Geological Survey, 3D Elevation Program.",
        "confidence": "model_derived_topographic_estimate",
        "last_checked": "2026-05-14",
        "last_generated": "2026-05-14",
        "ai_answer_rule": "Describe as model-derived USGS 3DEP elevation sampled along Scout open route geometry; values may differ from guidebook profiles or surveyed summits."
      },
      "geometry": {
        "type": "Point",
        "coordinates": [
          -81.610038,
          36.633717
        ]
      }
    },
    {
      "type": "Feature",
      "properties": {
        "sample_id": "elev-va-1mi-022",
        "trail": "Appalachian Trail",
        "route_id": "at-mvp2-va-damascus-harpers-ferry-open-2026",
        "mile_nobo_global_est": 481,
        "mile_nobo_va": 22,
        "mile_sobo_va": 525,
        "lat": 36.637147,
        "lon": -81.598984,
        "interval_miles": 1,
        "elevation_ft": 5142.2,
        "source_id": "usgs_3dep",
        "source_url": "https://epqs.nationalmap.gov/v1/json",
        "source": "USGS Elevation Point Query Service, interpolated from 3DEP dynamic elevation service",
        "source_license": "public_domain",
        "license_status": "public_domain",
        "attribution": "Data available from U.S. Geological Survey, 3D Elevation Program.",
        "confidence": "model_derived_topographic_estimate",
        "last_checked": "2026-05-14",
        "last_generated": "2026-05-14",
        "ai_answer_rule": "Describe as model-derived USGS 3DEP elevation sampled along Scout open route geometry; values may differ from guidebook profiles or surveyed summits."
      },
      "geometry": {
        "type": "Point",
        "coordinates": [
          -81.598984,
          36.637147
        ]
      }
    },
    {
      "type": "Feature",
      "properties": {
        "sample_id": "elev-va-1mi-023",
        "trail": "Appalachian Trail",
        "route_id": "at-mvp2-va-damascus-harpers-ferry-open-2026",
        "mile_nobo_global_est": 482,
        "mile_nobo_va": 23,
        "mile_sobo_va": 524,
        "lat": 36.639936,
        "lon": -81.588371,
        "interval_miles": 1,
        "elevation_ft": 4819.5,
        "source_id": "usgs_3dep",
        "source_url": "https://epqs.nationalmap.gov/v1/json",
        "source": "USGS Elevation Point Query Service, interpolated from 3DEP dynamic elevation service",
        "source_license": "public_domain",
        "license_status": "public_domain",
        "attribution": "Data available from U.S. Geological Survey, 3D Elevation Program.",
        "confidence": "model_derived_topographic_estimate",
        "last_checked": "2026-05-14",
        "last_generated": "2026-05-14",
        "ai_answer_rule": "Describe as model-derived USGS 3DEP elevation sampled along Scout open route geometry; values may differ from guidebook profiles or surveyed summits."
      },
      "geometry": {
        "type": "Point",
        "coordinates": [
          -81.588371,
          36.639936
        ]
      }
    },
    {
      "type": "Feature",
      "properties": {
        "sample_id": "elev-va-1mi-024",
        "trail": "Appalachian Trail",
        "route_id": "at-mvp2-va-damascus-harpers-ferry-open-2026",
        "mile_nobo_global_est": 483,
        "mile_nobo_va": 24,
        "mile_sobo_va": 523,
        "lat": 36.64748,
        "lon": -81.580293,
        "interval_miles": 1,
        "elevation_ft": 4550.4,
        "source_id": "usgs_3dep",
        "source_url": "https://epqs.nationalmap.gov/v1/json",
        "source": "USGS Elevation Point Query Service, interpolated from 3DEP dynamic elevation service",
        "source_license": "public_domain",
        "license_status": "public_domain",
        "attribution": "Data available from U.S. Geological Survey, 3D Elevation Program.",
        "confidence": "model_derived_topographic_estimate",
        "last_checked": "2026-05-14",
        "last_generated": "2026-05-14",
        "ai_answer_rule": "Describe as model-derived USGS 3DEP elevation sampled along Scout open route geometry; values may differ from guidebook profiles or surveyed summits."
      },
      "geometry": {
        "type": "Point",
        "coordinates": [
          -81.580293,
          36.64748
        ]
      }
    },
    {
      "type": "Feature",
      "properties": {
        "sample_id": "elev-va-1mi-025",
        "trail": "Appalachian Trail",
        "route_id": "at-mvp2-va-damascus-harpers-ferry-open-2026",
        "mile_nobo_global_est": 484,
        "mile_nobo_va": 25,
        "mile_sobo_va": 522,
        "lat": 36.657335,
        "lon": -81.569034,
        "interval_miles": 1,
        "elevation_ft": 4853.1,
        "source_id": "usgs_3dep",
        "source_url": "https://epqs.nationalmap.gov/v1/json",
        "source": "USGS Elevation Point Query Service, interpolated from 3DEP dynamic elevation service",
        "source_license": "public_domain",
        "license_status": "public_domain",
        "attribution": "Data available from U.S. Geological Survey, 3D Elevation Program.",
        "confidence": "model_derived_topographic_estimate",
        "last_checked": "2026-05-14",
        "last_generated": "2026-05-14",
        "ai_answer_rule": "Describe as model-derived USGS 3DEP elevation sampled along Scout open route geometry; values may differ from guidebook profiles or surveyed summits."
      },
      "geometry": {
        "type": "Point",
        "coordinates": [
          -81.569034,
          36.657335
        ]
      }
    },
    {
      "type": "Feature",
      "properties": {
        "sample_id": "elev-va-1mi-026",
        "trail": "Appalachian Trail",
        "route_id": "at-mvp2-va-damascus-harpers-ferry-open-2026",
        "mile_nobo_global_est": 485,
        "mile_nobo_va": 26,
        "mile_sobo_va": 521,
        "lat": 36.657944,
        "lon": -81.554805,
        "interval_miles": 1,
        "elevation_ft": 5052.5,
        "source_id": "usgs_3dep",
        "source_url": "https://epqs.nationalmap.gov/v1/json",
        "source": "USGS Elevation Point Query Service, interpolated from 3DEP dynamic elevation service",
        "source_license": "public_domain",
        "license_status": "public_domain",
        "attribution": "Data available from U.S. Geological Survey, 3D Elevation Program.",
        "confidence": "model_derived_topographic_estimate",
        "last_checked": "2026-05-14",
        "last_generated": "2026-05-14",
        "ai_answer_rule": "Describe as model-derived USGS 3DEP elevation sampled along Scout open route geometry; values may differ from guidebook profiles or surveyed summits."
      },
      "geometry": {
        "type": "Point",
        "coordinates": [
          -81.554805,
          36.657944
        ]
      }
    },
    {
      "type": "Feature",
      "properties": {
        "sample_id": "elev-va-1mi-027",
        "trail": "Appalachian Trail",
        "route_id": "at-mvp2-va-damascus-harpers-ferry-open-2026",
        "mile_nobo_global_est": 486,
        "mile_nobo_va": 27,
        "mile_sobo_va": 520,
        "lat": 36.650789,
        "lon": -81.544231,
        "interval_miles": 1,
        "elevation_ft": 5166,
        "source_id": "usgs_3dep",
        "source_url": "https://epqs.nationalmap.gov/v1/json",
        "source": "USGS Elevation Point Query Service, interpolated from 3DEP dynamic elevation service",
        "source_license": "public_domain",
        "license_status": "public_domain",
        "attribution": "Data available from U.S. Geological Survey, 3D Elevation Program.",
        "confidence": "model_derived_topographic_estimate",
        "last_checked": "2026-05-14",
        "last_generated": "2026-05-14",
        "ai_answer_rule": "Describe as model-derived USGS 3DEP elevation sampled along Scout open route geometry; values may differ from guidebook profiles or surveyed summits."
      },
      "geometry": {
        "type": "Point",
        "coordinates": [
          -81.544231,
          36.650789
        ]
      }
    },
    {
      "type": "Feature",
      "properties": {
        "sample_id": "elev-va-1mi-028",
        "trail": "Appalachian Trail",
        "route_id": "at-mvp2-va-damascus-harpers-ferry-open-2026",
        "mile_nobo_global_est": 487,
        "mile_nobo_va": 28,
        "mile_sobo_va": 519,
        "lat": 36.655637,
        "lon": -81.534293,
        "interval_miles": 1,
        "elevation_ft": 5415.7,
        "source_id": "usgs_3dep",
        "source_url": "https://epqs.nationalmap.gov/v1/json",
        "source": "USGS Elevation Point Query Service, interpolated from 3DEP dynamic elevation service",
        "source_license": "public_domain",
        "license_status": "public_domain",
        "attribution": "Data available from U.S. Geological Survey, 3D Elevation Program.",
        "confidence": "model_derived_topographic_estimate",
        "last_checked": "2026-05-14",
        "last_generated": "2026-05-14",
        "ai_answer_rule": "Describe as model-derived USGS 3DEP elevation sampled along Scout open route geometry; values may differ from guidebook profiles or surveyed summits."
      },
      "geometry": {
        "type": "Point",
        "coordinates": [
          -81.534293,
          36.655637
        ]
      }
    },
    {
      "type": "Feature",
      "properties": {
        "sample_id": "elev-va-1mi-029",
        "trail": "Appalachian Trail",
        "route_id": "at-mvp2-va-damascus-harpers-ferry-open-2026",
        "mile_nobo_global_est": 488,
        "mile_nobo_va": 29,
        "mile_sobo_va": 518,
        "lat": 36.656425,
        "lon": -81.521702,
        "interval_miles": 1,
        "elevation_ft": 5469.1,
        "source_id": "usgs_3dep",
        "source_url": "https://epqs.nationalmap.gov/v1/json",
        "source": "USGS Elevation Point Query Service, interpolated from 3DEP dynamic elevation service",
        "source_license": "public_domain",
        "license_status": "public_domain",
        "attribution": "Data available from U.S. Geological Survey, 3D Elevation Program.",
        "confidence": "model_derived_topographic_estimate",
        "last_checked": "2026-05-14",
        "last_generated": "2026-05-14",
        "ai_answer_rule": "Describe as model-derived USGS 3DEP elevation sampled along Scout open route geometry; values may differ from guidebook profiles or surveyed summits."
      },
      "geometry": {
        "type": "Point",
        "coordinates": [
          -81.521702,
          36.656425
        ]
      }
    },
    {
      "type": "Feature",
      "properties": {
        "sample_id": "elev-va-1mi-030",
        "trail": "Appalachian Trail",
        "route_id": "at-mvp2-va-damascus-harpers-ferry-open-2026",
        "mile_nobo_global_est": 489,
        "mile_nobo_va": 30,
        "mile_sobo_va": 517,
        "lat": 36.645811,
        "lon": -81.515732,
        "interval_miles": 1,
        "elevation_ft": 5184.9,
        "source_id": "usgs_3dep",
        "source_url": "https://epqs.nationalmap.gov/v1/json",
        "source": "USGS Elevation Point Query Service, interpolated from 3DEP dynamic elevation service",
        "source_license": "public_domain",
        "license_status": "public_domain",
        "attribution": "Data available from U.S. Geological Survey, 3D Elevation Program.",
        "confidence": "model_derived_topographic_estimate",
        "last_checked": "2026-05-14",
        "last_generated": "2026-05-14",
        "ai_answer_rule": "Describe as model-derived USGS 3DEP elevation sampled along Scout open route geometry; values may differ from guidebook profiles or surveyed summits."
      },
      "geometry": {
        "type": "Point",
        "coordinates": [
          -81.515732,
          36.645811
        ]
      }
    },
    {
      "type": "Feature",
      "properties": {
        "sample_id": "elev-va-1mi-031",
        "trail": "Appalachian Trail",
        "route_id": "at-mvp2-va-damascus-harpers-ferry-open-2026",
        "mile_nobo_global_est": 490,
        "mile_nobo_va": 31,
        "mile_sobo_va": 516,
        "lat": 36.640619,
        "lon": -81.507438,
        "interval_miles": 1,
        "elevation_ft": 4864.7,
        "source_id": "usgs_3dep",
        "source_url": "https://epqs.nationalmap.gov/v1/json",
        "source": "USGS Elevation Point Query Service, interpolated from 3DEP dynamic elevation service",
        "source_license": "public_domain",
        "license_status": "public_domain",
        "attribution": "Data available from U.S. Geological Survey, 3D Elevation Program.",
        "confidence": "model_derived_topographic_estimate",
        "last_checked": "2026-05-14",
        "last_generated": "2026-05-14",
        "ai_answer_rule": "Describe as model-derived USGS 3DEP elevation sampled along Scout open route geometry; values may differ from guidebook profiles or surveyed summits."
      },
      "geometry": {
        "type": "Point",
        "coordinates": [
          -81.507438,
          36.640619
        ]
      }
    },
    {
      "type": "Feature",
      "properties": {
        "sample_id": "elev-va-1mi-032",
        "trail": "Appalachian Trail",
        "route_id": "at-mvp2-va-damascus-harpers-ferry-open-2026",
        "mile_nobo_global_est": 491,
        "mile_nobo_va": 32,
        "mile_sobo_va": 515,
        "lat": 36.644637,
        "lon": -81.506224,
        "interval_miles": 1,
        "elevation_ft": 4688.6,
        "source_id": "usgs_3dep",
        "source_url": "https://epqs.nationalmap.gov/v1/json",
        "source": "USGS Elevation Point Query Service, interpolated from 3DEP dynamic elevation service",
        "source_license": "public_domain",
        "license_status": "public_domain",
        "attribution": "Data available from U.S. Geological Survey, 3D Elevation Program.",
        "confidence": "model_derived_topographic_estimate",
        "last_checked": "2026-05-14",
        "last_generated": "2026-05-14",
        "ai_answer_rule": "Describe as model-derived USGS 3DEP elevation sampled along Scout open route geometry; values may differ from guidebook profiles or surveyed summits."
      },
      "geometry": {
        "type": "Point",
        "coordinates": [
          -81.506224,
          36.644637
        ]
      }
    },
    {
      "type": "Feature",
      "properties": {
        "sample_id": "elev-va-1mi-033",
        "trail": "Appalachian Trail",
        "route_id": "at-mvp2-va-damascus-harpers-ferry-open-2026",
        "mile_nobo_global_est": 492,
        "mile_nobo_va": 33,
        "mile_sobo_va": 514,
        "lat": 36.655508,
        "lon": -81.497733,
        "interval_miles": 1,
        "elevation_ft": 4376.4,
        "source_id": "usgs_3dep",
        "source_url": "https://epqs.nationalmap.gov/v1/json",
        "source": "USGS Elevation Point Query Service, interpolated from 3DEP dynamic elevation service",
        "source_license": "public_domain",
        "license_status": "public_domain",
        "attribution": "Data available from U.S. Geological Survey, 3D Elevation Program.",
        "confidence": "model_derived_topographic_estimate",
        "last_checked": "2026-05-14",
        "last_generated": "2026-05-14",
        "ai_answer_rule": "Describe as model-derived USGS 3DEP elevation sampled along Scout open route geometry; values may differ from guidebook profiles or surveyed summits."
      },
      "geometry": {
        "type": "Point",
        "coordinates": [
          -81.497733,
          36.655508
        ]
      }
    },
    {
      "type": "Feature",
      "properties": {
        "sample_id": "elev-va-1mi-034",
        "trail": "Appalachian Trail",
        "route_id": "at-mvp2-va-damascus-harpers-ferry-open-2026",
        "mile_nobo_global_est": 493,
        "mile_nobo_va": 34,
        "mile_sobo_va": 513,
        "lat": 36.651311,
        "lon": -81.484049,
        "interval_miles": 1,
        "elevation_ft": 4442.2,
        "source_id": "usgs_3dep",
        "source_url": "https://epqs.nationalmap.gov/v1/json",
        "source": "USGS Elevation Point Query Service, interpolated from 3DEP dynamic elevation service",
        "source_license": "public_domain",
        "license_status": "public_domain",
        "attribution": "Data available from U.S. Geological Survey, 3D Elevation Program.",
        "confidence": "model_derived_topographic_estimate",
        "last_checked": "2026-05-14",
        "last_generated": "2026-05-14",
        "ai_answer_rule": "Describe as model-derived USGS 3DEP elevation sampled along Scout open route geometry; values may differ from guidebook profiles or surveyed summits."
      },
      "geometry": {
        "type": "Point",
        "coordinates": [
          -81.484049,
          36.651311
        ]
      }
    },
    {
      "type": "Feature",
      "properties": {
        "sample_id": "elev-va-1mi-035",
        "trail": "Appalachian Trail",
        "route_id": "at-mvp2-va-damascus-harpers-ferry-open-2026",
        "mile_nobo_global_est": 494,
        "mile_nobo_va": 35,
        "mile_sobo_va": 512,
        "lat": 36.661569,
        "lon": -81.4804,
        "interval_miles": 1,
        "elevation_ft": 4786.8,
        "source_id": "usgs_3dep",
        "source_url": "https://epqs.nationalmap.gov/v1/json",
        "source": "USGS Elevation Point Query Service, interpolated from 3DEP dynamic elevation service",
        "source_license": "public_domain",
        "license_status": "public_domain",
        "attribution": "Data available from U.S. Geological Survey, 3D Elevation Program.",
        "confidence": "model_derived_topographic_estimate",
        "last_checked": "2026-05-14",
        "last_generated": "2026-05-14",
        "ai_answer_rule": "Describe as model-derived USGS 3DEP elevation sampled along Scout open route geometry; values may differ from guidebook profiles or surveyed summits."
      },
      "geometry": {
        "type": "Point",
        "coordinates": [
          -81.4804,
          36.661569
        ]
      }
    },
    {
      "type": "Feature",
      "properties": {
        "sample_id": "elev-va-1mi-036",
        "trail": "Appalachian Trail",
        "route_id": "at-mvp2-va-damascus-harpers-ferry-open-2026",
        "mile_nobo_global_est": 495,
        "mile_nobo_va": 36,
        "mile_sobo_va": 511,
        "lat": 36.673271,
        "lon": -81.488889,
        "interval_miles": 1,
        "elevation_ft": 4652.6,
        "source_id": "usgs_3dep",
        "source_url": "https://epqs.nationalmap.gov/v1/json",
        "source": "USGS Elevation Point Query Service, interpolated from 3DEP dynamic elevation service",
        "source_license": "public_domain",
        "license_status": "public_domain",
        "attribution": "Data available from U.S. Geological Survey, 3D Elevation Program.",
        "confidence": "model_derived_topographic_estimate",
        "last_checked": "2026-05-14",
        "last_generated": "2026-05-14",
        "ai_answer_rule": "Describe as model-derived USGS 3DEP elevation sampled along Scout open route geometry; values may differ from guidebook profiles or surveyed summits."
      },
      "geometry": {
        "type": "Point",
        "coordinates": [
          -81.488889,
          36.673271
        ]
      }
    },
    {
      "type": "Feature",
      "properties": {
        "sample_id": "elev-va-1mi-037",
        "trail": "Appalachian Trail",
        "route_id": "at-mvp2-va-damascus-harpers-ferry-open-2026",
        "mile_nobo_global_est": 496,
        "mile_nobo_va": 37,
        "mile_sobo_va": 510,
        "lat": 36.676454,
        "lon": -81.500896,
        "interval_miles": 1,
        "elevation_ft": 4947.7,
        "source_id": "usgs_3dep",
        "source_url": "https://epqs.nationalmap.gov/v1/json",
        "source": "USGS Elevation Point Query Service, interpolated from 3DEP dynamic elevation service",
        "source_license": "public_domain",
        "license_status": "public_domain",
        "attribution": "Data available from U.S. Geological Survey, 3D Elevation Program.",
        "confidence": "model_derived_topographic_estimate",
        "last_checked": "2026-05-14",
        "last_generated": "2026-05-14",
        "ai_answer_rule": "Describe as model-derived USGS 3DEP elevation sampled along Scout open route geometry; values may differ from guidebook profiles or surveyed summits."
      },
      "geometry": {
        "type": "Point",
        "coordinates": [
          -81.500896,
          36.676454
        ]
      }
    },
    {
      "type": "Feature",
      "properties": {
        "sample_id": "elev-va-1mi-038",
        "trail": "Appalachian Trail",
        "route_id": "at-mvp2-va-damascus-harpers-ferry-open-2026",
        "mile_nobo_global_est": 497,
        "mile_nobo_va": 38,
        "mile_sobo_va": 509,
        "lat": 36.676931,
        "lon": -81.514516,
        "interval_miles": 1,
        "elevation_ft": 4393.2,
        "source_id": "usgs_3dep",
        "source_url": "https://epqs.nationalmap.gov/v1/json",
        "source": "USGS Elevation Point Query Service, interpolated from 3DEP dynamic elevation service",
        "source_license": "public_domain",
        "license_status": "public_domain",
        "attribution": "Data available from U.S. Geological Survey, 3D Elevation Program.",
        "confidence": "model_derived_topographic_estimate",
        "last_checked": "2026-05-14",
        "last_generated": "2026-05-14",
        "ai_answer_rule": "Describe as model-derived USGS 3DEP elevation sampled along Scout open route geometry; values may differ from guidebook profiles or surveyed summits."
      },
      "geometry": {
        "type": "Point",
        "coordinates": [
          -81.514516,
          36.676931
        ]
      }
    },
    {
      "type": "Feature",
      "properties": {
        "sample_id": "elev-va-1mi-039",
        "trail": "Appalachian Trail",
        "route_id": "at-mvp2-va-damascus-harpers-ferry-open-2026",
        "mile_nobo_global_est": 498,
        "mile_nobo_va": 39,
        "mile_sobo_va": 508,
        "lat": 36.68647,
        "lon": -81.509407,
        "interval_miles": 1,
        "elevation_ft": 3952.8,
        "source_id": "usgs_3dep",
        "source_url": "https://epqs.nationalmap.gov/v1/json",
        "source": "USGS Elevation Point Query Service, interpolated from 3DEP dynamic elevation service",
        "source_license": "public_domain",
        "license_status": "public_domain",
        "attribution": "Data available from U.S. Geological Survey, 3D Elevation Program.",
        "confidence": "model_derived_topographic_estimate",
        "last_checked": "2026-05-14",
        "last_generated": "2026-05-14",
        "ai_answer_rule": "Describe as model-derived USGS 3DEP elevation sampled along Scout open route geometry; values may differ from guidebook profiles or surveyed summits."
      },
      "geometry": {
        "type": "Point",
        "coordinates": [
          -81.509407,
          36.68647
        ]
      }
    },
    {
      "type": "Feature",
      "properties": {
        "sample_id": "elev-va-1mi-040",
        "trail": "Appalachian Trail",
        "route_id": "at-mvp2-va-damascus-harpers-ferry-open-2026",
        "mile_nobo_global_est": 499,
        "mile_nobo_va": 40,
        "mile_sobo_va": 507,
        "lat": 36.694325,
        "lon": -81.509472,
        "interval_miles": 1,
        "elevation_ft": 3565.9,
        "source_id": "usgs_3dep",
        "source_url": "https://epqs.nationalmap.gov/v1/json",
        "source": "USGS Elevation Point Query Service, interpolated from 3DEP dynamic elevation service",
        "source_license": "public_domain",
        "license_status": "public_domain",
        "attribution": "Data available from U.S. Geological Survey, 3D Elevation Program.",
        "confidence": "model_derived_topographic_estimate",
        "last_checked": "2026-05-14",
        "last_generated": "2026-05-14",
        "ai_answer_rule": "Describe as model-derived USGS 3DEP elevation sampled along Scout open route geometry; values may differ from guidebook profiles or surveyed summits."
      },
      "geometry": {
        "type": "Point",
        "coordinates": [
          -81.509472,
          36.694325
        ]
      }
    },
    {
      "type": "Feature",
      "properties": {
        "sample_id": "elev-va-1mi-041",
        "trail": "Appalachian Trail",
        "route_id": "at-mvp2-va-damascus-harpers-ferry-open-2026",
        "mile_nobo_global_est": 500,
        "mile_nobo_va": 41,
        "mile_sobo_va": 506,
        "lat": 36.699383,
        "lon": -81.513325,
        "interval_miles": 1,
        "elevation_ft": 3835.2,
        "source_id": "usgs_3dep",
        "source_url": "https://epqs.nationalmap.gov/v1/json",
        "source": "USGS Elevation Point Query Service, interpolated from 3DEP dynamic elevation service",
        "source_license": "public_domain",
        "license_status": "public_domain",
        "attribution": "Data available from U.S. Geological Survey, 3D Elevation Program.",
        "confidence": "model_derived_topographic_estimate",
        "last_checked": "2026-05-14",
        "last_generated": "2026-05-14",
        "ai_answer_rule": "Describe as model-derived USGS 3DEP elevation sampled along Scout open route geometry; values may differ from guidebook profiles or surveyed summits."
      },
      "geometry": {
        "type": "Point",
        "coordinates": [
          -81.513325,
          36.699383
        ]
      }
    },
    {
      "type": "Feature",
      "properties": {
        "sample_id": "elev-va-1mi-042",
        "trail": "Appalachian Trail",
        "route_id": "at-mvp2-va-damascus-harpers-ferry-open-2026",
        "mile_nobo_global_est": 501,
        "mile_nobo_va": 42,
        "mile_sobo_va": 505,
        "lat": 36.705682,
        "lon": -81.519107,
        "interval_miles": 1,
        "elevation_ft": 4245,
        "source_id": "usgs_3dep",
        "source_url": "https://epqs.nationalmap.gov/v1/json",
        "source": "USGS Elevation Point Query Service, interpolated from 3DEP dynamic elevation service",
        "source_license": "public_domain",
        "license_status": "public_domain",
        "attribution": "Data available from U.S. Geological Survey, 3D Elevation Program.",
        "confidence": "model_derived_topographic_estimate",
        "last_checked": "2026-05-14",
        "last_generated": "2026-05-14",
        "ai_answer_rule": "Describe as model-derived USGS 3DEP elevation sampled along Scout open route geometry; values may differ from guidebook profiles or surveyed summits."
      },
      "geometry": {
        "type": "Point",
        "coordinates": [
          -81.519107,
          36.705682
        ]
      }
    },
    {
      "type": "Feature",
      "properties": {
        "sample_id": "elev-va-1mi-043",
        "trail": "Appalachian Trail",
        "route_id": "at-mvp2-va-damascus-harpers-ferry-open-2026",
        "mile_nobo_global_est": 502,
        "mile_nobo_va": 43,
        "mile_sobo_va": 504,
        "lat": 36.713474,
        "lon": -81.513458,
        "interval_miles": 1,
        "elevation_ft": 4099.3,
        "source_id": "usgs_3dep",
        "source_url": "https://epqs.nationalmap.gov/v1/json",
        "source": "USGS Elevation Point Query Service, interpolated from 3DEP dynamic elevation service",
        "source_license": "public_domain",
        "license_status": "public_domain",
        "attribution": "Data available from U.S. Geological Survey, 3D Elevation Program.",
        "confidence": "model_derived_topographic_estimate",
        "last_checked": "2026-05-14",
        "last_generated": "2026-05-14",
        "ai_answer_rule": "Describe as model-derived USGS 3DEP elevation sampled along Scout open route geometry; values may differ from guidebook profiles or surveyed summits."
      },
      "geometry": {
        "type": "Point",
        "coordinates": [
          -81.513458,
          36.713474
        ]
      }
    },
    {
      "type": "Feature",
      "properties": {
        "sample_id": "elev-va-1mi-044",
        "trail": "Appalachian Trail",
        "route_id": "at-mvp2-va-damascus-harpers-ferry-open-2026",
        "mile_nobo_global_est": 503,
        "mile_nobo_va": 44,
        "mile_sobo_va": 503,
        "lat": 36.717326,
        "lon": -81.513379,
        "interval_miles": 1,
        "elevation_ft": 3482.4,
        "source_id": "usgs_3dep",
        "source_url": "https://epqs.nationalmap.gov/v1/json",
        "source": "USGS Elevation Point Query Service, interpolated from 3DEP dynamic elevation service",
        "source_license": "public_domain",
        "license_status": "public_domain",
        "attribution": "Data available from U.S. Geological Survey, 3D Elevation Program.",
        "confidence": "model_derived_topographic_estimate",
        "last_checked": "2026-05-14",
        "last_generated": "2026-05-14",
        "ai_answer_rule": "Describe as model-derived USGS 3DEP elevation sampled along Scout open route geometry; values may differ from guidebook profiles or surveyed summits."
      },
      "geometry": {
        "type": "Point",
        "coordinates": [
          -81.513379,
          36.717326
        ]
      }
    },
    {
      "type": "Feature",
      "properties": {
        "sample_id": "elev-va-1mi-045",
        "trail": "Appalachian Trail",
        "route_id": "at-mvp2-va-damascus-harpers-ferry-open-2026",
        "mile_nobo_global_est": 504,
        "mile_nobo_va": 45,
        "mile_sobo_va": 502,
        "lat": 36.718433,
        "lon": -81.500916,
        "interval_miles": 1,
        "elevation_ft": 3156.1,
        "source_id": "usgs_3dep",
        "source_url": "https://epqs.nationalmap.gov/v1/json",
        "source": "USGS Elevation Point Query Service, interpolated from 3DEP dynamic elevation service",
        "source_license": "public_domain",
        "license_status": "public_domain",
        "attribution": "Data available from U.S. Geological Survey, 3D Elevation Program.",
        "confidence": "model_derived_topographic_estimate",
        "last_checked": "2026-05-14",
        "last_generated": "2026-05-14",
        "ai_answer_rule": "Describe as model-derived USGS 3DEP elevation sampled along Scout open route geometry; values may differ from guidebook profiles or surveyed summits."
      },
      "geometry": {
        "type": "Point",
        "coordinates": [
          -81.500916,
          36.718433
        ]
      }
    },
    {
      "type": "Feature",
      "properties": {
        "sample_id": "elev-va-1mi-046",
        "trail": "Appalachian Trail",
        "route_id": "at-mvp2-va-damascus-harpers-ferry-open-2026",
        "mile_nobo_global_est": 505,
        "mile_nobo_va": 46,
        "mile_sobo_va": 501,
        "lat": 36.716988,
        "lon": -81.487381,
        "interval_miles": 1,
        "elevation_ft": 3038.6,
        "source_id": "usgs_3dep",
        "source_url": "https://epqs.nationalmap.gov/v1/json",
        "source": "USGS Elevation Point Query Service, interpolated from 3DEP dynamic elevation service",
        "source_license": "public_domain",
        "license_status": "public_domain",
        "attribution": "Data available from U.S. Geological Survey, 3D Elevation Program.",
        "confidence": "model_derived_topographic_estimate",
        "last_checked": "2026-05-14",
        "last_generated": "2026-05-14",
        "ai_answer_rule": "Describe as model-derived USGS 3DEP elevation sampled along Scout open route geometry; values may differ from guidebook profiles or surveyed summits."
      },
      "geometry": {
        "type": "Point",
        "coordinates": [
          -81.487381,
          36.716988
        ]
      }
    },
    {
      "type": "Feature",
      "properties": {
        "sample_id": "elev-va-1mi-047",
        "trail": "Appalachian Trail",
        "route_id": "at-mvp2-va-damascus-harpers-ferry-open-2026",
        "mile_nobo_global_est": 506,
        "mile_nobo_va": 47,
        "mile_sobo_va": 500,
        "lat": 36.717,
        "lon": -81.476678,
        "interval_miles": 1,
        "elevation_ft": 3222.9,
        "source_id": "usgs_3dep",
        "source_url": "https://epqs.nationalmap.gov/v1/json",
        "source": "USGS Elevation Point Query Service, interpolated from 3DEP dynamic elevation service",
        "source_license": "public_domain",
        "license_status": "public_domain",
        "attribution": "Data available from U.S. Geological Survey, 3D Elevation Program.",
        "confidence": "model_derived_topographic_estimate",
        "last_checked": "2026-05-14",
        "last_generated": "2026-05-14",
        "ai_answer_rule": "Describe as model-derived USGS 3DEP elevation sampled along Scout open route geometry; values may differ from guidebook profiles or surveyed summits."
      },
      "geometry": {
        "type": "Point",
        "coordinates": [
          -81.476678,
          36.717
        ]
      }
    },
    {
      "type": "Feature",
      "properties": {
        "sample_id": "elev-va-1mi-048",
        "trail": "Appalachian Trail",
        "route_id": "at-mvp2-va-damascus-harpers-ferry-open-2026",
        "mile_nobo_global_est": 507,
        "mile_nobo_va": 48,
        "mile_sobo_va": 499,
        "lat": 36.717717,
        "lon": -81.468456,
        "interval_miles": 1,
        "elevation_ft": 3258.4,
        "source_id": "usgs_3dep",
        "source_url": "https://epqs.nationalmap.gov/v1/json",
        "source": "USGS Elevation Point Query Service, interpolated from 3DEP dynamic elevation service",
        "source_license": "public_domain",
        "license_status": "public_domain",
        "attribution": "Data available from U.S. Geological Survey, 3D Elevation Program.",
        "confidence": "model_derived_topographic_estimate",
        "last_checked": "2026-05-14",
        "last_generated": "2026-05-14",
        "ai_answer_rule": "Describe as model-derived USGS 3DEP elevation sampled along Scout open route geometry; values may differ from guidebook profiles or surveyed summits."
      },
      "geometry": {
        "type": "Point",
        "coordinates": [
          -81.468456,
          36.717717
        ]
      }
    },
    {
      "type": "Feature",
      "properties": {
        "sample_id": "elev-va-1mi-049",
        "trail": "Appalachian Trail",
        "route_id": "at-mvp2-va-damascus-harpers-ferry-open-2026",
        "mile_nobo_global_est": 508,
        "mile_nobo_va": 49,
        "mile_sobo_va": 498,
        "lat": 36.725762,
        "lon": -81.458595,
        "interval_miles": 1,
        "elevation_ft": 3506.8,
        "source_id": "usgs_3dep",
        "source_url": "https://epqs.nationalmap.gov/v1/json",
        "source": "USGS Elevation Point Query Service, interpolated from 3DEP dynamic elevation service",
        "source_license": "public_domain",
        "license_status": "public_domain",
        "attribution": "Data available from U.S. Geological Survey, 3D Elevation Program.",
        "confidence": "model_derived_topographic_estimate",
        "last_checked": "2026-05-14",
        "last_generated": "2026-05-14",
        "ai_answer_rule": "Describe as model-derived USGS 3DEP elevation sampled along Scout open route geometry; values may differ from guidebook profiles or surveyed summits."
      },
      "geometry": {
        "type": "Point",
        "coordinates": [
          -81.458595,
          36.725762
        ]
      }
    },
    {
      "type": "Feature",
      "properties": {
        "sample_id": "elev-va-1mi-050",
        "trail": "Appalachian Trail",
        "route_id": "at-mvp2-va-damascus-harpers-ferry-open-2026",
        "mile_nobo_global_est": 509,
        "mile_nobo_va": 50,
        "mile_sobo_va": 497,
        "lat": 36.729804,
        "lon": -81.474639,
        "interval_miles": 1,
        "elevation_ft": 3705.3,
        "source_id": "usgs_3dep",
        "source_url": "https://epqs.nationalmap.gov/v1/json",
        "source": "USGS Elevation Point Query Service, interpolated from 3DEP dynamic elevation service",
        "source_license": "public_domain",
        "license_status": "public_domain",
        "attribution": "Data available from U.S. Geological Survey, 3D Elevation Program.",
        "confidence": "model_derived_topographic_estimate",
        "last_checked": "2026-05-14",
        "last_generated": "2026-05-14",
        "ai_answer_rule": "Describe as model-derived USGS 3DEP elevation sampled along Scout open route geometry; values may differ from guidebook profiles or surveyed summits."
      },
      "geometry": {
        "type": "Point",
        "coordinates": [
          -81.474639,
          36.729804
        ]
      }
    },
    {
      "type": "Feature",
      "properties": {
        "sample_id": "elev-va-1mi-051",
        "trail": "Appalachian Trail",
        "route_id": "at-mvp2-va-damascus-harpers-ferry-open-2026",
        "mile_nobo_global_est": 510,
        "mile_nobo_va": 51,
        "mile_sobo_va": 496,
        "lat": 36.736105,
        "lon": -81.473563,
        "interval_miles": 1,
        "elevation_ft": 3657,
        "source_id": "usgs_3dep",
        "source_url": "https://epqs.nationalmap.gov/v1/json",
        "source": "USGS Elevation Point Query Service, interpolated from 3DEP dynamic elevation service",
        "source_license": "public_domain",
        "license_status": "public_domain",
        "attribution": "Data available from U.S. Geological Survey, 3D Elevation Program.",
        "confidence": "model_derived_topographic_estimate",
        "last_checked": "2026-05-14",
        "last_generated": "2026-05-14",
        "ai_answer_rule": "Describe as model-derived USGS 3DEP elevation sampled along Scout open route geometry; values may differ from guidebook profiles or surveyed summits."
      },
      "geometry": {
        "type": "Point",
        "coordinates": [
          -81.473563,
          36.736105
        ]
      }
    },
    {
      "type": "Feature",
      "properties": {
        "sample_id": "elev-va-1mi-052",
        "trail": "Appalachian Trail",
        "route_id": "at-mvp2-va-damascus-harpers-ferry-open-2026",
        "mile_nobo_global_est": 511,
        "mile_nobo_va": 52,
        "mile_sobo_va": 495,
        "lat": 36.74532,
        "lon": -81.47671,
        "interval_miles": 1,
        "elevation_ft": 3163.8,
        "source_id": "usgs_3dep",
        "source_url": "https://epqs.nationalmap.gov/v1/json",
        "source": "USGS Elevation Point Query Service, interpolated from 3DEP dynamic elevation service",
        "source_license": "public_domain",
        "license_status": "public_domain",
        "attribution": "Data available from U.S. Geological Survey, 3D Elevation Program.",
        "confidence": "model_derived_topographic_estimate",
        "last_checked": "2026-05-14",
        "last_generated": "2026-05-14",
        "ai_answer_rule": "Describe as model-derived USGS 3DEP elevation sampled along Scout open route geometry; values may differ from guidebook profiles or surveyed summits."
      },
      "geometry": {
        "type": "Point",
        "coordinates": [
          -81.47671,
          36.74532
        ]
      }
    },
    {
      "type": "Feature",
      "properties": {
        "sample_id": "elev-va-1mi-053",
        "trail": "Appalachian Trail",
        "route_id": "at-mvp2-va-damascus-harpers-ferry-open-2026",
        "mile_nobo_global_est": 512,
        "mile_nobo_va": 53,
        "mile_sobo_va": 494,
        "lat": 36.751545,
        "lon": -81.486927,
        "interval_miles": 1,
        "elevation_ft": 2817,
        "source_id": "usgs_3dep",
        "source_url": "https://epqs.nationalmap.gov/v1/json",
        "source": "USGS Elevation Point Query Service, interpolated from 3DEP dynamic elevation service",
        "source_license": "public_domain",
        "license_status": "public_domain",
        "attribution": "Data available from U.S. Geological Survey, 3D Elevation Program.",
        "confidence": "model_derived_topographic_estimate",
        "last_checked": "2026-05-14",
        "last_generated": "2026-05-14",
        "ai_answer_rule": "Describe as model-derived USGS 3DEP elevation sampled along Scout open route geometry; values may differ from guidebook profiles or surveyed summits."
      },
      "geometry": {
        "type": "Point",
        "coordinates": [
          -81.486927,
          36.751545
        ]
      }
    },
    {
      "type": "Feature",
      "properties": {
        "sample_id": "elev-va-1mi-054",
        "trail": "Appalachian Trail",
        "route_id": "at-mvp2-va-damascus-harpers-ferry-open-2026",
        "mile_nobo_global_est": 513,
        "mile_nobo_va": 54,
        "mile_sobo_va": 493,
        "lat": 36.757369,
        "lon": -81.495737,
        "interval_miles": 1,
        "elevation_ft": 2744.2,
        "source_id": "usgs_3dep",
        "source_url": "https://epqs.nationalmap.gov/v1/json",
        "source": "USGS Elevation Point Query Service, interpolated from 3DEP dynamic elevation service",
        "source_license": "public_domain",
        "license_status": "public_domain",
        "attribution": "Data available from U.S. Geological Survey, 3D Elevation Program.",
        "confidence": "model_derived_topographic_estimate",
        "last_checked": "2026-05-14",
        "last_generated": "2026-05-14",
        "ai_answer_rule": "Describe as model-derived USGS 3DEP elevation sampled along Scout open route geometry; values may differ from guidebook profiles or surveyed summits."
      },
      "geometry": {
        "type": "Point",
        "coordinates": [
          -81.495737,
          36.757369
        ]
      }
    },
    {
      "type": "Feature",
      "properties": {
        "sample_id": "elev-va-1mi-055",
        "trail": "Appalachian Trail",
        "route_id": "at-mvp2-va-damascus-harpers-ferry-open-2026",
        "mile_nobo_global_est": 514,
        "mile_nobo_va": 55,
        "mile_sobo_va": 492,
        "lat": 36.767189,
        "lon": -81.491098,
        "interval_miles": 1,
        "elevation_ft": 2663.6,
        "source_id": "usgs_3dep",
        "source_url": "https://epqs.nationalmap.gov/v1/json",
        "source": "USGS Elevation Point Query Service, interpolated from 3DEP dynamic elevation service",
        "source_license": "public_domain",
        "license_status": "public_domain",
        "attribution": "Data available from U.S. Geological Survey, 3D Elevation Program.",
        "confidence": "model_derived_topographic_estimate",
        "last_checked": "2026-05-14",
        "last_generated": "2026-05-14",
        "ai_answer_rule": "Describe as model-derived USGS 3DEP elevation sampled along Scout open route geometry; values may differ from guidebook profiles or surveyed summits."
      },
      "geometry": {
        "type": "Point",
        "coordinates": [
          -81.491098,
          36.767189
        ]
      }
    },
    {
      "type": "Feature",
      "properties": {
        "sample_id": "elev-va-1mi-056",
        "trail": "Appalachian Trail",
        "route_id": "at-mvp2-va-damascus-harpers-ferry-open-2026",
        "mile_nobo_global_est": 515,
        "mile_nobo_va": 56,
        "mile_sobo_va": 491,
        "lat": 36.771732,
        "lon": -81.490674,
        "interval_miles": 1,
        "elevation_ft": 2845.2,
        "source_id": "usgs_3dep",
        "source_url": "https://epqs.nationalmap.gov/v1/json",
        "source": "USGS Elevation Point Query Service, interpolated from 3DEP dynamic elevation service",
        "source_license": "public_domain",
        "license_status": "public_domain",
        "attribution": "Data available from U.S. Geological Survey, 3D Elevation Program.",
        "confidence": "model_derived_topographic_estimate",
        "last_checked": "2026-05-14",
        "last_generated": "2026-05-14",
        "ai_answer_rule": "Describe as model-derived USGS 3DEP elevation sampled along Scout open route geometry; values may differ from guidebook profiles or surveyed summits."
      },
      "geometry": {
        "type": "Point",
        "coordinates": [
          -81.490674,
          36.771732
        ]
      }
    },
    {
      "type": "Feature",
      "properties": {
        "sample_id": "elev-va-1mi-057",
        "trail": "Appalachian Trail",
        "route_id": "at-mvp2-va-damascus-harpers-ferry-open-2026",
        "mile_nobo_global_est": 516,
        "mile_nobo_va": 57,
        "mile_sobo_va": 490,
        "lat": 36.775964,
        "lon": -81.49009,
        "interval_miles": 1,
        "elevation_ft": 3256,
        "source_id": "usgs_3dep",
        "source_url": "https://epqs.nationalmap.gov/v1/json",
        "source": "USGS Elevation Point Query Service, interpolated from 3DEP dynamic elevation service",
        "source_license": "public_domain",
        "license_status": "public_domain",
        "attribution": "Data available from U.S. Geological Survey, 3D Elevation Program.",
        "confidence": "model_derived_topographic_estimate",
        "last_checked": "2026-05-14",
        "last_generated": "2026-05-14",
        "ai_answer_rule": "Describe as model-derived USGS 3DEP elevation sampled along Scout open route geometry; values may differ from guidebook profiles or surveyed summits."
      },
      "geometry": {
        "type": "Point",
        "coordinates": [
          -81.49009,
          36.775964
        ]
      }
    },
    {
      "type": "Feature",
      "properties": {
        "sample_id": "elev-va-1mi-058",
        "trail": "Appalachian Trail",
        "route_id": "at-mvp2-va-damascus-harpers-ferry-open-2026",
        "mile_nobo_global_est": 517,
        "mile_nobo_va": 58,
        "mile_sobo_va": 489,
        "lat": 36.784078,
        "lon": -81.477278,
        "interval_miles": 1,
        "elevation_ft": 3384.2,
        "source_id": "usgs_3dep",
        "source_url": "https://epqs.nationalmap.gov/v1/json",
        "source": "USGS Elevation Point Query Service, interpolated from 3DEP dynamic elevation service",
        "source_license": "public_domain",
        "license_status": "public_domain",
        "attribution": "Data available from U.S. Geological Survey, 3D Elevation Program.",
        "confidence": "model_derived_topographic_estimate",
        "last_checked": "2026-05-14",
        "last_generated": "2026-05-14",
        "ai_answer_rule": "Describe as model-derived USGS 3DEP elevation sampled along Scout open route geometry; values may differ from guidebook profiles or surveyed summits."
      },
      "geometry": {
        "type": "Point",
        "coordinates": [
          -81.477278,
          36.784078
        ]
      }
    },
    {
      "type": "Feature",
      "properties": {
        "sample_id": "elev-va-1mi-059",
        "trail": "Appalachian Trail",
        "route_id": "at-mvp2-va-damascus-harpers-ferry-open-2026",
        "mile_nobo_global_est": 518,
        "mile_nobo_va": 59,
        "mile_sobo_va": 488,
        "lat": 36.791081,
        "lon": -81.463171,
        "interval_miles": 1,
        "elevation_ft": 3379.4,
        "source_id": "usgs_3dep",
        "source_url": "https://epqs.nationalmap.gov/v1/json",
        "source": "USGS Elevation Point Query Service, interpolated from 3DEP dynamic elevation service",
        "source_license": "public_domain",
        "license_status": "public_domain",
        "attribution": "Data available from U.S. Geological Survey, 3D Elevation Program.",
        "confidence": "model_derived_topographic_estimate",
        "last_checked": "2026-05-14",
        "last_generated": "2026-05-14",
        "ai_answer_rule": "Describe as model-derived USGS 3DEP elevation sampled along Scout open route geometry; values may differ from guidebook profiles or surveyed summits."
      },
      "geometry": {
        "type": "Point",
        "coordinates": [
          -81.463171,
          36.791081
        ]
      }
    },
    {
      "type": "Feature",
      "properties": {
        "sample_id": "elev-va-1mi-060",
        "trail": "Appalachian Trail",
        "route_id": "at-mvp2-va-damascus-harpers-ferry-open-2026",
        "mile_nobo_global_est": 519,
        "mile_nobo_va": 60,
        "mile_sobo_va": 487,
        "lat": 36.798772,
        "lon": -81.450456,
        "interval_miles": 1,
        "elevation_ft": 3293.1,
        "source_id": "usgs_3dep",
        "source_url": "https://epqs.nationalmap.gov/v1/json",
        "source": "USGS Elevation Point Query Service, interpolated from 3DEP dynamic elevation service",
        "source_license": "public_domain",
        "license_status": "public_domain",
        "attribution": "Data available from U.S. Geological Survey, 3D Elevation Program.",
        "confidence": "model_derived_topographic_estimate",
        "last_checked": "2026-05-14",
        "last_generated": "2026-05-14",
        "ai_answer_rule": "Describe as model-derived USGS 3DEP elevation sampled along Scout open route geometry; values may differ from guidebook profiles or surveyed summits."
      },
      "geometry": {
        "type": "Point",
        "coordinates": [
          -81.450456,
          36.798772
        ]
      }
    },
    {
      "type": "Feature",
      "properties": {
        "sample_id": "elev-va-1mi-061",
        "trail": "Appalachian Trail",
        "route_id": "at-mvp2-va-damascus-harpers-ferry-open-2026",
        "mile_nobo_global_est": 520,
        "mile_nobo_va": 61,
        "mile_sobo_va": 486,
        "lat": 36.802318,
        "lon": -81.439705,
        "interval_miles": 1,
        "elevation_ft": 3027.2,
        "source_id": "usgs_3dep",
        "source_url": "https://epqs.nationalmap.gov/v1/json",
        "source": "USGS Elevation Point Query Service, interpolated from 3DEP dynamic elevation service",
        "source_license": "public_domain",
        "license_status": "public_domain",
        "attribution": "Data available from U.S. Geological Survey, 3D Elevation Program.",
        "confidence": "model_derived_topographic_estimate",
        "last_checked": "2026-05-14",
        "last_generated": "2026-05-14",
        "ai_answer_rule": "Describe as model-derived USGS 3DEP elevation sampled along Scout open route geometry; values may differ from guidebook profiles or surveyed summits."
      },
      "geometry": {
        "type": "Point",
        "coordinates": [
          -81.439705,
          36.802318
        ]
      }
    },
    {
      "type": "Feature",
      "properties": {
        "sample_id": "elev-va-1mi-062",
        "trail": "Appalachian Trail",
        "route_id": "at-mvp2-va-damascus-harpers-ferry-open-2026",
        "mile_nobo_global_est": 521,
        "mile_nobo_va": 62,
        "mile_sobo_va": 485,
        "lat": 36.807479,
        "lon": -81.42499,
        "interval_miles": 1,
        "elevation_ft": 3241.9,
        "source_id": "usgs_3dep",
        "source_url": "https://epqs.nationalmap.gov/v1/json",
        "source": "USGS Elevation Point Query Service, interpolated from 3DEP dynamic elevation service",
        "source_license": "public_domain",
        "license_status": "public_domain",
        "attribution": "Data available from U.S. Geological Survey, 3D Elevation Program.",
        "confidence": "model_derived_topographic_estimate",
        "last_checked": "2026-05-14",
        "last_generated": "2026-05-14",
        "ai_answer_rule": "Describe as model-derived USGS 3DEP elevation sampled along Scout open route geometry; values may differ from guidebook profiles or surveyed summits."
      },
      "geometry": {
        "type": "Point",
        "coordinates": [
          -81.42499,
          36.807479
        ]
      }
    },
    {
      "type": "Feature",
      "properties": {
        "sample_id": "elev-va-1mi-063",
        "trail": "Appalachian Trail",
        "route_id": "at-mvp2-va-damascus-harpers-ferry-open-2026",
        "mile_nobo_global_est": 522,
        "mile_nobo_va": 63,
        "mile_sobo_va": 484,
        "lat": 36.814612,
        "lon": -81.41112,
        "interval_miles": 1,
        "elevation_ft": 3337.5,
        "source_id": "usgs_3dep",
        "source_url": "https://epqs.nationalmap.gov/v1/json",
        "source": "USGS Elevation Point Query Service, interpolated from 3DEP dynamic elevation service",
        "source_license": "public_domain",
        "license_status": "public_domain",
        "attribution": "Data available from U.S. Geological Survey, 3D Elevation Program.",
        "confidence": "model_derived_topographic_estimate",
        "last_checked": "2026-05-14",
        "last_generated": "2026-05-14",
        "ai_answer_rule": "Describe as model-derived USGS 3DEP elevation sampled along Scout open route geometry; values may differ from guidebook profiles or surveyed summits."
      },
      "geometry": {
        "type": "Point",
        "coordinates": [
          -81.41112,
          36.814612
        ]
      }
    },
    {
      "type": "Feature",
      "properties": {
        "sample_id": "elev-va-1mi-064",
        "trail": "Appalachian Trail",
        "route_id": "at-mvp2-va-damascus-harpers-ferry-open-2026",
        "mile_nobo_global_est": 523,
        "mile_nobo_va": 64,
        "mile_sobo_va": 483,
        "lat": 36.818059,
        "lon": -81.394729,
        "interval_miles": 1,
        "elevation_ft": 3698.7,
        "source_id": "usgs_3dep",
        "source_url": "https://epqs.nationalmap.gov/v1/json",
        "source": "USGS Elevation Point Query Service, interpolated from 3DEP dynamic elevation service",
        "source_license": "public_domain",
        "license_status": "public_domain",
        "attribution": "Data available from U.S. Geological Survey, 3D Elevation Program.",
        "confidence": "model_derived_topographic_estimate",
        "last_checked": "2026-05-14",
        "last_generated": "2026-05-14",
        "ai_answer_rule": "Describe as model-derived USGS 3DEP elevation sampled along Scout open route geometry; values may differ from guidebook profiles or surveyed summits."
      },
      "geometry": {
        "type": "Point",
        "coordinates": [
          -81.394729,
          36.818059
        ]
      }
    },
    {
      "type": "Feature",
      "properties": {
        "sample_id": "elev-va-1mi-065",
        "trail": "Appalachian Trail",
        "route_id": "at-mvp2-va-damascus-harpers-ferry-open-2026",
        "mile_nobo_global_est": 524,
        "mile_nobo_va": 65,
        "mile_sobo_va": 482,
        "lat": 36.821704,
        "lon": -81.378356,
        "interval_miles": 1,
        "elevation_ft": 3807.6,
        "source_id": "usgs_3dep",
        "source_url": "https://epqs.nationalmap.gov/v1/json",
        "source": "USGS Elevation Point Query Service, interpolated from 3DEP dynamic elevation service",
        "source_license": "public_domain",
        "license_status": "public_domain",
        "attribution": "Data available from U.S. Geological Survey, 3D Elevation Program.",
        "confidence": "model_derived_topographic_estimate",
        "last_checked": "2026-05-14",
        "last_generated": "2026-05-14",
        "ai_answer_rule": "Describe as model-derived USGS 3DEP elevation sampled along Scout open route geometry; values may differ from guidebook profiles or surveyed summits."
      },
      "geometry": {
        "type": "Point",
        "coordinates": [
          -81.378356,
          36.821704
        ]
      }
    },
    {
      "type": "Feature",
      "properties": {
        "sample_id": "elev-va-1mi-066",
        "trail": "Appalachian Trail",
        "route_id": "at-mvp2-va-damascus-harpers-ferry-open-2026",
        "mile_nobo_global_est": 525,
        "mile_nobo_va": 66,
        "mile_sobo_va": 481,
        "lat": 36.830712,
        "lon": -81.372082,
        "interval_miles": 1,
        "elevation_ft": 3840.3,
        "source_id": "usgs_3dep",
        "source_url": "https://epqs.nationalmap.gov/v1/json",
        "source": "USGS Elevation Point Query Service, interpolated from 3DEP dynamic elevation service",
        "source_license": "public_domain",
        "license_status": "public_domain",
        "attribution": "Data available from U.S. Geological Survey, 3D Elevation Program.",
        "confidence": "model_derived_topographic_estimate",
        "last_checked": "2026-05-14",
        "last_generated": "2026-05-14",
        "ai_answer_rule": "Describe as model-derived USGS 3DEP elevation sampled along Scout open route geometry; values may differ from guidebook profiles or surveyed summits."
      },
      "geometry": {
        "type": "Point",
        "coordinates": [
          -81.372082,
          36.830712
        ]
      }
    },
    {
      "type": "Feature",
      "properties": {
        "sample_id": "elev-va-1mi-067",
        "trail": "Appalachian Trail",
        "route_id": "at-mvp2-va-damascus-harpers-ferry-open-2026",
        "mile_nobo_global_est": 526,
        "mile_nobo_va": 67,
        "mile_sobo_va": 480,
        "lat": 36.839782,
        "lon": -81.370653,
        "interval_miles": 1,
        "elevation_ft": 4012.9,
        "source_id": "usgs_3dep",
        "source_url": "https://epqs.nationalmap.gov/v1/json",
        "source": "USGS Elevation Point Query Service, interpolated from 3DEP dynamic elevation service",
        "source_license": "public_domain",
        "license_status": "public_domain",
        "attribution": "Data available from U.S. Geological Survey, 3D Elevation Program.",
        "confidence": "model_derived_topographic_estimate",
        "last_checked": "2026-05-14",
        "last_generated": "2026-05-14",
        "ai_answer_rule": "Describe as model-derived USGS 3DEP elevation sampled along Scout open route geometry; values may differ from guidebook profiles or surveyed summits."
      },
      "geometry": {
        "type": "Point",
        "coordinates": [
          -81.370653,
          36.839782
        ]
      }
    },
    {
      "type": "Feature",
      "properties": {
        "sample_id": "elev-va-1mi-068",
        "trail": "Appalachian Trail",
        "route_id": "at-mvp2-va-damascus-harpers-ferry-open-2026",
        "mile_nobo_global_est": 527,
        "mile_nobo_va": 68,
        "mile_sobo_va": 479,
        "lat": 36.843864,
        "lon": -81.356016,
        "interval_miles": 1,
        "elevation_ft": 3862.8,
        "source_id": "usgs_3dep",
        "source_url": "https://epqs.nationalmap.gov/v1/json",
        "source": "USGS Elevation Point Query Service, interpolated from 3DEP dynamic elevation service",
        "source_license": "public_domain",
        "license_status": "public_domain",
        "attribution": "Data available from U.S. Geological Survey, 3D Elevation Program.",
        "confidence": "model_derived_topographic_estimate",
        "last_checked": "2026-05-14",
        "last_generated": "2026-05-14",
        "ai_answer_rule": "Describe as model-derived USGS 3DEP elevation sampled along Scout open route geometry; values may differ from guidebook profiles or surveyed summits."
      },
      "geometry": {
        "type": "Point",
        "coordinates": [
          -81.356016,
          36.843864
        ]
      }
    },
    {
      "type": "Feature",
      "properties": {
        "sample_id": "elev-va-1mi-069",
        "trail": "Appalachian Trail",
        "route_id": "at-mvp2-va-damascus-harpers-ferry-open-2026",
        "mile_nobo_global_est": 528,
        "mile_nobo_va": 69,
        "mile_sobo_va": 478,
        "lat": 36.849581,
        "lon": -81.36246,
        "interval_miles": 1,
        "elevation_ft": 3246.8,
        "source_id": "usgs_3dep",
        "source_url": "https://epqs.nationalmap.gov/v1/json",
        "source": "USGS Elevation Point Query Service, interpolated from 3DEP dynamic elevation service",
        "source_license": "public_domain",
        "license_status": "public_domain",
        "attribution": "Data available from U.S. Geological Survey, 3D Elevation Program.",
        "confidence": "model_derived_topographic_estimate",
        "last_checked": "2026-05-14",
        "last_generated": "2026-05-14",
        "ai_answer_rule": "Describe as model-derived USGS 3DEP elevation sampled along Scout open route geometry; values may differ from guidebook profiles or surveyed summits."
      },
      "geometry": {
        "type": "Point",
        "coordinates": [
          -81.36246,
          36.849581
        ]
      }
    },
    {
      "type": "Feature",
      "properties": {
        "sample_id": "elev-va-1mi-070",
        "trail": "Appalachian Trail",
        "route_id": "at-mvp2-va-damascus-harpers-ferry-open-2026",
        "mile_nobo_global_est": 529,
        "mile_nobo_va": 70,
        "mile_sobo_va": 477,
        "lat": 36.861358,
        "lon": -81.36143,
        "interval_miles": 1,
        "elevation_ft": 2770.4,
        "source_id": "usgs_3dep",
        "source_url": "https://epqs.nationalmap.gov/v1/json",
        "source": "USGS Elevation Point Query Service, interpolated from 3DEP dynamic elevation service",
        "source_license": "public_domain",
        "license_status": "public_domain",
        "attribution": "Data available from U.S. Geological Survey, 3D Elevation Program.",
        "confidence": "model_derived_topographic_estimate",
        "last_checked": "2026-05-14",
        "last_generated": "2026-05-14",
        "ai_answer_rule": "Describe as model-derived USGS 3DEP elevation sampled along Scout open route geometry; values may differ from guidebook profiles or surveyed summits."
      },
      "geometry": {
        "type": "Point",
        "coordinates": [
          -81.36143,
          36.861358
        ]
      }
    },
    {
      "type": "Feature",
      "properties": {
        "sample_id": "elev-va-1mi-071",
        "trail": "Appalachian Trail",
        "route_id": "at-mvp2-va-damascus-harpers-ferry-open-2026",
        "mile_nobo_global_est": 530,
        "mile_nobo_va": 71,
        "mile_sobo_va": 476,
        "lat": 36.872281,
        "lon": -81.3568,
        "interval_miles": 1,
        "elevation_ft": 2605.3,
        "source_id": "usgs_3dep",
        "source_url": "https://epqs.nationalmap.gov/v1/json",
        "source": "USGS Elevation Point Query Service, interpolated from 3DEP dynamic elevation service",
        "source_license": "public_domain",
        "license_status": "public_domain",
        "attribution": "Data available from U.S. Geological Survey, 3D Elevation Program.",
        "confidence": "model_derived_topographic_estimate",
        "last_checked": "2026-05-14",
        "last_generated": "2026-05-14",
        "ai_answer_rule": "Describe as model-derived USGS 3DEP elevation sampled along Scout open route geometry; values may differ from guidebook profiles or surveyed summits."
      },
      "geometry": {
        "type": "Point",
        "coordinates": [
          -81.3568,
          36.872281
        ]
      }
    },
    {
      "type": "Feature",
      "properties": {
        "sample_id": "elev-va-1mi-072",
        "trail": "Appalachian Trail",
        "route_id": "at-mvp2-va-damascus-harpers-ferry-open-2026",
        "mile_nobo_global_est": 531,
        "mile_nobo_va": 72,
        "mile_sobo_va": 475,
        "lat": 36.881935,
        "lon": -81.361312,
        "interval_miles": 1,
        "elevation_ft": 2692.1,
        "source_id": "usgs_3dep",
        "source_url": "https://epqs.nationalmap.gov/v1/json",
        "source": "USGS Elevation Point Query Service, interpolated from 3DEP dynamic elevation service",
        "source_license": "public_domain",
        "license_status": "public_domain",
        "attribution": "Data available from U.S. Geological Survey, 3D Elevation Program.",
        "confidence": "model_derived_topographic_estimate",
        "last_checked": "2026-05-14",
        "last_generated": "2026-05-14",
        "ai_answer_rule": "Describe as model-derived USGS 3DEP elevation sampled along Scout open route geometry; values may differ from guidebook profiles or surveyed summits."
      },
      "geometry": {
        "type": "Point",
        "coordinates": [
          -81.361312,
          36.881935
        ]
      }
    },
    {
      "type": "Feature",
      "properties": {
        "sample_id": "elev-va-1mi-073",
        "trail": "Appalachian Trail",
        "route_id": "at-mvp2-va-damascus-harpers-ferry-open-2026",
        "mile_nobo_global_est": 532,
        "mile_nobo_va": 73,
        "mile_sobo_va": 474,
        "lat": 36.884128,
        "lon": -81.369034,
        "interval_miles": 1,
        "elevation_ft": 2526,
        "source_id": "usgs_3dep",
        "source_url": "https://epqs.nationalmap.gov/v1/json",
        "source": "USGS Elevation Point Query Service, interpolated from 3DEP dynamic elevation service",
        "source_license": "public_domain",
        "license_status": "public_domain",
        "attribution": "Data available from U.S. Geological Survey, 3D Elevation Program.",
        "confidence": "model_derived_topographic_estimate",
        "last_checked": "2026-05-14",
        "last_generated": "2026-05-14",
        "ai_answer_rule": "Describe as model-derived USGS 3DEP elevation sampled along Scout open route geometry; values may differ from guidebook profiles or surveyed summits."
      },
      "geometry": {
        "type": "Point",
        "coordinates": [
          -81.369034,
          36.884128
        ]
      }
    },
    {
      "type": "Feature",
      "properties": {
        "sample_id": "elev-va-1mi-074",
        "trail": "Appalachian Trail",
        "route_id": "at-mvp2-va-damascus-harpers-ferry-open-2026",
        "mile_nobo_global_est": 533,
        "mile_nobo_va": 74,
        "mile_sobo_va": 473,
        "lat": 36.891869,
        "lon": -81.369655,
        "interval_miles": 1,
        "elevation_ft": 2441.6,
        "source_id": "usgs_3dep",
        "source_url": "https://epqs.nationalmap.gov/v1/json",
        "source": "USGS Elevation Point Query Service, interpolated from 3DEP dynamic elevation service",
        "source_license": "public_domain",
        "license_status": "public_domain",
        "attribution": "Data available from U.S. Geological Survey, 3D Elevation Program.",
        "confidence": "model_derived_topographic_estimate",
        "last_checked": "2026-05-14",
        "last_generated": "2026-05-14",
        "ai_answer_rule": "Describe as model-derived USGS 3DEP elevation sampled along Scout open route geometry; values may differ from guidebook profiles or surveyed summits."
      },
      "geometry": {
        "type": "Point",
        "coordinates": [
          -81.369655,
          36.891869
        ]
      }
    },
    {
      "type": "Feature",
      "properties": {
        "sample_id": "elev-va-1mi-075",
        "trail": "Appalachian Trail",
        "route_id": "at-mvp2-va-damascus-harpers-ferry-open-2026",
        "mile_nobo_global_est": 534,
        "mile_nobo_va": 75,
        "mile_sobo_va": 472,
        "lat": 36.902026,
        "lon": -81.373531,
        "interval_miles": 1,
        "elevation_ft": 2579.3,
        "source_id": "usgs_3dep",
        "source_url": "https://epqs.nationalmap.gov/v1/json",
        "source": "USGS Elevation Point Query Service, interpolated from 3DEP dynamic elevation service",
        "source_license": "public_domain",
        "license_status": "public_domain",
        "attribution": "Data available from U.S. Geological Survey, 3D Elevation Program.",
        "confidence": "model_derived_topographic_estimate",
        "last_checked": "2026-05-14",
        "last_generated": "2026-05-14",
        "ai_answer_rule": "Describe as model-derived USGS 3DEP elevation sampled along Scout open route geometry; values may differ from guidebook profiles or surveyed summits."
      },
      "geometry": {
        "type": "Point",
        "coordinates": [
          -81.373531,
          36.902026
        ]
      }
    },
    {
      "type": "Feature",
      "properties": {
        "sample_id": "elev-va-1mi-076",
        "trail": "Appalachian Trail",
        "route_id": "at-mvp2-va-damascus-harpers-ferry-open-2026",
        "mile_nobo_global_est": 535,
        "mile_nobo_va": 76,
        "mile_sobo_va": 471,
        "lat": 36.911893,
        "lon": -81.3746,
        "interval_miles": 1,
        "elevation_ft": 2880.3,
        "source_id": "usgs_3dep",
        "source_url": "https://epqs.nationalmap.gov/v1/json",
        "source": "USGS Elevation Point Query Service, interpolated from 3DEP dynamic elevation service",
        "source_license": "public_domain",
        "license_status": "public_domain",
        "attribution": "Data available from U.S. Geological Survey, 3D Elevation Program.",
        "confidence": "model_derived_topographic_estimate",
        "last_checked": "2026-05-14",
        "last_generated": "2026-05-14",
        "ai_answer_rule": "Describe as model-derived USGS 3DEP elevation sampled along Scout open route geometry; values may differ from guidebook profiles or surveyed summits."
      },
      "geometry": {
        "type": "Point",
        "coordinates": [
          -81.3746,
          36.911893
        ]
      }
    },
    {
      "type": "Feature",
      "properties": {
        "sample_id": "elev-va-1mi-077",
        "trail": "Appalachian Trail",
        "route_id": "at-mvp2-va-damascus-harpers-ferry-open-2026",
        "mile_nobo_global_est": 536,
        "mile_nobo_va": 77,
        "mile_sobo_va": 470,
        "lat": 36.919727,
        "lon": -81.368709,
        "interval_miles": 1,
        "elevation_ft": 3001,
        "source_id": "usgs_3dep",
        "source_url": "https://epqs.nationalmap.gov/v1/json",
        "source": "USGS Elevation Point Query Service, interpolated from 3DEP dynamic elevation service",
        "source_license": "public_domain",
        "license_status": "public_domain",
        "attribution": "Data available from U.S. Geological Survey, 3D Elevation Program.",
        "confidence": "model_derived_topographic_estimate",
        "last_checked": "2026-05-14",
        "last_generated": "2026-05-14",
        "ai_answer_rule": "Describe as model-derived USGS 3DEP elevation sampled along Scout open route geometry; values may differ from guidebook profiles or surveyed summits."
      },
      "geometry": {
        "type": "Point",
        "coordinates": [
          -81.368709,
          36.919727
        ]
      }
    },
    {
      "type": "Feature",
      "properties": {
        "sample_id": "elev-va-1mi-078",
        "trail": "Appalachian Trail",
        "route_id": "at-mvp2-va-damascus-harpers-ferry-open-2026",
        "mile_nobo_global_est": 537,
        "mile_nobo_va": 78,
        "mile_sobo_va": 469,
        "lat": 36.927686,
        "lon": -81.361713,
        "interval_miles": 1,
        "elevation_ft": 3275.4,
        "source_id": "usgs_3dep",
        "source_url": "https://epqs.nationalmap.gov/v1/json",
        "source": "USGS Elevation Point Query Service, interpolated from 3DEP dynamic elevation service",
        "source_license": "public_domain",
        "license_status": "public_domain",
        "attribution": "Data available from U.S. Geological Survey, 3D Elevation Program.",
        "confidence": "model_derived_topographic_estimate",
        "last_checked": "2026-05-14",
        "last_generated": "2026-05-14",
        "ai_answer_rule": "Describe as model-derived USGS 3DEP elevation sampled along Scout open route geometry; values may differ from guidebook profiles or surveyed summits."
      },
      "geometry": {
        "type": "Point",
        "coordinates": [
          -81.361713,
          36.927686
        ]
      }
    },
    {
      "type": "Feature",
      "properties": {
        "sample_id": "elev-va-1mi-079",
        "trail": "Appalachian Trail",
        "route_id": "at-mvp2-va-damascus-harpers-ferry-open-2026",
        "mile_nobo_global_est": 538,
        "mile_nobo_va": 79,
        "mile_sobo_va": 468,
        "lat": 36.940293,
        "lon": -81.361709,
        "interval_miles": 1,
        "elevation_ft": 3268.3,
        "source_id": "usgs_3dep",
        "source_url": "https://epqs.nationalmap.gov/v1/json",
        "source": "USGS Elevation Point Query Service, interpolated from 3DEP dynamic elevation service",
        "source_license": "public_domain",
        "license_status": "public_domain",
        "attribution": "Data available from U.S. Geological Survey, 3D Elevation Program.",
        "confidence": "model_derived_topographic_estimate",
        "last_checked": "2026-05-14",
        "last_generated": "2026-05-14",
        "ai_answer_rule": "Describe as model-derived USGS 3DEP elevation sampled along Scout open route geometry; values may differ from guidebook profiles or surveyed summits."
      },
      "geometry": {
        "type": "Point",
        "coordinates": [
          -81.361709,
          36.940293
        ]
      }
    },
    {
      "type": "Feature",
      "properties": {
        "sample_id": "elev-va-1mi-080",
        "trail": "Appalachian Trail",
        "route_id": "at-mvp2-va-damascus-harpers-ferry-open-2026",
        "mile_nobo_global_est": 539,
        "mile_nobo_va": 80,
        "mile_sobo_va": 467,
        "lat": 36.948422,
        "lon": -81.363101,
        "interval_miles": 1,
        "elevation_ft": 2645.7,
        "source_id": "usgs_3dep",
        "source_url": "https://epqs.nationalmap.gov/v1/json",
        "source": "USGS Elevation Point Query Service, interpolated from 3DEP dynamic elevation service",
        "source_license": "public_domain",
        "license_status": "public_domain",
        "attribution": "Data available from U.S. Geological Survey, 3D Elevation Program.",
        "confidence": "model_derived_topographic_estimate",
        "last_checked": "2026-05-14",
        "last_generated": "2026-05-14",
        "ai_answer_rule": "Describe as model-derived USGS 3DEP elevation sampled along Scout open route geometry; values may differ from guidebook profiles or surveyed summits."
      },
      "geometry": {
        "type": "Point",
        "coordinates": [
          -81.363101,
          36.948422
        ]
      }
    },
    {
      "type": "Feature",
      "properties": {
        "sample_id": "elev-va-1mi-081",
        "trail": "Appalachian Trail",
        "route_id": "at-mvp2-va-damascus-harpers-ferry-open-2026",
        "mile_nobo_global_est": 540,
        "mile_nobo_va": 81,
        "mile_sobo_va": 466,
        "lat": 36.95525,
        "lon": -81.370212,
        "interval_miles": 1,
        "elevation_ft": 3006,
        "source_id": "usgs_3dep",
        "source_url": "https://epqs.nationalmap.gov/v1/json",
        "source": "USGS Elevation Point Query Service, interpolated from 3DEP dynamic elevation service",
        "source_license": "public_domain",
        "license_status": "public_domain",
        "attribution": "Data available from U.S. Geological Survey, 3D Elevation Program.",
        "confidence": "model_derived_topographic_estimate",
        "last_checked": "2026-05-14",
        "last_generated": "2026-05-14",
        "ai_answer_rule": "Describe as model-derived USGS 3DEP elevation sampled along Scout open route geometry; values may differ from guidebook profiles or surveyed summits."
      },
      "geometry": {
        "type": "Point",
        "coordinates": [
          -81.370212,
          36.95525
        ]
      }
    },
    {
      "type": "Feature",
      "properties": {
        "sample_id": "elev-va-1mi-082",
        "trail": "Appalachian Trail",
        "route_id": "at-mvp2-va-damascus-harpers-ferry-open-2026",
        "mile_nobo_global_est": 541,
        "mile_nobo_va": 82,
        "mile_sobo_va": 465,
        "lat": 36.953056,
        "lon": -81.381977,
        "interval_miles": 1,
        "elevation_ft": 3378.3,
        "source_id": "usgs_3dep",
        "source_url": "https://epqs.nationalmap.gov/v1/json",
        "source": "USGS Elevation Point Query Service, interpolated from 3DEP dynamic elevation service",
        "source_license": "public_domain",
        "license_status": "public_domain",
        "attribution": "Data available from U.S. Geological Survey, 3D Elevation Program.",
        "confidence": "model_derived_topographic_estimate",
        "last_checked": "2026-05-14",
        "last_generated": "2026-05-14",
        "ai_answer_rule": "Describe as model-derived USGS 3DEP elevation sampled along Scout open route geometry; values may differ from guidebook profiles or surveyed summits."
      },
      "geometry": {
        "type": "Point",
        "coordinates": [
          -81.381977,
          36.953056
        ]
      }
    },
    {
      "type": "Feature",
      "properties": {
        "sample_id": "elev-va-1mi-083",
        "trail": "Appalachian Trail",
        "route_id": "at-mvp2-va-damascus-harpers-ferry-open-2026",
        "mile_nobo_global_est": 542,
        "mile_nobo_va": 83,
        "mile_sobo_va": 464,
        "lat": 36.955435,
        "lon": -81.390013,
        "interval_miles": 1,
        "elevation_ft": 2807.4,
        "source_id": "usgs_3dep",
        "source_url": "https://epqs.nationalmap.gov/v1/json",
        "source": "USGS Elevation Point Query Service, interpolated from 3DEP dynamic elevation service",
        "source_license": "public_domain",
        "license_status": "public_domain",
        "attribution": "Data available from U.S. Geological Survey, 3D Elevation Program.",
        "confidence": "model_derived_topographic_estimate",
        "last_checked": "2026-05-14",
        "last_generated": "2026-05-14",
        "ai_answer_rule": "Describe as model-derived USGS 3DEP elevation sampled along Scout open route geometry; values may differ from guidebook profiles or surveyed summits."
      },
      "geometry": {
        "type": "Point",
        "coordinates": [
          -81.390013,
          36.955435
        ]
      }
    },
    {
      "type": "Feature",
      "properties": {
        "sample_id": "elev-va-1mi-084",
        "trail": "Appalachian Trail",
        "route_id": "at-mvp2-va-damascus-harpers-ferry-open-2026",
        "mile_nobo_global_est": 543,
        "mile_nobo_va": 84,
        "mile_sobo_va": 463,
        "lat": 36.964966,
        "lon": -81.394505,
        "interval_miles": 1,
        "elevation_ft": 2826.5,
        "source_id": "usgs_3dep",
        "source_url": "https://epqs.nationalmap.gov/v1/json",
        "source": "USGS Elevation Point Query Service, interpolated from 3DEP dynamic elevation service",
        "source_license": "public_domain",
        "license_status": "public_domain",
        "attribution": "Data available from U.S. Geological Survey, 3D Elevation Program.",
        "confidence": "model_derived_topographic_estimate",
        "last_checked": "2026-05-14",
        "last_generated": "2026-05-14",
        "ai_answer_rule": "Describe as model-derived USGS 3DEP elevation sampled along Scout open route geometry; values may differ from guidebook profiles or surveyed summits."
      },
      "geometry": {
        "type": "Point",
        "coordinates": [
          -81.394505,
          36.964966
        ]
      }
    },
    {
      "type": "Feature",
      "properties": {
        "sample_id": "elev-va-1mi-085",
        "trail": "Appalachian Trail",
        "route_id": "at-mvp2-va-damascus-harpers-ferry-open-2026",
        "mile_nobo_global_est": 544,
        "mile_nobo_va": 85,
        "mile_sobo_va": 462,
        "lat": 36.972904,
        "lon": -81.397094,
        "interval_miles": 1,
        "elevation_ft": 2426.6,
        "source_id": "usgs_3dep",
        "source_url": "https://epqs.nationalmap.gov/v1/json",
        "source": "USGS Elevation Point Query Service, interpolated from 3DEP dynamic elevation service",
        "source_license": "public_domain",
        "license_status": "public_domain",
        "attribution": "Data available from U.S. Geological Survey, 3D Elevation Program.",
        "confidence": "model_derived_topographic_estimate",
        "last_checked": "2026-05-14",
        "last_generated": "2026-05-14",
        "ai_answer_rule": "Describe as model-derived USGS 3DEP elevation sampled along Scout open route geometry; values may differ from guidebook profiles or surveyed summits."
      },
      "geometry": {
        "type": "Point",
        "coordinates": [
          -81.397094,
          36.972904
        ]
      }
    },
    {
      "type": "Feature",
      "properties": {
        "sample_id": "elev-va-1mi-086",
        "trail": "Appalachian Trail",
        "route_id": "at-mvp2-va-damascus-harpers-ferry-open-2026",
        "mile_nobo_global_est": 545,
        "mile_nobo_va": 86,
        "mile_sobo_va": 461,
        "lat": 36.982433,
        "lon": -81.406663,
        "interval_miles": 1,
        "elevation_ft": 2512.7,
        "source_id": "usgs_3dep",
        "source_url": "https://epqs.nationalmap.gov/v1/json",
        "source": "USGS Elevation Point Query Service, interpolated from 3DEP dynamic elevation service",
        "source_license": "public_domain",
        "license_status": "public_domain",
        "attribution": "Data available from U.S. Geological Survey, 3D Elevation Program.",
        "confidence": "model_derived_topographic_estimate",
        "last_checked": "2026-05-14",
        "last_generated": "2026-05-14",
        "ai_answer_rule": "Describe as model-derived USGS 3DEP elevation sampled along Scout open route geometry; values may differ from guidebook profiles or surveyed summits."
      },
      "geometry": {
        "type": "Point",
        "coordinates": [
          -81.406663,
          36.982433
        ]
      }
    },
    {
      "type": "Feature",
      "properties": {
        "sample_id": "elev-va-1mi-087",
        "trail": "Appalachian Trail",
        "route_id": "at-mvp2-va-damascus-harpers-ferry-open-2026",
        "mile_nobo_global_est": 546,
        "mile_nobo_va": 87,
        "mile_sobo_va": 460,
        "lat": 36.992086,
        "lon": -81.409492,
        "interval_miles": 1,
        "elevation_ft": 3134.6,
        "source_id": "usgs_3dep",
        "source_url": "https://epqs.nationalmap.gov/v1/json",
        "source": "USGS Elevation Point Query Service, interpolated from 3DEP dynamic elevation service",
        "source_license": "public_domain",
        "license_status": "public_domain",
        "attribution": "Data available from U.S. Geological Survey, 3D Elevation Program.",
        "confidence": "model_derived_topographic_estimate",
        "last_checked": "2026-05-14",
        "last_generated": "2026-05-14",
        "ai_answer_rule": "Describe as model-derived USGS 3DEP elevation sampled along Scout open route geometry; values may differ from guidebook profiles or surveyed summits."
      },
      "geometry": {
        "type": "Point",
        "coordinates": [
          -81.409492,
          36.992086
        ]
      }
    },
    {
      "type": "Feature",
      "properties": {
        "sample_id": "elev-va-1mi-088",
        "trail": "Appalachian Trail",
        "route_id": "at-mvp2-va-damascus-harpers-ferry-open-2026",
        "mile_nobo_global_est": 547,
        "mile_nobo_va": 88,
        "mile_sobo_va": 459,
        "lat": 36.998945,
        "lon": -81.403774,
        "interval_miles": 1,
        "elevation_ft": 2875.6,
        "source_id": "usgs_3dep",
        "source_url": "https://epqs.nationalmap.gov/v1/json",
        "source": "USGS Elevation Point Query Service, interpolated from 3DEP dynamic elevation service",
        "source_license": "public_domain",
        "license_status": "public_domain",
        "attribution": "Data available from U.S. Geological Survey, 3D Elevation Program.",
        "confidence": "model_derived_topographic_estimate",
        "last_checked": "2026-05-14",
        "last_generated": "2026-05-14",
        "ai_answer_rule": "Describe as model-derived USGS 3DEP elevation sampled along Scout open route geometry; values may differ from guidebook profiles or surveyed summits."
      },
      "geometry": {
        "type": "Point",
        "coordinates": [
          -81.403774,
          36.998945
        ]
      }
    },
    {
      "type": "Feature",
      "properties": {
        "sample_id": "elev-va-1mi-089",
        "trail": "Appalachian Trail",
        "route_id": "at-mvp2-va-damascus-harpers-ferry-open-2026",
        "mile_nobo_global_est": 548,
        "mile_nobo_va": 89,
        "mile_sobo_va": 458,
        "lat": 37.002866,
        "lon": -81.402592,
        "interval_miles": 1,
        "elevation_ft": 2446.9,
        "source_id": "usgs_3dep",
        "source_url": "https://epqs.nationalmap.gov/v1/json",
        "source": "USGS Elevation Point Query Service, interpolated from 3DEP dynamic elevation service",
        "source_license": "public_domain",
        "license_status": "public_domain",
        "attribution": "Data available from U.S. Geological Survey, 3D Elevation Program.",
        "confidence": "model_derived_topographic_estimate",
        "last_checked": "2026-05-14",
        "last_generated": "2026-05-14",
        "ai_answer_rule": "Describe as model-derived USGS 3DEP elevation sampled along Scout open route geometry; values may differ from guidebook profiles or surveyed summits."
      },
      "geometry": {
        "type": "Point",
        "coordinates": [
          -81.402592,
          37.002866
        ]
      }
    },
    {
      "type": "Feature",
      "properties": {
        "sample_id": "elev-va-1mi-090",
        "trail": "Appalachian Trail",
        "route_id": "at-mvp2-va-damascus-harpers-ferry-open-2026",
        "mile_nobo_global_est": 549,
        "mile_nobo_va": 90,
        "mile_sobo_va": 457,
        "lat": 37.006185,
        "lon": -81.414007,
        "interval_miles": 1,
        "elevation_ft": 2837.3,
        "source_id": "usgs_3dep",
        "source_url": "https://epqs.nationalmap.gov/v1/json",
        "source": "USGS Elevation Point Query Service, interpolated from 3DEP dynamic elevation service",
        "source_license": "public_domain",
        "license_status": "public_domain",
        "attribution": "Data available from U.S. Geological Survey, 3D Elevation Program.",
        "confidence": "model_derived_topographic_estimate",
        "last_checked": "2026-05-14",
        "last_generated": "2026-05-14",
        "ai_answer_rule": "Describe as model-derived USGS 3DEP elevation sampled along Scout open route geometry; values may differ from guidebook profiles or surveyed summits."
      },
      "geometry": {
        "type": "Point",
        "coordinates": [
          -81.414007,
          37.006185
        ]
      }
    },
    {
      "type": "Feature",
      "properties": {
        "sample_id": "elev-va-1mi-091",
        "trail": "Appalachian Trail",
        "route_id": "at-mvp2-va-damascus-harpers-ferry-open-2026",
        "mile_nobo_global_est": 550,
        "mile_nobo_va": 91,
        "mile_sobo_va": 456,
        "lat": 37.011509,
        "lon": -81.418166,
        "interval_miles": 1,
        "elevation_ft": 2508.1,
        "source_id": "usgs_3dep",
        "source_url": "https://epqs.nationalmap.gov/v1/json",
        "source": "USGS Elevation Point Query Service, interpolated from 3DEP dynamic elevation service",
        "source_license": "public_domain",
        "license_status": "public_domain",
        "attribution": "Data available from U.S. Geological Survey, 3D Elevation Program.",
        "confidence": "model_derived_topographic_estimate",
        "last_checked": "2026-05-14",
        "last_generated": "2026-05-14",
        "ai_answer_rule": "Describe as model-derived USGS 3DEP elevation sampled along Scout open route geometry; values may differ from guidebook profiles or surveyed summits."
      },
      "geometry": {
        "type": "Point",
        "coordinates": [
          -81.418166,
          37.011509
        ]
      }
    },
    {
      "type": "Feature",
      "properties": {
        "sample_id": "elev-va-1mi-092",
        "trail": "Appalachian Trail",
        "route_id": "at-mvp2-va-damascus-harpers-ferry-open-2026",
        "mile_nobo_global_est": 551,
        "mile_nobo_va": 92,
        "mile_sobo_va": 455,
        "lat": 37.016269,
        "lon": -81.428271,
        "interval_miles": 1,
        "elevation_ft": 2369.6,
        "source_id": "usgs_3dep",
        "source_url": "https://epqs.nationalmap.gov/v1/json",
        "source": "USGS Elevation Point Query Service, interpolated from 3DEP dynamic elevation service",
        "source_license": "public_domain",
        "license_status": "public_domain",
        "attribution": "Data available from U.S. Geological Survey, 3D Elevation Program.",
        "confidence": "model_derived_topographic_estimate",
        "last_checked": "2026-05-14",
        "last_generated": "2026-05-14",
        "ai_answer_rule": "Describe as model-derived USGS 3DEP elevation sampled along Scout open route geometry; values may differ from guidebook profiles or surveyed summits."
      },
      "geometry": {
        "type": "Point",
        "coordinates": [
          -81.428271,
          37.016269
        ]
      }
    },
    {
      "type": "Feature",
      "properties": {
        "sample_id": "elev-va-1mi-093",
        "trail": "Appalachian Trail",
        "route_id": "at-mvp2-va-damascus-harpers-ferry-open-2026",
        "mile_nobo_global_est": 552,
        "mile_nobo_va": 93,
        "mile_sobo_va": 454,
        "lat": 37.024614,
        "lon": -81.426617,
        "interval_miles": 1,
        "elevation_ft": 2434.3,
        "source_id": "usgs_3dep",
        "source_url": "https://epqs.nationalmap.gov/v1/json",
        "source": "USGS Elevation Point Query Service, interpolated from 3DEP dynamic elevation service",
        "source_license": "public_domain",
        "license_status": "public_domain",
        "attribution": "Data available from U.S. Geological Survey, 3D Elevation Program.",
        "confidence": "model_derived_topographic_estimate",
        "last_checked": "2026-05-14",
        "last_generated": "2026-05-14",
        "ai_answer_rule": "Describe as model-derived USGS 3DEP elevation sampled along Scout open route geometry; values may differ from guidebook profiles or surveyed summits."
      },
      "geometry": {
        "type": "Point",
        "coordinates": [
          -81.426617,
          37.024614
        ]
      }
    },
    {
      "type": "Feature",
      "properties": {
        "sample_id": "elev-va-1mi-094",
        "trail": "Appalachian Trail",
        "route_id": "at-mvp2-va-damascus-harpers-ferry-open-2026",
        "mile_nobo_global_est": 553,
        "mile_nobo_va": 94,
        "mile_sobo_va": 453,
        "lat": 37.035674,
        "lon": -81.425509,
        "interval_miles": 1,
        "elevation_ft": 3036.1,
        "source_id": "usgs_3dep",
        "source_url": "https://epqs.nationalmap.gov/v1/json",
        "source": "USGS Elevation Point Query Service, interpolated from 3DEP dynamic elevation service",
        "source_license": "public_domain",
        "license_status": "public_domain",
        "attribution": "Data available from U.S. Geological Survey, 3D Elevation Program.",
        "confidence": "model_derived_topographic_estimate",
        "last_checked": "2026-05-14",
        "last_generated": "2026-05-14",
        "ai_answer_rule": "Describe as model-derived USGS 3DEP elevation sampled along Scout open route geometry; values may differ from guidebook profiles or surveyed summits."
      },
      "geometry": {
        "type": "Point",
        "coordinates": [
          -81.425509,
          37.035674
        ]
      }
    },
    {
      "type": "Feature",
      "properties": {
        "sample_id": "elev-va-1mi-095",
        "trail": "Appalachian Trail",
        "route_id": "at-mvp2-va-damascus-harpers-ferry-open-2026",
        "mile_nobo_global_est": 554,
        "mile_nobo_va": 95,
        "mile_sobo_va": 452,
        "lat": 37.04225,
        "lon": -81.429663,
        "interval_miles": 1,
        "elevation_ft": 3720.7,
        "source_id": "usgs_3dep",
        "source_url": "https://epqs.nationalmap.gov/v1/json",
        "source": "USGS Elevation Point Query Service, interpolated from 3DEP dynamic elevation service",
        "source_license": "public_domain",
        "license_status": "public_domain",
        "attribution": "Data available from U.S. Geological Survey, 3D Elevation Program.",
        "confidence": "model_derived_topographic_estimate",
        "last_checked": "2026-05-14",
        "last_generated": "2026-05-14",
        "ai_answer_rule": "Describe as model-derived USGS 3DEP elevation sampled along Scout open route geometry; values may differ from guidebook profiles or surveyed summits."
      },
      "geometry": {
        "type": "Point",
        "coordinates": [
          -81.429663,
          37.04225
        ]
      }
    },
    {
      "type": "Feature",
      "properties": {
        "sample_id": "elev-va-1mi-096",
        "trail": "Appalachian Trail",
        "route_id": "at-mvp2-va-damascus-harpers-ferry-open-2026",
        "mile_nobo_global_est": 555,
        "mile_nobo_va": 96,
        "mile_sobo_va": 451,
        "lat": 37.048333,
        "lon": -81.419685,
        "interval_miles": 1,
        "elevation_ft": 4079,
        "source_id": "usgs_3dep",
        "source_url": "https://epqs.nationalmap.gov/v1/json",
        "source": "USGS Elevation Point Query Service, interpolated from 3DEP dynamic elevation service",
        "source_license": "public_domain",
        "license_status": "public_domain",
        "attribution": "Data available from U.S. Geological Survey, 3D Elevation Program.",
        "confidence": "model_derived_topographic_estimate",
        "last_checked": "2026-05-14",
        "last_generated": "2026-05-14",
        "ai_answer_rule": "Describe as model-derived USGS 3DEP elevation sampled along Scout open route geometry; values may differ from guidebook profiles or surveyed summits."
      },
      "geometry": {
        "type": "Point",
        "coordinates": [
          -81.419685,
          37.048333
        ]
      }
    },
    {
      "type": "Feature",
      "properties": {
        "sample_id": "elev-va-1mi-097",
        "trail": "Appalachian Trail",
        "route_id": "at-mvp2-va-damascus-harpers-ferry-open-2026",
        "mile_nobo_global_est": 556,
        "mile_nobo_va": 97,
        "mile_sobo_va": 450,
        "lat": 37.054677,
        "lon": -81.404462,
        "interval_miles": 1,
        "elevation_ft": 4338.4,
        "source_id": "usgs_3dep",
        "source_url": "https://epqs.nationalmap.gov/v1/json",
        "source": "USGS Elevation Point Query Service, interpolated from 3DEP dynamic elevation service",
        "source_license": "public_domain",
        "license_status": "public_domain",
        "attribution": "Data available from U.S. Geological Survey, 3D Elevation Program.",
        "confidence": "model_derived_topographic_estimate",
        "last_checked": "2026-05-14",
        "last_generated": "2026-05-14",
        "ai_answer_rule": "Describe as model-derived USGS 3DEP elevation sampled along Scout open route geometry; values may differ from guidebook profiles or surveyed summits."
      },
      "geometry": {
        "type": "Point",
        "coordinates": [
          -81.404462,
          37.054677
        ]
      }
    },
    {
      "type": "Feature",
      "properties": {
        "sample_id": "elev-va-1mi-098",
        "trail": "Appalachian Trail",
        "route_id": "at-mvp2-va-damascus-harpers-ferry-open-2026",
        "mile_nobo_global_est": 557,
        "mile_nobo_va": 98,
        "mile_sobo_va": 449,
        "lat": 37.05542,
        "lon": -81.390066,
        "interval_miles": 1,
        "elevation_ft": 3979.5,
        "source_id": "usgs_3dep",
        "source_url": "https://epqs.nationalmap.gov/v1/json",
        "source": "USGS Elevation Point Query Service, interpolated from 3DEP dynamic elevation service",
        "source_license": "public_domain",
        "license_status": "public_domain",
        "attribution": "Data available from U.S. Geological Survey, 3D Elevation Program.",
        "confidence": "model_derived_topographic_estimate",
        "last_checked": "2026-05-14",
        "last_generated": "2026-05-14",
        "ai_answer_rule": "Describe as model-derived USGS 3DEP elevation sampled along Scout open route geometry; values may differ from guidebook profiles or surveyed summits."
      },
      "geometry": {
        "type": "Point",
        "coordinates": [
          -81.390066,
          37.05542
        ]
      }
    },
    {
      "type": "Feature",
      "properties": {
        "sample_id": "elev-va-1mi-099",
        "trail": "Appalachian Trail",
        "route_id": "at-mvp2-va-damascus-harpers-ferry-open-2026",
        "mile_nobo_global_est": 558,
        "mile_nobo_va": 99,
        "mile_sobo_va": 448,
        "lat": 37.056051,
        "lon": -81.376714,
        "interval_miles": 1,
        "elevation_ft": 3632.7,
        "source_id": "usgs_3dep",
        "source_url": "https://epqs.nationalmap.gov/v1/json",
        "source": "USGS Elevation Point Query Service, interpolated from 3DEP dynamic elevation service",
        "source_license": "public_domain",
        "license_status": "public_domain",
        "attribution": "Data available from U.S. Geological Survey, 3D Elevation Program.",
        "confidence": "model_derived_topographic_estimate",
        "last_checked": "2026-05-14",
        "last_generated": "2026-05-14",
        "ai_answer_rule": "Describe as model-derived USGS 3DEP elevation sampled along Scout open route geometry; values may differ from guidebook profiles or surveyed summits."
      },
      "geometry": {
        "type": "Point",
        "coordinates": [
          -81.376714,
          37.056051
        ]
      }
    },
    {
      "type": "Feature",
      "properties": {
        "sample_id": "elev-va-1mi-100",
        "trail": "Appalachian Trail",
        "route_id": "at-mvp2-va-damascus-harpers-ferry-open-2026",
        "mile_nobo_global_est": 559,
        "mile_nobo_va": 100,
        "mile_sobo_va": 447,
        "lat": 37.058114,
        "lon": -81.359977,
        "interval_miles": 1,
        "elevation_ft": 3896.8,
        "source_id": "usgs_3dep",
        "source_url": "https://epqs.nationalmap.gov/v1/json",
        "source": "USGS Elevation Point Query Service, interpolated from 3DEP dynamic elevation service",
        "source_license": "public_domain",
        "license_status": "public_domain",
        "attribution": "Data available from U.S. Geological Survey, 3D Elevation Program.",
        "confidence": "model_derived_topographic_estimate",
        "last_checked": "2026-05-14",
        "last_generated": "2026-05-14",
        "ai_answer_rule": "Describe as model-derived USGS 3DEP elevation sampled along Scout open route geometry; values may differ from guidebook profiles or surveyed summits."
      },
      "geometry": {
        "type": "Point",
        "coordinates": [
          -81.359977,
          37.058114
        ]
      }
    },
    {
      "type": "Feature",
      "properties": {
        "sample_id": "elev-va-1mi-101",
        "trail": "Appalachian Trail",
        "route_id": "at-mvp2-va-damascus-harpers-ferry-open-2026",
        "mile_nobo_global_est": 560,
        "mile_nobo_va": 101,
        "mile_sobo_va": 446,
        "lat": 37.062487,
        "lon": -81.343366,
        "interval_miles": 1,
        "elevation_ft": 4015.1,
        "source_id": "usgs_3dep",
        "source_url": "https://epqs.nationalmap.gov/v1/json",
        "source": "USGS Elevation Point Query Service, interpolated from 3DEP dynamic elevation service",
        "source_license": "public_domain",
        "license_status": "public_domain",
        "attribution": "Data available from U.S. Geological Survey, 3D Elevation Program.",
        "confidence": "model_derived_topographic_estimate",
        "last_checked": "2026-05-14",
        "last_generated": "2026-05-14",
        "ai_answer_rule": "Describe as model-derived USGS 3DEP elevation sampled along Scout open route geometry; values may differ from guidebook profiles or surveyed summits."
      },
      "geometry": {
        "type": "Point",
        "coordinates": [
          -81.343366,
          37.062487
        ]
      }
    },
    {
      "type": "Feature",
      "properties": {
        "sample_id": "elev-va-1mi-102",
        "trail": "Appalachian Trail",
        "route_id": "at-mvp2-va-damascus-harpers-ferry-open-2026",
        "mile_nobo_global_est": 561,
        "mile_nobo_va": 102,
        "mile_sobo_va": 445,
        "lat": 37.067334,
        "lon": -81.327142,
        "interval_miles": 1,
        "elevation_ft": 3940.2,
        "source_id": "usgs_3dep",
        "source_url": "https://epqs.nationalmap.gov/v1/json",
        "source": "USGS Elevation Point Query Service, interpolated from 3DEP dynamic elevation service",
        "source_license": "public_domain",
        "license_status": "public_domain",
        "attribution": "Data available from U.S. Geological Survey, 3D Elevation Program.",
        "confidence": "model_derived_topographic_estimate",
        "last_checked": "2026-05-14",
        "last_generated": "2026-05-14",
        "ai_answer_rule": "Describe as model-derived USGS 3DEP elevation sampled along Scout open route geometry; values may differ from guidebook profiles or surveyed summits."
      },
      "geometry": {
        "type": "Point",
        "coordinates": [
          -81.327142,
          37.067334
        ]
      }
    },
    {
      "type": "Feature",
      "properties": {
        "sample_id": "elev-va-1mi-103",
        "trail": "Appalachian Trail",
        "route_id": "at-mvp2-va-damascus-harpers-ferry-open-2026",
        "mile_nobo_global_est": 562,
        "mile_nobo_va": 103,
        "mile_sobo_va": 444,
        "lat": 37.074248,
        "lon": -81.312251,
        "interval_miles": 1,
        "elevation_ft": 3963.3,
        "source_id": "usgs_3dep",
        "source_url": "https://epqs.nationalmap.gov/v1/json",
        "source": "USGS Elevation Point Query Service, interpolated from 3DEP dynamic elevation service",
        "source_license": "public_domain",
        "license_status": "public_domain",
        "attribution": "Data available from U.S. Geological Survey, 3D Elevation Program.",
        "confidence": "model_derived_topographic_estimate",
        "last_checked": "2026-05-14",
        "last_generated": "2026-05-14",
        "ai_answer_rule": "Describe as model-derived USGS 3DEP elevation sampled along Scout open route geometry; values may differ from guidebook profiles or surveyed summits."
      },
      "geometry": {
        "type": "Point",
        "coordinates": [
          -81.312251,
          37.074248
        ]
      }
    },
    {
      "type": "Feature",
      "properties": {
        "sample_id": "elev-va-1mi-104",
        "trail": "Appalachian Trail",
        "route_id": "at-mvp2-va-damascus-harpers-ferry-open-2026",
        "mile_nobo_global_est": 563,
        "mile_nobo_va": 104,
        "mile_sobo_va": 443,
        "lat": 37.081016,
        "lon": -81.297443,
        "interval_miles": 1,
        "elevation_ft": 3970.8,
        "source_id": "usgs_3dep",
        "source_url": "https://epqs.nationalmap.gov/v1/json",
        "source": "USGS Elevation Point Query Service, interpolated from 3DEP dynamic elevation service",
        "source_license": "public_domain",
        "license_status": "public_domain",
        "attribution": "Data available from U.S. Geological Survey, 3D Elevation Program.",
        "confidence": "model_derived_topographic_estimate",
        "last_checked": "2026-05-14",
        "last_generated": "2026-05-14",
        "ai_answer_rule": "Describe as model-derived USGS 3DEP elevation sampled along Scout open route geometry; values may differ from guidebook profiles or surveyed summits."
      },
      "geometry": {
        "type": "Point",
        "coordinates": [
          -81.297443,
          37.081016
        ]
      }
    },
    {
      "type": "Feature",
      "properties": {
        "sample_id": "elev-va-1mi-105",
        "trail": "Appalachian Trail",
        "route_id": "at-mvp2-va-damascus-harpers-ferry-open-2026",
        "mile_nobo_global_est": 564,
        "mile_nobo_va": 105,
        "mile_sobo_va": 442,
        "lat": 37.086731,
        "lon": -81.282031,
        "interval_miles": 1,
        "elevation_ft": 4002,
        "source_id": "usgs_3dep",
        "source_url": "https://epqs.nationalmap.gov/v1/json",
        "source": "USGS Elevation Point Query Service, interpolated from 3DEP dynamic elevation service",
        "source_license": "public_domain",
        "license_status": "public_domain",
        "attribution": "Data available from U.S. Geological Survey, 3D Elevation Program.",
        "confidence": "model_derived_topographic_estimate",
        "last_checked": "2026-05-14",
        "last_generated": "2026-05-14",
        "ai_answer_rule": "Describe as model-derived USGS 3DEP elevation sampled along Scout open route geometry; values may differ from guidebook profiles or surveyed summits."
      },
      "geometry": {
        "type": "Point",
        "coordinates": [
          -81.282031,
          37.086731
        ]
      }
    },
    {
      "type": "Feature",
      "properties": {
        "sample_id": "elev-va-1mi-106",
        "trail": "Appalachian Trail",
        "route_id": "at-mvp2-va-damascus-harpers-ferry-open-2026",
        "mile_nobo_global_est": 565,
        "mile_nobo_va": 106,
        "mile_sobo_va": 441,
        "lat": 37.087397,
        "lon": -81.269757,
        "interval_miles": 1,
        "elevation_ft": 3217.3,
        "source_id": "usgs_3dep",
        "source_url": "https://epqs.nationalmap.gov/v1/json",
        "source": "USGS Elevation Point Query Service, interpolated from 3DEP dynamic elevation service",
        "source_license": "public_domain",
        "license_status": "public_domain",
        "attribution": "Data available from U.S. Geological Survey, 3D Elevation Program.",
        "confidence": "model_derived_topographic_estimate",
        "last_checked": "2026-05-14",
        "last_generated": "2026-05-14",
        "ai_answer_rule": "Describe as model-derived USGS 3DEP elevation sampled along Scout open route geometry; values may differ from guidebook profiles or surveyed summits."
      },
      "geometry": {
        "type": "Point",
        "coordinates": [
          -81.269757,
          37.087397
        ]
      }
    },
    {
      "type": "Feature",
      "properties": {
        "sample_id": "elev-va-1mi-107",
        "trail": "Appalachian Trail",
        "route_id": "at-mvp2-va-damascus-harpers-ferry-open-2026",
        "mile_nobo_global_est": 566,
        "mile_nobo_va": 107,
        "mile_sobo_va": 440,
        "lat": 37.0904,
        "lon": -81.256896,
        "interval_miles": 1,
        "elevation_ft": 2838.7,
        "source_id": "usgs_3dep",
        "source_url": "https://epqs.nationalmap.gov/v1/json",
        "source": "USGS Elevation Point Query Service, interpolated from 3DEP dynamic elevation service",
        "source_license": "public_domain",
        "license_status": "public_domain",
        "attribution": "Data available from U.S. Geological Survey, 3D Elevation Program.",
        "confidence": "model_derived_topographic_estimate",
        "last_checked": "2026-05-14",
        "last_generated": "2026-05-14",
        "ai_answer_rule": "Describe as model-derived USGS 3DEP elevation sampled along Scout open route geometry; values may differ from guidebook profiles or surveyed summits."
      },
      "geometry": {
        "type": "Point",
        "coordinates": [
          -81.256896,
          37.0904
        ]
      }
    },
    {
      "type": "Feature",
      "properties": {
        "sample_id": "elev-va-1mi-108",
        "trail": "Appalachian Trail",
        "route_id": "at-mvp2-va-damascus-harpers-ferry-open-2026",
        "mile_nobo_global_est": 567,
        "mile_nobo_va": 108,
        "mile_sobo_va": 439,
        "lat": 37.090291,
        "lon": -81.245595,
        "interval_miles": 1,
        "elevation_ft": 2516.8,
        "source_id": "usgs_3dep",
        "source_url": "https://epqs.nationalmap.gov/v1/json",
        "source": "USGS Elevation Point Query Service, interpolated from 3DEP dynamic elevation service",
        "source_license": "public_domain",
        "license_status": "public_domain",
        "attribution": "Data available from U.S. Geological Survey, 3D Elevation Program.",
        "confidence": "model_derived_topographic_estimate",
        "last_checked": "2026-05-14",
        "last_generated": "2026-05-14",
        "ai_answer_rule": "Describe as model-derived USGS 3DEP elevation sampled along Scout open route geometry; values may differ from guidebook profiles or surveyed summits."
      },
      "geometry": {
        "type": "Point",
        "coordinates": [
          -81.245595,
          37.090291
        ]
      }
    },
    {
      "type": "Feature",
      "properties": {
        "sample_id": "elev-va-1mi-109",
        "trail": "Appalachian Trail",
        "route_id": "at-mvp2-va-damascus-harpers-ferry-open-2026",
        "mile_nobo_global_est": 568,
        "mile_nobo_va": 109,
        "mile_sobo_va": 438,
        "lat": 37.088289,
        "lon": -81.235264,
        "interval_miles": 1,
        "elevation_ft": 3114.1,
        "source_id": "usgs_3dep",
        "source_url": "https://epqs.nationalmap.gov/v1/json",
        "source": "USGS Elevation Point Query Service, interpolated from 3DEP dynamic elevation service",
        "source_license": "public_domain",
        "license_status": "public_domain",
        "attribution": "Data available from U.S. Geological Survey, 3D Elevation Program.",
        "confidence": "model_derived_topographic_estimate",
        "last_checked": "2026-05-14",
        "last_generated": "2026-05-14",
        "ai_answer_rule": "Describe as model-derived USGS 3DEP elevation sampled along Scout open route geometry; values may differ from guidebook profiles or surveyed summits."
      },
      "geometry": {
        "type": "Point",
        "coordinates": [
          -81.235264,
          37.088289
        ]
      }
    },
    {
      "type": "Feature",
      "properties": {
        "sample_id": "elev-va-1mi-110",
        "trail": "Appalachian Trail",
        "route_id": "at-mvp2-va-damascus-harpers-ferry-open-2026",
        "mile_nobo_global_est": 569,
        "mile_nobo_va": 110,
        "mile_sobo_va": 437,
        "lat": 37.097696,
        "lon": -81.225131,
        "interval_miles": 1,
        "elevation_ft": 2999,
        "source_id": "usgs_3dep",
        "source_url": "https://epqs.nationalmap.gov/v1/json",
        "source": "USGS Elevation Point Query Service, interpolated from 3DEP dynamic elevation service",
        "source_license": "public_domain",
        "license_status": "public_domain",
        "attribution": "Data available from U.S. Geological Survey, 3D Elevation Program.",
        "confidence": "model_derived_topographic_estimate",
        "last_checked": "2026-05-14",
        "last_generated": "2026-05-14",
        "ai_answer_rule": "Describe as model-derived USGS 3DEP elevation sampled along Scout open route geometry; values may differ from guidebook profiles or surveyed summits."
      },
      "geometry": {
        "type": "Point",
        "coordinates": [
          -81.225131,
          37.097696
        ]
      }
    },
    {
      "type": "Feature",
      "properties": {
        "sample_id": "elev-va-1mi-111",
        "trail": "Appalachian Trail",
        "route_id": "at-mvp2-va-damascus-harpers-ferry-open-2026",
        "mile_nobo_global_est": 570,
        "mile_nobo_va": 111,
        "mile_sobo_va": 436,
        "lat": 37.105869,
        "lon": -81.211391,
        "interval_miles": 1,
        "elevation_ft": 3032.2,
        "source_id": "usgs_3dep",
        "source_url": "https://epqs.nationalmap.gov/v1/json",
        "source": "USGS Elevation Point Query Service, interpolated from 3DEP dynamic elevation service",
        "source_license": "public_domain",
        "license_status": "public_domain",
        "attribution": "Data available from U.S. Geological Survey, 3D Elevation Program.",
        "confidence": "model_derived_topographic_estimate",
        "last_checked": "2026-05-14",
        "last_generated": "2026-05-14",
        "ai_answer_rule": "Describe as model-derived USGS 3DEP elevation sampled along Scout open route geometry; values may differ from guidebook profiles or surveyed summits."
      },
      "geometry": {
        "type": "Point",
        "coordinates": [
          -81.211391,
          37.105869
        ]
      }
    },
    {
      "type": "Feature",
      "properties": {
        "sample_id": "elev-va-1mi-112",
        "trail": "Appalachian Trail",
        "route_id": "at-mvp2-va-damascus-harpers-ferry-open-2026",
        "mile_nobo_global_est": 571,
        "mile_nobo_va": 112,
        "mile_sobo_va": 435,
        "lat": 37.102319,
        "lon": -81.202682,
        "interval_miles": 1,
        "elevation_ft": 2490.1,
        "source_id": "usgs_3dep",
        "source_url": "https://epqs.nationalmap.gov/v1/json",
        "source": "USGS Elevation Point Query Service, interpolated from 3DEP dynamic elevation service",
        "source_license": "public_domain",
        "license_status": "public_domain",
        "attribution": "Data available from U.S. Geological Survey, 3D Elevation Program.",
        "confidence": "model_derived_topographic_estimate",
        "last_checked": "2026-05-14",
        "last_generated": "2026-05-14",
        "ai_answer_rule": "Describe as model-derived USGS 3DEP elevation sampled along Scout open route geometry; values may differ from guidebook profiles or surveyed summits."
      },
      "geometry": {
        "type": "Point",
        "coordinates": [
          -81.202682,
          37.102319
        ]
      }
    },
    {
      "type": "Feature",
      "properties": {
        "sample_id": "elev-va-1mi-113",
        "trail": "Appalachian Trail",
        "route_id": "at-mvp2-va-damascus-harpers-ferry-open-2026",
        "mile_nobo_global_est": 572,
        "mile_nobo_va": 113,
        "mile_sobo_va": 434,
        "lat": 37.106427,
        "lon": -81.195499,
        "interval_miles": 1,
        "elevation_ft": 2826.6,
        "source_id": "usgs_3dep",
        "source_url": "https://epqs.nationalmap.gov/v1/json",
        "source": "USGS Elevation Point Query Service, interpolated from 3DEP dynamic elevation service",
        "source_license": "public_domain",
        "license_status": "public_domain",
        "attribution": "Data available from U.S. Geological Survey, 3D Elevation Program.",
        "confidence": "model_derived_topographic_estimate",
        "last_checked": "2026-05-14",
        "last_generated": "2026-05-14",
        "ai_answer_rule": "Describe as model-derived USGS 3DEP elevation sampled along Scout open route geometry; values may differ from guidebook profiles or surveyed summits."
      },
      "geometry": {
        "type": "Point",
        "coordinates": [
          -81.195499,
          37.106427
        ]
      }
    },
    {
      "type": "Feature",
      "properties": {
        "sample_id": "elev-va-1mi-114",
        "trail": "Appalachian Trail",
        "route_id": "at-mvp2-va-damascus-harpers-ferry-open-2026",
        "mile_nobo_global_est": 573,
        "mile_nobo_va": 114,
        "mile_sobo_va": 433,
        "lat": 37.112409,
        "lon": -81.188068,
        "interval_miles": 1,
        "elevation_ft": 3125.5,
        "source_id": "usgs_3dep",
        "source_url": "https://epqs.nationalmap.gov/v1/json",
        "source": "USGS Elevation Point Query Service, interpolated from 3DEP dynamic elevation service",
        "source_license": "public_domain",
        "license_status": "public_domain",
        "attribution": "Data available from U.S. Geological Survey, 3D Elevation Program.",
        "confidence": "model_derived_topographic_estimate",
        "last_checked": "2026-05-14",
        "last_generated": "2026-05-14",
        "ai_answer_rule": "Describe as model-derived USGS 3DEP elevation sampled along Scout open route geometry; values may differ from guidebook profiles or surveyed summits."
      },
      "geometry": {
        "type": "Point",
        "coordinates": [
          -81.188068,
          37.112409
        ]
      }
    },
    {
      "type": "Feature",
      "properties": {
        "sample_id": "elev-va-1mi-115",
        "trail": "Appalachian Trail",
        "route_id": "at-mvp2-va-damascus-harpers-ferry-open-2026",
        "mile_nobo_global_est": 574,
        "mile_nobo_va": 115,
        "mile_sobo_va": 432,
        "lat": 37.118201,
        "lon": -81.179305,
        "interval_miles": 1,
        "elevation_ft": 2934.9,
        "source_id": "usgs_3dep",
        "source_url": "https://epqs.nationalmap.gov/v1/json",
        "source": "USGS Elevation Point Query Service, interpolated from 3DEP dynamic elevation service",
        "source_license": "public_domain",
        "license_status": "public_domain",
        "attribution": "Data available from U.S. Geological Survey, 3D Elevation Program.",
        "confidence": "model_derived_topographic_estimate",
        "last_checked": "2026-05-14",
        "last_generated": "2026-05-14",
        "ai_answer_rule": "Describe as model-derived USGS 3DEP elevation sampled along Scout open route geometry; values may differ from guidebook profiles or surveyed summits."
      },
      "geometry": {
        "type": "Point",
        "coordinates": [
          -81.179305,
          37.118201
        ]
      }
    },
    {
      "type": "Feature",
      "properties": {
        "sample_id": "elev-va-1mi-116",
        "trail": "Appalachian Trail",
        "route_id": "at-mvp2-va-damascus-harpers-ferry-open-2026",
        "mile_nobo_global_est": 575,
        "mile_nobo_va": 116,
        "mile_sobo_va": 431,
        "lat": 37.125064,
        "lon": -81.167792,
        "interval_miles": 1,
        "elevation_ft": 3056,
        "source_id": "usgs_3dep",
        "source_url": "https://epqs.nationalmap.gov/v1/json",
        "source": "USGS Elevation Point Query Service, interpolated from 3DEP dynamic elevation service",
        "source_license": "public_domain",
        "license_status": "public_domain",
        "attribution": "Data available from U.S. Geological Survey, 3D Elevation Program.",
        "confidence": "model_derived_topographic_estimate",
        "last_checked": "2026-05-14",
        "last_generated": "2026-05-14",
        "ai_answer_rule": "Describe as model-derived USGS 3DEP elevation sampled along Scout open route geometry; values may differ from guidebook profiles or surveyed summits."
      },
      "geometry": {
        "type": "Point",
        "coordinates": [
          -81.167792,
          37.125064
        ]
      }
    },
    {
      "type": "Feature",
      "properties": {
        "sample_id": "elev-va-1mi-117",
        "trail": "Appalachian Trail",
        "route_id": "at-mvp2-va-damascus-harpers-ferry-open-2026",
        "mile_nobo_global_est": 576,
        "mile_nobo_va": 117,
        "mile_sobo_va": 430,
        "lat": 37.131964,
        "lon": -81.15798,
        "interval_miles": 1,
        "elevation_ft": 2751.1,
        "source_id": "usgs_3dep",
        "source_url": "https://epqs.nationalmap.gov/v1/json",
        "source": "USGS Elevation Point Query Service, interpolated from 3DEP dynamic elevation service",
        "source_license": "public_domain",
        "license_status": "public_domain",
        "attribution": "Data available from U.S. Geological Survey, 3D Elevation Program.",
        "confidence": "model_derived_topographic_estimate",
        "last_checked": "2026-05-14",
        "last_generated": "2026-05-14",
        "ai_answer_rule": "Describe as model-derived USGS 3DEP elevation sampled along Scout open route geometry; values may differ from guidebook profiles or surveyed summits."
      },
      "geometry": {
        "type": "Point",
        "coordinates": [
          -81.15798,
          37.131964
        ]
      }
    },
    {
      "type": "Feature",
      "properties": {
        "sample_id": "elev-va-1mi-118",
        "trail": "Appalachian Trail",
        "route_id": "at-mvp2-va-damascus-harpers-ferry-open-2026",
        "mile_nobo_global_est": 577,
        "mile_nobo_va": 118,
        "mile_sobo_va": 429,
        "lat": 37.134228,
        "lon": -81.144449,
        "interval_miles": 1,
        "elevation_ft": 2988.6,
        "source_id": "usgs_3dep",
        "source_url": "https://epqs.nationalmap.gov/v1/json",
        "source": "USGS Elevation Point Query Service, interpolated from 3DEP dynamic elevation service",
        "source_license": "public_domain",
        "license_status": "public_domain",
        "attribution": "Data available from U.S. Geological Survey, 3D Elevation Program.",
        "confidence": "model_derived_topographic_estimate",
        "last_checked": "2026-05-14",
        "last_generated": "2026-05-14",
        "ai_answer_rule": "Describe as model-derived USGS 3DEP elevation sampled along Scout open route geometry; values may differ from guidebook profiles or surveyed summits."
      },
      "geometry": {
        "type": "Point",
        "coordinates": [
          -81.144449,
          37.134228
        ]
      }
    },
    {
      "type": "Feature",
      "properties": {
        "sample_id": "elev-va-1mi-119",
        "trail": "Appalachian Trail",
        "route_id": "at-mvp2-va-damascus-harpers-ferry-open-2026",
        "mile_nobo_global_est": 578,
        "mile_nobo_va": 119,
        "mile_sobo_va": 428,
        "lat": 37.137507,
        "lon": -81.132113,
        "interval_miles": 1,
        "elevation_ft": 2913,
        "source_id": "usgs_3dep",
        "source_url": "https://epqs.nationalmap.gov/v1/json",
        "source": "USGS Elevation Point Query Service, interpolated from 3DEP dynamic elevation service",
        "source_license": "public_domain",
        "license_status": "public_domain",
        "attribution": "Data available from U.S. Geological Survey, 3D Elevation Program.",
        "confidence": "model_derived_topographic_estimate",
        "last_checked": "2026-05-14",
        "last_generated": "2026-05-14",
        "ai_answer_rule": "Describe as model-derived USGS 3DEP elevation sampled along Scout open route geometry; values may differ from guidebook profiles or surveyed summits."
      },
      "geometry": {
        "type": "Point",
        "coordinates": [
          -81.132113,
          37.137507
        ]
      }
    },
    {
      "type": "Feature",
      "properties": {
        "sample_id": "elev-va-1mi-120",
        "trail": "Appalachian Trail",
        "route_id": "at-mvp2-va-damascus-harpers-ferry-open-2026",
        "mile_nobo_global_est": 579,
        "mile_nobo_va": 120,
        "mile_sobo_va": 427,
        "lat": 37.13979,
        "lon": -81.117351,
        "interval_miles": 1,
        "elevation_ft": 2608.6,
        "source_id": "usgs_3dep",
        "source_url": "https://epqs.nationalmap.gov/v1/json",
        "source": "USGS Elevation Point Query Service, interpolated from 3DEP dynamic elevation service",
        "source_license": "public_domain",
        "license_status": "public_domain",
        "attribution": "Data available from U.S. Geological Survey, 3D Elevation Program.",
        "confidence": "model_derived_topographic_estimate",
        "last_checked": "2026-05-14",
        "last_generated": "2026-05-14",
        "ai_answer_rule": "Describe as model-derived USGS 3DEP elevation sampled along Scout open route geometry; values may differ from guidebook profiles or surveyed summits."
      },
      "geometry": {
        "type": "Point",
        "coordinates": [
          -81.117351,
          37.13979
        ]
      }
    },
    {
      "type": "Feature",
      "properties": {
        "sample_id": "elev-va-1mi-121",
        "trail": "Appalachian Trail",
        "route_id": "at-mvp2-va-damascus-harpers-ferry-open-2026",
        "mile_nobo_global_est": 580,
        "mile_nobo_va": 121,
        "mile_sobo_va": 426,
        "lat": 37.13483,
        "lon": -81.106755,
        "interval_miles": 1,
        "elevation_ft": 3159,
        "source_id": "usgs_3dep",
        "source_url": "https://epqs.nationalmap.gov/v1/json",
        "source": "USGS Elevation Point Query Service, interpolated from 3DEP dynamic elevation service",
        "source_license": "public_domain",
        "license_status": "public_domain",
        "attribution": "Data available from U.S. Geological Survey, 3D Elevation Program.",
        "confidence": "model_derived_topographic_estimate",
        "last_checked": "2026-05-14",
        "last_generated": "2026-05-14",
        "ai_answer_rule": "Describe as model-derived USGS 3DEP elevation sampled along Scout open route geometry; values may differ from guidebook profiles or surveyed summits."
      },
      "geometry": {
        "type": "Point",
        "coordinates": [
          -81.106755,
          37.13483
        ]
      }
    },
    {
      "type": "Feature",
      "properties": {
        "sample_id": "elev-va-1mi-122",
        "trail": "Appalachian Trail",
        "route_id": "at-mvp2-va-damascus-harpers-ferry-open-2026",
        "mile_nobo_global_est": 581,
        "mile_nobo_va": 122,
        "mile_sobo_va": 425,
        "lat": 37.135181,
        "lon": -81.091498,
        "interval_miles": 1,
        "elevation_ft": 3063.9,
        "source_id": "usgs_3dep",
        "source_url": "https://epqs.nationalmap.gov/v1/json",
        "source": "USGS Elevation Point Query Service, interpolated from 3DEP dynamic elevation service",
        "source_license": "public_domain",
        "license_status": "public_domain",
        "attribution": "Data available from U.S. Geological Survey, 3D Elevation Program.",
        "confidence": "model_derived_topographic_estimate",
        "last_checked": "2026-05-14",
        "last_generated": "2026-05-14",
        "ai_answer_rule": "Describe as model-derived USGS 3DEP elevation sampled along Scout open route geometry; values may differ from guidebook profiles or surveyed summits."
      },
      "geometry": {
        "type": "Point",
        "coordinates": [
          -81.091498,
          37.135181
        ]
      }
    },
    {
      "type": "Feature",
      "properties": {
        "sample_id": "elev-va-1mi-123",
        "trail": "Appalachian Trail",
        "route_id": "at-mvp2-va-damascus-harpers-ferry-open-2026",
        "mile_nobo_global_est": 582,
        "mile_nobo_va": 123,
        "mile_sobo_va": 424,
        "lat": 37.127329,
        "lon": -81.080288,
        "interval_miles": 1,
        "elevation_ft": 3045.3,
        "source_id": "usgs_3dep",
        "source_url": "https://epqs.nationalmap.gov/v1/json",
        "source": "USGS Elevation Point Query Service, interpolated from 3DEP dynamic elevation service",
        "source_license": "public_domain",
        "license_status": "public_domain",
        "attribution": "Data available from U.S. Geological Survey, 3D Elevation Program.",
        "confidence": "model_derived_topographic_estimate",
        "last_checked": "2026-05-14",
        "last_generated": "2026-05-14",
        "ai_answer_rule": "Describe as model-derived USGS 3DEP elevation sampled along Scout open route geometry; values may differ from guidebook profiles or surveyed summits."
      },
      "geometry": {
        "type": "Point",
        "coordinates": [
          -81.080288,
          37.127329
        ]
      }
    },
    {
      "type": "Feature",
      "properties": {
        "sample_id": "elev-va-1mi-124",
        "trail": "Appalachian Trail",
        "route_id": "at-mvp2-va-damascus-harpers-ferry-open-2026",
        "mile_nobo_global_est": 583,
        "mile_nobo_va": 124,
        "mile_sobo_va": 423,
        "lat": 37.130926,
        "lon": -81.064498,
        "interval_miles": 1,
        "elevation_ft": 3149.6,
        "source_id": "usgs_3dep",
        "source_url": "https://epqs.nationalmap.gov/v1/json",
        "source": "USGS Elevation Point Query Service, interpolated from 3DEP dynamic elevation service",
        "source_license": "public_domain",
        "license_status": "public_domain",
        "attribution": "Data available from U.S. Geological Survey, 3D Elevation Program.",
        "confidence": "model_derived_topographic_estimate",
        "last_checked": "2026-05-14",
        "last_generated": "2026-05-14",
        "ai_answer_rule": "Describe as model-derived USGS 3DEP elevation sampled along Scout open route geometry; values may differ from guidebook profiles or surveyed summits."
      },
      "geometry": {
        "type": "Point",
        "coordinates": [
          -81.064498,
          37.130926
        ]
      }
    },
    {
      "type": "Feature",
      "properties": {
        "sample_id": "elev-va-1mi-125",
        "trail": "Appalachian Trail",
        "route_id": "at-mvp2-va-damascus-harpers-ferry-open-2026",
        "mile_nobo_global_est": 584,
        "mile_nobo_va": 125,
        "mile_sobo_va": 422,
        "lat": 37.13336,
        "lon": -81.0479,
        "interval_miles": 1,
        "elevation_ft": 3047.5,
        "source_id": "usgs_3dep",
        "source_url": "https://epqs.nationalmap.gov/v1/json",
        "source": "USGS Elevation Point Query Service, interpolated from 3DEP dynamic elevation service",
        "source_license": "public_domain",
        "license_status": "public_domain",
        "attribution": "Data available from U.S. Geological Survey, 3D Elevation Program.",
        "confidence": "model_derived_topographic_estimate",
        "last_checked": "2026-05-14",
        "last_generated": "2026-05-14",
        "ai_answer_rule": "Describe as model-derived USGS 3DEP elevation sampled along Scout open route geometry; values may differ from guidebook profiles or surveyed summits."
      },
      "geometry": {
        "type": "Point",
        "coordinates": [
          -81.0479,
          37.13336
        ]
      }
    },
    {
      "type": "Feature",
      "properties": {
        "sample_id": "elev-va-1mi-126",
        "trail": "Appalachian Trail",
        "route_id": "at-mvp2-va-damascus-harpers-ferry-open-2026",
        "mile_nobo_global_est": 585,
        "mile_nobo_va": 126,
        "mile_sobo_va": 421,
        "lat": 37.139209,
        "lon": -81.032857,
        "interval_miles": 1,
        "elevation_ft": 2975.9,
        "source_id": "usgs_3dep",
        "source_url": "https://epqs.nationalmap.gov/v1/json",
        "source": "USGS Elevation Point Query Service, interpolated from 3DEP dynamic elevation service",
        "source_license": "public_domain",
        "license_status": "public_domain",
        "attribution": "Data available from U.S. Geological Survey, 3D Elevation Program.",
        "confidence": "model_derived_topographic_estimate",
        "last_checked": "2026-05-14",
        "last_generated": "2026-05-14",
        "ai_answer_rule": "Describe as model-derived USGS 3DEP elevation sampled along Scout open route geometry; values may differ from guidebook profiles or surveyed summits."
      },
      "geometry": {
        "type": "Point",
        "coordinates": [
          -81.032857,
          37.139209
        ]
      }
    },
    {
      "type": "Feature",
      "properties": {
        "sample_id": "elev-va-1mi-127",
        "trail": "Appalachian Trail",
        "route_id": "at-mvp2-va-damascus-harpers-ferry-open-2026",
        "mile_nobo_global_est": 586,
        "mile_nobo_va": 127,
        "mile_sobo_va": 420,
        "lat": 37.147478,
        "lon": -81.018887,
        "interval_miles": 1,
        "elevation_ft": 3068,
        "source_id": "usgs_3dep",
        "source_url": "https://epqs.nationalmap.gov/v1/json",
        "source": "USGS Elevation Point Query Service, interpolated from 3DEP dynamic elevation service",
        "source_license": "public_domain",
        "license_status": "public_domain",
        "attribution": "Data available from U.S. Geological Survey, 3D Elevation Program.",
        "confidence": "model_derived_topographic_estimate",
        "last_checked": "2026-05-14",
        "last_generated": "2026-05-14",
        "ai_answer_rule": "Describe as model-derived USGS 3DEP elevation sampled along Scout open route geometry; values may differ from guidebook profiles or surveyed summits."
      },
      "geometry": {
        "type": "Point",
        "coordinates": [
          -81.018887,
          37.147478
        ]
      }
    },
    {
      "type": "Feature",
      "properties": {
        "sample_id": "elev-va-1mi-128",
        "trail": "Appalachian Trail",
        "route_id": "at-mvp2-va-damascus-harpers-ferry-open-2026",
        "mile_nobo_global_est": 587,
        "mile_nobo_va": 128,
        "mile_sobo_va": 419,
        "lat": 37.148996,
        "lon": -81.008219,
        "interval_miles": 1,
        "elevation_ft": 2710.8,
        "source_id": "usgs_3dep",
        "source_url": "https://epqs.nationalmap.gov/v1/json",
        "source": "USGS Elevation Point Query Service, interpolated from 3DEP dynamic elevation service",
        "source_license": "public_domain",
        "license_status": "public_domain",
        "attribution": "Data available from U.S. Geological Survey, 3D Elevation Program.",
        "confidence": "model_derived_topographic_estimate",
        "last_checked": "2026-05-14",
        "last_generated": "2026-05-14",
        "ai_answer_rule": "Describe as model-derived USGS 3DEP elevation sampled along Scout open route geometry; values may differ from guidebook profiles or surveyed summits."
      },
      "geometry": {
        "type": "Point",
        "coordinates": [
          -81.008219,
          37.148996
        ]
      }
    },
    {
      "type": "Feature",
      "properties": {
        "sample_id": "elev-va-1mi-129",
        "trail": "Appalachian Trail",
        "route_id": "at-mvp2-va-damascus-harpers-ferry-open-2026",
        "mile_nobo_global_est": 588,
        "mile_nobo_va": 129,
        "mile_sobo_va": 418,
        "lat": 37.158683,
        "lon": -80.99808,
        "interval_miles": 1,
        "elevation_ft": 3071.2,
        "source_id": "usgs_3dep",
        "source_url": "https://epqs.nationalmap.gov/v1/json",
        "source": "USGS Elevation Point Query Service, interpolated from 3DEP dynamic elevation service",
        "source_license": "public_domain",
        "license_status": "public_domain",
        "attribution": "Data available from U.S. Geological Survey, 3D Elevation Program.",
        "confidence": "model_derived_topographic_estimate",
        "last_checked": "2026-05-14",
        "last_generated": "2026-05-14",
        "ai_answer_rule": "Describe as model-derived USGS 3DEP elevation sampled along Scout open route geometry; values may differ from guidebook profiles or surveyed summits."
      },
      "geometry": {
        "type": "Point",
        "coordinates": [
          -80.99808,
          37.158683
        ]
      }
    },
    {
      "type": "Feature",
      "properties": {
        "sample_id": "elev-va-1mi-130",
        "trail": "Appalachian Trail",
        "route_id": "at-mvp2-va-damascus-harpers-ferry-open-2026",
        "mile_nobo_global_est": 589,
        "mile_nobo_va": 130,
        "mile_sobo_va": 417,
        "lat": 37.160209,
        "lon": -80.98224,
        "interval_miles": 1,
        "elevation_ft": 2909.2,
        "source_id": "usgs_3dep",
        "source_url": "https://epqs.nationalmap.gov/v1/json",
        "source": "USGS Elevation Point Query Service, interpolated from 3DEP dynamic elevation service",
        "source_license": "public_domain",
        "license_status": "public_domain",
        "attribution": "Data available from U.S. Geological Survey, 3D Elevation Program.",
        "confidence": "model_derived_topographic_estimate",
        "last_checked": "2026-05-14",
        "last_generated": "2026-05-14",
        "ai_answer_rule": "Describe as model-derived USGS 3DEP elevation sampled along Scout open route geometry; values may differ from guidebook profiles or surveyed summits."
      },
      "geometry": {
        "type": "Point",
        "coordinates": [
          -80.98224,
          37.160209
        ]
      }
    },
    {
      "type": "Feature",
      "properties": {
        "sample_id": "elev-va-1mi-131",
        "trail": "Appalachian Trail",
        "route_id": "at-mvp2-va-damascus-harpers-ferry-open-2026",
        "mile_nobo_global_est": 590,
        "mile_nobo_va": 131,
        "mile_sobo_va": 416,
        "lat": 37.153167,
        "lon": -80.975802,
        "interval_miles": 1,
        "elevation_ft": 2585.6,
        "source_id": "usgs_3dep",
        "source_url": "https://epqs.nationalmap.gov/v1/json",
        "source": "USGS Elevation Point Query Service, interpolated from 3DEP dynamic elevation service",
        "source_license": "public_domain",
        "license_status": "public_domain",
        "attribution": "Data available from U.S. Geological Survey, 3D Elevation Program.",
        "confidence": "model_derived_topographic_estimate",
        "last_checked": "2026-05-14",
        "last_generated": "2026-05-14",
        "ai_answer_rule": "Describe as model-derived USGS 3DEP elevation sampled along Scout open route geometry; values may differ from guidebook profiles or surveyed summits."
      },
      "geometry": {
        "type": "Point",
        "coordinates": [
          -80.975802,
          37.153167
        ]
      }
    },
    {
      "type": "Feature",
      "properties": {
        "sample_id": "elev-va-1mi-132",
        "trail": "Appalachian Trail",
        "route_id": "at-mvp2-va-damascus-harpers-ferry-open-2026",
        "mile_nobo_global_est": 591,
        "mile_nobo_va": 132,
        "mile_sobo_va": 415,
        "lat": 37.156913,
        "lon": -80.960955,
        "interval_miles": 1,
        "elevation_ft": 2178.8,
        "source_id": "usgs_3dep",
        "source_url": "https://epqs.nationalmap.gov/v1/json",
        "source": "USGS Elevation Point Query Service, interpolated from 3DEP dynamic elevation service",
        "source_license": "public_domain",
        "license_status": "public_domain",
        "attribution": "Data available from U.S. Geological Survey, 3D Elevation Program.",
        "confidence": "model_derived_topographic_estimate",
        "last_checked": "2026-05-14",
        "last_generated": "2026-05-14",
        "ai_answer_rule": "Describe as model-derived USGS 3DEP elevation sampled along Scout open route geometry; values may differ from guidebook profiles or surveyed summits."
      },
      "geometry": {
        "type": "Point",
        "coordinates": [
          -80.960955,
          37.156913
        ]
      }
    },
    {
      "type": "Feature",
      "properties": {
        "sample_id": "elev-va-1mi-133",
        "trail": "Appalachian Trail",
        "route_id": "at-mvp2-va-damascus-harpers-ferry-open-2026",
        "mile_nobo_global_est": 592,
        "mile_nobo_va": 133,
        "mile_sobo_va": 414,
        "lat": 37.153879,
        "lon": -80.954952,
        "interval_miles": 1,
        "elevation_ft": 2717.8,
        "source_id": "usgs_3dep",
        "source_url": "https://epqs.nationalmap.gov/v1/json",
        "source": "USGS Elevation Point Query Service, interpolated from 3DEP dynamic elevation service",
        "source_license": "public_domain",
        "license_status": "public_domain",
        "attribution": "Data available from U.S. Geological Survey, 3D Elevation Program.",
        "confidence": "model_derived_topographic_estimate",
        "last_checked": "2026-05-14",
        "last_generated": "2026-05-14",
        "ai_answer_rule": "Describe as model-derived USGS 3DEP elevation sampled along Scout open route geometry; values may differ from guidebook profiles or surveyed summits."
      },
      "geometry": {
        "type": "Point",
        "coordinates": [
          -80.954952,
          37.153879
        ]
      }
    },
    {
      "type": "Feature",
      "properties": {
        "sample_id": "elev-va-1mi-134",
        "trail": "Appalachian Trail",
        "route_id": "at-mvp2-va-damascus-harpers-ferry-open-2026",
        "mile_nobo_global_est": 593,
        "mile_nobo_va": 134,
        "mile_sobo_va": 413,
        "lat": 37.157956,
        "lon": -80.938446,
        "interval_miles": 1,
        "elevation_ft": 2906.7,
        "source_id": "usgs_3dep",
        "source_url": "https://epqs.nationalmap.gov/v1/json",
        "source": "USGS Elevation Point Query Service, interpolated from 3DEP dynamic elevation service",
        "source_license": "public_domain",
        "license_status": "public_domain",
        "attribution": "Data available from U.S. Geological Survey, 3D Elevation Program.",
        "confidence": "model_derived_topographic_estimate",
        "last_checked": "2026-05-14",
        "last_generated": "2026-05-14",
        "ai_answer_rule": "Describe as model-derived USGS 3DEP elevation sampled along Scout open route geometry; values may differ from guidebook profiles or surveyed summits."
      },
      "geometry": {
        "type": "Point",
        "coordinates": [
          -80.938446,
          37.157956
        ]
      }
    },
    {
      "type": "Feature",
      "properties": {
        "sample_id": "elev-va-1mi-135",
        "trail": "Appalachian Trail",
        "route_id": "at-mvp2-va-damascus-harpers-ferry-open-2026",
        "mile_nobo_global_est": 594,
        "mile_nobo_va": 135,
        "mile_sobo_va": 412,
        "lat": 37.161616,
        "lon": -80.922099,
        "interval_miles": 1,
        "elevation_ft": 2661.1,
        "source_id": "usgs_3dep",
        "source_url": "https://epqs.nationalmap.gov/v1/json",
        "source": "USGS Elevation Point Query Service, interpolated from 3DEP dynamic elevation service",
        "source_license": "public_domain",
        "license_status": "public_domain",
        "attribution": "Data available from U.S. Geological Survey, 3D Elevation Program.",
        "confidence": "model_derived_topographic_estimate",
        "last_checked": "2026-05-14",
        "last_generated": "2026-05-14",
        "ai_answer_rule": "Describe as model-derived USGS 3DEP elevation sampled along Scout open route geometry; values may differ from guidebook profiles or surveyed summits."
      },
      "geometry": {
        "type": "Point",
        "coordinates": [
          -80.922099,
          37.161616
        ]
      }
    },
    {
      "type": "Feature",
      "properties": {
        "sample_id": "elev-va-1mi-136",
        "trail": "Appalachian Trail",
        "route_id": "at-mvp2-va-damascus-harpers-ferry-open-2026",
        "mile_nobo_global_est": 595,
        "mile_nobo_va": 136,
        "mile_sobo_va": 411,
        "lat": 37.167371,
        "lon": -80.910317,
        "interval_miles": 1,
        "elevation_ft": 2413.1,
        "source_id": "usgs_3dep",
        "source_url": "https://epqs.nationalmap.gov/v1/json",
        "source": "USGS Elevation Point Query Service, interpolated from 3DEP dynamic elevation service",
        "source_license": "public_domain",
        "license_status": "public_domain",
        "attribution": "Data available from U.S. Geological Survey, 3D Elevation Program.",
        "confidence": "model_derived_topographic_estimate",
        "last_checked": "2026-05-14",
        "last_generated": "2026-05-14",
        "ai_answer_rule": "Describe as model-derived USGS 3DEP elevation sampled along Scout open route geometry; values may differ from guidebook profiles or surveyed summits."
      },
      "geometry": {
        "type": "Point",
        "coordinates": [
          -80.910317,
          37.167371
        ]
      }
    },
    {
      "type": "Feature",
      "properties": {
        "sample_id": "elev-va-1mi-137",
        "trail": "Appalachian Trail",
        "route_id": "at-mvp2-va-damascus-harpers-ferry-open-2026",
        "mile_nobo_global_est": 596,
        "mile_nobo_va": 137,
        "mile_sobo_va": 410,
        "lat": 37.169936,
        "lon": -80.903172,
        "interval_miles": 1,
        "elevation_ft": 2044.5,
        "source_id": "usgs_3dep",
        "source_url": "https://epqs.nationalmap.gov/v1/json",
        "source": "USGS Elevation Point Query Service, interpolated from 3DEP dynamic elevation service",
        "source_license": "public_domain",
        "license_status": "public_domain",
        "attribution": "Data available from U.S. Geological Survey, 3D Elevation Program.",
        "confidence": "model_derived_topographic_estimate",
        "last_checked": "2026-05-14",
        "last_generated": "2026-05-14",
        "ai_answer_rule": "Describe as model-derived USGS 3DEP elevation sampled along Scout open route geometry; values may differ from guidebook profiles or surveyed summits."
      },
      "geometry": {
        "type": "Point",
        "coordinates": [
          -80.903172,
          37.169936
        ]
      }
    },
    {
      "type": "Feature",
      "properties": {
        "sample_id": "elev-va-1mi-138",
        "trail": "Appalachian Trail",
        "route_id": "at-mvp2-va-damascus-harpers-ferry-open-2026",
        "mile_nobo_global_est": 597,
        "mile_nobo_va": 138,
        "mile_sobo_va": 409,
        "lat": 37.176964,
        "lon": -80.901597,
        "interval_miles": 1,
        "elevation_ft": 2348.3,
        "source_id": "usgs_3dep",
        "source_url": "https://epqs.nationalmap.gov/v1/json",
        "source": "USGS Elevation Point Query Service, interpolated from 3DEP dynamic elevation service",
        "source_license": "public_domain",
        "license_status": "public_domain",
        "attribution": "Data available from U.S. Geological Survey, 3D Elevation Program.",
        "confidence": "model_derived_topographic_estimate",
        "last_checked": "2026-05-14",
        "last_generated": "2026-05-14",
        "ai_answer_rule": "Describe as model-derived USGS 3DEP elevation sampled along Scout open route geometry; values may differ from guidebook profiles or surveyed summits."
      },
      "geometry": {
        "type": "Point",
        "coordinates": [
          -80.901597,
          37.176964
        ]
      }
    },
    {
      "type": "Feature",
      "properties": {
        "sample_id": "elev-va-1mi-139",
        "trail": "Appalachian Trail",
        "route_id": "at-mvp2-va-damascus-harpers-ferry-open-2026",
        "mile_nobo_global_est": 598,
        "mile_nobo_va": 139,
        "mile_sobo_va": 408,
        "lat": 37.186607,
        "lon": -80.896072,
        "interval_miles": 1,
        "elevation_ft": 2349.9,
        "source_id": "usgs_3dep",
        "source_url": "https://epqs.nationalmap.gov/v1/json",
        "source": "USGS Elevation Point Query Service, interpolated from 3DEP dynamic elevation service",
        "source_license": "public_domain",
        "license_status": "public_domain",
        "attribution": "Data available from U.S. Geological Survey, 3D Elevation Program.",
        "confidence": "model_derived_topographic_estimate",
        "last_checked": "2026-05-14",
        "last_generated": "2026-05-14",
        "ai_answer_rule": "Describe as model-derived USGS 3DEP elevation sampled along Scout open route geometry; values may differ from guidebook profiles or surveyed summits."
      },
      "geometry": {
        "type": "Point",
        "coordinates": [
          -80.896072,
          37.186607
        ]
      }
    },
    {
      "type": "Feature",
      "properties": {
        "sample_id": "elev-va-1mi-140",
        "trail": "Appalachian Trail",
        "route_id": "at-mvp2-va-damascus-harpers-ferry-open-2026",
        "mile_nobo_global_est": 599,
        "mile_nobo_va": 140,
        "mile_sobo_va": 407,
        "lat": 37.193187,
        "lon": -80.885597,
        "interval_miles": 1,
        "elevation_ft": 2341.5,
        "source_id": "usgs_3dep",
        "source_url": "https://epqs.nationalmap.gov/v1/json",
        "source": "USGS Elevation Point Query Service, interpolated from 3DEP dynamic elevation service",
        "source_license": "public_domain",
        "license_status": "public_domain",
        "attribution": "Data available from U.S. Geological Survey, 3D Elevation Program.",
        "confidence": "model_derived_topographic_estimate",
        "last_checked": "2026-05-14",
        "last_generated": "2026-05-14",
        "ai_answer_rule": "Describe as model-derived USGS 3DEP elevation sampled along Scout open route geometry; values may differ from guidebook profiles or surveyed summits."
      },
      "geometry": {
        "type": "Point",
        "coordinates": [
          -80.885597,
          37.193187
        ]
      }
    },
    {
      "type": "Feature",
      "properties": {
        "sample_id": "elev-va-1mi-141",
        "trail": "Appalachian Trail",
        "route_id": "at-mvp2-va-damascus-harpers-ferry-open-2026",
        "mile_nobo_global_est": 600,
        "mile_nobo_va": 141,
        "mile_sobo_va": 406,
        "lat": 37.200844,
        "lon": -80.876739,
        "interval_miles": 1,
        "elevation_ft": 2431,
        "source_id": "usgs_3dep",
        "source_url": "https://epqs.nationalmap.gov/v1/json",
        "source": "USGS Elevation Point Query Service, interpolated from 3DEP dynamic elevation service",
        "source_license": "public_domain",
        "license_status": "public_domain",
        "attribution": "Data available from U.S. Geological Survey, 3D Elevation Program.",
        "confidence": "model_derived_topographic_estimate",
        "last_checked": "2026-05-14",
        "last_generated": "2026-05-14",
        "ai_answer_rule": "Describe as model-derived USGS 3DEP elevation sampled along Scout open route geometry; values may differ from guidebook profiles or surveyed summits."
      },
      "geometry": {
        "type": "Point",
        "coordinates": [
          -80.876739,
          37.200844
        ]
      }
    },
    {
      "type": "Feature",
      "properties": {
        "sample_id": "elev-va-1mi-142",
        "trail": "Appalachian Trail",
        "route_id": "at-mvp2-va-damascus-harpers-ferry-open-2026",
        "mile_nobo_global_est": 601,
        "mile_nobo_va": 142,
        "mile_sobo_va": 405,
        "lat": 37.206483,
        "lon": -80.863269,
        "interval_miles": 1,
        "elevation_ft": 2548.1,
        "source_id": "usgs_3dep",
        "source_url": "https://epqs.nationalmap.gov/v1/json",
        "source": "USGS Elevation Point Query Service, interpolated from 3DEP dynamic elevation service",
        "source_license": "public_domain",
        "license_status": "public_domain",
        "attribution": "Data available from U.S. Geological Survey, 3D Elevation Program.",
        "confidence": "model_derived_topographic_estimate",
        "last_checked": "2026-05-14",
        "last_generated": "2026-05-14",
        "ai_answer_rule": "Describe as model-derived USGS 3DEP elevation sampled along Scout open route geometry; values may differ from guidebook profiles or surveyed summits."
      },
      "geometry": {
        "type": "Point",
        "coordinates": [
          -80.863269,
          37.206483
        ]
      }
    },
    {
      "type": "Feature",
      "properties": {
        "sample_id": "elev-va-1mi-143",
        "trail": "Appalachian Trail",
        "route_id": "at-mvp2-va-damascus-harpers-ferry-open-2026",
        "mile_nobo_global_est": 602,
        "mile_nobo_va": 143,
        "mile_sobo_va": 404,
        "lat": 37.2152,
        "lon": -80.852985,
        "interval_miles": 1,
        "elevation_ft": 2446.7,
        "source_id": "usgs_3dep",
        "source_url": "https://epqs.nationalmap.gov/v1/json",
        "source": "USGS Elevation Point Query Service, interpolated from 3DEP dynamic elevation service",
        "source_license": "public_domain",
        "license_status": "public_domain",
        "attribution": "Data available from U.S. Geological Survey, 3D Elevation Program.",
        "confidence": "model_derived_topographic_estimate",
        "last_checked": "2026-05-14",
        "last_generated": "2026-05-14",
        "ai_answer_rule": "Describe as model-derived USGS 3DEP elevation sampled along Scout open route geometry; values may differ from guidebook profiles or surveyed summits."
      },
      "geometry": {
        "type": "Point",
        "coordinates": [
          -80.852985,
          37.2152
        ]
      }
    },
    {
      "type": "Feature",
      "properties": {
        "sample_id": "elev-va-1mi-144",
        "trail": "Appalachian Trail",
        "route_id": "at-mvp2-va-damascus-harpers-ferry-open-2026",
        "mile_nobo_global_est": 603,
        "mile_nobo_va": 144,
        "mile_sobo_va": 403,
        "lat": 37.22159,
        "lon": -80.840093,
        "interval_miles": 1,
        "elevation_ft": 2474.5,
        "source_id": "usgs_3dep",
        "source_url": "https://epqs.nationalmap.gov/v1/json",
        "source": "USGS Elevation Point Query Service, interpolated from 3DEP dynamic elevation service",
        "source_license": "public_domain",
        "license_status": "public_domain",
        "attribution": "Data available from U.S. Geological Survey, 3D Elevation Program.",
        "confidence": "model_derived_topographic_estimate",
        "last_checked": "2026-05-14",
        "last_generated": "2026-05-14",
        "ai_answer_rule": "Describe as model-derived USGS 3DEP elevation sampled along Scout open route geometry; values may differ from guidebook profiles or surveyed summits."
      },
      "geometry": {
        "type": "Point",
        "coordinates": [
          -80.840093,
          37.22159
        ]
      }
    },
    {
      "type": "Feature",
      "properties": {
        "sample_id": "elev-va-1mi-145",
        "trail": "Appalachian Trail",
        "route_id": "at-mvp2-va-damascus-harpers-ferry-open-2026",
        "mile_nobo_global_est": 604,
        "mile_nobo_va": 145,
        "mile_sobo_va": 402,
        "lat": 37.224576,
        "lon": -80.824131,
        "interval_miles": 1,
        "elevation_ft": 2602.2,
        "source_id": "usgs_3dep",
        "source_url": "https://epqs.nationalmap.gov/v1/json",
        "source": "USGS Elevation Point Query Service, interpolated from 3DEP dynamic elevation service",
        "source_license": "public_domain",
        "license_status": "public_domain",
        "attribution": "Data available from U.S. Geological Survey, 3D Elevation Program.",
        "confidence": "model_derived_topographic_estimate",
        "last_checked": "2026-05-14",
        "last_generated": "2026-05-14",
        "ai_answer_rule": "Describe as model-derived USGS 3DEP elevation sampled along Scout open route geometry; values may differ from guidebook profiles or surveyed summits."
      },
      "geometry": {
        "type": "Point",
        "coordinates": [
          -80.824131,
          37.224576
        ]
      }
    },
    {
      "type": "Feature",
      "properties": {
        "sample_id": "elev-va-1mi-146",
        "trail": "Appalachian Trail",
        "route_id": "at-mvp2-va-damascus-harpers-ferry-open-2026",
        "mile_nobo_global_est": 605,
        "mile_nobo_va": 146,
        "mile_sobo_va": 401,
        "lat": 37.231993,
        "lon": -80.809947,
        "interval_miles": 1,
        "elevation_ft": 3198.4,
        "source_id": "usgs_3dep",
        "source_url": "https://epqs.nationalmap.gov/v1/json",
        "source": "USGS Elevation Point Query Service, interpolated from 3DEP dynamic elevation service",
        "source_license": "public_domain",
        "license_status": "public_domain",
        "attribution": "Data available from U.S. Geological Survey, 3D Elevation Program.",
        "confidence": "model_derived_topographic_estimate",
        "last_checked": "2026-05-14",
        "last_generated": "2026-05-14",
        "ai_answer_rule": "Describe as model-derived USGS 3DEP elevation sampled along Scout open route geometry; values may differ from guidebook profiles or surveyed summits."
      },
      "geometry": {
        "type": "Point",
        "coordinates": [
          -80.809947,
          37.231993
        ]
      }
    },
    {
      "type": "Feature",
      "properties": {
        "sample_id": "elev-va-1mi-147",
        "trail": "Appalachian Trail",
        "route_id": "at-mvp2-va-damascus-harpers-ferry-open-2026",
        "mile_nobo_global_est": 606,
        "mile_nobo_va": 147,
        "mile_sobo_va": 400,
        "lat": 37.239322,
        "lon": -80.80939,
        "interval_miles": 1,
        "elevation_ft": 3842.4,
        "source_id": "usgs_3dep",
        "source_url": "https://epqs.nationalmap.gov/v1/json",
        "source": "USGS Elevation Point Query Service, interpolated from 3DEP dynamic elevation service",
        "source_license": "public_domain",
        "license_status": "public_domain",
        "attribution": "Data available from U.S. Geological Survey, 3D Elevation Program.",
        "confidence": "model_derived_topographic_estimate",
        "last_checked": "2026-05-14",
        "last_generated": "2026-05-14",
        "ai_answer_rule": "Describe as model-derived USGS 3DEP elevation sampled along Scout open route geometry; values may differ from guidebook profiles or surveyed summits."
      },
      "geometry": {
        "type": "Point",
        "coordinates": [
          -80.80939,
          37.239322
        ]
      }
    },
    {
      "type": "Feature",
      "properties": {
        "sample_id": "elev-va-1mi-148",
        "trail": "Appalachian Trail",
        "route_id": "at-mvp2-va-damascus-harpers-ferry-open-2026",
        "mile_nobo_global_est": 607,
        "mile_nobo_va": 148,
        "mile_sobo_va": 399,
        "lat": 37.242975,
        "lon": -80.825027,
        "interval_miles": 1,
        "elevation_ft": 3824.1,
        "source_id": "usgs_3dep",
        "source_url": "https://epqs.nationalmap.gov/v1/json",
        "source": "USGS Elevation Point Query Service, interpolated from 3DEP dynamic elevation service",
        "source_license": "public_domain",
        "license_status": "public_domain",
        "attribution": "Data available from U.S. Geological Survey, 3D Elevation Program.",
        "confidence": "model_derived_topographic_estimate",
        "last_checked": "2026-05-14",
        "last_generated": "2026-05-14",
        "ai_answer_rule": "Describe as model-derived USGS 3DEP elevation sampled along Scout open route geometry; values may differ from guidebook profiles or surveyed summits."
      },
      "geometry": {
        "type": "Point",
        "coordinates": [
          -80.825027,
          37.242975
        ]
      }
    },
    {
      "type": "Feature",
      "properties": {
        "sample_id": "elev-va-1mi-149",
        "trail": "Appalachian Trail",
        "route_id": "at-mvp2-va-damascus-harpers-ferry-open-2026",
        "mile_nobo_global_est": 608,
        "mile_nobo_va": 149,
        "mile_sobo_va": 398,
        "lat": 37.24464,
        "lon": -80.842016,
        "interval_miles": 1,
        "elevation_ft": 3843.4,
        "source_id": "usgs_3dep",
        "source_url": "https://epqs.nationalmap.gov/v1/json",
        "source": "USGS Elevation Point Query Service, interpolated from 3DEP dynamic elevation service",
        "source_license": "public_domain",
        "license_status": "public_domain",
        "attribution": "Data available from U.S. Geological Survey, 3D Elevation Program.",
        "confidence": "model_derived_topographic_estimate",
        "last_checked": "2026-05-14",
        "last_generated": "2026-05-14",
        "ai_answer_rule": "Describe as model-derived USGS 3DEP elevation sampled along Scout open route geometry; values may differ from guidebook profiles or surveyed summits."
      },
      "geometry": {
        "type": "Point",
        "coordinates": [
          -80.842016,
          37.24464
        ]
      }
    },
    {
      "type": "Feature",
      "properties": {
        "sample_id": "elev-va-1mi-150",
        "trail": "Appalachian Trail",
        "route_id": "at-mvp2-va-damascus-harpers-ferry-open-2026",
        "mile_nobo_global_est": 609,
        "mile_nobo_va": 150,
        "mile_sobo_va": 397,
        "lat": 37.244263,
        "lon": -80.858382,
        "interval_miles": 1,
        "elevation_ft": 3951.6,
        "source_id": "usgs_3dep",
        "source_url": "https://epqs.nationalmap.gov/v1/json",
        "source": "USGS Elevation Point Query Service, interpolated from 3DEP dynamic elevation service",
        "source_license": "public_domain",
        "license_status": "public_domain",
        "attribution": "Data available from U.S. Geological Survey, 3D Elevation Program.",
        "confidence": "model_derived_topographic_estimate",
        "last_checked": "2026-05-14",
        "last_generated": "2026-05-14",
        "ai_answer_rule": "Describe as model-derived USGS 3DEP elevation sampled along Scout open route geometry; values may differ from guidebook profiles or surveyed summits."
      },
      "geometry": {
        "type": "Point",
        "coordinates": [
          -80.858382,
          37.244263
        ]
      }
    },
    {
      "type": "Feature",
      "properties": {
        "sample_id": "elev-va-1mi-151",
        "trail": "Appalachian Trail",
        "route_id": "at-mvp2-va-damascus-harpers-ferry-open-2026",
        "mile_nobo_global_est": 610,
        "mile_nobo_va": 151,
        "mile_sobo_va": 396,
        "lat": 37.248652,
        "lon": -80.864628,
        "interval_miles": 1,
        "elevation_ft": 3700.2,
        "source_id": "usgs_3dep",
        "source_url": "https://epqs.nationalmap.gov/v1/json",
        "source": "USGS Elevation Point Query Service, interpolated from 3DEP dynamic elevation service",
        "source_license": "public_domain",
        "license_status": "public_domain",
        "attribution": "Data available from U.S. Geological Survey, 3D Elevation Program.",
        "confidence": "model_derived_topographic_estimate",
        "last_checked": "2026-05-14",
        "last_generated": "2026-05-14",
        "ai_answer_rule": "Describe as model-derived USGS 3DEP elevation sampled along Scout open route geometry; values may differ from guidebook profiles or surveyed summits."
      },
      "geometry": {
        "type": "Point",
        "coordinates": [
          -80.864628,
          37.248652
        ]
      }
    },
    {
      "type": "Feature",
      "properties": {
        "sample_id": "elev-va-1mi-152",
        "trail": "Appalachian Trail",
        "route_id": "at-mvp2-va-damascus-harpers-ferry-open-2026",
        "mile_nobo_global_est": 611,
        "mile_nobo_va": 152,
        "mile_sobo_va": 395,
        "lat": 37.256122,
        "lon": -80.855581,
        "interval_miles": 1,
        "elevation_ft": 3370.3,
        "source_id": "usgs_3dep",
        "source_url": "https://epqs.nationalmap.gov/v1/json",
        "source": "USGS Elevation Point Query Service, interpolated from 3DEP dynamic elevation service",
        "source_license": "public_domain",
        "license_status": "public_domain",
        "attribution": "Data available from U.S. Geological Survey, 3D Elevation Program.",
        "confidence": "model_derived_topographic_estimate",
        "last_checked": "2026-05-14",
        "last_generated": "2026-05-14",
        "ai_answer_rule": "Describe as model-derived USGS 3DEP elevation sampled along Scout open route geometry; values may differ from guidebook profiles or surveyed summits."
      },
      "geometry": {
        "type": "Point",
        "coordinates": [
          -80.855581,
          37.256122
        ]
      }
    },
    {
      "type": "Feature",
      "properties": {
        "sample_id": "elev-va-1mi-153",
        "trail": "Appalachian Trail",
        "route_id": "at-mvp2-va-damascus-harpers-ferry-open-2026",
        "mile_nobo_global_est": 612,
        "mile_nobo_va": 153,
        "mile_sobo_va": 394,
        "lat": 37.259992,
        "lon": -80.841268,
        "interval_miles": 1,
        "elevation_ft": 3790.2,
        "source_id": "usgs_3dep",
        "source_url": "https://epqs.nationalmap.gov/v1/json",
        "source": "USGS Elevation Point Query Service, interpolated from 3DEP dynamic elevation service",
        "source_license": "public_domain",
        "license_status": "public_domain",
        "attribution": "Data available from U.S. Geological Survey, 3D Elevation Program.",
        "confidence": "model_derived_topographic_estimate",
        "last_checked": "2026-05-14",
        "last_generated": "2026-05-14",
        "ai_answer_rule": "Describe as model-derived USGS 3DEP elevation sampled along Scout open route geometry; values may differ from guidebook profiles or surveyed summits."
      },
      "geometry": {
        "type": "Point",
        "coordinates": [
          -80.841268,
          37.259992
        ]
      }
    },
    {
      "type": "Feature",
      "properties": {
        "sample_id": "elev-va-1mi-154",
        "trail": "Appalachian Trail",
        "route_id": "at-mvp2-va-damascus-harpers-ferry-open-2026",
        "mile_nobo_global_est": 613,
        "mile_nobo_va": 154,
        "mile_sobo_va": 393,
        "lat": 37.270199,
        "lon": -80.838342,
        "interval_miles": 1,
        "elevation_ft": 3574.7,
        "source_id": "usgs_3dep",
        "source_url": "https://epqs.nationalmap.gov/v1/json",
        "source": "USGS Elevation Point Query Service, interpolated from 3DEP dynamic elevation service",
        "source_license": "public_domain",
        "license_status": "public_domain",
        "attribution": "Data available from U.S. Geological Survey, 3D Elevation Program.",
        "confidence": "model_derived_topographic_estimate",
        "last_checked": "2026-05-14",
        "last_generated": "2026-05-14",
        "ai_answer_rule": "Describe as model-derived USGS 3DEP elevation sampled along Scout open route geometry; values may differ from guidebook profiles or surveyed summits."
      },
      "geometry": {
        "type": "Point",
        "coordinates": [
          -80.838342,
          37.270199
        ]
      }
    },
    {
      "type": "Feature",
      "properties": {
        "sample_id": "elev-va-1mi-155",
        "trail": "Appalachian Trail",
        "route_id": "at-mvp2-va-damascus-harpers-ferry-open-2026",
        "mile_nobo_global_est": 614,
        "mile_nobo_va": 155,
        "mile_sobo_va": 392,
        "lat": 37.276183,
        "lon": -80.824477,
        "interval_miles": 1,
        "elevation_ft": 3470,
        "source_id": "usgs_3dep",
        "source_url": "https://epqs.nationalmap.gov/v1/json",
        "source": "USGS Elevation Point Query Service, interpolated from 3DEP dynamic elevation service",
        "source_license": "public_domain",
        "license_status": "public_domain",
        "attribution": "Data available from U.S. Geological Survey, 3D Elevation Program.",
        "confidence": "model_derived_topographic_estimate",
        "last_checked": "2026-05-14",
        "last_generated": "2026-05-14",
        "ai_answer_rule": "Describe as model-derived USGS 3DEP elevation sampled along Scout open route geometry; values may differ from guidebook profiles or surveyed summits."
      },
      "geometry": {
        "type": "Point",
        "coordinates": [
          -80.824477,
          37.276183
        ]
      }
    },
    {
      "type": "Feature",
      "properties": {
        "sample_id": "elev-va-1mi-156",
        "trail": "Appalachian Trail",
        "route_id": "at-mvp2-va-damascus-harpers-ferry-open-2026",
        "mile_nobo_global_est": 615,
        "mile_nobo_va": 156,
        "mile_sobo_va": 391,
        "lat": 37.283015,
        "lon": -80.810692,
        "interval_miles": 1,
        "elevation_ft": 3312.2,
        "source_id": "usgs_3dep",
        "source_url": "https://epqs.nationalmap.gov/v1/json",
        "source": "USGS Elevation Point Query Service, interpolated from 3DEP dynamic elevation service",
        "source_license": "public_domain",
        "license_status": "public_domain",
        "attribution": "Data available from U.S. Geological Survey, 3D Elevation Program.",
        "confidence": "model_derived_topographic_estimate",
        "last_checked": "2026-05-14",
        "last_generated": "2026-05-14",
        "ai_answer_rule": "Describe as model-derived USGS 3DEP elevation sampled along Scout open route geometry; values may differ from guidebook profiles or surveyed summits."
      },
      "geometry": {
        "type": "Point",
        "coordinates": [
          -80.810692,
          37.283015
        ]
      }
    },
    {
      "type": "Feature",
      "properties": {
        "sample_id": "elev-va-1mi-157",
        "trail": "Appalachian Trail",
        "route_id": "at-mvp2-va-damascus-harpers-ferry-open-2026",
        "mile_nobo_global_est": 616,
        "mile_nobo_va": 157,
        "mile_sobo_va": 390,
        "lat": 37.288701,
        "lon": -80.797911,
        "interval_miles": 1,
        "elevation_ft": 3145.7,
        "source_id": "usgs_3dep",
        "source_url": "https://epqs.nationalmap.gov/v1/json",
        "source": "USGS Elevation Point Query Service, interpolated from 3DEP dynamic elevation service",
        "source_license": "public_domain",
        "license_status": "public_domain",
        "attribution": "Data available from U.S. Geological Survey, 3D Elevation Program.",
        "confidence": "model_derived_topographic_estimate",
        "last_checked": "2026-05-14",
        "last_generated": "2026-05-14",
        "ai_answer_rule": "Describe as model-derived USGS 3DEP elevation sampled along Scout open route geometry; values may differ from guidebook profiles or surveyed summits."
      },
      "geometry": {
        "type": "Point",
        "coordinates": [
          -80.797911,
          37.288701
        ]
      }
    },
    {
      "type": "Feature",
      "properties": {
        "sample_id": "elev-va-1mi-158",
        "trail": "Appalachian Trail",
        "route_id": "at-mvp2-va-damascus-harpers-ferry-open-2026",
        "mile_nobo_global_est": 617,
        "mile_nobo_va": 158,
        "mile_sobo_va": 389,
        "lat": 37.29461,
        "lon": -80.782486,
        "interval_miles": 1,
        "elevation_ft": 3459.5,
        "source_id": "usgs_3dep",
        "source_url": "https://epqs.nationalmap.gov/v1/json",
        "source": "USGS Elevation Point Query Service, interpolated from 3DEP dynamic elevation service",
        "source_license": "public_domain",
        "license_status": "public_domain",
        "attribution": "Data available from U.S. Geological Survey, 3D Elevation Program.",
        "confidence": "model_derived_topographic_estimate",
        "last_checked": "2026-05-14",
        "last_generated": "2026-05-14",
        "ai_answer_rule": "Describe as model-derived USGS 3DEP elevation sampled along Scout open route geometry; values may differ from guidebook profiles or surveyed summits."
      },
      "geometry": {
        "type": "Point",
        "coordinates": [
          -80.782486,
          37.29461
        ]
      }
    },
    {
      "type": "Feature",
      "properties": {
        "sample_id": "elev-va-1mi-159",
        "trail": "Appalachian Trail",
        "route_id": "at-mvp2-va-damascus-harpers-ferry-open-2026",
        "mile_nobo_global_est": 618,
        "mile_nobo_va": 159,
        "mile_sobo_va": 388,
        "lat": 37.303045,
        "lon": -80.768421,
        "interval_miles": 1,
        "elevation_ft": 3640.1,
        "source_id": "usgs_3dep",
        "source_url": "https://epqs.nationalmap.gov/v1/json",
        "source": "USGS Elevation Point Query Service, interpolated from 3DEP dynamic elevation service",
        "source_license": "public_domain",
        "license_status": "public_domain",
        "attribution": "Data available from U.S. Geological Survey, 3D Elevation Program.",
        "confidence": "model_derived_topographic_estimate",
        "last_checked": "2026-05-14",
        "last_generated": "2026-05-14",
        "ai_answer_rule": "Describe as model-derived USGS 3DEP elevation sampled along Scout open route geometry; values may differ from guidebook profiles or surveyed summits."
      },
      "geometry": {
        "type": "Point",
        "coordinates": [
          -80.768421,
          37.303045
        ]
      }
    },
    {
      "type": "Feature",
      "properties": {
        "sample_id": "elev-va-1mi-160",
        "trail": "Appalachian Trail",
        "route_id": "at-mvp2-va-damascus-harpers-ferry-open-2026",
        "mile_nobo_global_est": 619,
        "mile_nobo_va": 160,
        "mile_sobo_va": 387,
        "lat": 37.312059,
        "lon": -80.756185,
        "interval_miles": 1,
        "elevation_ft": 3693.6,
        "source_id": "usgs_3dep",
        "source_url": "https://epqs.nationalmap.gov/v1/json",
        "source": "USGS Elevation Point Query Service, interpolated from 3DEP dynamic elevation service",
        "source_license": "public_domain",
        "license_status": "public_domain",
        "attribution": "Data available from U.S. Geological Survey, 3D Elevation Program.",
        "confidence": "model_derived_topographic_estimate",
        "last_checked": "2026-05-14",
        "last_generated": "2026-05-14",
        "ai_answer_rule": "Describe as model-derived USGS 3DEP elevation sampled along Scout open route geometry; values may differ from guidebook profiles or surveyed summits."
      },
      "geometry": {
        "type": "Point",
        "coordinates": [
          -80.756185,
          37.312059
        ]
      }
    },
    {
      "type": "Feature",
      "properties": {
        "sample_id": "elev-va-1mi-161",
        "trail": "Appalachian Trail",
        "route_id": "at-mvp2-va-damascus-harpers-ferry-open-2026",
        "mile_nobo_global_est": 620,
        "mile_nobo_va": 161,
        "mile_sobo_va": 386,
        "lat": 37.320526,
        "lon": -80.756,
        "interval_miles": 1,
        "elevation_ft": 2963.1,
        "source_id": "usgs_3dep",
        "source_url": "https://epqs.nationalmap.gov/v1/json",
        "source": "USGS Elevation Point Query Service, interpolated from 3DEP dynamic elevation service",
        "source_license": "public_domain",
        "license_status": "public_domain",
        "attribution": "Data available from U.S. Geological Survey, 3D Elevation Program.",
        "confidence": "model_derived_topographic_estimate",
        "last_checked": "2026-05-14",
        "last_generated": "2026-05-14",
        "ai_answer_rule": "Describe as model-derived USGS 3DEP elevation sampled along Scout open route geometry; values may differ from guidebook profiles or surveyed summits."
      },
      "geometry": {
        "type": "Point",
        "coordinates": [
          -80.756,
          37.320526
        ]
      }
    },
    {
      "type": "Feature",
      "properties": {
        "sample_id": "elev-va-1mi-162",
        "trail": "Appalachian Trail",
        "route_id": "at-mvp2-va-damascus-harpers-ferry-open-2026",
        "mile_nobo_global_est": 621,
        "mile_nobo_va": 162,
        "mile_sobo_va": 385,
        "lat": 37.325901,
        "lon": -80.75175,
        "interval_miles": 1,
        "elevation_ft": 2297.6,
        "source_id": "usgs_3dep",
        "source_url": "https://epqs.nationalmap.gov/v1/json",
        "source": "USGS Elevation Point Query Service, interpolated from 3DEP dynamic elevation service",
        "source_license": "public_domain",
        "license_status": "public_domain",
        "attribution": "Data available from U.S. Geological Survey, 3D Elevation Program.",
        "confidence": "model_derived_topographic_estimate",
        "last_checked": "2026-05-14",
        "last_generated": "2026-05-14",
        "ai_answer_rule": "Describe as model-derived USGS 3DEP elevation sampled along Scout open route geometry; values may differ from guidebook profiles or surveyed summits."
      },
      "geometry": {
        "type": "Point",
        "coordinates": [
          -80.75175,
          37.325901
        ]
      }
    },
    {
      "type": "Feature",
      "properties": {
        "sample_id": "elev-va-1mi-163",
        "trail": "Appalachian Trail",
        "route_id": "at-mvp2-va-damascus-harpers-ferry-open-2026",
        "mile_nobo_global_est": 622,
        "mile_nobo_va": 163,
        "mile_sobo_va": 384,
        "lat": 37.332689,
        "lon": -80.757932,
        "interval_miles": 1,
        "elevation_ft": 1894.9,
        "source_id": "usgs_3dep",
        "source_url": "https://epqs.nationalmap.gov/v1/json",
        "source": "USGS Elevation Point Query Service, interpolated from 3DEP dynamic elevation service",
        "source_license": "public_domain",
        "license_status": "public_domain",
        "attribution": "Data available from U.S. Geological Survey, 3D Elevation Program.",
        "confidence": "model_derived_topographic_estimate",
        "last_checked": "2026-05-14",
        "last_generated": "2026-05-14",
        "ai_answer_rule": "Describe as model-derived USGS 3DEP elevation sampled along Scout open route geometry; values may differ from guidebook profiles or surveyed summits."
      },
      "geometry": {
        "type": "Point",
        "coordinates": [
          -80.757932,
          37.332689
        ]
      }
    },
    {
      "type": "Feature",
      "properties": {
        "sample_id": "elev-va-1mi-164",
        "trail": "Appalachian Trail",
        "route_id": "at-mvp2-va-damascus-harpers-ferry-open-2026",
        "mile_nobo_global_est": 623,
        "mile_nobo_va": 164,
        "mile_sobo_va": 383,
        "lat": 37.3413,
        "lon": -80.759066,
        "interval_miles": 1,
        "elevation_ft": 1604,
        "source_id": "usgs_3dep",
        "source_url": "https://epqs.nationalmap.gov/v1/json",
        "source": "USGS Elevation Point Query Service, interpolated from 3DEP dynamic elevation service",
        "source_license": "public_domain",
        "license_status": "public_domain",
        "attribution": "Data available from U.S. Geological Survey, 3D Elevation Program.",
        "confidence": "model_derived_topographic_estimate",
        "last_checked": "2026-05-14",
        "last_generated": "2026-05-14",
        "ai_answer_rule": "Describe as model-derived USGS 3DEP elevation sampled along Scout open route geometry; values may differ from guidebook profiles or surveyed summits."
      },
      "geometry": {
        "type": "Point",
        "coordinates": [
          -80.759066,
          37.3413
        ]
      }
    },
    {
      "type": "Feature",
      "properties": {
        "sample_id": "elev-va-1mi-165",
        "trail": "Appalachian Trail",
        "route_id": "at-mvp2-va-damascus-harpers-ferry-open-2026",
        "mile_nobo_global_est": 624,
        "mile_nobo_va": 165,
        "mile_sobo_va": 382,
        "lat": 37.34622,
        "lon": -80.747082,
        "interval_miles": 1,
        "elevation_ft": 1675.2,
        "source_id": "usgs_3dep",
        "source_url": "https://epqs.nationalmap.gov/v1/json",
        "source": "USGS Elevation Point Query Service, interpolated from 3DEP dynamic elevation service",
        "source_license": "public_domain",
        "license_status": "public_domain",
        "attribution": "Data available from U.S. Geological Survey, 3D Elevation Program.",
        "confidence": "model_derived_topographic_estimate",
        "last_checked": "2026-05-14",
        "last_generated": "2026-05-14",
        "ai_answer_rule": "Describe as model-derived USGS 3DEP elevation sampled along Scout open route geometry; values may differ from guidebook profiles or surveyed summits."
      },
      "geometry": {
        "type": "Point",
        "coordinates": [
          -80.747082,
          37.34622
        ]
      }
    },
    {
      "type": "Feature",
      "properties": {
        "sample_id": "elev-va-1mi-166",
        "trail": "Appalachian Trail",
        "route_id": "at-mvp2-va-damascus-harpers-ferry-open-2026",
        "mile_nobo_global_est": 625,
        "mile_nobo_va": 166,
        "mile_sobo_va": 381,
        "lat": 37.356754,
        "lon": -80.751569,
        "interval_miles": 1,
        "elevation_ft": 2033.4,
        "source_id": "usgs_3dep",
        "source_url": "https://epqs.nationalmap.gov/v1/json",
        "source": "USGS Elevation Point Query Service, interpolated from 3DEP dynamic elevation service",
        "source_license": "public_domain",
        "license_status": "public_domain",
        "attribution": "Data available from U.S. Geological Survey, 3D Elevation Program.",
        "confidence": "model_derived_topographic_estimate",
        "last_checked": "2026-05-14",
        "last_generated": "2026-05-14",
        "ai_answer_rule": "Describe as model-derived USGS 3DEP elevation sampled along Scout open route geometry; values may differ from guidebook profiles or surveyed summits."
      },
      "geometry": {
        "type": "Point",
        "coordinates": [
          -80.751569,
          37.356754
        ]
      }
    },
    {
      "type": "Feature",
      "properties": {
        "sample_id": "elev-va-1mi-167",
        "trail": "Appalachian Trail",
        "route_id": "at-mvp2-va-damascus-harpers-ferry-open-2026",
        "mile_nobo_global_est": 626,
        "mile_nobo_va": 167,
        "mile_sobo_va": 380,
        "lat": 37.361517,
        "lon": -80.750614,
        "interval_miles": 1,
        "elevation_ft": 2503.2,
        "source_id": "usgs_3dep",
        "source_url": "https://epqs.nationalmap.gov/v1/json",
        "source": "USGS Elevation Point Query Service, interpolated from 3DEP dynamic elevation service",
        "source_license": "public_domain",
        "license_status": "public_domain",
        "attribution": "Data available from U.S. Geological Survey, 3D Elevation Program.",
        "confidence": "model_derived_topographic_estimate",
        "last_checked": "2026-05-14",
        "last_generated": "2026-05-14",
        "ai_answer_rule": "Describe as model-derived USGS 3DEP elevation sampled along Scout open route geometry; values may differ from guidebook profiles or surveyed summits."
      },
      "geometry": {
        "type": "Point",
        "coordinates": [
          -80.750614,
          37.361517
        ]
      }
    },
    {
      "type": "Feature",
      "properties": {
        "sample_id": "elev-va-1mi-168",
        "trail": "Appalachian Trail",
        "route_id": "at-mvp2-va-damascus-harpers-ferry-open-2026",
        "mile_nobo_global_est": 627,
        "mile_nobo_va": 168,
        "mile_sobo_va": 379,
        "lat": 37.367193,
        "lon": -80.749437,
        "interval_miles": 1,
        "elevation_ft": 2339,
        "source_id": "usgs_3dep",
        "source_url": "https://epqs.nationalmap.gov/v1/json",
        "source": "USGS Elevation Point Query Service, interpolated from 3DEP dynamic elevation service",
        "source_license": "public_domain",
        "license_status": "public_domain",
        "attribution": "Data available from U.S. Geological Survey, 3D Elevation Program.",
        "confidence": "model_derived_topographic_estimate",
        "last_checked": "2026-05-14",
        "last_generated": "2026-05-14",
        "ai_answer_rule": "Describe as model-derived USGS 3DEP elevation sampled along Scout open route geometry; values may differ from guidebook profiles or surveyed summits."
      },
      "geometry": {
        "type": "Point",
        "coordinates": [
          -80.749437,
          37.367193
        ]
      }
    },
    {
      "type": "Feature",
      "properties": {
        "sample_id": "elev-va-1mi-169",
        "trail": "Appalachian Trail",
        "route_id": "at-mvp2-va-damascus-harpers-ferry-open-2026",
        "mile_nobo_global_est": 628,
        "mile_nobo_va": 169,
        "mile_sobo_va": 378,
        "lat": 37.37436,
        "lon": -80.74474,
        "interval_miles": 1,
        "elevation_ft": 2810,
        "source_id": "usgs_3dep",
        "source_url": "https://epqs.nationalmap.gov/v1/json",
        "source": "USGS Elevation Point Query Service, interpolated from 3DEP dynamic elevation service",
        "source_license": "public_domain",
        "license_status": "public_domain",
        "attribution": "Data available from U.S. Geological Survey, 3D Elevation Program.",
        "confidence": "model_derived_topographic_estimate",
        "last_checked": "2026-05-14",
        "last_generated": "2026-05-14",
        "ai_answer_rule": "Describe as model-derived USGS 3DEP elevation sampled along Scout open route geometry; values may differ from guidebook profiles or surveyed summits."
      },
      "geometry": {
        "type": "Point",
        "coordinates": [
          -80.74474,
          37.37436
        ]
      }
    },
    {
      "type": "Feature",
      "properties": {
        "sample_id": "elev-va-1mi-170",
        "trail": "Appalachian Trail",
        "route_id": "at-mvp2-va-damascus-harpers-ferry-open-2026",
        "mile_nobo_global_est": 629,
        "mile_nobo_va": 170,
        "mile_sobo_va": 377,
        "lat": 37.373499,
        "lon": -80.758338,
        "interval_miles": 1,
        "elevation_ft": 3255.4,
        "source_id": "usgs_3dep",
        "source_url": "https://epqs.nationalmap.gov/v1/json",
        "source": "USGS Elevation Point Query Service, interpolated from 3DEP dynamic elevation service",
        "source_license": "public_domain",
        "license_status": "public_domain",
        "attribution": "Data available from U.S. Geological Survey, 3D Elevation Program.",
        "confidence": "model_derived_topographic_estimate",
        "last_checked": "2026-05-14",
        "last_generated": "2026-05-14",
        "ai_answer_rule": "Describe as model-derived USGS 3DEP elevation sampled along Scout open route geometry; values may differ from guidebook profiles or surveyed summits."
      },
      "geometry": {
        "type": "Point",
        "coordinates": [
          -80.758338,
          37.373499
        ]
      }
    },
    {
      "type": "Feature",
      "properties": {
        "sample_id": "elev-va-1mi-171",
        "trail": "Appalachian Trail",
        "route_id": "at-mvp2-va-damascus-harpers-ferry-open-2026",
        "mile_nobo_global_est": 630,
        "mile_nobo_va": 171,
        "mile_sobo_va": 376,
        "lat": 37.379844,
        "lon": -80.74771,
        "interval_miles": 1,
        "elevation_ft": 3358.9,
        "source_id": "usgs_3dep",
        "source_url": "https://epqs.nationalmap.gov/v1/json",
        "source": "USGS Elevation Point Query Service, interpolated from 3DEP dynamic elevation service",
        "source_license": "public_domain",
        "license_status": "public_domain",
        "attribution": "Data available from U.S. Geological Survey, 3D Elevation Program.",
        "confidence": "model_derived_topographic_estimate",
        "last_checked": "2026-05-14",
        "last_generated": "2026-05-14",
        "ai_answer_rule": "Describe as model-derived USGS 3DEP elevation sampled along Scout open route geometry; values may differ from guidebook profiles or surveyed summits."
      },
      "geometry": {
        "type": "Point",
        "coordinates": [
          -80.74771,
          37.379844
        ]
      }
    },
    {
      "type": "Feature",
      "properties": {
        "sample_id": "elev-va-1mi-172",
        "trail": "Appalachian Trail",
        "route_id": "at-mvp2-va-damascus-harpers-ferry-open-2026",
        "mile_nobo_global_est": 631,
        "mile_nobo_va": 172,
        "mile_sobo_va": 375,
        "lat": 37.383979,
        "lon": -80.732922,
        "interval_miles": 1,
        "elevation_ft": 3418.9,
        "source_id": "usgs_3dep",
        "source_url": "https://epqs.nationalmap.gov/v1/json",
        "source": "USGS Elevation Point Query Service, interpolated from 3DEP dynamic elevation service",
        "source_license": "public_domain",
        "license_status": "public_domain",
        "attribution": "Data available from U.S. Geological Survey, 3D Elevation Program.",
        "confidence": "model_derived_topographic_estimate",
        "last_checked": "2026-05-14",
        "last_generated": "2026-05-14",
        "ai_answer_rule": "Describe as model-derived USGS 3DEP elevation sampled along Scout open route geometry; values may differ from guidebook profiles or surveyed summits."
      },
      "geometry": {
        "type": "Point",
        "coordinates": [
          -80.732922,
          37.383979
        ]
      }
    },
    {
      "type": "Feature",
      "properties": {
        "sample_id": "elev-va-1mi-173",
        "trail": "Appalachian Trail",
        "route_id": "at-mvp2-va-damascus-harpers-ferry-open-2026",
        "mile_nobo_global_est": 632,
        "mile_nobo_va": 173,
        "mile_sobo_va": 374,
        "lat": 37.38901,
        "lon": -80.717827,
        "interval_miles": 1,
        "elevation_ft": 3350.2,
        "source_id": "usgs_3dep",
        "source_url": "https://epqs.nationalmap.gov/v1/json",
        "source": "USGS Elevation Point Query Service, interpolated from 3DEP dynamic elevation service",
        "source_license": "public_domain",
        "license_status": "public_domain",
        "attribution": "Data available from U.S. Geological Survey, 3D Elevation Program.",
        "confidence": "model_derived_topographic_estimate",
        "last_checked": "2026-05-14",
        "last_generated": "2026-05-14",
        "ai_answer_rule": "Describe as model-derived USGS 3DEP elevation sampled along Scout open route geometry; values may differ from guidebook profiles or surveyed summits."
      },
      "geometry": {
        "type": "Point",
        "coordinates": [
          -80.717827,
          37.38901
        ]
      }
    },
    {
      "type": "Feature",
      "properties": {
        "sample_id": "elev-va-1mi-174",
        "trail": "Appalachian Trail",
        "route_id": "at-mvp2-va-damascus-harpers-ferry-open-2026",
        "mile_nobo_global_est": 633,
        "mile_nobo_va": 174,
        "mile_sobo_va": 373,
        "lat": 37.396193,
        "lon": -80.702999,
        "interval_miles": 1,
        "elevation_ft": 3353.1,
        "source_id": "usgs_3dep",
        "source_url": "https://epqs.nationalmap.gov/v1/json",
        "source": "USGS Elevation Point Query Service, interpolated from 3DEP dynamic elevation service",
        "source_license": "public_domain",
        "license_status": "public_domain",
        "attribution": "Data available from U.S. Geological Survey, 3D Elevation Program.",
        "confidence": "model_derived_topographic_estimate",
        "last_checked": "2026-05-14",
        "last_generated": "2026-05-14",
        "ai_answer_rule": "Describe as model-derived USGS 3DEP elevation sampled along Scout open route geometry; values may differ from guidebook profiles or surveyed summits."
      },
      "geometry": {
        "type": "Point",
        "coordinates": [
          -80.702999,
          37.396193
        ]
      }
    },
    {
      "type": "Feature",
      "properties": {
        "sample_id": "elev-va-1mi-175",
        "trail": "Appalachian Trail",
        "route_id": "at-mvp2-va-damascus-harpers-ferry-open-2026",
        "mile_nobo_global_est": 634,
        "mile_nobo_va": 175,
        "mile_sobo_va": 372,
        "lat": 37.403393,
        "lon": -80.688134,
        "interval_miles": 1,
        "elevation_ft": 3432.1,
        "source_id": "usgs_3dep",
        "source_url": "https://epqs.nationalmap.gov/v1/json",
        "source": "USGS Elevation Point Query Service, interpolated from 3DEP dynamic elevation service",
        "source_license": "public_domain",
        "license_status": "public_domain",
        "attribution": "Data available from U.S. Geological Survey, 3D Elevation Program.",
        "confidence": "model_derived_topographic_estimate",
        "last_checked": "2026-05-14",
        "last_generated": "2026-05-14",
        "ai_answer_rule": "Describe as model-derived USGS 3DEP elevation sampled along Scout open route geometry; values may differ from guidebook profiles or surveyed summits."
      },
      "geometry": {
        "type": "Point",
        "coordinates": [
          -80.688134,
          37.403393
        ]
      }
    },
    {
      "type": "Feature",
      "properties": {
        "sample_id": "elev-va-1mi-176",
        "trail": "Appalachian Trail",
        "route_id": "at-mvp2-va-damascus-harpers-ferry-open-2026",
        "mile_nobo_global_est": 635,
        "mile_nobo_va": 176,
        "mile_sobo_va": 371,
        "lat": 37.410402,
        "lon": -80.672851,
        "interval_miles": 1,
        "elevation_ft": 3364.1,
        "source_id": "usgs_3dep",
        "source_url": "https://epqs.nationalmap.gov/v1/json",
        "source": "USGS Elevation Point Query Service, interpolated from 3DEP dynamic elevation service",
        "source_license": "public_domain",
        "license_status": "public_domain",
        "attribution": "Data available from U.S. Geological Survey, 3D Elevation Program.",
        "confidence": "model_derived_topographic_estimate",
        "last_checked": "2026-05-14",
        "last_generated": "2026-05-14",
        "ai_answer_rule": "Describe as model-derived USGS 3DEP elevation sampled along Scout open route geometry; values may differ from guidebook profiles or surveyed summits."
      },
      "geometry": {
        "type": "Point",
        "coordinates": [
          -80.672851,
          37.410402
        ]
      }
    },
    {
      "type": "Feature",
      "properties": {
        "sample_id": "elev-va-1mi-177",
        "trail": "Appalachian Trail",
        "route_id": "at-mvp2-va-damascus-harpers-ferry-open-2026",
        "mile_nobo_global_est": 636,
        "mile_nobo_va": 177,
        "mile_sobo_va": 370,
        "lat": 37.417326,
        "lon": -80.657554,
        "interval_miles": 1,
        "elevation_ft": 3390.7,
        "source_id": "usgs_3dep",
        "source_url": "https://epqs.nationalmap.gov/v1/json",
        "source": "USGS Elevation Point Query Service, interpolated from 3DEP dynamic elevation service",
        "source_license": "public_domain",
        "license_status": "public_domain",
        "attribution": "Data available from U.S. Geological Survey, 3D Elevation Program.",
        "confidence": "model_derived_topographic_estimate",
        "last_checked": "2026-05-14",
        "last_generated": "2026-05-14",
        "ai_answer_rule": "Describe as model-derived USGS 3DEP elevation sampled along Scout open route geometry; values may differ from guidebook profiles or surveyed summits."
      },
      "geometry": {
        "type": "Point",
        "coordinates": [
          -80.657554,
          37.417326
        ]
      }
    },
    {
      "type": "Feature",
      "properties": {
        "sample_id": "elev-va-1mi-178",
        "trail": "Appalachian Trail",
        "route_id": "at-mvp2-va-damascus-harpers-ferry-open-2026",
        "mile_nobo_global_est": 637,
        "mile_nobo_va": 178,
        "mile_sobo_va": 369,
        "lat": 37.424156,
        "lon": -80.642584,
        "interval_miles": 1,
        "elevation_ft": 3356.3,
        "source_id": "usgs_3dep",
        "source_url": "https://epqs.nationalmap.gov/v1/json",
        "source": "USGS Elevation Point Query Service, interpolated from 3DEP dynamic elevation service",
        "source_license": "public_domain",
        "license_status": "public_domain",
        "attribution": "Data available from U.S. Geological Survey, 3D Elevation Program.",
        "confidence": "model_derived_topographic_estimate",
        "last_checked": "2026-05-14",
        "last_generated": "2026-05-14",
        "ai_answer_rule": "Describe as model-derived USGS 3DEP elevation sampled along Scout open route geometry; values may differ from guidebook profiles or surveyed summits."
      },
      "geometry": {
        "type": "Point",
        "coordinates": [
          -80.642584,
          37.424156
        ]
      }
    },
    {
      "type": "Feature",
      "properties": {
        "sample_id": "elev-va-1mi-179",
        "trail": "Appalachian Trail",
        "route_id": "at-mvp2-va-damascus-harpers-ferry-open-2026",
        "mile_nobo_global_est": 638,
        "mile_nobo_va": 179,
        "mile_sobo_va": 368,
        "lat": 37.432716,
        "lon": -80.630301,
        "interval_miles": 1,
        "elevation_ft": 3844.1,
        "source_id": "usgs_3dep",
        "source_url": "https://epqs.nationalmap.gov/v1/json",
        "source": "USGS Elevation Point Query Service, interpolated from 3DEP dynamic elevation service",
        "source_license": "public_domain",
        "license_status": "public_domain",
        "attribution": "Data available from U.S. Geological Survey, 3D Elevation Program.",
        "confidence": "model_derived_topographic_estimate",
        "last_checked": "2026-05-14",
        "last_generated": "2026-05-14",
        "ai_answer_rule": "Describe as model-derived USGS 3DEP elevation sampled along Scout open route geometry; values may differ from guidebook profiles or surveyed summits."
      },
      "geometry": {
        "type": "Point",
        "coordinates": [
          -80.630301,
          37.432716
        ]
      }
    },
    {
      "type": "Feature",
      "properties": {
        "sample_id": "elev-va-1mi-180",
        "trail": "Appalachian Trail",
        "route_id": "at-mvp2-va-damascus-harpers-ferry-open-2026",
        "mile_nobo_global_est": 639,
        "mile_nobo_va": 180,
        "mile_sobo_va": 367,
        "lat": 37.437798,
        "lon": -80.616941,
        "interval_miles": 1,
        "elevation_ft": 3666.3,
        "source_id": "usgs_3dep",
        "source_url": "https://epqs.nationalmap.gov/v1/json",
        "source": "USGS Elevation Point Query Service, interpolated from 3DEP dynamic elevation service",
        "source_license": "public_domain",
        "license_status": "public_domain",
        "attribution": "Data available from U.S. Geological Survey, 3D Elevation Program.",
        "confidence": "model_derived_topographic_estimate",
        "last_checked": "2026-05-14",
        "last_generated": "2026-05-14",
        "ai_answer_rule": "Describe as model-derived USGS 3DEP elevation sampled along Scout open route geometry; values may differ from guidebook profiles or surveyed summits."
      },
      "geometry": {
        "type": "Point",
        "coordinates": [
          -80.616941,
          37.437798
        ]
      }
    },
    {
      "type": "Feature",
      "properties": {
        "sample_id": "elev-va-1mi-181",
        "trail": "Appalachian Trail",
        "route_id": "at-mvp2-va-damascus-harpers-ferry-open-2026",
        "mile_nobo_global_est": 640,
        "mile_nobo_va": 181,
        "mile_sobo_va": 366,
        "lat": 37.430577,
        "lon": -80.614372,
        "interval_miles": 1,
        "elevation_ft": 3313.2,
        "source_id": "usgs_3dep",
        "source_url": "https://epqs.nationalmap.gov/v1/json",
        "source": "USGS Elevation Point Query Service, interpolated from 3DEP dynamic elevation service",
        "source_license": "public_domain",
        "license_status": "public_domain",
        "attribution": "Data available from U.S. Geological Survey, 3D Elevation Program.",
        "confidence": "model_derived_topographic_estimate",
        "last_checked": "2026-05-14",
        "last_generated": "2026-05-14",
        "ai_answer_rule": "Describe as model-derived USGS 3DEP elevation sampled along Scout open route geometry; values may differ from guidebook profiles or surveyed summits."
      },
      "geometry": {
        "type": "Point",
        "coordinates": [
          -80.614372,
          37.430577
        ]
      }
    },
    {
      "type": "Feature",
      "properties": {
        "sample_id": "elev-va-1mi-182",
        "trail": "Appalachian Trail",
        "route_id": "at-mvp2-va-damascus-harpers-ferry-open-2026",
        "mile_nobo_global_est": 641,
        "mile_nobo_va": 182,
        "mile_sobo_va": 365,
        "lat": 37.424099,
        "lon": -80.609535,
        "interval_miles": 1,
        "elevation_ft": 2693.8,
        "source_id": "usgs_3dep",
        "source_url": "https://epqs.nationalmap.gov/v1/json",
        "source": "USGS Elevation Point Query Service, interpolated from 3DEP dynamic elevation service",
        "source_license": "public_domain",
        "license_status": "public_domain",
        "attribution": "Data available from U.S. Geological Survey, 3D Elevation Program.",
        "confidence": "model_derived_topographic_estimate",
        "last_checked": "2026-05-14",
        "last_generated": "2026-05-14",
        "ai_answer_rule": "Describe as model-derived USGS 3DEP elevation sampled along Scout open route geometry; values may differ from guidebook profiles or surveyed summits."
      },
      "geometry": {
        "type": "Point",
        "coordinates": [
          -80.609535,
          37.424099
        ]
      }
    },
    {
      "type": "Feature",
      "properties": {
        "sample_id": "elev-va-1mi-183",
        "trail": "Appalachian Trail",
        "route_id": "at-mvp2-va-damascus-harpers-ferry-open-2026",
        "mile_nobo_global_est": 642,
        "mile_nobo_va": 183,
        "mile_sobo_va": 364,
        "lat": 37.423117,
        "lon": -80.60359,
        "interval_miles": 1,
        "elevation_ft": 2461.3,
        "source_id": "usgs_3dep",
        "source_url": "https://epqs.nationalmap.gov/v1/json",
        "source": "USGS Elevation Point Query Service, interpolated from 3DEP dynamic elevation service",
        "source_license": "public_domain",
        "license_status": "public_domain",
        "attribution": "Data available from U.S. Geological Survey, 3D Elevation Program.",
        "confidence": "model_derived_topographic_estimate",
        "last_checked": "2026-05-14",
        "last_generated": "2026-05-14",
        "ai_answer_rule": "Describe as model-derived USGS 3DEP elevation sampled along Scout open route geometry; values may differ from guidebook profiles or surveyed summits."
      },
      "geometry": {
        "type": "Point",
        "coordinates": [
          -80.60359,
          37.423117
        ]
      }
    },
    {
      "type": "Feature",
      "properties": {
        "sample_id": "elev-va-1mi-184",
        "trail": "Appalachian Trail",
        "route_id": "at-mvp2-va-damascus-harpers-ferry-open-2026",
        "mile_nobo_global_est": 643,
        "mile_nobo_va": 184,
        "mile_sobo_va": 363,
        "lat": 37.417756,
        "lon": -80.592613,
        "interval_miles": 1,
        "elevation_ft": 2476.3,
        "source_id": "usgs_3dep",
        "source_url": "https://epqs.nationalmap.gov/v1/json",
        "source": "USGS Elevation Point Query Service, interpolated from 3DEP dynamic elevation service",
        "source_license": "public_domain",
        "license_status": "public_domain",
        "attribution": "Data available from U.S. Geological Survey, 3D Elevation Program.",
        "confidence": "model_derived_topographic_estimate",
        "last_checked": "2026-05-14",
        "last_generated": "2026-05-14",
        "ai_answer_rule": "Describe as model-derived USGS 3DEP elevation sampled along Scout open route geometry; values may differ from guidebook profiles or surveyed summits."
      },
      "geometry": {
        "type": "Point",
        "coordinates": [
          -80.592613,
          37.417756
        ]
      }
    },
    {
      "type": "Feature",
      "properties": {
        "sample_id": "elev-va-1mi-185",
        "trail": "Appalachian Trail",
        "route_id": "at-mvp2-va-damascus-harpers-ferry-open-2026",
        "mile_nobo_global_est": 644,
        "mile_nobo_va": 185,
        "mile_sobo_va": 362,
        "lat": 37.409633,
        "lon": -80.584241,
        "interval_miles": 1,
        "elevation_ft": 2575.2,
        "source_id": "usgs_3dep",
        "source_url": "https://epqs.nationalmap.gov/v1/json",
        "source": "USGS Elevation Point Query Service, interpolated from 3DEP dynamic elevation service",
        "source_license": "public_domain",
        "license_status": "public_domain",
        "attribution": "Data available from U.S. Geological Survey, 3D Elevation Program.",
        "confidence": "model_derived_topographic_estimate",
        "last_checked": "2026-05-14",
        "last_generated": "2026-05-14",
        "ai_answer_rule": "Describe as model-derived USGS 3DEP elevation sampled along Scout open route geometry; values may differ from guidebook profiles or surveyed summits."
      },
      "geometry": {
        "type": "Point",
        "coordinates": [
          -80.584241,
          37.409633
        ]
      }
    },
    {
      "type": "Feature",
      "properties": {
        "sample_id": "elev-va-1mi-186",
        "trail": "Appalachian Trail",
        "route_id": "at-mvp2-va-damascus-harpers-ferry-open-2026",
        "mile_nobo_global_est": 645,
        "mile_nobo_va": 186,
        "mile_sobo_va": 361,
        "lat": 37.400235,
        "lon": -80.579255,
        "interval_miles": 1,
        "elevation_ft": 3434.9,
        "source_id": "usgs_3dep",
        "source_url": "https://epqs.nationalmap.gov/v1/json",
        "source": "USGS Elevation Point Query Service, interpolated from 3DEP dynamic elevation service",
        "source_license": "public_domain",
        "license_status": "public_domain",
        "attribution": "Data available from U.S. Geological Survey, 3D Elevation Program.",
        "confidence": "model_derived_topographic_estimate",
        "last_checked": "2026-05-14",
        "last_generated": "2026-05-14",
        "ai_answer_rule": "Describe as model-derived USGS 3DEP elevation sampled along Scout open route geometry; values may differ from guidebook profiles or surveyed summits."
      },
      "geometry": {
        "type": "Point",
        "coordinates": [
          -80.579255,
          37.400235
        ]
      }
    },
    {
      "type": "Feature",
      "properties": {
        "sample_id": "elev-va-1mi-187",
        "trail": "Appalachian Trail",
        "route_id": "at-mvp2-va-damascus-harpers-ferry-open-2026",
        "mile_nobo_global_est": 646,
        "mile_nobo_va": 187,
        "mile_sobo_va": 360,
        "lat": 37.401723,
        "lon": -80.565716,
        "interval_miles": 1,
        "elevation_ft": 3751.9,
        "source_id": "usgs_3dep",
        "source_url": "https://epqs.nationalmap.gov/v1/json",
        "source": "USGS Elevation Point Query Service, interpolated from 3DEP dynamic elevation service",
        "source_license": "public_domain",
        "license_status": "public_domain",
        "attribution": "Data available from U.S. Geological Survey, 3D Elevation Program.",
        "confidence": "model_derived_topographic_estimate",
        "last_checked": "2026-05-14",
        "last_generated": "2026-05-14",
        "ai_answer_rule": "Describe as model-derived USGS 3DEP elevation sampled along Scout open route geometry; values may differ from guidebook profiles or surveyed summits."
      },
      "geometry": {
        "type": "Point",
        "coordinates": [
          -80.565716,
          37.401723
        ]
      }
    },
    {
      "type": "Feature",
      "properties": {
        "sample_id": "elev-va-1mi-188",
        "trail": "Appalachian Trail",
        "route_id": "at-mvp2-va-damascus-harpers-ferry-open-2026",
        "mile_nobo_global_est": 647,
        "mile_nobo_va": 188,
        "mile_sobo_va": 359,
        "lat": 37.404492,
        "lon": -80.549014,
        "interval_miles": 1,
        "elevation_ft": 3732.1,
        "source_id": "usgs_3dep",
        "source_url": "https://epqs.nationalmap.gov/v1/json",
        "source": "USGS Elevation Point Query Service, interpolated from 3DEP dynamic elevation service",
        "source_license": "public_domain",
        "license_status": "public_domain",
        "attribution": "Data available from U.S. Geological Survey, 3D Elevation Program.",
        "confidence": "model_derived_topographic_estimate",
        "last_checked": "2026-05-14",
        "last_generated": "2026-05-14",
        "ai_answer_rule": "Describe as model-derived USGS 3DEP elevation sampled along Scout open route geometry; values may differ from guidebook profiles or surveyed summits."
      },
      "geometry": {
        "type": "Point",
        "coordinates": [
          -80.549014,
          37.404492
        ]
      }
    },
    {
      "type": "Feature",
      "properties": {
        "sample_id": "elev-va-1mi-189",
        "trail": "Appalachian Trail",
        "route_id": "at-mvp2-va-damascus-harpers-ferry-open-2026",
        "mile_nobo_global_est": 648,
        "mile_nobo_va": 189,
        "mile_sobo_va": 358,
        "lat": 37.410974,
        "lon": -80.534332,
        "interval_miles": 1,
        "elevation_ft": 3833,
        "source_id": "usgs_3dep",
        "source_url": "https://epqs.nationalmap.gov/v1/json",
        "source": "USGS Elevation Point Query Service, interpolated from 3DEP dynamic elevation service",
        "source_license": "public_domain",
        "license_status": "public_domain",
        "attribution": "Data available from U.S. Geological Survey, 3D Elevation Program.",
        "confidence": "model_derived_topographic_estimate",
        "last_checked": "2026-05-14",
        "last_generated": "2026-05-14",
        "ai_answer_rule": "Describe as model-derived USGS 3DEP elevation sampled along Scout open route geometry; values may differ from guidebook profiles or surveyed summits."
      },
      "geometry": {
        "type": "Point",
        "coordinates": [
          -80.534332,
          37.410974
        ]
      }
    },
    {
      "type": "Feature",
      "properties": {
        "sample_id": "elev-va-1mi-190",
        "trail": "Appalachian Trail",
        "route_id": "at-mvp2-va-damascus-harpers-ferry-open-2026",
        "mile_nobo_global_est": 649,
        "mile_nobo_va": 190,
        "mile_sobo_va": 357,
        "lat": 37.413659,
        "lon": -80.517785,
        "interval_miles": 1,
        "elevation_ft": 4067.1,
        "source_id": "usgs_3dep",
        "source_url": "https://epqs.nationalmap.gov/v1/json",
        "source": "USGS Elevation Point Query Service, interpolated from 3DEP dynamic elevation service",
        "source_license": "public_domain",
        "license_status": "public_domain",
        "attribution": "Data available from U.S. Geological Survey, 3D Elevation Program.",
        "confidence": "model_derived_topographic_estimate",
        "last_checked": "2026-05-14",
        "last_generated": "2026-05-14",
        "ai_answer_rule": "Describe as model-derived USGS 3DEP elevation sampled along Scout open route geometry; values may differ from guidebook profiles or surveyed summits."
      },
      "geometry": {
        "type": "Point",
        "coordinates": [
          -80.517785,
          37.413659
        ]
      }
    },
    {
      "type": "Feature",
      "properties": {
        "sample_id": "elev-va-1mi-191",
        "trail": "Appalachian Trail",
        "route_id": "at-mvp2-va-damascus-harpers-ferry-open-2026",
        "mile_nobo_global_est": 650,
        "mile_nobo_va": 191,
        "mile_sobo_va": 356,
        "lat": 37.416236,
        "lon": -80.501301,
        "interval_miles": 1,
        "elevation_ft": 4063.8,
        "source_id": "usgs_3dep",
        "source_url": "https://epqs.nationalmap.gov/v1/json",
        "source": "USGS Elevation Point Query Service, interpolated from 3DEP dynamic elevation service",
        "source_license": "public_domain",
        "license_status": "public_domain",
        "attribution": "Data available from U.S. Geological Survey, 3D Elevation Program.",
        "confidence": "model_derived_topographic_estimate",
        "last_checked": "2026-05-14",
        "last_generated": "2026-05-14",
        "ai_answer_rule": "Describe as model-derived USGS 3DEP elevation sampled along Scout open route geometry; values may differ from guidebook profiles or surveyed summits."
      },
      "geometry": {
        "type": "Point",
        "coordinates": [
          -80.501301,
          37.416236
        ]
      }
    },
    {
      "type": "Feature",
      "properties": {
        "sample_id": "elev-va-1mi-192",
        "trail": "Appalachian Trail",
        "route_id": "at-mvp2-va-damascus-harpers-ferry-open-2026",
        "mile_nobo_global_est": 651,
        "mile_nobo_va": 192,
        "mile_sobo_va": 355,
        "lat": 37.412557,
        "lon": -80.493663,
        "interval_miles": 1,
        "elevation_ft": 3923.4,
        "source_id": "usgs_3dep",
        "source_url": "https://epqs.nationalmap.gov/v1/json",
        "source": "USGS Elevation Point Query Service, interpolated from 3DEP dynamic elevation service",
        "source_license": "public_domain",
        "license_status": "public_domain",
        "attribution": "Data available from U.S. Geological Survey, 3D Elevation Program.",
        "confidence": "model_derived_topographic_estimate",
        "last_checked": "2026-05-14",
        "last_generated": "2026-05-14",
        "ai_answer_rule": "Describe as model-derived USGS 3DEP elevation sampled along Scout open route geometry; values may differ from guidebook profiles or surveyed summits."
      },
      "geometry": {
        "type": "Point",
        "coordinates": [
          -80.493663,
          37.412557
        ]
      }
    },
    {
      "type": "Feature",
      "properties": {
        "sample_id": "elev-va-1mi-193",
        "trail": "Appalachian Trail",
        "route_id": "at-mvp2-va-damascus-harpers-ferry-open-2026",
        "mile_nobo_global_est": 652,
        "mile_nobo_va": 193,
        "mile_sobo_va": 354,
        "lat": 37.403712,
        "lon": -80.486711,
        "interval_miles": 1,
        "elevation_ft": 3396.2,
        "source_id": "usgs_3dep",
        "source_url": "https://epqs.nationalmap.gov/v1/json",
        "source": "USGS Elevation Point Query Service, interpolated from 3DEP dynamic elevation service",
        "source_license": "public_domain",
        "license_status": "public_domain",
        "attribution": "Data available from U.S. Geological Survey, 3D Elevation Program.",
        "confidence": "model_derived_topographic_estimate",
        "last_checked": "2026-05-14",
        "last_generated": "2026-05-14",
        "ai_answer_rule": "Describe as model-derived USGS 3DEP elevation sampled along Scout open route geometry; values may differ from guidebook profiles or surveyed summits."
      },
      "geometry": {
        "type": "Point",
        "coordinates": [
          -80.486711,
          37.403712
        ]
      }
    },
    {
      "type": "Feature",
      "properties": {
        "sample_id": "elev-va-1mi-194",
        "trail": "Appalachian Trail",
        "route_id": "at-mvp2-va-damascus-harpers-ferry-open-2026",
        "mile_nobo_global_est": 653,
        "mile_nobo_va": 194,
        "mile_sobo_va": 353,
        "lat": 37.402141,
        "lon": -80.478406,
        "interval_miles": 1,
        "elevation_ft": 2783.3,
        "source_id": "usgs_3dep",
        "source_url": "https://epqs.nationalmap.gov/v1/json",
        "source": "USGS Elevation Point Query Service, interpolated from 3DEP dynamic elevation service",
        "source_license": "public_domain",
        "license_status": "public_domain",
        "attribution": "Data available from U.S. Geological Survey, 3D Elevation Program.",
        "confidence": "model_derived_topographic_estimate",
        "last_checked": "2026-05-14",
        "last_generated": "2026-05-14",
        "ai_answer_rule": "Describe as model-derived USGS 3DEP elevation sampled along Scout open route geometry; values may differ from guidebook profiles or surveyed summits."
      },
      "geometry": {
        "type": "Point",
        "coordinates": [
          -80.478406,
          37.402141
        ]
      }
    },
    {
      "type": "Feature",
      "properties": {
        "sample_id": "elev-va-1mi-195",
        "trail": "Appalachian Trail",
        "route_id": "at-mvp2-va-damascus-harpers-ferry-open-2026",
        "mile_nobo_global_est": 654,
        "mile_nobo_va": 195,
        "mile_sobo_va": 352,
        "lat": 37.395133,
        "lon": -80.473404,
        "interval_miles": 1,
        "elevation_ft": 2255,
        "source_id": "usgs_3dep",
        "source_url": "https://epqs.nationalmap.gov/v1/json",
        "source": "USGS Elevation Point Query Service, interpolated from 3DEP dynamic elevation service",
        "source_license": "public_domain",
        "license_status": "public_domain",
        "attribution": "Data available from U.S. Geological Survey, 3D Elevation Program.",
        "confidence": "model_derived_topographic_estimate",
        "last_checked": "2026-05-14",
        "last_generated": "2026-05-14",
        "ai_answer_rule": "Describe as model-derived USGS 3DEP elevation sampled along Scout open route geometry; values may differ from guidebook profiles or surveyed summits."
      },
      "geometry": {
        "type": "Point",
        "coordinates": [
          -80.473404,
          37.395133
        ]
      }
    },
    {
      "type": "Feature",
      "properties": {
        "sample_id": "elev-va-1mi-196",
        "trail": "Appalachian Trail",
        "route_id": "at-mvp2-va-damascus-harpers-ferry-open-2026",
        "mile_nobo_global_est": 655,
        "mile_nobo_va": 196,
        "mile_sobo_va": 351,
        "lat": 37.385472,
        "lon": -80.467094,
        "interval_miles": 1,
        "elevation_ft": 2194.7,
        "source_id": "usgs_3dep",
        "source_url": "https://epqs.nationalmap.gov/v1/json",
        "source": "USGS Elevation Point Query Service, interpolated from 3DEP dynamic elevation service",
        "source_license": "public_domain",
        "license_status": "public_domain",
        "attribution": "Data available from U.S. Geological Survey, 3D Elevation Program.",
        "confidence": "model_derived_topographic_estimate",
        "last_checked": "2026-05-14",
        "last_generated": "2026-05-14",
        "ai_answer_rule": "Describe as model-derived USGS 3DEP elevation sampled along Scout open route geometry; values may differ from guidebook profiles or surveyed summits."
      },
      "geometry": {
        "type": "Point",
        "coordinates": [
          -80.467094,
          37.385472
        ]
      }
    },
    {
      "type": "Feature",
      "properties": {
        "sample_id": "elev-va-1mi-197",
        "trail": "Appalachian Trail",
        "route_id": "at-mvp2-va-damascus-harpers-ferry-open-2026",
        "mile_nobo_global_est": 656,
        "mile_nobo_va": 197,
        "mile_sobo_va": 350,
        "lat": 37.377077,
        "lon": -80.456931,
        "interval_miles": 1,
        "elevation_ft": 2746.8,
        "source_id": "usgs_3dep",
        "source_url": "https://epqs.nationalmap.gov/v1/json",
        "source": "USGS Elevation Point Query Service, interpolated from 3DEP dynamic elevation service",
        "source_license": "public_domain",
        "license_status": "public_domain",
        "attribution": "Data available from U.S. Geological Survey, 3D Elevation Program.",
        "confidence": "model_derived_topographic_estimate",
        "last_checked": "2026-05-14",
        "last_generated": "2026-05-14",
        "ai_answer_rule": "Describe as model-derived USGS 3DEP elevation sampled along Scout open route geometry; values may differ from guidebook profiles or surveyed summits."
      },
      "geometry": {
        "type": "Point",
        "coordinates": [
          -80.456931,
          37.377077
        ]
      }
    },
    {
      "type": "Feature",
      "properties": {
        "sample_id": "elev-va-1mi-198",
        "trail": "Appalachian Trail",
        "route_id": "at-mvp2-va-damascus-harpers-ferry-open-2026",
        "mile_nobo_global_est": 657,
        "mile_nobo_va": 198,
        "mile_sobo_va": 349,
        "lat": 37.372264,
        "lon": -80.44401,
        "interval_miles": 1,
        "elevation_ft": 3399.4,
        "source_id": "usgs_3dep",
        "source_url": "https://epqs.nationalmap.gov/v1/json",
        "source": "USGS Elevation Point Query Service, interpolated from 3DEP dynamic elevation service",
        "source_license": "public_domain",
        "license_status": "public_domain",
        "attribution": "Data available from U.S. Geological Survey, 3D Elevation Program.",
        "confidence": "model_derived_topographic_estimate",
        "last_checked": "2026-05-14",
        "last_generated": "2026-05-14",
        "ai_answer_rule": "Describe as model-derived USGS 3DEP elevation sampled along Scout open route geometry; values may differ from guidebook profiles or surveyed summits."
      },
      "geometry": {
        "type": "Point",
        "coordinates": [
          -80.44401,
          37.372264
        ]
      }
    },
    {
      "type": "Feature",
      "properties": {
        "sample_id": "elev-va-1mi-199",
        "trail": "Appalachian Trail",
        "route_id": "at-mvp2-va-damascus-harpers-ferry-open-2026",
        "mile_nobo_global_est": 658,
        "mile_nobo_va": 199,
        "mile_sobo_va": 348,
        "lat": 37.365818,
        "lon": -80.442983,
        "interval_miles": 1,
        "elevation_ft": 3723.2,
        "source_id": "usgs_3dep",
        "source_url": "https://epqs.nationalmap.gov/v1/json",
        "source": "USGS Elevation Point Query Service, interpolated from 3DEP dynamic elevation service",
        "source_license": "public_domain",
        "license_status": "public_domain",
        "attribution": "Data available from U.S. Geological Survey, 3D Elevation Program.",
        "confidence": "model_derived_topographic_estimate",
        "last_checked": "2026-05-14",
        "last_generated": "2026-05-14",
        "ai_answer_rule": "Describe as model-derived USGS 3DEP elevation sampled along Scout open route geometry; values may differ from guidebook profiles or surveyed summits."
      },
      "geometry": {
        "type": "Point",
        "coordinates": [
          -80.442983,
          37.365818
        ]
      }
    },
    {
      "type": "Feature",
      "properties": {
        "sample_id": "elev-va-1mi-200",
        "trail": "Appalachian Trail",
        "route_id": "at-mvp2-va-damascus-harpers-ferry-open-2026",
        "mile_nobo_global_est": 659,
        "mile_nobo_va": 200,
        "mile_sobo_va": 347,
        "lat": 37.354812,
        "lon": -80.436715,
        "interval_miles": 1,
        "elevation_ft": 3665.3,
        "source_id": "usgs_3dep",
        "source_url": "https://epqs.nationalmap.gov/v1/json",
        "source": "USGS Elevation Point Query Service, interpolated from 3DEP dynamic elevation service",
        "source_license": "public_domain",
        "license_status": "public_domain",
        "attribution": "Data available from U.S. Geological Survey, 3D Elevation Program.",
        "confidence": "model_derived_topographic_estimate",
        "last_checked": "2026-05-14",
        "last_generated": "2026-05-14",
        "ai_answer_rule": "Describe as model-derived USGS 3DEP elevation sampled along Scout open route geometry; values may differ from guidebook profiles or surveyed summits."
      },
      "geometry": {
        "type": "Point",
        "coordinates": [
          -80.436715,
          37.354812
        ]
      }
    },
    {
      "type": "Feature",
      "properties": {
        "sample_id": "elev-va-1mi-201",
        "trail": "Appalachian Trail",
        "route_id": "at-mvp2-va-damascus-harpers-ferry-open-2026",
        "mile_nobo_global_est": 660,
        "mile_nobo_va": 201,
        "mile_sobo_va": 346,
        "lat": 37.358638,
        "lon": -80.421625,
        "interval_miles": 1,
        "elevation_ft": 2810.1,
        "source_id": "usgs_3dep",
        "source_url": "https://epqs.nationalmap.gov/v1/json",
        "source": "USGS Elevation Point Query Service, interpolated from 3DEP dynamic elevation service",
        "source_license": "public_domain",
        "license_status": "public_domain",
        "attribution": "Data available from U.S. Geological Survey, 3D Elevation Program.",
        "confidence": "model_derived_topographic_estimate",
        "last_checked": "2026-05-14",
        "last_generated": "2026-05-14",
        "ai_answer_rule": "Describe as model-derived USGS 3DEP elevation sampled along Scout open route geometry; values may differ from guidebook profiles or surveyed summits."
      },
      "geometry": {
        "type": "Point",
        "coordinates": [
          -80.421625,
          37.358638
        ]
      }
    },
    {
      "type": "Feature",
      "properties": {
        "sample_id": "elev-va-1mi-202",
        "trail": "Appalachian Trail",
        "route_id": "at-mvp2-va-damascus-harpers-ferry-open-2026",
        "mile_nobo_global_est": 661,
        "mile_nobo_va": 202,
        "mile_sobo_va": 345,
        "lat": 37.360221,
        "lon": -80.410329,
        "interval_miles": 1,
        "elevation_ft": 2438.3,
        "source_id": "usgs_3dep",
        "source_url": "https://epqs.nationalmap.gov/v1/json",
        "source": "USGS Elevation Point Query Service, interpolated from 3DEP dynamic elevation service",
        "source_license": "public_domain",
        "license_status": "public_domain",
        "attribution": "Data available from U.S. Geological Survey, 3D Elevation Program.",
        "confidence": "model_derived_topographic_estimate",
        "last_checked": "2026-05-14",
        "last_generated": "2026-05-14",
        "ai_answer_rule": "Describe as model-derived USGS 3DEP elevation sampled along Scout open route geometry; values may differ from guidebook profiles or surveyed summits."
      },
      "geometry": {
        "type": "Point",
        "coordinates": [
          -80.410329,
          37.360221
        ]
      }
    },
    {
      "type": "Feature",
      "properties": {
        "sample_id": "elev-va-1mi-203",
        "trail": "Appalachian Trail",
        "route_id": "at-mvp2-va-damascus-harpers-ferry-open-2026",
        "mile_nobo_global_est": 662,
        "mile_nobo_va": 203,
        "mile_sobo_va": 344,
        "lat": 37.358403,
        "lon": -80.396947,
        "interval_miles": 1,
        "elevation_ft": 2295.2,
        "source_id": "usgs_3dep",
        "source_url": "https://epqs.nationalmap.gov/v1/json",
        "source": "USGS Elevation Point Query Service, interpolated from 3DEP dynamic elevation service",
        "source_license": "public_domain",
        "license_status": "public_domain",
        "attribution": "Data available from U.S. Geological Survey, 3D Elevation Program.",
        "confidence": "model_derived_topographic_estimate",
        "last_checked": "2026-05-14",
        "last_generated": "2026-05-14",
        "ai_answer_rule": "Describe as model-derived USGS 3DEP elevation sampled along Scout open route geometry; values may differ from guidebook profiles or surveyed summits."
      },
      "geometry": {
        "type": "Point",
        "coordinates": [
          -80.396947,
          37.358403
        ]
      }
    },
    {
      "type": "Feature",
      "properties": {
        "sample_id": "elev-va-1mi-204",
        "trail": "Appalachian Trail",
        "route_id": "at-mvp2-va-damascus-harpers-ferry-open-2026",
        "mile_nobo_global_est": 663,
        "mile_nobo_va": 204,
        "mile_sobo_va": 343,
        "lat": 37.353149,
        "lon": -80.384882,
        "interval_miles": 1,
        "elevation_ft": 2340.5,
        "source_id": "usgs_3dep",
        "source_url": "https://epqs.nationalmap.gov/v1/json",
        "source": "USGS Elevation Point Query Service, interpolated from 3DEP dynamic elevation service",
        "source_license": "public_domain",
        "license_status": "public_domain",
        "attribution": "Data available from U.S. Geological Survey, 3D Elevation Program.",
        "confidence": "model_derived_topographic_estimate",
        "last_checked": "2026-05-14",
        "last_generated": "2026-05-14",
        "ai_answer_rule": "Describe as model-derived USGS 3DEP elevation sampled along Scout open route geometry; values may differ from guidebook profiles or surveyed summits."
      },
      "geometry": {
        "type": "Point",
        "coordinates": [
          -80.384882,
          37.353149
        ]
      }
    },
    {
      "type": "Feature",
      "properties": {
        "sample_id": "elev-va-1mi-205",
        "trail": "Appalachian Trail",
        "route_id": "at-mvp2-va-damascus-harpers-ferry-open-2026",
        "mile_nobo_global_est": 664,
        "mile_nobo_va": 205,
        "mile_sobo_va": 342,
        "lat": 37.349493,
        "lon": -80.371532,
        "interval_miles": 1,
        "elevation_ft": 2421.6,
        "source_id": "usgs_3dep",
        "source_url": "https://epqs.nationalmap.gov/v1/json",
        "source": "USGS Elevation Point Query Service, interpolated from 3DEP dynamic elevation service",
        "source_license": "public_domain",
        "license_status": "public_domain",
        "attribution": "Data available from U.S. Geological Survey, 3D Elevation Program.",
        "confidence": "model_derived_topographic_estimate",
        "last_checked": "2026-05-14",
        "last_generated": "2026-05-14",
        "ai_answer_rule": "Describe as model-derived USGS 3DEP elevation sampled along Scout open route geometry; values may differ from guidebook profiles or surveyed summits."
      },
      "geometry": {
        "type": "Point",
        "coordinates": [
          -80.371532,
          37.349493
        ]
      }
    },
    {
      "type": "Feature",
      "properties": {
        "sample_id": "elev-va-1mi-206",
        "trail": "Appalachian Trail",
        "route_id": "at-mvp2-va-damascus-harpers-ferry-open-2026",
        "mile_nobo_global_est": 665,
        "mile_nobo_va": 206,
        "mile_sobo_va": 341,
        "lat": 37.34358,
        "lon": -80.365949,
        "interval_miles": 1,
        "elevation_ft": 3154.2,
        "source_id": "usgs_3dep",
        "source_url": "https://epqs.nationalmap.gov/v1/json",
        "source": "USGS Elevation Point Query Service, interpolated from 3DEP dynamic elevation service",
        "source_license": "public_domain",
        "license_status": "public_domain",
        "attribution": "Data available from U.S. Geological Survey, 3D Elevation Program.",
        "confidence": "model_derived_topographic_estimate",
        "last_checked": "2026-05-14",
        "last_generated": "2026-05-14",
        "ai_answer_rule": "Describe as model-derived USGS 3DEP elevation sampled along Scout open route geometry; values may differ from guidebook profiles or surveyed summits."
      },
      "geometry": {
        "type": "Point",
        "coordinates": [
          -80.365949,
          37.34358
        ]
      }
    },
    {
      "type": "Feature",
      "properties": {
        "sample_id": "elev-va-1mi-207",
        "trail": "Appalachian Trail",
        "route_id": "at-mvp2-va-damascus-harpers-ferry-open-2026",
        "mile_nobo_global_est": 666,
        "mile_nobo_va": 207,
        "mile_sobo_va": 340,
        "lat": 37.349882,
        "lon": -80.35045,
        "interval_miles": 1,
        "elevation_ft": 3313.5,
        "source_id": "usgs_3dep",
        "source_url": "https://epqs.nationalmap.gov/v1/json",
        "source": "USGS Elevation Point Query Service, interpolated from 3DEP dynamic elevation service",
        "source_license": "public_domain",
        "license_status": "public_domain",
        "attribution": "Data available from U.S. Geological Survey, 3D Elevation Program.",
        "confidence": "model_derived_topographic_estimate",
        "last_checked": "2026-05-14",
        "last_generated": "2026-05-14",
        "ai_answer_rule": "Describe as model-derived USGS 3DEP elevation sampled along Scout open route geometry; values may differ from guidebook profiles or surveyed summits."
      },
      "geometry": {
        "type": "Point",
        "coordinates": [
          -80.35045,
          37.349882
        ]
      }
    },
    {
      "type": "Feature",
      "properties": {
        "sample_id": "elev-va-1mi-208",
        "trail": "Appalachian Trail",
        "route_id": "at-mvp2-va-damascus-harpers-ferry-open-2026",
        "mile_nobo_global_est": 667,
        "mile_nobo_va": 208,
        "mile_sobo_va": 339,
        "lat": 37.358246,
        "lon": -80.337015,
        "interval_miles": 1,
        "elevation_ft": 3410.7,
        "source_id": "usgs_3dep",
        "source_url": "https://epqs.nationalmap.gov/v1/json",
        "source": "USGS Elevation Point Query Service, interpolated from 3DEP dynamic elevation service",
        "source_license": "public_domain",
        "license_status": "public_domain",
        "attribution": "Data available from U.S. Geological Survey, 3D Elevation Program.",
        "confidence": "model_derived_topographic_estimate",
        "last_checked": "2026-05-14",
        "last_generated": "2026-05-14",
        "ai_answer_rule": "Describe as model-derived USGS 3DEP elevation sampled along Scout open route geometry; values may differ from guidebook profiles or surveyed summits."
      },
      "geometry": {
        "type": "Point",
        "coordinates": [
          -80.337015,
          37.358246
        ]
      }
    },
    {
      "type": "Feature",
      "properties": {
        "sample_id": "elev-va-1mi-209",
        "trail": "Appalachian Trail",
        "route_id": "at-mvp2-va-damascus-harpers-ferry-open-2026",
        "mile_nobo_global_est": 668,
        "mile_nobo_va": 209,
        "mile_sobo_va": 338,
        "lat": 37.368711,
        "lon": -80.325102,
        "interval_miles": 1,
        "elevation_ft": 3299.4,
        "source_id": "usgs_3dep",
        "source_url": "https://epqs.nationalmap.gov/v1/json",
        "source": "USGS Elevation Point Query Service, interpolated from 3DEP dynamic elevation service",
        "source_license": "public_domain",
        "license_status": "public_domain",
        "attribution": "Data available from U.S. Geological Survey, 3D Elevation Program.",
        "confidence": "model_derived_topographic_estimate",
        "last_checked": "2026-05-14",
        "last_generated": "2026-05-14",
        "ai_answer_rule": "Describe as model-derived USGS 3DEP elevation sampled along Scout open route geometry; values may differ from guidebook profiles or surveyed summits."
      },
      "geometry": {
        "type": "Point",
        "coordinates": [
          -80.325102,
          37.368711
        ]
      }
    },
    {
      "type": "Feature",
      "properties": {
        "sample_id": "elev-va-1mi-210",
        "trail": "Appalachian Trail",
        "route_id": "at-mvp2-va-damascus-harpers-ferry-open-2026",
        "mile_nobo_global_est": 669,
        "mile_nobo_va": 210,
        "mile_sobo_va": 337,
        "lat": 37.377636,
        "lon": -80.31127,
        "interval_miles": 1,
        "elevation_ft": 3389.2,
        "source_id": "usgs_3dep",
        "source_url": "https://epqs.nationalmap.gov/v1/json",
        "source": "USGS Elevation Point Query Service, interpolated from 3DEP dynamic elevation service",
        "source_license": "public_domain",
        "license_status": "public_domain",
        "attribution": "Data available from U.S. Geological Survey, 3D Elevation Program.",
        "confidence": "model_derived_topographic_estimate",
        "last_checked": "2026-05-14",
        "last_generated": "2026-05-14",
        "ai_answer_rule": "Describe as model-derived USGS 3DEP elevation sampled along Scout open route geometry; values may differ from guidebook profiles or surveyed summits."
      },
      "geometry": {
        "type": "Point",
        "coordinates": [
          -80.31127,
          37.377636
        ]
      }
    },
    {
      "type": "Feature",
      "properties": {
        "sample_id": "elev-va-1mi-211",
        "trail": "Appalachian Trail",
        "route_id": "at-mvp2-va-damascus-harpers-ferry-open-2026",
        "mile_nobo_global_est": 670,
        "mile_nobo_va": 211,
        "mile_sobo_va": 336,
        "lat": 37.385157,
        "lon": -80.296343,
        "interval_miles": 1,
        "elevation_ft": 3319.2,
        "source_id": "usgs_3dep",
        "source_url": "https://epqs.nationalmap.gov/v1/json",
        "source": "USGS Elevation Point Query Service, interpolated from 3DEP dynamic elevation service",
        "source_license": "public_domain",
        "license_status": "public_domain",
        "attribution": "Data available from U.S. Geological Survey, 3D Elevation Program.",
        "confidence": "model_derived_topographic_estimate",
        "last_checked": "2026-05-14",
        "last_generated": "2026-05-14",
        "ai_answer_rule": "Describe as model-derived USGS 3DEP elevation sampled along Scout open route geometry; values may differ from guidebook profiles or surveyed summits."
      },
      "geometry": {
        "type": "Point",
        "coordinates": [
          -80.296343,
          37.385157
        ]
      }
    },
    {
      "type": "Feature",
      "properties": {
        "sample_id": "elev-va-1mi-212",
        "trail": "Appalachian Trail",
        "route_id": "at-mvp2-va-damascus-harpers-ferry-open-2026",
        "mile_nobo_global_est": 671,
        "mile_nobo_va": 212,
        "mile_sobo_va": 335,
        "lat": 37.390148,
        "lon": -80.280438,
        "interval_miles": 1,
        "elevation_ft": 2830,
        "source_id": "usgs_3dep",
        "source_url": "https://epqs.nationalmap.gov/v1/json",
        "source": "USGS Elevation Point Query Service, interpolated from 3DEP dynamic elevation service",
        "source_license": "public_domain",
        "license_status": "public_domain",
        "attribution": "Data available from U.S. Geological Survey, 3D Elevation Program.",
        "confidence": "model_derived_topographic_estimate",
        "last_checked": "2026-05-14",
        "last_generated": "2026-05-14",
        "ai_answer_rule": "Describe as model-derived USGS 3DEP elevation sampled along Scout open route geometry; values may differ from guidebook profiles or surveyed summits."
      },
      "geometry": {
        "type": "Point",
        "coordinates": [
          -80.280438,
          37.390148
        ]
      }
    },
    {
      "type": "Feature",
      "properties": {
        "sample_id": "elev-va-1mi-213",
        "trail": "Appalachian Trail",
        "route_id": "at-mvp2-va-damascus-harpers-ferry-open-2026",
        "mile_nobo_global_est": 672,
        "mile_nobo_va": 213,
        "mile_sobo_va": 334,
        "lat": 37.386993,
        "lon": -80.268746,
        "interval_miles": 1,
        "elevation_ft": 2238.6,
        "source_id": "usgs_3dep",
        "source_url": "https://epqs.nationalmap.gov/v1/json",
        "source": "USGS Elevation Point Query Service, interpolated from 3DEP dynamic elevation service",
        "source_license": "public_domain",
        "license_status": "public_domain",
        "attribution": "Data available from U.S. Geological Survey, 3D Elevation Program.",
        "confidence": "model_derived_topographic_estimate",
        "last_checked": "2026-05-14",
        "last_generated": "2026-05-14",
        "ai_answer_rule": "Describe as model-derived USGS 3DEP elevation sampled along Scout open route geometry; values may differ from guidebook profiles or surveyed summits."
      },
      "geometry": {
        "type": "Point",
        "coordinates": [
          -80.268746,
          37.386993
        ]
      }
    },
    {
      "type": "Feature",
      "properties": {
        "sample_id": "elev-va-1mi-214",
        "trail": "Appalachian Trail",
        "route_id": "at-mvp2-va-damascus-harpers-ferry-open-2026",
        "mile_nobo_global_est": 673,
        "mile_nobo_va": 214,
        "mile_sobo_va": 333,
        "lat": 37.381541,
        "lon": -80.259801,
        "interval_miles": 1,
        "elevation_ft": 1672.1,
        "source_id": "usgs_3dep",
        "source_url": "https://epqs.nationalmap.gov/v1/json",
        "source": "USGS Elevation Point Query Service, interpolated from 3DEP dynamic elevation service",
        "source_license": "public_domain",
        "license_status": "public_domain",
        "attribution": "Data available from U.S. Geological Survey, 3D Elevation Program.",
        "confidence": "model_derived_topographic_estimate",
        "last_checked": "2026-05-14",
        "last_generated": "2026-05-14",
        "ai_answer_rule": "Describe as model-derived USGS 3DEP elevation sampled along Scout open route geometry; values may differ from guidebook profiles or surveyed summits."
      },
      "geometry": {
        "type": "Point",
        "coordinates": [
          -80.259801,
          37.381541
        ]
      }
    },
    {
      "type": "Feature",
      "properties": {
        "sample_id": "elev-va-1mi-215",
        "trail": "Appalachian Trail",
        "route_id": "at-mvp2-va-damascus-harpers-ferry-open-2026",
        "mile_nobo_global_est": 674,
        "mile_nobo_va": 215,
        "mile_sobo_va": 332,
        "lat": 37.379466,
        "lon": -80.246991,
        "interval_miles": 1,
        "elevation_ft": 1521.5,
        "source_id": "usgs_3dep",
        "source_url": "https://epqs.nationalmap.gov/v1/json",
        "source": "USGS Elevation Point Query Service, interpolated from 3DEP dynamic elevation service",
        "source_license": "public_domain",
        "license_status": "public_domain",
        "attribution": "Data available from U.S. Geological Survey, 3D Elevation Program.",
        "confidence": "model_derived_topographic_estimate",
        "last_checked": "2026-05-14",
        "last_generated": "2026-05-14",
        "ai_answer_rule": "Describe as model-derived USGS 3DEP elevation sampled along Scout open route geometry; values may differ from guidebook profiles or surveyed summits."
      },
      "geometry": {
        "type": "Point",
        "coordinates": [
          -80.246991,
          37.379466
        ]
      }
    },
    {
      "type": "Feature",
      "properties": {
        "sample_id": "elev-va-1mi-216",
        "trail": "Appalachian Trail",
        "route_id": "at-mvp2-va-damascus-harpers-ferry-open-2026",
        "mile_nobo_global_est": 675,
        "mile_nobo_va": 216,
        "mile_sobo_va": 331,
        "lat": 37.374603,
        "lon": -80.248005,
        "interval_miles": 1,
        "elevation_ft": 1690.2,
        "source_id": "usgs_3dep",
        "source_url": "https://epqs.nationalmap.gov/v1/json",
        "source": "USGS Elevation Point Query Service, interpolated from 3DEP dynamic elevation service",
        "source_license": "public_domain",
        "license_status": "public_domain",
        "attribution": "Data available from U.S. Geological Survey, 3D Elevation Program.",
        "confidence": "model_derived_topographic_estimate",
        "last_checked": "2026-05-14",
        "last_generated": "2026-05-14",
        "ai_answer_rule": "Describe as model-derived USGS 3DEP elevation sampled along Scout open route geometry; values may differ from guidebook profiles or surveyed summits."
      },
      "geometry": {
        "type": "Point",
        "coordinates": [
          -80.248005,
          37.374603
        ]
      }
    },
    {
      "type": "Feature",
      "properties": {
        "sample_id": "elev-va-1mi-217",
        "trail": "Appalachian Trail",
        "route_id": "at-mvp2-va-damascus-harpers-ferry-open-2026",
        "mile_nobo_global_est": 676,
        "mile_nobo_va": 217,
        "mile_sobo_va": 330,
        "lat": 37.362823,
        "lon": -80.245204,
        "interval_miles": 1,
        "elevation_ft": 2248,
        "source_id": "usgs_3dep",
        "source_url": "https://epqs.nationalmap.gov/v1/json",
        "source": "USGS Elevation Point Query Service, interpolated from 3DEP dynamic elevation service",
        "source_license": "public_domain",
        "license_status": "public_domain",
        "attribution": "Data available from U.S. Geological Survey, 3D Elevation Program.",
        "confidence": "model_derived_topographic_estimate",
        "last_checked": "2026-05-14",
        "last_generated": "2026-05-14",
        "ai_answer_rule": "Describe as model-derived USGS 3DEP elevation sampled along Scout open route geometry; values may differ from guidebook profiles or surveyed summits."
      },
      "geometry": {
        "type": "Point",
        "coordinates": [
          -80.245204,
          37.362823
        ]
      }
    },
    {
      "type": "Feature",
      "properties": {
        "sample_id": "elev-va-1mi-218",
        "trail": "Appalachian Trail",
        "route_id": "at-mvp2-va-damascus-harpers-ferry-open-2026",
        "mile_nobo_global_est": 677,
        "mile_nobo_va": 218,
        "mile_sobo_va": 329,
        "lat": 37.358716,
        "lon": -80.235873,
        "interval_miles": 1,
        "elevation_ft": 2974.8,
        "source_id": "usgs_3dep",
        "source_url": "https://epqs.nationalmap.gov/v1/json",
        "source": "USGS Elevation Point Query Service, interpolated from 3DEP dynamic elevation service",
        "source_license": "public_domain",
        "license_status": "public_domain",
        "attribution": "Data available from U.S. Geological Survey, 3D Elevation Program.",
        "confidence": "model_derived_topographic_estimate",
        "last_checked": "2026-05-14",
        "last_generated": "2026-05-14",
        "ai_answer_rule": "Describe as model-derived USGS 3DEP elevation sampled along Scout open route geometry; values may differ from guidebook profiles or surveyed summits."
      },
      "geometry": {
        "type": "Point",
        "coordinates": [
          -80.235873,
          37.358716
        ]
      }
    },
    {
      "type": "Feature",
      "properties": {
        "sample_id": "elev-va-1mi-219",
        "trail": "Appalachian Trail",
        "route_id": "at-mvp2-va-damascus-harpers-ferry-open-2026",
        "mile_nobo_global_est": 678,
        "mile_nobo_va": 219,
        "mile_sobo_va": 328,
        "lat": 37.365324,
        "lon": -80.220561,
        "interval_miles": 1,
        "elevation_ft": 2968.6,
        "source_id": "usgs_3dep",
        "source_url": "https://epqs.nationalmap.gov/v1/json",
        "source": "USGS Elevation Point Query Service, interpolated from 3DEP dynamic elevation service",
        "source_license": "public_domain",
        "license_status": "public_domain",
        "attribution": "Data available from U.S. Geological Survey, 3D Elevation Program.",
        "confidence": "model_derived_topographic_estimate",
        "last_checked": "2026-05-14",
        "last_generated": "2026-05-14",
        "ai_answer_rule": "Describe as model-derived USGS 3DEP elevation sampled along Scout open route geometry; values may differ from guidebook profiles or surveyed summits."
      },
      "geometry": {
        "type": "Point",
        "coordinates": [
          -80.220561,
          37.365324
        ]
      }
    },
    {
      "type": "Feature",
      "properties": {
        "sample_id": "elev-va-1mi-220",
        "trail": "Appalachian Trail",
        "route_id": "at-mvp2-va-damascus-harpers-ferry-open-2026",
        "mile_nobo_global_est": 679,
        "mile_nobo_va": 220,
        "mile_sobo_va": 327,
        "lat": 37.372437,
        "lon": -80.20536,
        "interval_miles": 1,
        "elevation_ft": 2850,
        "source_id": "usgs_3dep",
        "source_url": "https://epqs.nationalmap.gov/v1/json",
        "source": "USGS Elevation Point Query Service, interpolated from 3DEP dynamic elevation service",
        "source_license": "public_domain",
        "license_status": "public_domain",
        "attribution": "Data available from U.S. Geological Survey, 3D Elevation Program.",
        "confidence": "model_derived_topographic_estimate",
        "last_checked": "2026-05-14",
        "last_generated": "2026-05-14",
        "ai_answer_rule": "Describe as model-derived USGS 3DEP elevation sampled along Scout open route geometry; values may differ from guidebook profiles or surveyed summits."
      },
      "geometry": {
        "type": "Point",
        "coordinates": [
          -80.20536,
          37.372437
        ]
      }
    },
    {
      "type": "Feature",
      "properties": {
        "sample_id": "elev-va-1mi-221",
        "trail": "Appalachian Trail",
        "route_id": "at-mvp2-va-damascus-harpers-ferry-open-2026",
        "mile_nobo_global_est": 680,
        "mile_nobo_va": 221,
        "mile_sobo_va": 326,
        "lat": 37.382323,
        "lon": -80.200208,
        "interval_miles": 1,
        "elevation_ft": 2508.3,
        "source_id": "usgs_3dep",
        "source_url": "https://epqs.nationalmap.gov/v1/json",
        "source": "USGS Elevation Point Query Service, interpolated from 3DEP dynamic elevation service",
        "source_license": "public_domain",
        "license_status": "public_domain",
        "attribution": "Data available from U.S. Geological Survey, 3D Elevation Program.",
        "confidence": "model_derived_topographic_estimate",
        "last_checked": "2026-05-14",
        "last_generated": "2026-05-14",
        "ai_answer_rule": "Describe as model-derived USGS 3DEP elevation sampled along Scout open route geometry; values may differ from guidebook profiles or surveyed summits."
      },
      "geometry": {
        "type": "Point",
        "coordinates": [
          -80.200208,
          37.382323
        ]
      }
    },
    {
      "type": "Feature",
      "properties": {
        "sample_id": "elev-va-1mi-222",
        "trail": "Appalachian Trail",
        "route_id": "at-mvp2-va-damascus-harpers-ferry-open-2026",
        "mile_nobo_global_est": 681,
        "mile_nobo_va": 222,
        "mile_sobo_va": 325,
        "lat": 37.390097,
        "lon": -80.200325,
        "interval_miles": 1,
        "elevation_ft": 1835.5,
        "source_id": "usgs_3dep",
        "source_url": "https://epqs.nationalmap.gov/v1/json",
        "source": "USGS Elevation Point Query Service, interpolated from 3DEP dynamic elevation service",
        "source_license": "public_domain",
        "license_status": "public_domain",
        "attribution": "Data available from U.S. Geological Survey, 3D Elevation Program.",
        "confidence": "model_derived_topographic_estimate",
        "last_checked": "2026-05-14",
        "last_generated": "2026-05-14",
        "ai_answer_rule": "Describe as model-derived USGS 3DEP elevation sampled along Scout open route geometry; values may differ from guidebook profiles or surveyed summits."
      },
      "geometry": {
        "type": "Point",
        "coordinates": [
          -80.200325,
          37.390097
        ]
      }
    },
    {
      "type": "Feature",
      "properties": {
        "sample_id": "elev-va-1mi-223",
        "trail": "Appalachian Trail",
        "route_id": "at-mvp2-va-damascus-harpers-ferry-open-2026",
        "mile_nobo_global_est": 682,
        "mile_nobo_va": 223,
        "mile_sobo_va": 324,
        "lat": 37.389961,
        "lon": -80.1908,
        "interval_miles": 1,
        "elevation_ft": 1789.3,
        "source_id": "usgs_3dep",
        "source_url": "https://epqs.nationalmap.gov/v1/json",
        "source": "USGS Elevation Point Query Service, interpolated from 3DEP dynamic elevation service",
        "source_license": "public_domain",
        "license_status": "public_domain",
        "attribution": "Data available from U.S. Geological Survey, 3D Elevation Program.",
        "confidence": "model_derived_topographic_estimate",
        "last_checked": "2026-05-14",
        "last_generated": "2026-05-14",
        "ai_answer_rule": "Describe as model-derived USGS 3DEP elevation sampled along Scout open route geometry; values may differ from guidebook profiles or surveyed summits."
      },
      "geometry": {
        "type": "Point",
        "coordinates": [
          -80.1908,
          37.389961
        ]
      }
    },
    {
      "type": "Feature",
      "properties": {
        "sample_id": "elev-va-1mi-224",
        "trail": "Appalachian Trail",
        "route_id": "at-mvp2-va-damascus-harpers-ferry-open-2026",
        "mile_nobo_global_est": 683,
        "mile_nobo_va": 224,
        "mile_sobo_va": 323,
        "lat": 37.385572,
        "lon": -80.18201,
        "interval_miles": 1,
        "elevation_ft": 2035.9,
        "source_id": "usgs_3dep",
        "source_url": "https://epqs.nationalmap.gov/v1/json",
        "source": "USGS Elevation Point Query Service, interpolated from 3DEP dynamic elevation service",
        "source_license": "public_domain",
        "license_status": "public_domain",
        "attribution": "Data available from U.S. Geological Survey, 3D Elevation Program.",
        "confidence": "model_derived_topographic_estimate",
        "last_checked": "2026-05-14",
        "last_generated": "2026-05-14",
        "ai_answer_rule": "Describe as model-derived USGS 3DEP elevation sampled along Scout open route geometry; values may differ from guidebook profiles or surveyed summits."
      },
      "geometry": {
        "type": "Point",
        "coordinates": [
          -80.18201,
          37.385572
        ]
      }
    },
    {
      "type": "Feature",
      "properties": {
        "sample_id": "elev-va-1mi-225",
        "trail": "Appalachian Trail",
        "route_id": "at-mvp2-va-damascus-harpers-ferry-open-2026",
        "mile_nobo_global_est": 684,
        "mile_nobo_va": 225,
        "mile_sobo_va": 322,
        "lat": 37.390536,
        "lon": -80.179009,
        "interval_miles": 1,
        "elevation_ft": 2556.6,
        "source_id": "usgs_3dep",
        "source_url": "https://epqs.nationalmap.gov/v1/json",
        "source": "USGS Elevation Point Query Service, interpolated from 3DEP dynamic elevation service",
        "source_license": "public_domain",
        "license_status": "public_domain",
        "attribution": "Data available from U.S. Geological Survey, 3D Elevation Program.",
        "confidence": "model_derived_topographic_estimate",
        "last_checked": "2026-05-14",
        "last_generated": "2026-05-14",
        "ai_answer_rule": "Describe as model-derived USGS 3DEP elevation sampled along Scout open route geometry; values may differ from guidebook profiles or surveyed summits."
      },
      "geometry": {
        "type": "Point",
        "coordinates": [
          -80.179009,
          37.390536
        ]
      }
    },
    {
      "type": "Feature",
      "properties": {
        "sample_id": "elev-va-1mi-226",
        "trail": "Appalachian Trail",
        "route_id": "at-mvp2-va-damascus-harpers-ferry-open-2026",
        "mile_nobo_global_est": 685,
        "mile_nobo_va": 226,
        "mile_sobo_va": 321,
        "lat": 37.385806,
        "lon": -80.164892,
        "interval_miles": 1,
        "elevation_ft": 2517.6,
        "source_id": "usgs_3dep",
        "source_url": "https://epqs.nationalmap.gov/v1/json",
        "source": "USGS Elevation Point Query Service, interpolated from 3DEP dynamic elevation service",
        "source_license": "public_domain",
        "license_status": "public_domain",
        "attribution": "Data available from U.S. Geological Survey, 3D Elevation Program.",
        "confidence": "model_derived_topographic_estimate",
        "last_checked": "2026-05-14",
        "last_generated": "2026-05-14",
        "ai_answer_rule": "Describe as model-derived USGS 3DEP elevation sampled along Scout open route geometry; values may differ from guidebook profiles or surveyed summits."
      },
      "geometry": {
        "type": "Point",
        "coordinates": [
          -80.164892,
          37.385806
        ]
      }
    },
    {
      "type": "Feature",
      "properties": {
        "sample_id": "elev-va-1mi-227",
        "trail": "Appalachian Trail",
        "route_id": "at-mvp2-va-damascus-harpers-ferry-open-2026",
        "mile_nobo_global_est": 686,
        "mile_nobo_va": 227,
        "mile_sobo_va": 320,
        "lat": 37.373186,
        "lon": -80.167186,
        "interval_miles": 1,
        "elevation_ft": 2743.8,
        "source_id": "usgs_3dep",
        "source_url": "https://epqs.nationalmap.gov/v1/json",
        "source": "USGS Elevation Point Query Service, interpolated from 3DEP dynamic elevation service",
        "source_license": "public_domain",
        "license_status": "public_domain",
        "attribution": "Data available from U.S. Geological Survey, 3D Elevation Program.",
        "confidence": "model_derived_topographic_estimate",
        "last_checked": "2026-05-14",
        "last_generated": "2026-05-14",
        "ai_answer_rule": "Describe as model-derived USGS 3DEP elevation sampled along Scout open route geometry; values may differ from guidebook profiles or surveyed summits."
      },
      "geometry": {
        "type": "Point",
        "coordinates": [
          -80.167186,
          37.373186
        ]
      }
    },
    {
      "type": "Feature",
      "properties": {
        "sample_id": "elev-va-1mi-228",
        "trail": "Appalachian Trail",
        "route_id": "at-mvp2-va-damascus-harpers-ferry-open-2026",
        "mile_nobo_global_est": 687,
        "mile_nobo_va": 228,
        "mile_sobo_va": 319,
        "lat": 37.361679,
        "lon": -80.172447,
        "interval_miles": 1,
        "elevation_ft": 2866.6,
        "source_id": "usgs_3dep",
        "source_url": "https://epqs.nationalmap.gov/v1/json",
        "source": "USGS Elevation Point Query Service, interpolated from 3DEP dynamic elevation service",
        "source_license": "public_domain",
        "license_status": "public_domain",
        "attribution": "Data available from U.S. Geological Survey, 3D Elevation Program.",
        "confidence": "model_derived_topographic_estimate",
        "last_checked": "2026-05-14",
        "last_generated": "2026-05-14",
        "ai_answer_rule": "Describe as model-derived USGS 3DEP elevation sampled along Scout open route geometry; values may differ from guidebook profiles or surveyed summits."
      },
      "geometry": {
        "type": "Point",
        "coordinates": [
          -80.172447,
          37.361679
        ]
      }
    },
    {
      "type": "Feature",
      "properties": {
        "sample_id": "elev-va-1mi-229",
        "trail": "Appalachian Trail",
        "route_id": "at-mvp2-va-damascus-harpers-ferry-open-2026",
        "mile_nobo_global_est": 688,
        "mile_nobo_va": 229,
        "mile_sobo_va": 318,
        "lat": 37.367891,
        "lon": -80.161933,
        "interval_miles": 1,
        "elevation_ft": 2393,
        "source_id": "usgs_3dep",
        "source_url": "https://epqs.nationalmap.gov/v1/json",
        "source": "USGS Elevation Point Query Service, interpolated from 3DEP dynamic elevation service",
        "source_license": "public_domain",
        "license_status": "public_domain",
        "attribution": "Data available from U.S. Geological Survey, 3D Elevation Program.",
        "confidence": "model_derived_topographic_estimate",
        "last_checked": "2026-05-14",
        "last_generated": "2026-05-14",
        "ai_answer_rule": "Describe as model-derived USGS 3DEP elevation sampled along Scout open route geometry; values may differ from guidebook profiles or surveyed summits."
      },
      "geometry": {
        "type": "Point",
        "coordinates": [
          -80.161933,
          37.367891
        ]
      }
    },
    {
      "type": "Feature",
      "properties": {
        "sample_id": "elev-va-1mi-230",
        "trail": "Appalachian Trail",
        "route_id": "at-mvp2-va-damascus-harpers-ferry-open-2026",
        "mile_nobo_global_est": 689,
        "mile_nobo_va": 230,
        "mile_sobo_va": 317,
        "lat": 37.372281,
        "lon": -80.15016,
        "interval_miles": 1,
        "elevation_ft": 1873.1,
        "source_id": "usgs_3dep",
        "source_url": "https://epqs.nationalmap.gov/v1/json",
        "source": "USGS Elevation Point Query Service, interpolated from 3DEP dynamic elevation service",
        "source_license": "public_domain",
        "license_status": "public_domain",
        "attribution": "Data available from U.S. Geological Survey, 3D Elevation Program.",
        "confidence": "model_derived_topographic_estimate",
        "last_checked": "2026-05-14",
        "last_generated": "2026-05-14",
        "ai_answer_rule": "Describe as model-derived USGS 3DEP elevation sampled along Scout open route geometry; values may differ from guidebook profiles or surveyed summits."
      },
      "geometry": {
        "type": "Point",
        "coordinates": [
          -80.15016,
          37.372281
        ]
      }
    },
    {
      "type": "Feature",
      "properties": {
        "sample_id": "elev-va-1mi-231",
        "trail": "Appalachian Trail",
        "route_id": "at-mvp2-va-damascus-harpers-ferry-open-2026",
        "mile_nobo_global_est": 690,
        "mile_nobo_va": 231,
        "mile_sobo_va": 316,
        "lat": 37.365724,
        "lon": -80.144964,
        "interval_miles": 1,
        "elevation_ft": 1811.8,
        "source_id": "usgs_3dep",
        "source_url": "https://epqs.nationalmap.gov/v1/json",
        "source": "USGS Elevation Point Query Service, interpolated from 3DEP dynamic elevation service",
        "source_license": "public_domain",
        "license_status": "public_domain",
        "attribution": "Data available from U.S. Geological Survey, 3D Elevation Program.",
        "confidence": "model_derived_topographic_estimate",
        "last_checked": "2026-05-14",
        "last_generated": "2026-05-14",
        "ai_answer_rule": "Describe as model-derived USGS 3DEP elevation sampled along Scout open route geometry; values may differ from guidebook profiles or surveyed summits."
      },
      "geometry": {
        "type": "Point",
        "coordinates": [
          -80.144964,
          37.365724
        ]
      }
    },
    {
      "type": "Feature",
      "properties": {
        "sample_id": "elev-va-1mi-232",
        "trail": "Appalachian Trail",
        "route_id": "at-mvp2-va-damascus-harpers-ferry-open-2026",
        "mile_nobo_global_est": 691,
        "mile_nobo_va": 232,
        "mile_sobo_va": 315,
        "lat": 37.357167,
        "lon": -80.138451,
        "interval_miles": 1,
        "elevation_ft": 1753.8,
        "source_id": "usgs_3dep",
        "source_url": "https://epqs.nationalmap.gov/v1/json",
        "source": "USGS Elevation Point Query Service, interpolated from 3DEP dynamic elevation service",
        "source_license": "public_domain",
        "license_status": "public_domain",
        "attribution": "Data available from U.S. Geological Survey, 3D Elevation Program.",
        "confidence": "model_derived_topographic_estimate",
        "last_checked": "2026-05-14",
        "last_generated": "2026-05-14",
        "ai_answer_rule": "Describe as model-derived USGS 3DEP elevation sampled along Scout open route geometry; values may differ from guidebook profiles or surveyed summits."
      },
      "geometry": {
        "type": "Point",
        "coordinates": [
          -80.138451,
          37.357167
        ]
      }
    },
    {
      "type": "Feature",
      "properties": {
        "sample_id": "elev-va-1mi-233",
        "trail": "Appalachian Trail",
        "route_id": "at-mvp2-va-damascus-harpers-ferry-open-2026",
        "mile_nobo_global_est": 692,
        "mile_nobo_va": 233,
        "mile_sobo_va": 314,
        "lat": 37.360427,
        "lon": -80.127116,
        "interval_miles": 1,
        "elevation_ft": 2266.4,
        "source_id": "usgs_3dep",
        "source_url": "https://epqs.nationalmap.gov/v1/json",
        "source": "USGS Elevation Point Query Service, interpolated from 3DEP dynamic elevation service",
        "source_license": "public_domain",
        "license_status": "public_domain",
        "attribution": "Data available from U.S. Geological Survey, 3D Elevation Program.",
        "confidence": "model_derived_topographic_estimate",
        "last_checked": "2026-05-14",
        "last_generated": "2026-05-14",
        "ai_answer_rule": "Describe as model-derived USGS 3DEP elevation sampled along Scout open route geometry; values may differ from guidebook profiles or surveyed summits."
      },
      "geometry": {
        "type": "Point",
        "coordinates": [
          -80.127116,
          37.360427
        ]
      }
    },
    {
      "type": "Feature",
      "properties": {
        "sample_id": "elev-va-1mi-234",
        "trail": "Appalachian Trail",
        "route_id": "at-mvp2-va-damascus-harpers-ferry-open-2026",
        "mile_nobo_global_est": 693,
        "mile_nobo_va": 234,
        "mile_sobo_va": 313,
        "lat": 37.369877,
        "lon": -80.114432,
        "interval_miles": 1,
        "elevation_ft": 2329.3,
        "source_id": "usgs_3dep",
        "source_url": "https://epqs.nationalmap.gov/v1/json",
        "source": "USGS Elevation Point Query Service, interpolated from 3DEP dynamic elevation service",
        "source_license": "public_domain",
        "license_status": "public_domain",
        "attribution": "Data available from U.S. Geological Survey, 3D Elevation Program.",
        "confidence": "model_derived_topographic_estimate",
        "last_checked": "2026-05-14",
        "last_generated": "2026-05-14",
        "ai_answer_rule": "Describe as model-derived USGS 3DEP elevation sampled along Scout open route geometry; values may differ from guidebook profiles or surveyed summits."
      },
      "geometry": {
        "type": "Point",
        "coordinates": [
          -80.114432,
          37.369877
        ]
      }
    },
    {
      "type": "Feature",
      "properties": {
        "sample_id": "elev-va-1mi-235",
        "trail": "Appalachian Trail",
        "route_id": "at-mvp2-va-damascus-harpers-ferry-open-2026",
        "mile_nobo_global_est": 694,
        "mile_nobo_va": 235,
        "mile_sobo_va": 312,
        "lat": 37.377267,
        "lon": -80.101591,
        "interval_miles": 1,
        "elevation_ft": 2156.2,
        "source_id": "usgs_3dep",
        "source_url": "https://epqs.nationalmap.gov/v1/json",
        "source": "USGS Elevation Point Query Service, interpolated from 3DEP dynamic elevation service",
        "source_license": "public_domain",
        "license_status": "public_domain",
        "attribution": "Data available from U.S. Geological Survey, 3D Elevation Program.",
        "confidence": "model_derived_topographic_estimate",
        "last_checked": "2026-05-14",
        "last_generated": "2026-05-14",
        "ai_answer_rule": "Describe as model-derived USGS 3DEP elevation sampled along Scout open route geometry; values may differ from guidebook profiles or surveyed summits."
      },
      "geometry": {
        "type": "Point",
        "coordinates": [
          -80.101591,
          37.377267
        ]
      }
    },
    {
      "type": "Feature",
      "properties": {
        "sample_id": "elev-va-1mi-236",
        "trail": "Appalachian Trail",
        "route_id": "at-mvp2-va-damascus-harpers-ferry-open-2026",
        "mile_nobo_global_est": 695,
        "mile_nobo_va": 236,
        "mile_sobo_va": 311,
        "lat": 37.38218,
        "lon": -80.086829,
        "interval_miles": 1,
        "elevation_ft": 2117.1,
        "source_id": "usgs_3dep",
        "source_url": "https://epqs.nationalmap.gov/v1/json",
        "source": "USGS Elevation Point Query Service, interpolated from 3DEP dynamic elevation service",
        "source_license": "public_domain",
        "license_status": "public_domain",
        "attribution": "Data available from U.S. Geological Survey, 3D Elevation Program.",
        "confidence": "model_derived_topographic_estimate",
        "last_checked": "2026-05-14",
        "last_generated": "2026-05-14",
        "ai_answer_rule": "Describe as model-derived USGS 3DEP elevation sampled along Scout open route geometry; values may differ from guidebook profiles or surveyed summits."
      },
      "geometry": {
        "type": "Point",
        "coordinates": [
          -80.086829,
          37.38218
        ]
      }
    },
    {
      "type": "Feature",
      "properties": {
        "sample_id": "elev-va-1mi-237",
        "trail": "Appalachian Trail",
        "route_id": "at-mvp2-va-damascus-harpers-ferry-open-2026",
        "mile_nobo_global_est": 696,
        "mile_nobo_va": 237,
        "mile_sobo_va": 310,
        "lat": 37.386254,
        "lon": -80.070464,
        "interval_miles": 1,
        "elevation_ft": 2022.9,
        "source_id": "usgs_3dep",
        "source_url": "https://epqs.nationalmap.gov/v1/json",
        "source": "USGS Elevation Point Query Service, interpolated from 3DEP dynamic elevation service",
        "source_license": "public_domain",
        "license_status": "public_domain",
        "attribution": "Data available from U.S. Geological Survey, 3D Elevation Program.",
        "confidence": "model_derived_topographic_estimate",
        "last_checked": "2026-05-14",
        "last_generated": "2026-05-14",
        "ai_answer_rule": "Describe as model-derived USGS 3DEP elevation sampled along Scout open route geometry; values may differ from guidebook profiles or surveyed summits."
      },
      "geometry": {
        "type": "Point",
        "coordinates": [
          -80.070464,
          37.386254
        ]
      }
    },
    {
      "type": "Feature",
      "properties": {
        "sample_id": "elev-va-1mi-238",
        "trail": "Appalachian Trail",
        "route_id": "at-mvp2-va-damascus-harpers-ferry-open-2026",
        "mile_nobo_global_est": 697,
        "mile_nobo_va": 238,
        "mile_sobo_va": 309,
        "lat": 37.388369,
        "lon": -80.056702,
        "interval_miles": 1,
        "elevation_ft": 2204.3,
        "source_id": "usgs_3dep",
        "source_url": "https://epqs.nationalmap.gov/v1/json",
        "source": "USGS Elevation Point Query Service, interpolated from 3DEP dynamic elevation service",
        "source_license": "public_domain",
        "license_status": "public_domain",
        "attribution": "Data available from U.S. Geological Survey, 3D Elevation Program.",
        "confidence": "model_derived_topographic_estimate",
        "last_checked": "2026-05-14",
        "last_generated": "2026-05-14",
        "ai_answer_rule": "Describe as model-derived USGS 3DEP elevation sampled along Scout open route geometry; values may differ from guidebook profiles or surveyed summits."
      },
      "geometry": {
        "type": "Point",
        "coordinates": [
          -80.056702,
          37.388369
        ]
      }
    },
    {
      "type": "Feature",
      "properties": {
        "sample_id": "elev-va-1mi-239",
        "trail": "Appalachian Trail",
        "route_id": "at-mvp2-va-damascus-harpers-ferry-open-2026",
        "mile_nobo_global_est": 698,
        "mile_nobo_va": 239,
        "mile_sobo_va": 308,
        "lat": 37.391343,
        "lon": -80.044963,
        "interval_miles": 1,
        "elevation_ft": 2746.3,
        "source_id": "usgs_3dep",
        "source_url": "https://epqs.nationalmap.gov/v1/json",
        "source": "USGS Elevation Point Query Service, interpolated from 3DEP dynamic elevation service",
        "source_license": "public_domain",
        "license_status": "public_domain",
        "attribution": "Data available from U.S. Geological Survey, 3D Elevation Program.",
        "confidence": "model_derived_topographic_estimate",
        "last_checked": "2026-05-14",
        "last_generated": "2026-05-14",
        "ai_answer_rule": "Describe as model-derived USGS 3DEP elevation sampled along Scout open route geometry; values may differ from guidebook profiles or surveyed summits."
      },
      "geometry": {
        "type": "Point",
        "coordinates": [
          -80.044963,
          37.391343
        ]
      }
    },
    {
      "type": "Feature",
      "properties": {
        "sample_id": "elev-va-1mi-240",
        "trail": "Appalachian Trail",
        "route_id": "at-mvp2-va-damascus-harpers-ferry-open-2026",
        "mile_nobo_global_est": 699,
        "mile_nobo_va": 240,
        "mile_sobo_va": 307,
        "lat": 37.391455,
        "lon": -80.035272,
        "interval_miles": 1,
        "elevation_ft": 2995.6,
        "source_id": "usgs_3dep",
        "source_url": "https://epqs.nationalmap.gov/v1/json",
        "source": "USGS Elevation Point Query Service, interpolated from 3DEP dynamic elevation service",
        "source_license": "public_domain",
        "license_status": "public_domain",
        "attribution": "Data available from U.S. Geological Survey, 3D Elevation Program.",
        "confidence": "model_derived_topographic_estimate",
        "last_checked": "2026-05-14",
        "last_generated": "2026-05-14",
        "ai_answer_rule": "Describe as model-derived USGS 3DEP elevation sampled along Scout open route geometry; values may differ from guidebook profiles or surveyed summits."
      },
      "geometry": {
        "type": "Point",
        "coordinates": [
          -80.035272,
          37.391455
        ]
      }
    },
    {
      "type": "Feature",
      "properties": {
        "sample_id": "elev-va-1mi-241",
        "trail": "Appalachian Trail",
        "route_id": "at-mvp2-va-damascus-harpers-ferry-open-2026",
        "mile_nobo_global_est": 700,
        "mile_nobo_va": 241,
        "mile_sobo_va": 306,
        "lat": 37.391597,
        "lon": -80.020393,
        "interval_miles": 1,
        "elevation_ft": 2406.7,
        "source_id": "usgs_3dep",
        "source_url": "https://epqs.nationalmap.gov/v1/json",
        "source": "USGS Elevation Point Query Service, interpolated from 3DEP dynamic elevation service",
        "source_license": "public_domain",
        "license_status": "public_domain",
        "attribution": "Data available from U.S. Geological Survey, 3D Elevation Program.",
        "confidence": "model_derived_topographic_estimate",
        "last_checked": "2026-05-14",
        "last_generated": "2026-05-14",
        "ai_answer_rule": "Describe as model-derived USGS 3DEP elevation sampled along Scout open route geometry; values may differ from guidebook profiles or surveyed summits."
      },
      "geometry": {
        "type": "Point",
        "coordinates": [
          -80.020393,
          37.391597
        ]
      }
    },
    {
      "type": "Feature",
      "properties": {
        "sample_id": "elev-va-1mi-242",
        "trail": "Appalachian Trail",
        "route_id": "at-mvp2-va-damascus-harpers-ferry-open-2026",
        "mile_nobo_global_est": 701,
        "mile_nobo_va": 242,
        "mile_sobo_va": 305,
        "lat": 37.400755,
        "lon": -80.007611,
        "interval_miles": 1,
        "elevation_ft": 2395.6,
        "source_id": "usgs_3dep",
        "source_url": "https://epqs.nationalmap.gov/v1/json",
        "source": "USGS Elevation Point Query Service, interpolated from 3DEP dynamic elevation service",
        "source_license": "public_domain",
        "license_status": "public_domain",
        "attribution": "Data available from U.S. Geological Survey, 3D Elevation Program.",
        "confidence": "model_derived_topographic_estimate",
        "last_checked": "2026-05-14",
        "last_generated": "2026-05-14",
        "ai_answer_rule": "Describe as model-derived USGS 3DEP elevation sampled along Scout open route geometry; values may differ from guidebook profiles or surveyed summits."
      },
      "geometry": {
        "type": "Point",
        "coordinates": [
          -80.007611,
          37.400755
        ]
      }
    },
    {
      "type": "Feature",
      "properties": {
        "sample_id": "elev-va-1mi-243",
        "trail": "Appalachian Trail",
        "route_id": "at-mvp2-va-damascus-harpers-ferry-open-2026",
        "mile_nobo_global_est": 702,
        "mile_nobo_va": 243,
        "mile_sobo_va": 304,
        "lat": 37.412157,
        "lon": -79.998719,
        "interval_miles": 1,
        "elevation_ft": 2342.5,
        "source_id": "usgs_3dep",
        "source_url": "https://epqs.nationalmap.gov/v1/json",
        "source": "USGS Elevation Point Query Service, interpolated from 3DEP dynamic elevation service",
        "source_license": "public_domain",
        "license_status": "public_domain",
        "attribution": "Data available from U.S. Geological Survey, 3D Elevation Program.",
        "confidence": "model_derived_topographic_estimate",
        "last_checked": "2026-05-14",
        "last_generated": "2026-05-14",
        "ai_answer_rule": "Describe as model-derived USGS 3DEP elevation sampled along Scout open route geometry; values may differ from guidebook profiles or surveyed summits."
      },
      "geometry": {
        "type": "Point",
        "coordinates": [
          -79.998719,
          37.412157
        ]
      }
    },
    {
      "type": "Feature",
      "properties": {
        "sample_id": "elev-va-1mi-244",
        "trail": "Appalachian Trail",
        "route_id": "at-mvp2-va-damascus-harpers-ferry-open-2026",
        "mile_nobo_global_est": 703,
        "mile_nobo_va": 244,
        "mile_sobo_va": 303,
        "lat": 37.424175,
        "lon": -79.996428,
        "interval_miles": 1,
        "elevation_ft": 2502.5,
        "source_id": "usgs_3dep",
        "source_url": "https://epqs.nationalmap.gov/v1/json",
        "source": "USGS Elevation Point Query Service, interpolated from 3DEP dynamic elevation service",
        "source_license": "public_domain",
        "license_status": "public_domain",
        "attribution": "Data available from U.S. Geological Survey, 3D Elevation Program.",
        "confidence": "model_derived_topographic_estimate",
        "last_checked": "2026-05-14",
        "last_generated": "2026-05-14",
        "ai_answer_rule": "Describe as model-derived USGS 3DEP elevation sampled along Scout open route geometry; values may differ from guidebook profiles or surveyed summits."
      },
      "geometry": {
        "type": "Point",
        "coordinates": [
          -79.996428,
          37.424175
        ]
      }
    },
    {
      "type": "Feature",
      "properties": {
        "sample_id": "elev-va-1mi-245",
        "trail": "Appalachian Trail",
        "route_id": "at-mvp2-va-damascus-harpers-ferry-open-2026",
        "mile_nobo_global_est": 704,
        "mile_nobo_va": 245,
        "mile_sobo_va": 302,
        "lat": 37.437116,
        "lon": -79.999047,
        "interval_miles": 1,
        "elevation_ft": 2960.4,
        "source_id": "usgs_3dep",
        "source_url": "https://epqs.nationalmap.gov/v1/json",
        "source": "USGS Elevation Point Query Service, interpolated from 3DEP dynamic elevation service",
        "source_license": "public_domain",
        "license_status": "public_domain",
        "attribution": "Data available from U.S. Geological Survey, 3D Elevation Program.",
        "confidence": "model_derived_topographic_estimate",
        "last_checked": "2026-05-14",
        "last_generated": "2026-05-14",
        "ai_answer_rule": "Describe as model-derived USGS 3DEP elevation sampled along Scout open route geometry; values may differ from guidebook profiles or surveyed summits."
      },
      "geometry": {
        "type": "Point",
        "coordinates": [
          -79.999047,
          37.437116
        ]
      }
    },
    {
      "type": "Feature",
      "properties": {
        "sample_id": "elev-va-1mi-246",
        "trail": "Appalachian Trail",
        "route_id": "at-mvp2-va-damascus-harpers-ferry-open-2026",
        "mile_nobo_global_est": 705,
        "mile_nobo_va": 246,
        "mile_sobo_va": 301,
        "lat": 37.439149,
        "lon": -79.993346,
        "interval_miles": 1,
        "elevation_ft": 2461,
        "source_id": "usgs_3dep",
        "source_url": "https://epqs.nationalmap.gov/v1/json",
        "source": "USGS Elevation Point Query Service, interpolated from 3DEP dynamic elevation service",
        "source_license": "public_domain",
        "license_status": "public_domain",
        "attribution": "Data available from U.S. Geological Survey, 3D Elevation Program.",
        "confidence": "model_derived_topographic_estimate",
        "last_checked": "2026-05-14",
        "last_generated": "2026-05-14",
        "ai_answer_rule": "Describe as model-derived USGS 3DEP elevation sampled along Scout open route geometry; values may differ from guidebook profiles or surveyed summits."
      },
      "geometry": {
        "type": "Point",
        "coordinates": [
          -79.993346,
          37.439149
        ]
      }
    },
    {
      "type": "Feature",
      "properties": {
        "sample_id": "elev-va-1mi-247",
        "trail": "Appalachian Trail",
        "route_id": "at-mvp2-va-damascus-harpers-ferry-open-2026",
        "mile_nobo_global_est": 706,
        "mile_nobo_va": 247,
        "mile_sobo_va": 300,
        "lat": 37.433118,
        "lon": -79.980156,
        "interval_miles": 1,
        "elevation_ft": 2066.9,
        "source_id": "usgs_3dep",
        "source_url": "https://epqs.nationalmap.gov/v1/json",
        "source": "USGS Elevation Point Query Service, interpolated from 3DEP dynamic elevation service",
        "source_license": "public_domain",
        "license_status": "public_domain",
        "attribution": "Data available from U.S. Geological Survey, 3D Elevation Program.",
        "confidence": "model_derived_topographic_estimate",
        "last_checked": "2026-05-14",
        "last_generated": "2026-05-14",
        "ai_answer_rule": "Describe as model-derived USGS 3DEP elevation sampled along Scout open route geometry; values may differ from guidebook profiles or surveyed summits."
      },
      "geometry": {
        "type": "Point",
        "coordinates": [
          -79.980156,
          37.433118
        ]
      }
    },
    {
      "type": "Feature",
      "properties": {
        "sample_id": "elev-va-1mi-248",
        "trail": "Appalachian Trail",
        "route_id": "at-mvp2-va-damascus-harpers-ferry-open-2026",
        "mile_nobo_global_est": 707,
        "mile_nobo_va": 248,
        "mile_sobo_va": 299,
        "lat": 37.43041,
        "lon": -79.966656,
        "interval_miles": 1,
        "elevation_ft": 2296.5,
        "source_id": "usgs_3dep",
        "source_url": "https://epqs.nationalmap.gov/v1/json",
        "source": "USGS Elevation Point Query Service, interpolated from 3DEP dynamic elevation service",
        "source_license": "public_domain",
        "license_status": "public_domain",
        "attribution": "Data available from U.S. Geological Survey, 3D Elevation Program.",
        "confidence": "model_derived_topographic_estimate",
        "last_checked": "2026-05-14",
        "last_generated": "2026-05-14",
        "ai_answer_rule": "Describe as model-derived USGS 3DEP elevation sampled along Scout open route geometry; values may differ from guidebook profiles or surveyed summits."
      },
      "geometry": {
        "type": "Point",
        "coordinates": [
          -79.966656,
          37.43041
        ]
      }
    },
    {
      "type": "Feature",
      "properties": {
        "sample_id": "elev-va-1mi-249",
        "trail": "Appalachian Trail",
        "route_id": "at-mvp2-va-damascus-harpers-ferry-open-2026",
        "mile_nobo_global_est": 708,
        "mile_nobo_va": 249,
        "mile_sobo_va": 298,
        "lat": 37.421304,
        "lon": -79.955743,
        "interval_miles": 1,
        "elevation_ft": 2223.5,
        "source_id": "usgs_3dep",
        "source_url": "https://epqs.nationalmap.gov/v1/json",
        "source": "USGS Elevation Point Query Service, interpolated from 3DEP dynamic elevation service",
        "source_license": "public_domain",
        "license_status": "public_domain",
        "attribution": "Data available from U.S. Geological Survey, 3D Elevation Program.",
        "confidence": "model_derived_topographic_estimate",
        "last_checked": "2026-05-14",
        "last_generated": "2026-05-14",
        "ai_answer_rule": "Describe as model-derived USGS 3DEP elevation sampled along Scout open route geometry; values may differ from guidebook profiles or surveyed summits."
      },
      "geometry": {
        "type": "Point",
        "coordinates": [
          -79.955743,
          37.421304
        ]
      }
    },
    {
      "type": "Feature",
      "properties": {
        "sample_id": "elev-va-1mi-250",
        "trail": "Appalachian Trail",
        "route_id": "at-mvp2-va-damascus-harpers-ferry-open-2026",
        "mile_nobo_global_est": 709,
        "mile_nobo_va": 250,
        "mile_sobo_va": 297,
        "lat": 37.413098,
        "lon": -79.951849,
        "interval_miles": 1,
        "elevation_ft": 1925,
        "source_id": "usgs_3dep",
        "source_url": "https://epqs.nationalmap.gov/v1/json",
        "source": "USGS Elevation Point Query Service, interpolated from 3DEP dynamic elevation service",
        "source_license": "public_domain",
        "license_status": "public_domain",
        "attribution": "Data available from U.S. Geological Survey, 3D Elevation Program.",
        "confidence": "model_derived_topographic_estimate",
        "last_checked": "2026-05-14",
        "last_generated": "2026-05-14",
        "ai_answer_rule": "Describe as model-derived USGS 3DEP elevation sampled along Scout open route geometry; values may differ from guidebook profiles or surveyed summits."
      },
      "geometry": {
        "type": "Point",
        "coordinates": [
          -79.951849,
          37.413098
        ]
      }
    },
    {
      "type": "Feature",
      "properties": {
        "sample_id": "elev-va-1mi-251",
        "trail": "Appalachian Trail",
        "route_id": "at-mvp2-va-damascus-harpers-ferry-open-2026",
        "mile_nobo_global_est": 710,
        "mile_nobo_va": 251,
        "mile_sobo_va": 296,
        "lat": 37.41374,
        "lon": -79.938968,
        "interval_miles": 1,
        "elevation_ft": 1735.1,
        "source_id": "usgs_3dep",
        "source_url": "https://epqs.nationalmap.gov/v1/json",
        "source": "USGS Elevation Point Query Service, interpolated from 3DEP dynamic elevation service",
        "source_license": "public_domain",
        "license_status": "public_domain",
        "attribution": "Data available from U.S. Geological Survey, 3D Elevation Program.",
        "confidence": "model_derived_topographic_estimate",
        "last_checked": "2026-05-14",
        "last_generated": "2026-05-14",
        "ai_answer_rule": "Describe as model-derived USGS 3DEP elevation sampled along Scout open route geometry; values may differ from guidebook profiles or surveyed summits."
      },
      "geometry": {
        "type": "Point",
        "coordinates": [
          -79.938968,
          37.41374
        ]
      }
    },
    {
      "type": "Feature",
      "properties": {
        "sample_id": "elev-va-1mi-252",
        "trail": "Appalachian Trail",
        "route_id": "at-mvp2-va-damascus-harpers-ferry-open-2026",
        "mile_nobo_global_est": 711,
        "mile_nobo_va": 252,
        "mile_sobo_va": 295,
        "lat": 37.401397,
        "lon": -79.931542,
        "interval_miles": 1,
        "elevation_ft": 2009,
        "source_id": "usgs_3dep",
        "source_url": "https://epqs.nationalmap.gov/v1/json",
        "source": "USGS Elevation Point Query Service, interpolated from 3DEP dynamic elevation service",
        "source_license": "public_domain",
        "license_status": "public_domain",
        "attribution": "Data available from U.S. Geological Survey, 3D Elevation Program.",
        "confidence": "model_derived_topographic_estimate",
        "last_checked": "2026-05-14",
        "last_generated": "2026-05-14",
        "ai_answer_rule": "Describe as model-derived USGS 3DEP elevation sampled along Scout open route geometry; values may differ from guidebook profiles or surveyed summits."
      },
      "geometry": {
        "type": "Point",
        "coordinates": [
          -79.931542,
          37.401397
        ]
      }
    },
    {
      "type": "Feature",
      "properties": {
        "sample_id": "elev-va-1mi-253",
        "trail": "Appalachian Trail",
        "route_id": "at-mvp2-va-damascus-harpers-ferry-open-2026",
        "mile_nobo_global_est": 712,
        "mile_nobo_va": 253,
        "mile_sobo_va": 294,
        "lat": 37.388398,
        "lon": -79.935081,
        "interval_miles": 1,
        "elevation_ft": 1907.7,
        "source_id": "usgs_3dep",
        "source_url": "https://epqs.nationalmap.gov/v1/json",
        "source": "USGS Elevation Point Query Service, interpolated from 3DEP dynamic elevation service",
        "source_license": "public_domain",
        "license_status": "public_domain",
        "attribution": "Data available from U.S. Geological Survey, 3D Elevation Program.",
        "confidence": "model_derived_topographic_estimate",
        "last_checked": "2026-05-14",
        "last_generated": "2026-05-14",
        "ai_answer_rule": "Describe as model-derived USGS 3DEP elevation sampled along Scout open route geometry; values may differ from guidebook profiles or surveyed summits."
      },
      "geometry": {
        "type": "Point",
        "coordinates": [
          -79.935081,
          37.388398
        ]
      }
    },
    {
      "type": "Feature",
      "properties": {
        "sample_id": "elev-va-1mi-254",
        "trail": "Appalachian Trail",
        "route_id": "at-mvp2-va-damascus-harpers-ferry-open-2026",
        "mile_nobo_global_est": 713,
        "mile_nobo_va": 254,
        "mile_sobo_va": 293,
        "lat": 37.382042,
        "lon": -79.923229,
        "interval_miles": 1,
        "elevation_ft": 1806.8,
        "source_id": "usgs_3dep",
        "source_url": "https://epqs.nationalmap.gov/v1/json",
        "source": "USGS Elevation Point Query Service, interpolated from 3DEP dynamic elevation service",
        "source_license": "public_domain",
        "license_status": "public_domain",
        "attribution": "Data available from U.S. Geological Survey, 3D Elevation Program.",
        "confidence": "model_derived_topographic_estimate",
        "last_checked": "2026-05-14",
        "last_generated": "2026-05-14",
        "ai_answer_rule": "Describe as model-derived USGS 3DEP elevation sampled along Scout open route geometry; values may differ from guidebook profiles or surveyed summits."
      },
      "geometry": {
        "type": "Point",
        "coordinates": [
          -79.923229,
          37.382042
        ]
      }
    },
    {
      "type": "Feature",
      "properties": {
        "sample_id": "elev-va-1mi-255",
        "trail": "Appalachian Trail",
        "route_id": "at-mvp2-va-damascus-harpers-ferry-open-2026",
        "mile_nobo_global_est": 714,
        "mile_nobo_va": 255,
        "mile_sobo_va": 292,
        "lat": 37.388787,
        "lon": -79.918953,
        "interval_miles": 1,
        "elevation_ft": 1247.3,
        "source_id": "usgs_3dep",
        "source_url": "https://epqs.nationalmap.gov/v1/json",
        "source": "USGS Elevation Point Query Service, interpolated from 3DEP dynamic elevation service",
        "source_license": "public_domain",
        "license_status": "public_domain",
        "attribution": "Data available from U.S. Geological Survey, 3D Elevation Program.",
        "confidence": "model_derived_topographic_estimate",
        "last_checked": "2026-05-14",
        "last_generated": "2026-05-14",
        "ai_answer_rule": "Describe as model-derived USGS 3DEP elevation sampled along Scout open route geometry; values may differ from guidebook profiles or surveyed summits."
      },
      "geometry": {
        "type": "Point",
        "coordinates": [
          -79.918953,
          37.388787
        ]
      }
    },
    {
      "type": "Feature",
      "properties": {
        "sample_id": "elev-va-1mi-256",
        "trail": "Appalachian Trail",
        "route_id": "at-mvp2-va-damascus-harpers-ferry-open-2026",
        "mile_nobo_global_est": 715,
        "mile_nobo_va": 256,
        "mile_sobo_va": 291,
        "lat": 37.394124,
        "lon": -79.905355,
        "interval_miles": 1,
        "elevation_ft": 1284.4,
        "source_id": "usgs_3dep",
        "source_url": "https://epqs.nationalmap.gov/v1/json",
        "source": "USGS Elevation Point Query Service, interpolated from 3DEP dynamic elevation service",
        "source_license": "public_domain",
        "license_status": "public_domain",
        "attribution": "Data available from U.S. Geological Survey, 3D Elevation Program.",
        "confidence": "model_derived_topographic_estimate",
        "last_checked": "2026-05-14",
        "last_generated": "2026-05-14",
        "ai_answer_rule": "Describe as model-derived USGS 3DEP elevation sampled along Scout open route geometry; values may differ from guidebook profiles or surveyed summits."
      },
      "geometry": {
        "type": "Point",
        "coordinates": [
          -79.905355,
          37.394124
        ]
      }
    },
    {
      "type": "Feature",
      "properties": {
        "sample_id": "elev-va-1mi-257",
        "trail": "Appalachian Trail",
        "route_id": "at-mvp2-va-damascus-harpers-ferry-open-2026",
        "mile_nobo_global_est": 716,
        "mile_nobo_va": 257,
        "mile_sobo_va": 290,
        "lat": 37.404386,
        "lon": -79.896395,
        "interval_miles": 1,
        "elevation_ft": 1340.2,
        "source_id": "usgs_3dep",
        "source_url": "https://epqs.nationalmap.gov/v1/json",
        "source": "USGS Elevation Point Query Service, interpolated from 3DEP dynamic elevation service",
        "source_license": "public_domain",
        "license_status": "public_domain",
        "attribution": "Data available from U.S. Geological Survey, 3D Elevation Program.",
        "confidence": "model_derived_topographic_estimate",
        "last_checked": "2026-05-14",
        "last_generated": "2026-05-14",
        "ai_answer_rule": "Describe as model-derived USGS 3DEP elevation sampled along Scout open route geometry; values may differ from guidebook profiles or surveyed summits."
      },
      "geometry": {
        "type": "Point",
        "coordinates": [
          -79.896395,
          37.404386
        ]
      }
    },
    {
      "type": "Feature",
      "properties": {
        "sample_id": "elev-va-1mi-258",
        "trail": "Appalachian Trail",
        "route_id": "at-mvp2-va-damascus-harpers-ferry-open-2026",
        "mile_nobo_global_est": 717,
        "mile_nobo_va": 258,
        "mile_sobo_va": 289,
        "lat": 37.398999,
        "lon": -79.885323,
        "interval_miles": 1,
        "elevation_ft": 1413,
        "source_id": "usgs_3dep",
        "source_url": "https://epqs.nationalmap.gov/v1/json",
        "source": "USGS Elevation Point Query Service, interpolated from 3DEP dynamic elevation service",
        "source_license": "public_domain",
        "license_status": "public_domain",
        "attribution": "Data available from U.S. Geological Survey, 3D Elevation Program.",
        "confidence": "model_derived_topographic_estimate",
        "last_checked": "2026-05-14",
        "last_generated": "2026-05-14",
        "ai_answer_rule": "Describe as model-derived USGS 3DEP elevation sampled along Scout open route geometry; values may differ from guidebook profiles or surveyed summits."
      },
      "geometry": {
        "type": "Point",
        "coordinates": [
          -79.885323,
          37.398999
        ]
      }
    },
    {
      "type": "Feature",
      "properties": {
        "sample_id": "elev-va-1mi-259",
        "trail": "Appalachian Trail",
        "route_id": "at-mvp2-va-damascus-harpers-ferry-open-2026",
        "mile_nobo_global_est": 718,
        "mile_nobo_va": 259,
        "mile_sobo_va": 288,
        "lat": 37.397995,
        "lon": -79.875941,
        "interval_miles": 1,
        "elevation_ft": 1779,
        "source_id": "usgs_3dep",
        "source_url": "https://epqs.nationalmap.gov/v1/json",
        "source": "USGS Elevation Point Query Service, interpolated from 3DEP dynamic elevation service",
        "source_license": "public_domain",
        "license_status": "public_domain",
        "attribution": "Data available from U.S. Geological Survey, 3D Elevation Program.",
        "confidence": "model_derived_topographic_estimate",
        "last_checked": "2026-05-14",
        "last_generated": "2026-05-14",
        "ai_answer_rule": "Describe as model-derived USGS 3DEP elevation sampled along Scout open route geometry; values may differ from guidebook profiles or surveyed summits."
      },
      "geometry": {
        "type": "Point",
        "coordinates": [
          -79.875941,
          37.397995
        ]
      }
    },
    {
      "type": "Feature",
      "properties": {
        "sample_id": "elev-va-1mi-260",
        "trail": "Appalachian Trail",
        "route_id": "at-mvp2-va-damascus-harpers-ferry-open-2026",
        "mile_nobo_global_est": 719,
        "mile_nobo_va": 260,
        "mile_sobo_va": 287,
        "lat": 37.400092,
        "lon": -79.865757,
        "interval_miles": 1,
        "elevation_ft": 2130.3,
        "source_id": "usgs_3dep",
        "source_url": "https://epqs.nationalmap.gov/v1/json",
        "source": "USGS Elevation Point Query Service, interpolated from 3DEP dynamic elevation service",
        "source_license": "public_domain",
        "license_status": "public_domain",
        "attribution": "Data available from U.S. Geological Survey, 3D Elevation Program.",
        "confidence": "model_derived_topographic_estimate",
        "last_checked": "2026-05-14",
        "last_generated": "2026-05-14",
        "ai_answer_rule": "Describe as model-derived USGS 3DEP elevation sampled along Scout open route geometry; values may differ from guidebook profiles or surveyed summits."
      },
      "geometry": {
        "type": "Point",
        "coordinates": [
          -79.865757,
          37.400092
        ]
      }
    },
    {
      "type": "Feature",
      "properties": {
        "sample_id": "elev-va-1mi-261",
        "trail": "Appalachian Trail",
        "route_id": "at-mvp2-va-damascus-harpers-ferry-open-2026",
        "mile_nobo_global_est": 720,
        "mile_nobo_va": 261,
        "mile_sobo_va": 286,
        "lat": 37.397593,
        "lon": -79.857789,
        "interval_miles": 1,
        "elevation_ft": 2534.3,
        "source_id": "usgs_3dep",
        "source_url": "https://epqs.nationalmap.gov/v1/json",
        "source": "USGS Elevation Point Query Service, interpolated from 3DEP dynamic elevation service",
        "source_license": "public_domain",
        "license_status": "public_domain",
        "attribution": "Data available from U.S. Geological Survey, 3D Elevation Program.",
        "confidence": "model_derived_topographic_estimate",
        "last_checked": "2026-05-14",
        "last_generated": "2026-05-14",
        "ai_answer_rule": "Describe as model-derived USGS 3DEP elevation sampled along Scout open route geometry; values may differ from guidebook profiles or surveyed summits."
      },
      "geometry": {
        "type": "Point",
        "coordinates": [
          -79.857789,
          37.397593
        ]
      }
    },
    {
      "type": "Feature",
      "properties": {
        "sample_id": "elev-va-1mi-262",
        "trail": "Appalachian Trail",
        "route_id": "at-mvp2-va-damascus-harpers-ferry-open-2026",
        "mile_nobo_global_est": 721,
        "mile_nobo_va": 262,
        "mile_sobo_va": 285,
        "lat": 37.400779,
        "lon": -79.843878,
        "interval_miles": 1,
        "elevation_ft": 2224.3,
        "source_id": "usgs_3dep",
        "source_url": "https://epqs.nationalmap.gov/v1/json",
        "source": "USGS Elevation Point Query Service, interpolated from 3DEP dynamic elevation service",
        "source_license": "public_domain",
        "license_status": "public_domain",
        "attribution": "Data available from U.S. Geological Survey, 3D Elevation Program.",
        "confidence": "model_derived_topographic_estimate",
        "last_checked": "2026-05-14",
        "last_generated": "2026-05-14",
        "ai_answer_rule": "Describe as model-derived USGS 3DEP elevation sampled along Scout open route geometry; values may differ from guidebook profiles or surveyed summits."
      },
      "geometry": {
        "type": "Point",
        "coordinates": [
          -79.843878,
          37.400779
        ]
      }
    },
    {
      "type": "Feature",
      "properties": {
        "sample_id": "elev-va-1mi-263",
        "trail": "Appalachian Trail",
        "route_id": "at-mvp2-va-damascus-harpers-ferry-open-2026",
        "mile_nobo_global_est": 722,
        "mile_nobo_va": 263,
        "mile_sobo_va": 284,
        "lat": 37.407078,
        "lon": -79.82937,
        "interval_miles": 1,
        "elevation_ft": 2360.8,
        "source_id": "usgs_3dep",
        "source_url": "https://epqs.nationalmap.gov/v1/json",
        "source": "USGS Elevation Point Query Service, interpolated from 3DEP dynamic elevation service",
        "source_license": "public_domain",
        "license_status": "public_domain",
        "attribution": "Data available from U.S. Geological Survey, 3D Elevation Program.",
        "confidence": "model_derived_topographic_estimate",
        "last_checked": "2026-05-14",
        "last_generated": "2026-05-14",
        "ai_answer_rule": "Describe as model-derived USGS 3DEP elevation sampled along Scout open route geometry; values may differ from guidebook profiles or surveyed summits."
      },
      "geometry": {
        "type": "Point",
        "coordinates": [
          -79.82937,
          37.407078
        ]
      }
    },
    {
      "type": "Feature",
      "properties": {
        "sample_id": "elev-va-1mi-264",
        "trail": "Appalachian Trail",
        "route_id": "at-mvp2-va-damascus-harpers-ferry-open-2026",
        "mile_nobo_global_est": 723,
        "mile_nobo_va": 264,
        "mile_sobo_va": 283,
        "lat": 37.416112,
        "lon": -79.819692,
        "interval_miles": 1,
        "elevation_ft": 2248.2,
        "source_id": "usgs_3dep",
        "source_url": "https://epqs.nationalmap.gov/v1/json",
        "source": "USGS Elevation Point Query Service, interpolated from 3DEP dynamic elevation service",
        "source_license": "public_domain",
        "license_status": "public_domain",
        "attribution": "Data available from U.S. Geological Survey, 3D Elevation Program.",
        "confidence": "model_derived_topographic_estimate",
        "last_checked": "2026-05-14",
        "last_generated": "2026-05-14",
        "ai_answer_rule": "Describe as model-derived USGS 3DEP elevation sampled along Scout open route geometry; values may differ from guidebook profiles or surveyed summits."
      },
      "geometry": {
        "type": "Point",
        "coordinates": [
          -79.819692,
          37.416112
        ]
      }
    },
    {
      "type": "Feature",
      "properties": {
        "sample_id": "elev-va-1mi-265",
        "trail": "Appalachian Trail",
        "route_id": "at-mvp2-va-damascus-harpers-ferry-open-2026",
        "mile_nobo_global_est": 724,
        "mile_nobo_va": 265,
        "mile_sobo_va": 282,
        "lat": 37.418231,
        "lon": -79.809268,
        "interval_miles": 1,
        "elevation_ft": 1755.5,
        "source_id": "usgs_3dep",
        "source_url": "https://epqs.nationalmap.gov/v1/json",
        "source": "USGS Elevation Point Query Service, interpolated from 3DEP dynamic elevation service",
        "source_license": "public_domain",
        "license_status": "public_domain",
        "attribution": "Data available from U.S. Geological Survey, 3D Elevation Program.",
        "confidence": "model_derived_topographic_estimate",
        "last_checked": "2026-05-14",
        "last_generated": "2026-05-14",
        "ai_answer_rule": "Describe as model-derived USGS 3DEP elevation sampled along Scout open route geometry; values may differ from guidebook profiles or surveyed summits."
      },
      "geometry": {
        "type": "Point",
        "coordinates": [
          -79.809268,
          37.418231
        ]
      }
    },
    {
      "type": "Feature",
      "properties": {
        "sample_id": "elev-va-1mi-266",
        "trail": "Appalachian Trail",
        "route_id": "at-mvp2-va-damascus-harpers-ferry-open-2026",
        "mile_nobo_global_est": 725,
        "mile_nobo_va": 266,
        "mile_sobo_va": 281,
        "lat": 37.421861,
        "lon": -79.796803,
        "interval_miles": 1,
        "elevation_ft": 1536.3,
        "source_id": "usgs_3dep",
        "source_url": "https://epqs.nationalmap.gov/v1/json",
        "source": "USGS Elevation Point Query Service, interpolated from 3DEP dynamic elevation service",
        "source_license": "public_domain",
        "license_status": "public_domain",
        "attribution": "Data available from U.S. Geological Survey, 3D Elevation Program.",
        "confidence": "model_derived_topographic_estimate",
        "last_checked": "2026-05-14",
        "last_generated": "2026-05-14",
        "ai_answer_rule": "Describe as model-derived USGS 3DEP elevation sampled along Scout open route geometry; values may differ from guidebook profiles or surveyed summits."
      },
      "geometry": {
        "type": "Point",
        "coordinates": [
          -79.796803,
          37.421861
        ]
      }
    },
    {
      "type": "Feature",
      "properties": {
        "sample_id": "elev-va-1mi-267",
        "trail": "Appalachian Trail",
        "route_id": "at-mvp2-va-damascus-harpers-ferry-open-2026",
        "mile_nobo_global_est": 726,
        "mile_nobo_va": 267,
        "mile_sobo_va": 280,
        "lat": 37.42071,
        "lon": -79.785285,
        "interval_miles": 1,
        "elevation_ft": 1747.1,
        "source_id": "usgs_3dep",
        "source_url": "https://epqs.nationalmap.gov/v1/json",
        "source": "USGS Elevation Point Query Service, interpolated from 3DEP dynamic elevation service",
        "source_license": "public_domain",
        "license_status": "public_domain",
        "attribution": "Data available from U.S. Geological Survey, 3D Elevation Program.",
        "confidence": "model_derived_topographic_estimate",
        "last_checked": "2026-05-14",
        "last_generated": "2026-05-14",
        "ai_answer_rule": "Describe as model-derived USGS 3DEP elevation sampled along Scout open route geometry; values may differ from guidebook profiles or surveyed summits."
      },
      "geometry": {
        "type": "Point",
        "coordinates": [
          -79.785285,
          37.42071
        ]
      }
    },
    {
      "type": "Feature",
      "properties": {
        "sample_id": "elev-va-1mi-268",
        "trail": "Appalachian Trail",
        "route_id": "at-mvp2-va-damascus-harpers-ferry-open-2026",
        "mile_nobo_global_est": 727,
        "mile_nobo_va": 268,
        "mile_sobo_va": 279,
        "lat": 37.420975,
        "lon": -79.776758,
        "interval_miles": 1,
        "elevation_ft": 2040.2,
        "source_id": "usgs_3dep",
        "source_url": "https://epqs.nationalmap.gov/v1/json",
        "source": "USGS Elevation Point Query Service, interpolated from 3DEP dynamic elevation service",
        "source_license": "public_domain",
        "license_status": "public_domain",
        "attribution": "Data available from U.S. Geological Survey, 3D Elevation Program.",
        "confidence": "model_derived_topographic_estimate",
        "last_checked": "2026-05-14",
        "last_generated": "2026-05-14",
        "ai_answer_rule": "Describe as model-derived USGS 3DEP elevation sampled along Scout open route geometry; values may differ from guidebook profiles or surveyed summits."
      },
      "geometry": {
        "type": "Point",
        "coordinates": [
          -79.776758,
          37.420975
        ]
      }
    },
    {
      "type": "Feature",
      "properties": {
        "sample_id": "elev-va-1mi-269",
        "trail": "Appalachian Trail",
        "route_id": "at-mvp2-va-damascus-harpers-ferry-open-2026",
        "mile_nobo_global_est": 728,
        "mile_nobo_va": 269,
        "mile_sobo_va": 278,
        "lat": 37.425599,
        "lon": -79.765077,
        "interval_miles": 1,
        "elevation_ft": 2132.5,
        "source_id": "usgs_3dep",
        "source_url": "https://epqs.nationalmap.gov/v1/json",
        "source": "USGS Elevation Point Query Service, interpolated from 3DEP dynamic elevation service",
        "source_license": "public_domain",
        "license_status": "public_domain",
        "attribution": "Data available from U.S. Geological Survey, 3D Elevation Program.",
        "confidence": "model_derived_topographic_estimate",
        "last_checked": "2026-05-14",
        "last_generated": "2026-05-14",
        "ai_answer_rule": "Describe as model-derived USGS 3DEP elevation sampled along Scout open route geometry; values may differ from guidebook profiles or surveyed summits."
      },
      "geometry": {
        "type": "Point",
        "coordinates": [
          -79.765077,
          37.425599
        ]
      }
    },
    {
      "type": "Feature",
      "properties": {
        "sample_id": "elev-va-1mi-270",
        "trail": "Appalachian Trail",
        "route_id": "at-mvp2-va-damascus-harpers-ferry-open-2026",
        "mile_nobo_global_est": 729,
        "mile_nobo_va": 270,
        "mile_sobo_va": 277,
        "lat": 37.429618,
        "lon": -79.752134,
        "interval_miles": 1,
        "elevation_ft": 2464.5,
        "source_id": "usgs_3dep",
        "source_url": "https://epqs.nationalmap.gov/v1/json",
        "source": "USGS Elevation Point Query Service, interpolated from 3DEP dynamic elevation service",
        "source_license": "public_domain",
        "license_status": "public_domain",
        "attribution": "Data available from U.S. Geological Survey, 3D Elevation Program.",
        "confidence": "model_derived_topographic_estimate",
        "last_checked": "2026-05-14",
        "last_generated": "2026-05-14",
        "ai_answer_rule": "Describe as model-derived USGS 3DEP elevation sampled along Scout open route geometry; values may differ from guidebook profiles or surveyed summits."
      },
      "geometry": {
        "type": "Point",
        "coordinates": [
          -79.752134,
          37.429618
        ]
      }
    },
    {
      "type": "Feature",
      "properties": {
        "sample_id": "elev-va-1mi-271",
        "trail": "Appalachian Trail",
        "route_id": "at-mvp2-va-damascus-harpers-ferry-open-2026",
        "mile_nobo_global_est": 730,
        "mile_nobo_va": 271,
        "mile_sobo_va": 276,
        "lat": 37.437345,
        "lon": -79.738448,
        "interval_miles": 1,
        "elevation_ft": 2385.8,
        "source_id": "usgs_3dep",
        "source_url": "https://epqs.nationalmap.gov/v1/json",
        "source": "USGS Elevation Point Query Service, interpolated from 3DEP dynamic elevation service",
        "source_license": "public_domain",
        "license_status": "public_domain",
        "attribution": "Data available from U.S. Geological Survey, 3D Elevation Program.",
        "confidence": "model_derived_topographic_estimate",
        "last_checked": "2026-05-14",
        "last_generated": "2026-05-14",
        "ai_answer_rule": "Describe as model-derived USGS 3DEP elevation sampled along Scout open route geometry; values may differ from guidebook profiles or surveyed summits."
      },
      "geometry": {
        "type": "Point",
        "coordinates": [
          -79.738448,
          37.437345
        ]
      }
    },
    {
      "type": "Feature",
      "properties": {
        "sample_id": "elev-va-1mi-272",
        "trail": "Appalachian Trail",
        "route_id": "at-mvp2-va-damascus-harpers-ferry-open-2026",
        "mile_nobo_global_est": 731,
        "mile_nobo_va": 272,
        "mile_sobo_va": 275,
        "lat": 37.446498,
        "lon": -79.72591,
        "interval_miles": 1,
        "elevation_ft": 2497.4,
        "source_id": "usgs_3dep",
        "source_url": "https://epqs.nationalmap.gov/v1/json",
        "source": "USGS Elevation Point Query Service, interpolated from 3DEP dynamic elevation service",
        "source_license": "public_domain",
        "license_status": "public_domain",
        "attribution": "Data available from U.S. Geological Survey, 3D Elevation Program.",
        "confidence": "model_derived_topographic_estimate",
        "last_checked": "2026-05-14",
        "last_generated": "2026-05-14",
        "ai_answer_rule": "Describe as model-derived USGS 3DEP elevation sampled along Scout open route geometry; values may differ from guidebook profiles or surveyed summits."
      },
      "geometry": {
        "type": "Point",
        "coordinates": [
          -79.72591,
          37.446498
        ]
      }
    },
    {
      "type": "Feature",
      "properties": {
        "sample_id": "elev-va-1mi-273",
        "trail": "Appalachian Trail",
        "route_id": "at-mvp2-va-damascus-harpers-ferry-open-2026",
        "mile_nobo_global_est": 732,
        "mile_nobo_va": 273,
        "mile_sobo_va": 274,
        "lat": 37.453725,
        "lon": -79.713418,
        "interval_miles": 1,
        "elevation_ft": 2299.7,
        "source_id": "usgs_3dep",
        "source_url": "https://epqs.nationalmap.gov/v1/json",
        "source": "USGS Elevation Point Query Service, interpolated from 3DEP dynamic elevation service",
        "source_license": "public_domain",
        "license_status": "public_domain",
        "attribution": "Data available from U.S. Geological Survey, 3D Elevation Program.",
        "confidence": "model_derived_topographic_estimate",
        "last_checked": "2026-05-14",
        "last_generated": "2026-05-14",
        "ai_answer_rule": "Describe as model-derived USGS 3DEP elevation sampled along Scout open route geometry; values may differ from guidebook profiles or surveyed summits."
      },
      "geometry": {
        "type": "Point",
        "coordinates": [
          -79.713418,
          37.453725
        ]
      }
    },
    {
      "type": "Feature",
      "properties": {
        "sample_id": "elev-va-1mi-274",
        "trail": "Appalachian Trail",
        "route_id": "at-mvp2-va-damascus-harpers-ferry-open-2026",
        "mile_nobo_global_est": 733,
        "mile_nobo_va": 274,
        "mile_sobo_va": 273,
        "lat": 37.463897,
        "lon": -79.702661,
        "interval_miles": 1,
        "elevation_ft": 2251.4,
        "source_id": "usgs_3dep",
        "source_url": "https://epqs.nationalmap.gov/v1/json",
        "source": "USGS Elevation Point Query Service, interpolated from 3DEP dynamic elevation service",
        "source_license": "public_domain",
        "license_status": "public_domain",
        "attribution": "Data available from U.S. Geological Survey, 3D Elevation Program.",
        "confidence": "model_derived_topographic_estimate",
        "last_checked": "2026-05-14",
        "last_generated": "2026-05-14",
        "ai_answer_rule": "Describe as model-derived USGS 3DEP elevation sampled along Scout open route geometry; values may differ from guidebook profiles or surveyed summits."
      },
      "geometry": {
        "type": "Point",
        "coordinates": [
          -79.702661,
          37.463897
        ]
      }
    },
    {
      "type": "Feature",
      "properties": {
        "sample_id": "elev-va-1mi-275",
        "trail": "Appalachian Trail",
        "route_id": "at-mvp2-va-damascus-harpers-ferry-open-2026",
        "mile_nobo_global_est": 734,
        "mile_nobo_va": 275,
        "mile_sobo_va": 272,
        "lat": 37.474029,
        "lon": -79.692418,
        "interval_miles": 1,
        "elevation_ft": 2314,
        "source_id": "usgs_3dep",
        "source_url": "https://epqs.nationalmap.gov/v1/json",
        "source": "USGS Elevation Point Query Service, interpolated from 3DEP dynamic elevation service",
        "source_license": "public_domain",
        "license_status": "public_domain",
        "attribution": "Data available from U.S. Geological Survey, 3D Elevation Program.",
        "confidence": "model_derived_topographic_estimate",
        "last_checked": "2026-05-14",
        "last_generated": "2026-05-14",
        "ai_answer_rule": "Describe as model-derived USGS 3DEP elevation sampled along Scout open route geometry; values may differ from guidebook profiles or surveyed summits."
      },
      "geometry": {
        "type": "Point",
        "coordinates": [
          -79.692418,
          37.474029
        ]
      }
    },
    {
      "type": "Feature",
      "properties": {
        "sample_id": "elev-va-1mi-276",
        "trail": "Appalachian Trail",
        "route_id": "at-mvp2-va-damascus-harpers-ferry-open-2026",
        "mile_nobo_global_est": 735,
        "mile_nobo_va": 276,
        "mile_sobo_va": 271,
        "lat": 37.48087,
        "lon": -79.679193,
        "interval_miles": 1,
        "elevation_ft": 2544.8,
        "source_id": "usgs_3dep",
        "source_url": "https://epqs.nationalmap.gov/v1/json",
        "source": "USGS Elevation Point Query Service, interpolated from 3DEP dynamic elevation service",
        "source_license": "public_domain",
        "license_status": "public_domain",
        "attribution": "Data available from U.S. Geological Survey, 3D Elevation Program.",
        "confidence": "model_derived_topographic_estimate",
        "last_checked": "2026-05-14",
        "last_generated": "2026-05-14",
        "ai_answer_rule": "Describe as model-derived USGS 3DEP elevation sampled along Scout open route geometry; values may differ from guidebook profiles or surveyed summits."
      },
      "geometry": {
        "type": "Point",
        "coordinates": [
          -79.679193,
          37.48087
        ]
      }
    },
    {
      "type": "Feature",
      "properties": {
        "sample_id": "elev-va-1mi-277",
        "trail": "Appalachian Trail",
        "route_id": "at-mvp2-va-damascus-harpers-ferry-open-2026",
        "mile_nobo_global_est": 736,
        "mile_nobo_va": 277,
        "mile_sobo_va": 270,
        "lat": 37.487571,
        "lon": -79.669303,
        "interval_miles": 1,
        "elevation_ft": 2411.3,
        "source_id": "usgs_3dep",
        "source_url": "https://epqs.nationalmap.gov/v1/json",
        "source": "USGS Elevation Point Query Service, interpolated from 3DEP dynamic elevation service",
        "source_license": "public_domain",
        "license_status": "public_domain",
        "attribution": "Data available from U.S. Geological Survey, 3D Elevation Program.",
        "confidence": "model_derived_topographic_estimate",
        "last_checked": "2026-05-14",
        "last_generated": "2026-05-14",
        "ai_answer_rule": "Describe as model-derived USGS 3DEP elevation sampled along Scout open route geometry; values may differ from guidebook profiles or surveyed summits."
      },
      "geometry": {
        "type": "Point",
        "coordinates": [
          -79.669303,
          37.487571
        ]
      }
    },
    {
      "type": "Feature",
      "properties": {
        "sample_id": "elev-va-1mi-278",
        "trail": "Appalachian Trail",
        "route_id": "at-mvp2-va-damascus-harpers-ferry-open-2026",
        "mile_nobo_global_est": 737,
        "mile_nobo_va": 278,
        "mile_sobo_va": 269,
        "lat": 37.48419,
        "lon": -79.66297,
        "interval_miles": 1,
        "elevation_ft": 2589.5,
        "source_id": "usgs_3dep",
        "source_url": "https://epqs.nationalmap.gov/v1/json",
        "source": "USGS Elevation Point Query Service, interpolated from 3DEP dynamic elevation service",
        "source_license": "public_domain",
        "license_status": "public_domain",
        "attribution": "Data available from U.S. Geological Survey, 3D Elevation Program.",
        "confidence": "model_derived_topographic_estimate",
        "last_checked": "2026-05-14",
        "last_generated": "2026-05-14",
        "ai_answer_rule": "Describe as model-derived USGS 3DEP elevation sampled along Scout open route geometry; values may differ from guidebook profiles or surveyed summits."
      },
      "geometry": {
        "type": "Point",
        "coordinates": [
          -79.66297,
          37.48419
        ]
      }
    },
    {
      "type": "Feature",
      "properties": {
        "sample_id": "elev-va-1mi-279",
        "trail": "Appalachian Trail",
        "route_id": "at-mvp2-va-damascus-harpers-ferry-open-2026",
        "mile_nobo_global_est": 738,
        "mile_nobo_va": 279,
        "mile_sobo_va": 268,
        "lat": 37.493281,
        "lon": -79.650512,
        "interval_miles": 1,
        "elevation_ft": 2666.5,
        "source_id": "usgs_3dep",
        "source_url": "https://epqs.nationalmap.gov/v1/json",
        "source": "USGS Elevation Point Query Service, interpolated from 3DEP dynamic elevation service",
        "source_license": "public_domain",
        "license_status": "public_domain",
        "attribution": "Data available from U.S. Geological Survey, 3D Elevation Program.",
        "confidence": "model_derived_topographic_estimate",
        "last_checked": "2026-05-14",
        "last_generated": "2026-05-14",
        "ai_answer_rule": "Describe as model-derived USGS 3DEP elevation sampled along Scout open route geometry; values may differ from guidebook profiles or surveyed summits."
      },
      "geometry": {
        "type": "Point",
        "coordinates": [
          -79.650512,
          37.493281
        ]
      }
    },
    {
      "type": "Feature",
      "properties": {
        "sample_id": "elev-va-1mi-280",
        "trail": "Appalachian Trail",
        "route_id": "at-mvp2-va-damascus-harpers-ferry-open-2026",
        "mile_nobo_global_est": 739,
        "mile_nobo_va": 280,
        "mile_sobo_va": 267,
        "lat": 37.50345,
        "lon": -79.654114,
        "interval_miles": 1,
        "elevation_ft": 2193.7,
        "source_id": "usgs_3dep",
        "source_url": "https://epqs.nationalmap.gov/v1/json",
        "source": "USGS Elevation Point Query Service, interpolated from 3DEP dynamic elevation service",
        "source_license": "public_domain",
        "license_status": "public_domain",
        "attribution": "Data available from U.S. Geological Survey, 3D Elevation Program.",
        "confidence": "model_derived_topographic_estimate",
        "last_checked": "2026-05-14",
        "last_generated": "2026-05-14",
        "ai_answer_rule": "Describe as model-derived USGS 3DEP elevation sampled along Scout open route geometry; values may differ from guidebook profiles or surveyed summits."
      },
      "geometry": {
        "type": "Point",
        "coordinates": [
          -79.654114,
          37.50345
        ]
      }
    },
    {
      "type": "Feature",
      "properties": {
        "sample_id": "elev-va-1mi-281",
        "trail": "Appalachian Trail",
        "route_id": "at-mvp2-va-damascus-harpers-ferry-open-2026",
        "mile_nobo_global_est": 740,
        "mile_nobo_va": 281,
        "mile_sobo_va": 266,
        "lat": 37.515918,
        "lon": -79.648212,
        "interval_miles": 1,
        "elevation_ft": 2007.6,
        "source_id": "usgs_3dep",
        "source_url": "https://epqs.nationalmap.gov/v1/json",
        "source": "USGS Elevation Point Query Service, interpolated from 3DEP dynamic elevation service",
        "source_license": "public_domain",
        "license_status": "public_domain",
        "attribution": "Data available from U.S. Geological Survey, 3D Elevation Program.",
        "confidence": "model_derived_topographic_estimate",
        "last_checked": "2026-05-14",
        "last_generated": "2026-05-14",
        "ai_answer_rule": "Describe as model-derived USGS 3DEP elevation sampled along Scout open route geometry; values may differ from guidebook profiles or surveyed summits."
      },
      "geometry": {
        "type": "Point",
        "coordinates": [
          -79.648212,
          37.515918
        ]
      }
    },
    {
      "type": "Feature",
      "properties": {
        "sample_id": "elev-va-1mi-282",
        "trail": "Appalachian Trail",
        "route_id": "at-mvp2-va-damascus-harpers-ferry-open-2026",
        "mile_nobo_global_est": 741,
        "mile_nobo_va": 282,
        "mile_sobo_va": 265,
        "lat": 37.526533,
        "lon": -79.637608,
        "interval_miles": 1,
        "elevation_ft": 2016.2,
        "source_id": "usgs_3dep",
        "source_url": "https://epqs.nationalmap.gov/v1/json",
        "source": "USGS Elevation Point Query Service, interpolated from 3DEP dynamic elevation service",
        "source_license": "public_domain",
        "license_status": "public_domain",
        "attribution": "Data available from U.S. Geological Survey, 3D Elevation Program.",
        "confidence": "model_derived_topographic_estimate",
        "last_checked": "2026-05-14",
        "last_generated": "2026-05-14",
        "ai_answer_rule": "Describe as model-derived USGS 3DEP elevation sampled along Scout open route geometry; values may differ from guidebook profiles or surveyed summits."
      },
      "geometry": {
        "type": "Point",
        "coordinates": [
          -79.637608,
          37.526533
        ]
      }
    },
    {
      "type": "Feature",
      "properties": {
        "sample_id": "elev-va-1mi-283",
        "trail": "Appalachian Trail",
        "route_id": "at-mvp2-va-damascus-harpers-ferry-open-2026",
        "mile_nobo_global_est": 742,
        "mile_nobo_va": 283,
        "mile_sobo_va": 264,
        "lat": 37.529501,
        "lon": -79.629704,
        "interval_miles": 1,
        "elevation_ft": 1389.3,
        "source_id": "usgs_3dep",
        "source_url": "https://epqs.nationalmap.gov/v1/json",
        "source": "USGS Elevation Point Query Service, interpolated from 3DEP dynamic elevation service",
        "source_license": "public_domain",
        "license_status": "public_domain",
        "attribution": "Data available from U.S. Geological Survey, 3D Elevation Program.",
        "confidence": "model_derived_topographic_estimate",
        "last_checked": "2026-05-14",
        "last_generated": "2026-05-14",
        "ai_answer_rule": "Describe as model-derived USGS 3DEP elevation sampled along Scout open route geometry; values may differ from guidebook profiles or surveyed summits."
      },
      "geometry": {
        "type": "Point",
        "coordinates": [
          -79.629704,
          37.529501
        ]
      }
    },
    {
      "type": "Feature",
      "properties": {
        "sample_id": "elev-va-1mi-284",
        "trail": "Appalachian Trail",
        "route_id": "at-mvp2-va-damascus-harpers-ferry-open-2026",
        "mile_nobo_global_est": 743,
        "mile_nobo_va": 284,
        "mile_sobo_va": 263,
        "lat": 37.527415,
        "lon": -79.623122,
        "interval_miles": 1,
        "elevation_ft": 1072,
        "source_id": "usgs_3dep",
        "source_url": "https://epqs.nationalmap.gov/v1/json",
        "source": "USGS Elevation Point Query Service, interpolated from 3DEP dynamic elevation service",
        "source_license": "public_domain",
        "license_status": "public_domain",
        "attribution": "Data available from U.S. Geological Survey, 3D Elevation Program.",
        "confidence": "model_derived_topographic_estimate",
        "last_checked": "2026-05-14",
        "last_generated": "2026-05-14",
        "ai_answer_rule": "Describe as model-derived USGS 3DEP elevation sampled along Scout open route geometry; values may differ from guidebook profiles or surveyed summits."
      },
      "geometry": {
        "type": "Point",
        "coordinates": [
          -79.623122,
          37.527415
        ]
      }
    },
    {
      "type": "Feature",
      "properties": {
        "sample_id": "elev-va-1mi-285",
        "trail": "Appalachian Trail",
        "route_id": "at-mvp2-va-damascus-harpers-ferry-open-2026",
        "mile_nobo_global_est": 744,
        "mile_nobo_va": 285,
        "mile_sobo_va": 262,
        "lat": 37.532031,
        "lon": -79.609954,
        "interval_miles": 1,
        "elevation_ft": 1899.9,
        "source_id": "usgs_3dep",
        "source_url": "https://epqs.nationalmap.gov/v1/json",
        "source": "USGS Elevation Point Query Service, interpolated from 3DEP dynamic elevation service",
        "source_license": "public_domain",
        "license_status": "public_domain",
        "attribution": "Data available from U.S. Geological Survey, 3D Elevation Program.",
        "confidence": "model_derived_topographic_estimate",
        "last_checked": "2026-05-14",
        "last_generated": "2026-05-14",
        "ai_answer_rule": "Describe as model-derived USGS 3DEP elevation sampled along Scout open route geometry; values may differ from guidebook profiles or surveyed summits."
      },
      "geometry": {
        "type": "Point",
        "coordinates": [
          -79.609954,
          37.532031
        ]
      }
    },
    {
      "type": "Feature",
      "properties": {
        "sample_id": "elev-va-1mi-286",
        "trail": "Appalachian Trail",
        "route_id": "at-mvp2-va-damascus-harpers-ferry-open-2026",
        "mile_nobo_global_est": 745,
        "mile_nobo_va": 286,
        "mile_sobo_va": 261,
        "lat": 37.53388,
        "lon": -79.595748,
        "interval_miles": 1,
        "elevation_ft": 1515.7,
        "source_id": "usgs_3dep",
        "source_url": "https://epqs.nationalmap.gov/v1/json",
        "source": "USGS Elevation Point Query Service, interpolated from 3DEP dynamic elevation service",
        "source_license": "public_domain",
        "license_status": "public_domain",
        "attribution": "Data available from U.S. Geological Survey, 3D Elevation Program.",
        "confidence": "model_derived_topographic_estimate",
        "last_checked": "2026-05-14",
        "last_generated": "2026-05-14",
        "ai_answer_rule": "Describe as model-derived USGS 3DEP elevation sampled along Scout open route geometry; values may differ from guidebook profiles or surveyed summits."
      },
      "geometry": {
        "type": "Point",
        "coordinates": [
          -79.595748,
          37.53388
        ]
      }
    },
    {
      "type": "Feature",
      "properties": {
        "sample_id": "elev-va-1mi-287",
        "trail": "Appalachian Trail",
        "route_id": "at-mvp2-va-damascus-harpers-ferry-open-2026",
        "mile_nobo_global_est": 746,
        "mile_nobo_va": 287,
        "mile_sobo_va": 260,
        "lat": 37.533837,
        "lon": -79.587742,
        "interval_miles": 1,
        "elevation_ft": 1338.4,
        "source_id": "usgs_3dep",
        "source_url": "https://epqs.nationalmap.gov/v1/json",
        "source": "USGS Elevation Point Query Service, interpolated from 3DEP dynamic elevation service",
        "source_license": "public_domain",
        "license_status": "public_domain",
        "attribution": "Data available from U.S. Geological Survey, 3D Elevation Program.",
        "confidence": "model_derived_topographic_estimate",
        "last_checked": "2026-05-14",
        "last_generated": "2026-05-14",
        "ai_answer_rule": "Describe as model-derived USGS 3DEP elevation sampled along Scout open route geometry; values may differ from guidebook profiles or surveyed summits."
      },
      "geometry": {
        "type": "Point",
        "coordinates": [
          -79.587742,
          37.533837
        ]
      }
    },
    {
      "type": "Feature",
      "properties": {
        "sample_id": "elev-va-1mi-288",
        "trail": "Appalachian Trail",
        "route_id": "at-mvp2-va-damascus-harpers-ferry-open-2026",
        "mile_nobo_global_est": 747,
        "mile_nobo_va": 288,
        "mile_sobo_va": 259,
        "lat": 37.525916,
        "lon": -79.582446,
        "interval_miles": 1,
        "elevation_ft": 1622.1,
        "source_id": "usgs_3dep",
        "source_url": "https://epqs.nationalmap.gov/v1/json",
        "source": "USGS Elevation Point Query Service, interpolated from 3DEP dynamic elevation service",
        "source_license": "public_domain",
        "license_status": "public_domain",
        "attribution": "Data available from U.S. Geological Survey, 3D Elevation Program.",
        "confidence": "model_derived_topographic_estimate",
        "last_checked": "2026-05-14",
        "last_generated": "2026-05-14",
        "ai_answer_rule": "Describe as model-derived USGS 3DEP elevation sampled along Scout open route geometry; values may differ from guidebook profiles or surveyed summits."
      },
      "geometry": {
        "type": "Point",
        "coordinates": [
          -79.582446,
          37.525916
        ]
      }
    },
    {
      "type": "Feature",
      "properties": {
        "sample_id": "elev-va-1mi-289",
        "trail": "Appalachian Trail",
        "route_id": "at-mvp2-va-damascus-harpers-ferry-open-2026",
        "mile_nobo_global_est": 748,
        "mile_nobo_va": 289,
        "mile_sobo_va": 258,
        "lat": 37.52369,
        "lon": -79.571781,
        "interval_miles": 1,
        "elevation_ft": 2309,
        "source_id": "usgs_3dep",
        "source_url": "https://epqs.nationalmap.gov/v1/json",
        "source": "USGS Elevation Point Query Service, interpolated from 3DEP dynamic elevation service",
        "source_license": "public_domain",
        "license_status": "public_domain",
        "attribution": "Data available from U.S. Geological Survey, 3D Elevation Program.",
        "confidence": "model_derived_topographic_estimate",
        "last_checked": "2026-05-14",
        "last_generated": "2026-05-14",
        "ai_answer_rule": "Describe as model-derived USGS 3DEP elevation sampled along Scout open route geometry; values may differ from guidebook profiles or surveyed summits."
      },
      "geometry": {
        "type": "Point",
        "coordinates": [
          -79.571781,
          37.52369
        ]
      }
    },
    {
      "type": "Feature",
      "properties": {
        "sample_id": "elev-va-1mi-290",
        "trail": "Appalachian Trail",
        "route_id": "at-mvp2-va-damascus-harpers-ferry-open-2026",
        "mile_nobo_global_est": 749,
        "mile_nobo_va": 290,
        "mile_sobo_va": 257,
        "lat": 37.518276,
        "lon": -79.562516,
        "interval_miles": 1,
        "elevation_ft": 2705.2,
        "source_id": "usgs_3dep",
        "source_url": "https://epqs.nationalmap.gov/v1/json",
        "source": "USGS Elevation Point Query Service, interpolated from 3DEP dynamic elevation service",
        "source_license": "public_domain",
        "license_status": "public_domain",
        "attribution": "Data available from U.S. Geological Survey, 3D Elevation Program.",
        "confidence": "model_derived_topographic_estimate",
        "last_checked": "2026-05-14",
        "last_generated": "2026-05-14",
        "ai_answer_rule": "Describe as model-derived USGS 3DEP elevation sampled along Scout open route geometry; values may differ from guidebook profiles or surveyed summits."
      },
      "geometry": {
        "type": "Point",
        "coordinates": [
          -79.562516,
          37.518276
        ]
      }
    },
    {
      "type": "Feature",
      "properties": {
        "sample_id": "elev-va-1mi-291",
        "trail": "Appalachian Trail",
        "route_id": "at-mvp2-va-damascus-harpers-ferry-open-2026",
        "mile_nobo_global_est": 750,
        "mile_nobo_va": 291,
        "mile_sobo_va": 256,
        "lat": 37.509102,
        "lon": -79.556143,
        "interval_miles": 1,
        "elevation_ft": 3152.7,
        "source_id": "usgs_3dep",
        "source_url": "https://epqs.nationalmap.gov/v1/json",
        "source": "USGS Elevation Point Query Service, interpolated from 3DEP dynamic elevation service",
        "source_license": "public_domain",
        "license_status": "public_domain",
        "attribution": "Data available from U.S. Geological Survey, 3D Elevation Program.",
        "confidence": "model_derived_topographic_estimate",
        "last_checked": "2026-05-14",
        "last_generated": "2026-05-14",
        "ai_answer_rule": "Describe as model-derived USGS 3DEP elevation sampled along Scout open route geometry; values may differ from guidebook profiles or surveyed summits."
      },
      "geometry": {
        "type": "Point",
        "coordinates": [
          -79.556143,
          37.509102
        ]
      }
    },
    {
      "type": "Feature",
      "properties": {
        "sample_id": "elev-va-1mi-292",
        "trail": "Appalachian Trail",
        "route_id": "at-mvp2-va-damascus-harpers-ferry-open-2026",
        "mile_nobo_global_est": 751,
        "mile_nobo_va": 292,
        "mile_sobo_va": 255,
        "lat": 37.497279,
        "lon": -79.552348,
        "interval_miles": 1,
        "elevation_ft": 3392.3,
        "source_id": "usgs_3dep",
        "source_url": "https://epqs.nationalmap.gov/v1/json",
        "source": "USGS Elevation Point Query Service, interpolated from 3DEP dynamic elevation service",
        "source_license": "public_domain",
        "license_status": "public_domain",
        "attribution": "Data available from U.S. Geological Survey, 3D Elevation Program.",
        "confidence": "model_derived_topographic_estimate",
        "last_checked": "2026-05-14",
        "last_generated": "2026-05-14",
        "ai_answer_rule": "Describe as model-derived USGS 3DEP elevation sampled along Scout open route geometry; values may differ from guidebook profiles or surveyed summits."
      },
      "geometry": {
        "type": "Point",
        "coordinates": [
          -79.552348,
          37.497279
        ]
      }
    },
    {
      "type": "Feature",
      "properties": {
        "sample_id": "elev-va-1mi-293",
        "trail": "Appalachian Trail",
        "route_id": "at-mvp2-va-damascus-harpers-ferry-open-2026",
        "mile_nobo_global_est": 752,
        "mile_nobo_va": 293,
        "mile_sobo_va": 254,
        "lat": 37.49824,
        "lon": -79.540089,
        "interval_miles": 1,
        "elevation_ft": 3238.8,
        "source_id": "usgs_3dep",
        "source_url": "https://epqs.nationalmap.gov/v1/json",
        "source": "USGS Elevation Point Query Service, interpolated from 3DEP dynamic elevation service",
        "source_license": "public_domain",
        "license_status": "public_domain",
        "attribution": "Data available from U.S. Geological Survey, 3D Elevation Program.",
        "confidence": "model_derived_topographic_estimate",
        "last_checked": "2026-05-14",
        "last_generated": "2026-05-14",
        "ai_answer_rule": "Describe as model-derived USGS 3DEP elevation sampled along Scout open route geometry; values may differ from guidebook profiles or surveyed summits."
      },
      "geometry": {
        "type": "Point",
        "coordinates": [
          -79.540089,
          37.49824
        ]
      }
    },
    {
      "type": "Feature",
      "properties": {
        "sample_id": "elev-va-1mi-294",
        "trail": "Appalachian Trail",
        "route_id": "at-mvp2-va-damascus-harpers-ferry-open-2026",
        "mile_nobo_global_est": 753,
        "mile_nobo_va": 294,
        "mile_sobo_va": 253,
        "lat": 37.508427,
        "lon": -79.536323,
        "interval_miles": 1,
        "elevation_ft": 3196.3,
        "source_id": "usgs_3dep",
        "source_url": "https://epqs.nationalmap.gov/v1/json",
        "source": "USGS Elevation Point Query Service, interpolated from 3DEP dynamic elevation service",
        "source_license": "public_domain",
        "license_status": "public_domain",
        "attribution": "Data available from U.S. Geological Survey, 3D Elevation Program.",
        "confidence": "model_derived_topographic_estimate",
        "last_checked": "2026-05-14",
        "last_generated": "2026-05-14",
        "ai_answer_rule": "Describe as model-derived USGS 3DEP elevation sampled along Scout open route geometry; values may differ from guidebook profiles or surveyed summits."
      },
      "geometry": {
        "type": "Point",
        "coordinates": [
          -79.536323,
          37.508427
        ]
      }
    },
    {
      "type": "Feature",
      "properties": {
        "sample_id": "elev-va-1mi-295",
        "trail": "Appalachian Trail",
        "route_id": "at-mvp2-va-damascus-harpers-ferry-open-2026",
        "mile_nobo_global_est": 754,
        "mile_nobo_va": 295,
        "mile_sobo_va": 252,
        "lat": 37.510238,
        "lon": -79.52289,
        "interval_miles": 1,
        "elevation_ft": 3343.2,
        "source_id": "usgs_3dep",
        "source_url": "https://epqs.nationalmap.gov/v1/json",
        "source": "USGS Elevation Point Query Service, interpolated from 3DEP dynamic elevation service",
        "source_license": "public_domain",
        "license_status": "public_domain",
        "attribution": "Data available from U.S. Geological Survey, 3D Elevation Program.",
        "confidence": "model_derived_topographic_estimate",
        "last_checked": "2026-05-14",
        "last_generated": "2026-05-14",
        "ai_answer_rule": "Describe as model-derived USGS 3DEP elevation sampled along Scout open route geometry; values may differ from guidebook profiles or surveyed summits."
      },
      "geometry": {
        "type": "Point",
        "coordinates": [
          -79.52289,
          37.510238
        ]
      }
    },
    {
      "type": "Feature",
      "properties": {
        "sample_id": "elev-va-1mi-296",
        "trail": "Appalachian Trail",
        "route_id": "at-mvp2-va-damascus-harpers-ferry-open-2026",
        "mile_nobo_global_est": 755,
        "mile_nobo_va": 296,
        "mile_sobo_va": 251,
        "lat": 37.51504,
        "lon": -79.515773,
        "interval_miles": 1,
        "elevation_ft": 4017.7,
        "source_id": "usgs_3dep",
        "source_url": "https://epqs.nationalmap.gov/v1/json",
        "source": "USGS Elevation Point Query Service, interpolated from 3DEP dynamic elevation service",
        "source_license": "public_domain",
        "license_status": "public_domain",
        "attribution": "Data available from U.S. Geological Survey, 3D Elevation Program.",
        "confidence": "model_derived_topographic_estimate",
        "last_checked": "2026-05-14",
        "last_generated": "2026-05-14",
        "ai_answer_rule": "Describe as model-derived USGS 3DEP elevation sampled along Scout open route geometry; values may differ from guidebook profiles or surveyed summits."
      },
      "geometry": {
        "type": "Point",
        "coordinates": [
          -79.515773,
          37.51504
        ]
      }
    },
    {
      "type": "Feature",
      "properties": {
        "sample_id": "elev-va-1mi-297",
        "trail": "Appalachian Trail",
        "route_id": "at-mvp2-va-damascus-harpers-ferry-open-2026",
        "mile_nobo_global_est": 756,
        "mile_nobo_va": 297,
        "mile_sobo_va": 250,
        "lat": 37.520944,
        "lon": -79.50628,
        "interval_miles": 1,
        "elevation_ft": 3951.5,
        "source_id": "usgs_3dep",
        "source_url": "https://epqs.nationalmap.gov/v1/json",
        "source": "USGS Elevation Point Query Service, interpolated from 3DEP dynamic elevation service",
        "source_license": "public_domain",
        "license_status": "public_domain",
        "attribution": "Data available from U.S. Geological Survey, 3D Elevation Program.",
        "confidence": "model_derived_topographic_estimate",
        "last_checked": "2026-05-14",
        "last_generated": "2026-05-14",
        "ai_answer_rule": "Describe as model-derived USGS 3DEP elevation sampled along Scout open route geometry; values may differ from guidebook profiles or surveyed summits."
      },
      "geometry": {
        "type": "Point",
        "coordinates": [
          -79.50628,
          37.520944
        ]
      }
    },
    {
      "type": "Feature",
      "properties": {
        "sample_id": "elev-va-1mi-298",
        "trail": "Appalachian Trail",
        "route_id": "at-mvp2-va-damascus-harpers-ferry-open-2026",
        "mile_nobo_global_est": 757,
        "mile_nobo_va": 298,
        "mile_sobo_va": 249,
        "lat": 37.53024,
        "lon": -79.499454,
        "interval_miles": 1,
        "elevation_ft": 3831.5,
        "source_id": "usgs_3dep",
        "source_url": "https://epqs.nationalmap.gov/v1/json",
        "source": "USGS Elevation Point Query Service, interpolated from 3DEP dynamic elevation service",
        "source_license": "public_domain",
        "license_status": "public_domain",
        "attribution": "Data available from U.S. Geological Survey, 3D Elevation Program.",
        "confidence": "model_derived_topographic_estimate",
        "last_checked": "2026-05-14",
        "last_generated": "2026-05-14",
        "ai_answer_rule": "Describe as model-derived USGS 3DEP elevation sampled along Scout open route geometry; values may differ from guidebook profiles or surveyed summits."
      },
      "geometry": {
        "type": "Point",
        "coordinates": [
          -79.499454,
          37.53024
        ]
      }
    },
    {
      "type": "Feature",
      "properties": {
        "sample_id": "elev-va-1mi-299",
        "trail": "Appalachian Trail",
        "route_id": "at-mvp2-va-damascus-harpers-ferry-open-2026",
        "mile_nobo_global_est": 758,
        "mile_nobo_va": 299,
        "mile_sobo_va": 248,
        "lat": 37.540547,
        "lon": -79.49003,
        "interval_miles": 1,
        "elevation_ft": 3491.3,
        "source_id": "usgs_3dep",
        "source_url": "https://epqs.nationalmap.gov/v1/json",
        "source": "USGS Elevation Point Query Service, interpolated from 3DEP dynamic elevation service",
        "source_license": "public_domain",
        "license_status": "public_domain",
        "attribution": "Data available from U.S. Geological Survey, 3D Elevation Program.",
        "confidence": "model_derived_topographic_estimate",
        "last_checked": "2026-05-14",
        "last_generated": "2026-05-14",
        "ai_answer_rule": "Describe as model-derived USGS 3DEP elevation sampled along Scout open route geometry; values may differ from guidebook profiles or surveyed summits."
      },
      "geometry": {
        "type": "Point",
        "coordinates": [
          -79.49003,
          37.540547
        ]
      }
    },
    {
      "type": "Feature",
      "properties": {
        "sample_id": "elev-va-1mi-300",
        "trail": "Appalachian Trail",
        "route_id": "at-mvp2-va-damascus-harpers-ferry-open-2026",
        "mile_nobo_global_est": 759,
        "mile_nobo_va": 300,
        "mile_sobo_va": 247,
        "lat": 37.548501,
        "lon": -79.477214,
        "interval_miles": 1,
        "elevation_ft": 3590.6,
        "source_id": "usgs_3dep",
        "source_url": "https://epqs.nationalmap.gov/v1/json",
        "source": "USGS Elevation Point Query Service, interpolated from 3DEP dynamic elevation service",
        "source_license": "public_domain",
        "license_status": "public_domain",
        "attribution": "Data available from U.S. Geological Survey, 3D Elevation Program.",
        "confidence": "model_derived_topographic_estimate",
        "last_checked": "2026-05-14",
        "last_generated": "2026-05-14",
        "ai_answer_rule": "Describe as model-derived USGS 3DEP elevation sampled along Scout open route geometry; values may differ from guidebook profiles or surveyed summits."
      },
      "geometry": {
        "type": "Point",
        "coordinates": [
          -79.477214,
          37.548501
        ]
      }
    },
    {
      "type": "Feature",
      "properties": {
        "sample_id": "elev-va-1mi-301",
        "trail": "Appalachian Trail",
        "route_id": "at-mvp2-va-damascus-harpers-ferry-open-2026",
        "mile_nobo_global_est": 760,
        "mile_nobo_va": 301,
        "mile_sobo_va": 246,
        "lat": 37.553723,
        "lon": -79.468049,
        "interval_miles": 1,
        "elevation_ft": 3137,
        "source_id": "usgs_3dep",
        "source_url": "https://epqs.nationalmap.gov/v1/json",
        "source": "USGS Elevation Point Query Service, interpolated from 3DEP dynamic elevation service",
        "source_license": "public_domain",
        "license_status": "public_domain",
        "attribution": "Data available from U.S. Geological Survey, 3D Elevation Program.",
        "confidence": "model_derived_topographic_estimate",
        "last_checked": "2026-05-14",
        "last_generated": "2026-05-14",
        "ai_answer_rule": "Describe as model-derived USGS 3DEP elevation sampled along Scout open route geometry; values may differ from guidebook profiles or surveyed summits."
      },
      "geometry": {
        "type": "Point",
        "coordinates": [
          -79.468049,
          37.553723
        ]
      }
    },
    {
      "type": "Feature",
      "properties": {
        "sample_id": "elev-va-1mi-302",
        "trail": "Appalachian Trail",
        "route_id": "at-mvp2-va-damascus-harpers-ferry-open-2026",
        "mile_nobo_global_est": 761,
        "mile_nobo_va": 302,
        "mile_sobo_va": 245,
        "lat": 37.557037,
        "lon": -79.458813,
        "interval_miles": 1,
        "elevation_ft": 2533.8,
        "source_id": "usgs_3dep",
        "source_url": "https://epqs.nationalmap.gov/v1/json",
        "source": "USGS Elevation Point Query Service, interpolated from 3DEP dynamic elevation service",
        "source_license": "public_domain",
        "license_status": "public_domain",
        "attribution": "Data available from U.S. Geological Survey, 3D Elevation Program.",
        "confidence": "model_derived_topographic_estimate",
        "last_checked": "2026-05-14",
        "last_generated": "2026-05-14",
        "ai_answer_rule": "Describe as model-derived USGS 3DEP elevation sampled along Scout open route geometry; values may differ from guidebook profiles or surveyed summits."
      },
      "geometry": {
        "type": "Point",
        "coordinates": [
          -79.458813,
          37.557037
        ]
      }
    },
    {
      "type": "Feature",
      "properties": {
        "sample_id": "elev-va-1mi-303",
        "trail": "Appalachian Trail",
        "route_id": "at-mvp2-va-damascus-harpers-ferry-open-2026",
        "mile_nobo_global_est": 762,
        "mile_nobo_va": 303,
        "mile_sobo_va": 244,
        "lat": 37.561847,
        "lon": -79.446325,
        "interval_miles": 1,
        "elevation_ft": 2762.5,
        "source_id": "usgs_3dep",
        "source_url": "https://epqs.nationalmap.gov/v1/json",
        "source": "USGS Elevation Point Query Service, interpolated from 3DEP dynamic elevation service",
        "source_license": "public_domain",
        "license_status": "public_domain",
        "attribution": "Data available from U.S. Geological Survey, 3D Elevation Program.",
        "confidence": "model_derived_topographic_estimate",
        "last_checked": "2026-05-14",
        "last_generated": "2026-05-14",
        "ai_answer_rule": "Describe as model-derived USGS 3DEP elevation sampled along Scout open route geometry; values may differ from guidebook profiles or surveyed summits."
      },
      "geometry": {
        "type": "Point",
        "coordinates": [
          -79.446325,
          37.561847
        ]
      }
    },
    {
      "type": "Feature",
      "properties": {
        "sample_id": "elev-va-1mi-304",
        "trail": "Appalachian Trail",
        "route_id": "at-mvp2-va-damascus-harpers-ferry-open-2026",
        "mile_nobo_global_est": 763,
        "mile_nobo_va": 304,
        "mile_sobo_va": 243,
        "lat": 37.569122,
        "lon": -79.439993,
        "interval_miles": 1,
        "elevation_ft": 2633.9,
        "source_id": "usgs_3dep",
        "source_url": "https://epqs.nationalmap.gov/v1/json",
        "source": "USGS Elevation Point Query Service, interpolated from 3DEP dynamic elevation service",
        "source_license": "public_domain",
        "license_status": "public_domain",
        "attribution": "Data available from U.S. Geological Survey, 3D Elevation Program.",
        "confidence": "model_derived_topographic_estimate",
        "last_checked": "2026-05-14",
        "last_generated": "2026-05-14",
        "ai_answer_rule": "Describe as model-derived USGS 3DEP elevation sampled along Scout open route geometry; values may differ from guidebook profiles or surveyed summits."
      },
      "geometry": {
        "type": "Point",
        "coordinates": [
          -79.439993,
          37.569122
        ]
      }
    },
    {
      "type": "Feature",
      "properties": {
        "sample_id": "elev-va-1mi-305",
        "trail": "Appalachian Trail",
        "route_id": "at-mvp2-va-damascus-harpers-ferry-open-2026",
        "mile_nobo_global_est": 764,
        "mile_nobo_va": 305,
        "mile_sobo_va": 242,
        "lat": 37.576151,
        "lon": -79.437224,
        "interval_miles": 1,
        "elevation_ft": 2447,
        "source_id": "usgs_3dep",
        "source_url": "https://epqs.nationalmap.gov/v1/json",
        "source": "USGS Elevation Point Query Service, interpolated from 3DEP dynamic elevation service",
        "source_license": "public_domain",
        "license_status": "public_domain",
        "attribution": "Data available from U.S. Geological Survey, 3D Elevation Program.",
        "confidence": "model_derived_topographic_estimate",
        "last_checked": "2026-05-14",
        "last_generated": "2026-05-14",
        "ai_answer_rule": "Describe as model-derived USGS 3DEP elevation sampled along Scout open route geometry; values may differ from guidebook profiles or surveyed summits."
      },
      "geometry": {
        "type": "Point",
        "coordinates": [
          -79.437224,
          37.576151
        ]
      }
    },
    {
      "type": "Feature",
      "properties": {
        "sample_id": "elev-va-1mi-306",
        "trail": "Appalachian Trail",
        "route_id": "at-mvp2-va-damascus-harpers-ferry-open-2026",
        "mile_nobo_global_est": 765,
        "mile_nobo_va": 306,
        "mile_sobo_va": 241,
        "lat": 37.579539,
        "lon": -79.449345,
        "interval_miles": 1,
        "elevation_ft": 2522.2,
        "source_id": "usgs_3dep",
        "source_url": "https://epqs.nationalmap.gov/v1/json",
        "source": "USGS Elevation Point Query Service, interpolated from 3DEP dynamic elevation service",
        "source_license": "public_domain",
        "license_status": "public_domain",
        "attribution": "Data available from U.S. Geological Survey, 3D Elevation Program.",
        "confidence": "model_derived_topographic_estimate",
        "last_checked": "2026-05-14",
        "last_generated": "2026-05-14",
        "ai_answer_rule": "Describe as model-derived USGS 3DEP elevation sampled along Scout open route geometry; values may differ from guidebook profiles or surveyed summits."
      },
      "geometry": {
        "type": "Point",
        "coordinates": [
          -79.449345,
          37.579539
        ]
      }
    },
    {
      "type": "Feature",
      "properties": {
        "sample_id": "elev-va-1mi-307",
        "trail": "Appalachian Trail",
        "route_id": "at-mvp2-va-damascus-harpers-ferry-open-2026",
        "mile_nobo_global_est": 766,
        "mile_nobo_va": 307,
        "mile_sobo_va": 240,
        "lat": 37.587968,
        "lon": -79.454085,
        "interval_miles": 1,
        "elevation_ft": 2631.3,
        "source_id": "usgs_3dep",
        "source_url": "https://epqs.nationalmap.gov/v1/json",
        "source": "USGS Elevation Point Query Service, interpolated from 3DEP dynamic elevation service",
        "source_license": "public_domain",
        "license_status": "public_domain",
        "attribution": "Data available from U.S. Geological Survey, 3D Elevation Program.",
        "confidence": "model_derived_topographic_estimate",
        "last_checked": "2026-05-14",
        "last_generated": "2026-05-14",
        "ai_answer_rule": "Describe as model-derived USGS 3DEP elevation sampled along Scout open route geometry; values may differ from guidebook profiles or surveyed summits."
      },
      "geometry": {
        "type": "Point",
        "coordinates": [
          -79.454085,
          37.587968
        ]
      }
    },
    {
      "type": "Feature",
      "properties": {
        "sample_id": "elev-va-1mi-308",
        "trail": "Appalachian Trail",
        "route_id": "at-mvp2-va-damascus-harpers-ferry-open-2026",
        "mile_nobo_global_est": 767,
        "mile_nobo_va": 308,
        "mile_sobo_va": 239,
        "lat": 37.590541,
        "lon": -79.443701,
        "interval_miles": 1,
        "elevation_ft": 2001.1,
        "source_id": "usgs_3dep",
        "source_url": "https://epqs.nationalmap.gov/v1/json",
        "source": "USGS Elevation Point Query Service, interpolated from 3DEP dynamic elevation service",
        "source_license": "public_domain",
        "license_status": "public_domain",
        "attribution": "Data available from U.S. Geological Survey, 3D Elevation Program.",
        "confidence": "model_derived_topographic_estimate",
        "last_checked": "2026-05-14",
        "last_generated": "2026-05-14",
        "ai_answer_rule": "Describe as model-derived USGS 3DEP elevation sampled along Scout open route geometry; values may differ from guidebook profiles or surveyed summits."
      },
      "geometry": {
        "type": "Point",
        "coordinates": [
          -79.443701,
          37.590541
        ]
      }
    },
    {
      "type": "Feature",
      "properties": {
        "sample_id": "elev-va-1mi-309",
        "trail": "Appalachian Trail",
        "route_id": "at-mvp2-va-damascus-harpers-ferry-open-2026",
        "mile_nobo_global_est": 768,
        "mile_nobo_va": 309,
        "mile_sobo_va": 238,
        "lat": 37.595023,
        "lon": -79.428426,
        "interval_miles": 1,
        "elevation_ft": 1601.8,
        "source_id": "usgs_3dep",
        "source_url": "https://epqs.nationalmap.gov/v1/json",
        "source": "USGS Elevation Point Query Service, interpolated from 3DEP dynamic elevation service",
        "source_license": "public_domain",
        "license_status": "public_domain",
        "attribution": "Data available from U.S. Geological Survey, 3D Elevation Program.",
        "confidence": "model_derived_topographic_estimate",
        "last_checked": "2026-05-14",
        "last_generated": "2026-05-14",
        "ai_answer_rule": "Describe as model-derived USGS 3DEP elevation sampled along Scout open route geometry; values may differ from guidebook profiles or surveyed summits."
      },
      "geometry": {
        "type": "Point",
        "coordinates": [
          -79.428426,
          37.595023
        ]
      }
    },
    {
      "type": "Feature",
      "properties": {
        "sample_id": "elev-va-1mi-310",
        "trail": "Appalachian Trail",
        "route_id": "at-mvp2-va-damascus-harpers-ferry-open-2026",
        "mile_nobo_global_est": 769,
        "mile_nobo_va": 310,
        "mile_sobo_va": 237,
        "lat": 37.599647,
        "lon": -79.412766,
        "interval_miles": 1,
        "elevation_ft": 820.1,
        "source_id": "usgs_3dep",
        "source_url": "https://epqs.nationalmap.gov/v1/json",
        "source": "USGS Elevation Point Query Service, interpolated from 3DEP dynamic elevation service",
        "source_license": "public_domain",
        "license_status": "public_domain",
        "attribution": "Data available from U.S. Geological Survey, 3D Elevation Program.",
        "confidence": "model_derived_topographic_estimate",
        "last_checked": "2026-05-14",
        "last_generated": "2026-05-14",
        "ai_answer_rule": "Describe as model-derived USGS 3DEP elevation sampled along Scout open route geometry; values may differ from guidebook profiles or surveyed summits."
      },
      "geometry": {
        "type": "Point",
        "coordinates": [
          -79.412766,
          37.599647
        ]
      }
    },
    {
      "type": "Feature",
      "properties": {
        "sample_id": "elev-va-1mi-311",
        "trail": "Appalachian Trail",
        "route_id": "at-mvp2-va-damascus-harpers-ferry-open-2026",
        "mile_nobo_global_est": 770,
        "mile_nobo_va": 311,
        "mile_sobo_va": 236,
        "lat": 37.600981,
        "lon": -79.399302,
        "interval_miles": 1,
        "elevation_ft": 670.3,
        "source_id": "usgs_3dep",
        "source_url": "https://epqs.nationalmap.gov/v1/json",
        "source": "USGS Elevation Point Query Service, interpolated from 3DEP dynamic elevation service",
        "source_license": "public_domain",
        "license_status": "public_domain",
        "attribution": "Data available from U.S. Geological Survey, 3D Elevation Program.",
        "confidence": "model_derived_topographic_estimate",
        "last_checked": "2026-05-14",
        "last_generated": "2026-05-14",
        "ai_answer_rule": "Describe as model-derived USGS 3DEP elevation sampled along Scout open route geometry; values may differ from guidebook profiles or surveyed summits."
      },
      "geometry": {
        "type": "Point",
        "coordinates": [
          -79.399302,
          37.600981
        ]
      }
    },
    {
      "type": "Feature",
      "properties": {
        "sample_id": "elev-va-1mi-312",
        "trail": "Appalachian Trail",
        "route_id": "at-mvp2-va-damascus-harpers-ferry-open-2026",
        "mile_nobo_global_est": 771,
        "mile_nobo_va": 312,
        "mile_sobo_va": 235,
        "lat": 37.596661,
        "lon": -79.390795,
        "interval_miles": 1,
        "elevation_ft": 662.6,
        "source_id": "usgs_3dep",
        "source_url": "https://epqs.nationalmap.gov/v1/json",
        "source": "USGS Elevation Point Query Service, interpolated from 3DEP dynamic elevation service",
        "source_license": "public_domain",
        "license_status": "public_domain",
        "attribution": "Data available from U.S. Geological Survey, 3D Elevation Program.",
        "confidence": "model_derived_topographic_estimate",
        "last_checked": "2026-05-14",
        "last_generated": "2026-05-14",
        "ai_answer_rule": "Describe as model-derived USGS 3DEP elevation sampled along Scout open route geometry; values may differ from guidebook profiles or surveyed summits."
      },
      "geometry": {
        "type": "Point",
        "coordinates": [
          -79.390795,
          37.596661
        ]
      }
    },
    {
      "type": "Feature",
      "properties": {
        "sample_id": "elev-va-1mi-313",
        "trail": "Appalachian Trail",
        "route_id": "at-mvp2-va-damascus-harpers-ferry-open-2026",
        "mile_nobo_global_est": 772,
        "mile_nobo_va": 313,
        "mile_sobo_va": 234,
        "lat": 37.60501,
        "lon": -79.386308,
        "interval_miles": 1,
        "elevation_ft": 764.1,
        "source_id": "usgs_3dep",
        "source_url": "https://epqs.nationalmap.gov/v1/json",
        "source": "USGS Elevation Point Query Service, interpolated from 3DEP dynamic elevation service",
        "source_license": "public_domain",
        "license_status": "public_domain",
        "attribution": "Data available from U.S. Geological Survey, 3D Elevation Program.",
        "confidence": "model_derived_topographic_estimate",
        "last_checked": "2026-05-14",
        "last_generated": "2026-05-14",
        "ai_answer_rule": "Describe as model-derived USGS 3DEP elevation sampled along Scout open route geometry; values may differ from guidebook profiles or surveyed summits."
      },
      "geometry": {
        "type": "Point",
        "coordinates": [
          -79.386308,
          37.60501
        ]
      }
    },
    {
      "type": "Feature",
      "properties": {
        "sample_id": "elev-va-1mi-314",
        "trail": "Appalachian Trail",
        "route_id": "at-mvp2-va-damascus-harpers-ferry-open-2026",
        "mile_nobo_global_est": 773,
        "mile_nobo_va": 314,
        "mile_sobo_va": 233,
        "lat": 37.613393,
        "lon": -79.39422,
        "interval_miles": 1,
        "elevation_ft": 1148.8,
        "source_id": "usgs_3dep",
        "source_url": "https://epqs.nationalmap.gov/v1/json",
        "source": "USGS Elevation Point Query Service, interpolated from 3DEP dynamic elevation service",
        "source_license": "public_domain",
        "license_status": "public_domain",
        "attribution": "Data available from U.S. Geological Survey, 3D Elevation Program.",
        "confidence": "model_derived_topographic_estimate",
        "last_checked": "2026-05-14",
        "last_generated": "2026-05-14",
        "ai_answer_rule": "Describe as model-derived USGS 3DEP elevation sampled along Scout open route geometry; values may differ from guidebook profiles or surveyed summits."
      },
      "geometry": {
        "type": "Point",
        "coordinates": [
          -79.39422,
          37.613393
        ]
      }
    },
    {
      "type": "Feature",
      "properties": {
        "sample_id": "elev-va-1mi-315",
        "trail": "Appalachian Trail",
        "route_id": "at-mvp2-va-damascus-harpers-ferry-open-2026",
        "mile_nobo_global_est": 774,
        "mile_nobo_va": 315,
        "mile_sobo_va": 232,
        "lat": 37.621965,
        "lon": -79.399172,
        "interval_miles": 1,
        "elevation_ft": 1800.4,
        "source_id": "usgs_3dep",
        "source_url": "https://epqs.nationalmap.gov/v1/json",
        "source": "USGS Elevation Point Query Service, interpolated from 3DEP dynamic elevation service",
        "source_license": "public_domain",
        "license_status": "public_domain",
        "attribution": "Data available from U.S. Geological Survey, 3D Elevation Program.",
        "confidence": "model_derived_topographic_estimate",
        "last_checked": "2026-05-14",
        "last_generated": "2026-05-14",
        "ai_answer_rule": "Describe as model-derived USGS 3DEP elevation sampled along Scout open route geometry; values may differ from guidebook profiles or surveyed summits."
      },
      "geometry": {
        "type": "Point",
        "coordinates": [
          -79.399172,
          37.621965
        ]
      }
    },
    {
      "type": "Feature",
      "properties": {
        "sample_id": "elev-va-1mi-316",
        "trail": "Appalachian Trail",
        "route_id": "at-mvp2-va-damascus-harpers-ferry-open-2026",
        "mile_nobo_global_est": 775,
        "mile_nobo_va": 316,
        "mile_sobo_va": 231,
        "lat": 37.6283,
        "lon": -79.398478,
        "interval_miles": 1,
        "elevation_ft": 2372.9,
        "source_id": "usgs_3dep",
        "source_url": "https://epqs.nationalmap.gov/v1/json",
        "source": "USGS Elevation Point Query Service, interpolated from 3DEP dynamic elevation service",
        "source_license": "public_domain",
        "license_status": "public_domain",
        "attribution": "Data available from U.S. Geological Survey, 3D Elevation Program.",
        "confidence": "model_derived_topographic_estimate",
        "last_checked": "2026-05-14",
        "last_generated": "2026-05-14",
        "ai_answer_rule": "Describe as model-derived USGS 3DEP elevation sampled along Scout open route geometry; values may differ from guidebook profiles or surveyed summits."
      },
      "geometry": {
        "type": "Point",
        "coordinates": [
          -79.398478,
          37.6283
        ]
      }
    },
    {
      "type": "Feature",
      "properties": {
        "sample_id": "elev-va-1mi-317",
        "trail": "Appalachian Trail",
        "route_id": "at-mvp2-va-damascus-harpers-ferry-open-2026",
        "mile_nobo_global_est": 776,
        "mile_nobo_va": 317,
        "mile_sobo_va": 230,
        "lat": 37.636297,
        "lon": -79.386942,
        "interval_miles": 1,
        "elevation_ft": 2840.2,
        "source_id": "usgs_3dep",
        "source_url": "https://epqs.nationalmap.gov/v1/json",
        "source": "USGS Elevation Point Query Service, interpolated from 3DEP dynamic elevation service",
        "source_license": "public_domain",
        "license_status": "public_domain",
        "attribution": "Data available from U.S. Geological Survey, 3D Elevation Program.",
        "confidence": "model_derived_topographic_estimate",
        "last_checked": "2026-05-14",
        "last_generated": "2026-05-14",
        "ai_answer_rule": "Describe as model-derived USGS 3DEP elevation sampled along Scout open route geometry; values may differ from guidebook profiles or surveyed summits."
      },
      "geometry": {
        "type": "Point",
        "coordinates": [
          -79.386942,
          37.636297
        ]
      }
    },
    {
      "type": "Feature",
      "properties": {
        "sample_id": "elev-va-1mi-318",
        "trail": "Appalachian Trail",
        "route_id": "at-mvp2-va-damascus-harpers-ferry-open-2026",
        "mile_nobo_global_est": 777,
        "mile_nobo_va": 318,
        "mile_sobo_va": 229,
        "lat": 37.645361,
        "lon": -79.375648,
        "interval_miles": 1,
        "elevation_ft": 2597.1,
        "source_id": "usgs_3dep",
        "source_url": "https://epqs.nationalmap.gov/v1/json",
        "source": "USGS Elevation Point Query Service, interpolated from 3DEP dynamic elevation service",
        "source_license": "public_domain",
        "license_status": "public_domain",
        "attribution": "Data available from U.S. Geological Survey, 3D Elevation Program.",
        "confidence": "model_derived_topographic_estimate",
        "last_checked": "2026-05-14",
        "last_generated": "2026-05-14",
        "ai_answer_rule": "Describe as model-derived USGS 3DEP elevation sampled along Scout open route geometry; values may differ from guidebook profiles or surveyed summits."
      },
      "geometry": {
        "type": "Point",
        "coordinates": [
          -79.375648,
          37.645361
        ]
      }
    },
    {
      "type": "Feature",
      "properties": {
        "sample_id": "elev-va-1mi-319",
        "trail": "Appalachian Trail",
        "route_id": "at-mvp2-va-damascus-harpers-ferry-open-2026",
        "mile_nobo_global_est": 778,
        "mile_nobo_va": 319,
        "mile_sobo_va": 228,
        "lat": 37.651681,
        "lon": -79.362605,
        "interval_miles": 1,
        "elevation_ft": 2633.4,
        "source_id": "usgs_3dep",
        "source_url": "https://epqs.nationalmap.gov/v1/json",
        "source": "USGS Elevation Point Query Service, interpolated from 3DEP dynamic elevation service",
        "source_license": "public_domain",
        "license_status": "public_domain",
        "attribution": "Data available from U.S. Geological Survey, 3D Elevation Program.",
        "confidence": "model_derived_topographic_estimate",
        "last_checked": "2026-05-14",
        "last_generated": "2026-05-14",
        "ai_answer_rule": "Describe as model-derived USGS 3DEP elevation sampled along Scout open route geometry; values may differ from guidebook profiles or surveyed summits."
      },
      "geometry": {
        "type": "Point",
        "coordinates": [
          -79.362605,
          37.651681
        ]
      }
    },
    {
      "type": "Feature",
      "properties": {
        "sample_id": "elev-va-1mi-320",
        "trail": "Appalachian Trail",
        "route_id": "at-mvp2-va-damascus-harpers-ferry-open-2026",
        "mile_nobo_global_est": 779,
        "mile_nobo_va": 320,
        "mile_sobo_va": 227,
        "lat": 37.657296,
        "lon": -79.352812,
        "interval_miles": 1,
        "elevation_ft": 2796.7,
        "source_id": "usgs_3dep",
        "source_url": "https://epqs.nationalmap.gov/v1/json",
        "source": "USGS Elevation Point Query Service, interpolated from 3DEP dynamic elevation service",
        "source_license": "public_domain",
        "license_status": "public_domain",
        "attribution": "Data available from U.S. Geological Survey, 3D Elevation Program.",
        "confidence": "model_derived_topographic_estimate",
        "last_checked": "2026-05-14",
        "last_generated": "2026-05-14",
        "ai_answer_rule": "Describe as model-derived USGS 3DEP elevation sampled along Scout open route geometry; values may differ from guidebook profiles or surveyed summits."
      },
      "geometry": {
        "type": "Point",
        "coordinates": [
          -79.352812,
          37.657296
        ]
      }
    },
    {
      "type": "Feature",
      "properties": {
        "sample_id": "elev-va-1mi-321",
        "trail": "Appalachian Trail",
        "route_id": "at-mvp2-va-damascus-harpers-ferry-open-2026",
        "mile_nobo_global_est": 780,
        "mile_nobo_va": 321,
        "mile_sobo_va": 226,
        "lat": 37.661605,
        "lon": -79.345374,
        "interval_miles": 1,
        "elevation_ft": 3245.1,
        "source_id": "usgs_3dep",
        "source_url": "https://epqs.nationalmap.gov/v1/json",
        "source": "USGS Elevation Point Query Service, interpolated from 3DEP dynamic elevation service",
        "source_license": "public_domain",
        "license_status": "public_domain",
        "attribution": "Data available from U.S. Geological Survey, 3D Elevation Program.",
        "confidence": "model_derived_topographic_estimate",
        "last_checked": "2026-05-14",
        "last_generated": "2026-05-14",
        "ai_answer_rule": "Describe as model-derived USGS 3DEP elevation sampled along Scout open route geometry; values may differ from guidebook profiles or surveyed summits."
      },
      "geometry": {
        "type": "Point",
        "coordinates": [
          -79.345374,
          37.661605
        ]
      }
    },
    {
      "type": "Feature",
      "properties": {
        "sample_id": "elev-va-1mi-322",
        "trail": "Appalachian Trail",
        "route_id": "at-mvp2-va-damascus-harpers-ferry-open-2026",
        "mile_nobo_global_est": 781,
        "mile_nobo_va": 322,
        "mile_sobo_va": 225,
        "lat": 37.67255,
        "lon": -79.341595,
        "interval_miles": 1,
        "elevation_ft": 2819,
        "source_id": "usgs_3dep",
        "source_url": "https://epqs.nationalmap.gov/v1/json",
        "source": "USGS Elevation Point Query Service, interpolated from 3DEP dynamic elevation service",
        "source_license": "public_domain",
        "license_status": "public_domain",
        "attribution": "Data available from U.S. Geological Survey, 3D Elevation Program.",
        "confidence": "model_derived_topographic_estimate",
        "last_checked": "2026-05-14",
        "last_generated": "2026-05-14",
        "ai_answer_rule": "Describe as model-derived USGS 3DEP elevation sampled along Scout open route geometry; values may differ from guidebook profiles or surveyed summits."
      },
      "geometry": {
        "type": "Point",
        "coordinates": [
          -79.341595,
          37.67255
        ]
      }
    },
    {
      "type": "Feature",
      "properties": {
        "sample_id": "elev-va-1mi-323",
        "trail": "Appalachian Trail",
        "route_id": "at-mvp2-va-damascus-harpers-ferry-open-2026",
        "mile_nobo_global_est": 782,
        "mile_nobo_va": 323,
        "mile_sobo_va": 224,
        "lat": 37.676122,
        "lon": -79.332573,
        "interval_miles": 1,
        "elevation_ft": 2134.9,
        "source_id": "usgs_3dep",
        "source_url": "https://epqs.nationalmap.gov/v1/json",
        "source": "USGS Elevation Point Query Service, interpolated from 3DEP dynamic elevation service",
        "source_license": "public_domain",
        "license_status": "public_domain",
        "attribution": "Data available from U.S. Geological Survey, 3D Elevation Program.",
        "confidence": "model_derived_topographic_estimate",
        "last_checked": "2026-05-14",
        "last_generated": "2026-05-14",
        "ai_answer_rule": "Describe as model-derived USGS 3DEP elevation sampled along Scout open route geometry; values may differ from guidebook profiles or surveyed summits."
      },
      "geometry": {
        "type": "Point",
        "coordinates": [
          -79.332573,
          37.676122
        ]
      }
    },
    {
      "type": "Feature",
      "properties": {
        "sample_id": "elev-va-1mi-324",
        "trail": "Appalachian Trail",
        "route_id": "at-mvp2-va-damascus-harpers-ferry-open-2026",
        "mile_nobo_global_est": 783,
        "mile_nobo_va": 324,
        "mile_sobo_va": 223,
        "lat": 37.674776,
        "lon": -79.316301,
        "interval_miles": 1,
        "elevation_ft": 2182.7,
        "source_id": "usgs_3dep",
        "source_url": "https://epqs.nationalmap.gov/v1/json",
        "source": "USGS Elevation Point Query Service, interpolated from 3DEP dynamic elevation service",
        "source_license": "public_domain",
        "license_status": "public_domain",
        "attribution": "Data available from U.S. Geological Survey, 3D Elevation Program.",
        "confidence": "model_derived_topographic_estimate",
        "last_checked": "2026-05-14",
        "last_generated": "2026-05-14",
        "ai_answer_rule": "Describe as model-derived USGS 3DEP elevation sampled along Scout open route geometry; values may differ from guidebook profiles or surveyed summits."
      },
      "geometry": {
        "type": "Point",
        "coordinates": [
          -79.316301,
          37.674776
        ]
      }
    },
    {
      "type": "Feature",
      "properties": {
        "sample_id": "elev-va-1mi-325",
        "trail": "Appalachian Trail",
        "route_id": "at-mvp2-va-damascus-harpers-ferry-open-2026",
        "mile_nobo_global_est": 784,
        "mile_nobo_va": 325,
        "mile_sobo_va": 222,
        "lat": 37.669893,
        "lon": -79.303844,
        "interval_miles": 1,
        "elevation_ft": 2151.2,
        "source_id": "usgs_3dep",
        "source_url": "https://epqs.nationalmap.gov/v1/json",
        "source": "USGS Elevation Point Query Service, interpolated from 3DEP dynamic elevation service",
        "source_license": "public_domain",
        "license_status": "public_domain",
        "attribution": "Data available from U.S. Geological Survey, 3D Elevation Program.",
        "confidence": "model_derived_topographic_estimate",
        "last_checked": "2026-05-14",
        "last_generated": "2026-05-14",
        "ai_answer_rule": "Describe as model-derived USGS 3DEP elevation sampled along Scout open route geometry; values may differ from guidebook profiles or surveyed summits."
      },
      "geometry": {
        "type": "Point",
        "coordinates": [
          -79.303844,
          37.669893
        ]
      }
    },
    {
      "type": "Feature",
      "properties": {
        "sample_id": "elev-va-1mi-326",
        "trail": "Appalachian Trail",
        "route_id": "at-mvp2-va-damascus-harpers-ferry-open-2026",
        "mile_nobo_global_est": 785,
        "mile_nobo_va": 326,
        "mile_sobo_va": 221,
        "lat": 37.676365,
        "lon": -79.290871,
        "interval_miles": 1,
        "elevation_ft": 1280.2,
        "source_id": "usgs_3dep",
        "source_url": "https://epqs.nationalmap.gov/v1/json",
        "source": "USGS Elevation Point Query Service, interpolated from 3DEP dynamic elevation service",
        "source_license": "public_domain",
        "license_status": "public_domain",
        "attribution": "Data available from U.S. Geological Survey, 3D Elevation Program.",
        "confidence": "model_derived_topographic_estimate",
        "last_checked": "2026-05-14",
        "last_generated": "2026-05-14",
        "ai_answer_rule": "Describe as model-derived USGS 3DEP elevation sampled along Scout open route geometry; values may differ from guidebook profiles or surveyed summits."
      },
      "geometry": {
        "type": "Point",
        "coordinates": [
          -79.290871,
          37.676365
        ]
      }
    },
    {
      "type": "Feature",
      "properties": {
        "sample_id": "elev-va-1mi-327",
        "trail": "Appalachian Trail",
        "route_id": "at-mvp2-va-damascus-harpers-ferry-open-2026",
        "mile_nobo_global_est": 786,
        "mile_nobo_va": 327,
        "mile_sobo_va": 220,
        "lat": 37.66902,
        "lon": -79.282936,
        "interval_miles": 1,
        "elevation_ft": 1056,
        "source_id": "usgs_3dep",
        "source_url": "https://epqs.nationalmap.gov/v1/json",
        "source": "USGS Elevation Point Query Service, interpolated from 3DEP dynamic elevation service",
        "source_license": "public_domain",
        "license_status": "public_domain",
        "attribution": "Data available from U.S. Geological Survey, 3D Elevation Program.",
        "confidence": "model_derived_topographic_estimate",
        "last_checked": "2026-05-14",
        "last_generated": "2026-05-14",
        "ai_answer_rule": "Describe as model-derived USGS 3DEP elevation sampled along Scout open route geometry; values may differ from guidebook profiles or surveyed summits."
      },
      "geometry": {
        "type": "Point",
        "coordinates": [
          -79.282936,
          37.66902
        ]
      }
    },
    {
      "type": "Feature",
      "properties": {
        "sample_id": "elev-va-1mi-328",
        "trail": "Appalachian Trail",
        "route_id": "at-mvp2-va-damascus-harpers-ferry-open-2026",
        "mile_nobo_global_est": 787,
        "mile_nobo_va": 328,
        "mile_sobo_va": 219,
        "lat": 37.671903,
        "lon": -79.274257,
        "interval_miles": 1,
        "elevation_ft": 1128.1,
        "source_id": "usgs_3dep",
        "source_url": "https://epqs.nationalmap.gov/v1/json",
        "source": "USGS Elevation Point Query Service, interpolated from 3DEP dynamic elevation service",
        "source_license": "public_domain",
        "license_status": "public_domain",
        "attribution": "Data available from U.S. Geological Survey, 3D Elevation Program.",
        "confidence": "model_derived_topographic_estimate",
        "last_checked": "2026-05-14",
        "last_generated": "2026-05-14",
        "ai_answer_rule": "Describe as model-derived USGS 3DEP elevation sampled along Scout open route geometry; values may differ from guidebook profiles or surveyed summits."
      },
      "geometry": {
        "type": "Point",
        "coordinates": [
          -79.274257,
          37.671903
        ]
      }
    },
    {
      "type": "Feature",
      "properties": {
        "sample_id": "elev-va-1mi-329",
        "trail": "Appalachian Trail",
        "route_id": "at-mvp2-va-damascus-harpers-ferry-open-2026",
        "mile_nobo_global_est": 788,
        "mile_nobo_va": 329,
        "mile_sobo_va": 218,
        "lat": 37.681568,
        "lon": -79.274015,
        "interval_miles": 1,
        "elevation_ft": 1085.6,
        "source_id": "usgs_3dep",
        "source_url": "https://epqs.nationalmap.gov/v1/json",
        "source": "USGS Elevation Point Query Service, interpolated from 3DEP dynamic elevation service",
        "source_license": "public_domain",
        "license_status": "public_domain",
        "attribution": "Data available from U.S. Geological Survey, 3D Elevation Program.",
        "confidence": "model_derived_topographic_estimate",
        "last_checked": "2026-05-14",
        "last_generated": "2026-05-14",
        "ai_answer_rule": "Describe as model-derived USGS 3DEP elevation sampled along Scout open route geometry; values may differ from guidebook profiles or surveyed summits."
      },
      "geometry": {
        "type": "Point",
        "coordinates": [
          -79.274015,
          37.681568
        ]
      }
    },
    {
      "type": "Feature",
      "properties": {
        "sample_id": "elev-va-1mi-330",
        "trail": "Appalachian Trail",
        "route_id": "at-mvp2-va-damascus-harpers-ferry-open-2026",
        "mile_nobo_global_est": 789,
        "mile_nobo_va": 330,
        "mile_sobo_va": 217,
        "lat": 37.689225,
        "lon": -79.270652,
        "interval_miles": 1,
        "elevation_ft": 1323.5,
        "source_id": "usgs_3dep",
        "source_url": "https://epqs.nationalmap.gov/v1/json",
        "source": "USGS Elevation Point Query Service, interpolated from 3DEP dynamic elevation service",
        "source_license": "public_domain",
        "license_status": "public_domain",
        "attribution": "Data available from U.S. Geological Survey, 3D Elevation Program.",
        "confidence": "model_derived_topographic_estimate",
        "last_checked": "2026-05-14",
        "last_generated": "2026-05-14",
        "ai_answer_rule": "Describe as model-derived USGS 3DEP elevation sampled along Scout open route geometry; values may differ from guidebook profiles or surveyed summits."
      },
      "geometry": {
        "type": "Point",
        "coordinates": [
          -79.270652,
          37.689225
        ]
      }
    },
    {
      "type": "Feature",
      "properties": {
        "sample_id": "elev-va-1mi-331",
        "trail": "Appalachian Trail",
        "route_id": "at-mvp2-va-damascus-harpers-ferry-open-2026",
        "mile_nobo_global_est": 790,
        "mile_nobo_va": 331,
        "mile_sobo_va": 216,
        "lat": 37.700611,
        "lon": -79.269635,
        "interval_miles": 1,
        "elevation_ft": 1216.4,
        "source_id": "usgs_3dep",
        "source_url": "https://epqs.nationalmap.gov/v1/json",
        "source": "USGS Elevation Point Query Service, interpolated from 3DEP dynamic elevation service",
        "source_license": "public_domain",
        "license_status": "public_domain",
        "attribution": "Data available from U.S. Geological Survey, 3D Elevation Program.",
        "confidence": "model_derived_topographic_estimate",
        "last_checked": "2026-05-14",
        "last_generated": "2026-05-14",
        "ai_answer_rule": "Describe as model-derived USGS 3DEP elevation sampled along Scout open route geometry; values may differ from guidebook profiles or surveyed summits."
      },
      "geometry": {
        "type": "Point",
        "coordinates": [
          -79.269635,
          37.700611
        ]
      }
    },
    {
      "type": "Feature",
      "properties": {
        "sample_id": "elev-va-1mi-332",
        "trail": "Appalachian Trail",
        "route_id": "at-mvp2-va-damascus-harpers-ferry-open-2026",
        "mile_nobo_global_est": 791,
        "mile_nobo_va": 332,
        "mile_sobo_va": 215,
        "lat": 37.713538,
        "lon": -79.266141,
        "interval_miles": 1,
        "elevation_ft": 1443.1,
        "source_id": "usgs_3dep",
        "source_url": "https://epqs.nationalmap.gov/v1/json",
        "source": "USGS Elevation Point Query Service, interpolated from 3DEP dynamic elevation service",
        "source_license": "public_domain",
        "license_status": "public_domain",
        "attribution": "Data available from U.S. Geological Survey, 3D Elevation Program.",
        "confidence": "model_derived_topographic_estimate",
        "last_checked": "2026-05-14",
        "last_generated": "2026-05-14",
        "ai_answer_rule": "Describe as model-derived USGS 3DEP elevation sampled along Scout open route geometry; values may differ from guidebook profiles or surveyed summits."
      },
      "geometry": {
        "type": "Point",
        "coordinates": [
          -79.266141,
          37.713538
        ]
      }
    },
    {
      "type": "Feature",
      "properties": {
        "sample_id": "elev-va-1mi-333",
        "trail": "Appalachian Trail",
        "route_id": "at-mvp2-va-damascus-harpers-ferry-open-2026",
        "mile_nobo_global_est": 792,
        "mile_nobo_va": 333,
        "mile_sobo_va": 214,
        "lat": 37.721232,
        "lon": -79.255095,
        "interval_miles": 1,
        "elevation_ft": 1901.9,
        "source_id": "usgs_3dep",
        "source_url": "https://epqs.nationalmap.gov/v1/json",
        "source": "USGS Elevation Point Query Service, interpolated from 3DEP dynamic elevation service",
        "source_license": "public_domain",
        "license_status": "public_domain",
        "attribution": "Data available from U.S. Geological Survey, 3D Elevation Program.",
        "confidence": "model_derived_topographic_estimate",
        "last_checked": "2026-05-14",
        "last_generated": "2026-05-14",
        "ai_answer_rule": "Describe as model-derived USGS 3DEP elevation sampled along Scout open route geometry; values may differ from guidebook profiles or surveyed summits."
      },
      "geometry": {
        "type": "Point",
        "coordinates": [
          -79.255095,
          37.721232
        ]
      }
    },
    {
      "type": "Feature",
      "properties": {
        "sample_id": "elev-va-1mi-334",
        "trail": "Appalachian Trail",
        "route_id": "at-mvp2-va-damascus-harpers-ferry-open-2026",
        "mile_nobo_global_est": 793,
        "mile_nobo_va": 334,
        "mile_sobo_va": 213,
        "lat": 37.726015,
        "lon": -79.247052,
        "interval_miles": 1,
        "elevation_ft": 2463,
        "source_id": "usgs_3dep",
        "source_url": "https://epqs.nationalmap.gov/v1/json",
        "source": "USGS Elevation Point Query Service, interpolated from 3DEP dynamic elevation service",
        "source_license": "public_domain",
        "license_status": "public_domain",
        "attribution": "Data available from U.S. Geological Survey, 3D Elevation Program.",
        "confidence": "model_derived_topographic_estimate",
        "last_checked": "2026-05-14",
        "last_generated": "2026-05-14",
        "ai_answer_rule": "Describe as model-derived USGS 3DEP elevation sampled along Scout open route geometry; values may differ from guidebook profiles or surveyed summits."
      },
      "geometry": {
        "type": "Point",
        "coordinates": [
          -79.247052,
          37.726015
        ]
      }
    },
    {
      "type": "Feature",
      "properties": {
        "sample_id": "elev-va-1mi-335",
        "trail": "Appalachian Trail",
        "route_id": "at-mvp2-va-damascus-harpers-ferry-open-2026",
        "mile_nobo_global_est": 794,
        "mile_nobo_va": 335,
        "mile_sobo_va": 212,
        "lat": 37.731313,
        "lon": -79.235881,
        "interval_miles": 1,
        "elevation_ft": 3262.5,
        "source_id": "usgs_3dep",
        "source_url": "https://epqs.nationalmap.gov/v1/json",
        "source": "USGS Elevation Point Query Service, interpolated from 3DEP dynamic elevation service",
        "source_license": "public_domain",
        "license_status": "public_domain",
        "attribution": "Data available from U.S. Geological Survey, 3D Elevation Program.",
        "confidence": "model_derived_topographic_estimate",
        "last_checked": "2026-05-14",
        "last_generated": "2026-05-14",
        "ai_answer_rule": "Describe as model-derived USGS 3DEP elevation sampled along Scout open route geometry; values may differ from guidebook profiles or surveyed summits."
      },
      "geometry": {
        "type": "Point",
        "coordinates": [
          -79.235881,
          37.731313
        ]
      }
    },
    {
      "type": "Feature",
      "properties": {
        "sample_id": "elev-va-1mi-336",
        "trail": "Appalachian Trail",
        "route_id": "at-mvp2-va-damascus-harpers-ferry-open-2026",
        "mile_nobo_global_est": 795,
        "mile_nobo_va": 336,
        "mile_sobo_va": 211,
        "lat": 37.740344,
        "lon": -79.225712,
        "interval_miles": 1,
        "elevation_ft": 3987,
        "source_id": "usgs_3dep",
        "source_url": "https://epqs.nationalmap.gov/v1/json",
        "source": "USGS Elevation Point Query Service, interpolated from 3DEP dynamic elevation service",
        "source_license": "public_domain",
        "license_status": "public_domain",
        "attribution": "Data available from U.S. Geological Survey, 3D Elevation Program.",
        "confidence": "model_derived_topographic_estimate",
        "last_checked": "2026-05-14",
        "last_generated": "2026-05-14",
        "ai_answer_rule": "Describe as model-derived USGS 3DEP elevation sampled along Scout open route geometry; values may differ from guidebook profiles or surveyed summits."
      },
      "geometry": {
        "type": "Point",
        "coordinates": [
          -79.225712,
          37.740344
        ]
      }
    },
    {
      "type": "Feature",
      "properties": {
        "sample_id": "elev-va-1mi-337",
        "trail": "Appalachian Trail",
        "route_id": "at-mvp2-va-damascus-harpers-ferry-open-2026",
        "mile_nobo_global_est": 796,
        "mile_nobo_va": 337,
        "mile_sobo_va": 210,
        "lat": 37.747059,
        "lon": -79.216058,
        "interval_miles": 1,
        "elevation_ft": 3496.2,
        "source_id": "usgs_3dep",
        "source_url": "https://epqs.nationalmap.gov/v1/json",
        "source": "USGS Elevation Point Query Service, interpolated from 3DEP dynamic elevation service",
        "source_license": "public_domain",
        "license_status": "public_domain",
        "attribution": "Data available from U.S. Geological Survey, 3D Elevation Program.",
        "confidence": "model_derived_topographic_estimate",
        "last_checked": "2026-05-14",
        "last_generated": "2026-05-14",
        "ai_answer_rule": "Describe as model-derived USGS 3DEP elevation sampled along Scout open route geometry; values may differ from guidebook profiles or surveyed summits."
      },
      "geometry": {
        "type": "Point",
        "coordinates": [
          -79.216058,
          37.747059
        ]
      }
    },
    {
      "type": "Feature",
      "properties": {
        "sample_id": "elev-va-1mi-338",
        "trail": "Appalachian Trail",
        "route_id": "at-mvp2-va-damascus-harpers-ferry-open-2026",
        "mile_nobo_global_est": 797,
        "mile_nobo_va": 338,
        "mile_sobo_va": 209,
        "lat": 37.751775,
        "lon": -79.207907,
        "interval_miles": 1,
        "elevation_ft": 3963.8,
        "source_id": "usgs_3dep",
        "source_url": "https://epqs.nationalmap.gov/v1/json",
        "source": "USGS Elevation Point Query Service, interpolated from 3DEP dynamic elevation service",
        "source_license": "public_domain",
        "license_status": "public_domain",
        "attribution": "Data available from U.S. Geological Survey, 3D Elevation Program.",
        "confidence": "model_derived_topographic_estimate",
        "last_checked": "2026-05-14",
        "last_generated": "2026-05-14",
        "ai_answer_rule": "Describe as model-derived USGS 3DEP elevation sampled along Scout open route geometry; values may differ from guidebook profiles or surveyed summits."
      },
      "geometry": {
        "type": "Point",
        "coordinates": [
          -79.207907,
          37.751775
        ]
      }
    },
    {
      "type": "Feature",
      "properties": {
        "sample_id": "elev-va-1mi-339",
        "trail": "Appalachian Trail",
        "route_id": "at-mvp2-va-damascus-harpers-ferry-open-2026",
        "mile_nobo_global_est": 798,
        "mile_nobo_va": 339,
        "mile_sobo_va": 208,
        "lat": 37.755868,
        "lon": -79.19389,
        "interval_miles": 1,
        "elevation_ft": 3800.7,
        "source_id": "usgs_3dep",
        "source_url": "https://epqs.nationalmap.gov/v1/json",
        "source": "USGS Elevation Point Query Service, interpolated from 3DEP dynamic elevation service",
        "source_license": "public_domain",
        "license_status": "public_domain",
        "attribution": "Data available from U.S. Geological Survey, 3D Elevation Program.",
        "confidence": "model_derived_topographic_estimate",
        "last_checked": "2026-05-14",
        "last_generated": "2026-05-14",
        "ai_answer_rule": "Describe as model-derived USGS 3DEP elevation sampled along Scout open route geometry; values may differ from guidebook profiles or surveyed summits."
      },
      "geometry": {
        "type": "Point",
        "coordinates": [
          -79.19389,
          37.755868
        ]
      }
    },
    {
      "type": "Feature",
      "properties": {
        "sample_id": "elev-va-1mi-340",
        "trail": "Appalachian Trail",
        "route_id": "at-mvp2-va-damascus-harpers-ferry-open-2026",
        "mile_nobo_global_est": 799,
        "mile_nobo_va": 340,
        "mile_sobo_va": 207,
        "lat": 37.765116,
        "lon": -79.193038,
        "interval_miles": 1,
        "elevation_ft": 3763.9,
        "source_id": "usgs_3dep",
        "source_url": "https://epqs.nationalmap.gov/v1/json",
        "source": "USGS Elevation Point Query Service, interpolated from 3DEP dynamic elevation service",
        "source_license": "public_domain",
        "license_status": "public_domain",
        "attribution": "Data available from U.S. Geological Survey, 3D Elevation Program.",
        "confidence": "model_derived_topographic_estimate",
        "last_checked": "2026-05-14",
        "last_generated": "2026-05-14",
        "ai_answer_rule": "Describe as model-derived USGS 3DEP elevation sampled along Scout open route geometry; values may differ from guidebook profiles or surveyed summits."
      },
      "geometry": {
        "type": "Point",
        "coordinates": [
          -79.193038,
          37.765116
        ]
      }
    },
    {
      "type": "Feature",
      "properties": {
        "sample_id": "elev-va-1mi-341",
        "trail": "Appalachian Trail",
        "route_id": "at-mvp2-va-damascus-harpers-ferry-open-2026",
        "mile_nobo_global_est": 800,
        "mile_nobo_va": 341,
        "mile_sobo_va": 206,
        "lat": 37.772967,
        "lon": -79.184041,
        "interval_miles": 1,
        "elevation_ft": 3573.7,
        "source_id": "usgs_3dep",
        "source_url": "https://epqs.nationalmap.gov/v1/json",
        "source": "USGS Elevation Point Query Service, interpolated from 3DEP dynamic elevation service",
        "source_license": "public_domain",
        "license_status": "public_domain",
        "attribution": "Data available from U.S. Geological Survey, 3D Elevation Program.",
        "confidence": "model_derived_topographic_estimate",
        "last_checked": "2026-05-14",
        "last_generated": "2026-05-14",
        "ai_answer_rule": "Describe as model-derived USGS 3DEP elevation sampled along Scout open route geometry; values may differ from guidebook profiles or surveyed summits."
      },
      "geometry": {
        "type": "Point",
        "coordinates": [
          -79.184041,
          37.772967
        ]
      }
    },
    {
      "type": "Feature",
      "properties": {
        "sample_id": "elev-va-1mi-342",
        "trail": "Appalachian Trail",
        "route_id": "at-mvp2-va-damascus-harpers-ferry-open-2026",
        "mile_nobo_global_est": 801,
        "mile_nobo_va": 342,
        "mile_sobo_va": 205,
        "lat": 37.78391,
        "lon": -79.178398,
        "interval_miles": 1,
        "elevation_ft": 3466.4,
        "source_id": "usgs_3dep",
        "source_url": "https://epqs.nationalmap.gov/v1/json",
        "source": "USGS Elevation Point Query Service, interpolated from 3DEP dynamic elevation service",
        "source_license": "public_domain",
        "license_status": "public_domain",
        "attribution": "Data available from U.S. Geological Survey, 3D Elevation Program.",
        "confidence": "model_derived_topographic_estimate",
        "last_checked": "2026-05-14",
        "last_generated": "2026-05-14",
        "ai_answer_rule": "Describe as model-derived USGS 3DEP elevation sampled along Scout open route geometry; values may differ from guidebook profiles or surveyed summits."
      },
      "geometry": {
        "type": "Point",
        "coordinates": [
          -79.178398,
          37.78391
        ]
      }
    },
    {
      "type": "Feature",
      "properties": {
        "sample_id": "elev-va-1mi-343",
        "trail": "Appalachian Trail",
        "route_id": "at-mvp2-va-damascus-harpers-ferry-open-2026",
        "mile_nobo_global_est": 802,
        "mile_nobo_va": 343,
        "mile_sobo_va": 204,
        "lat": 37.791332,
        "lon": -79.172574,
        "interval_miles": 1,
        "elevation_ft": 3669.6,
        "source_id": "usgs_3dep",
        "source_url": "https://epqs.nationalmap.gov/v1/json",
        "source": "USGS Elevation Point Query Service, interpolated from 3DEP dynamic elevation service",
        "source_license": "public_domain",
        "license_status": "public_domain",
        "attribution": "Data available from U.S. Geological Survey, 3D Elevation Program.",
        "confidence": "model_derived_topographic_estimate",
        "last_checked": "2026-05-14",
        "last_generated": "2026-05-14",
        "ai_answer_rule": "Describe as model-derived USGS 3DEP elevation sampled along Scout open route geometry; values may differ from guidebook profiles or surveyed summits."
      },
      "geometry": {
        "type": "Point",
        "coordinates": [
          -79.172574,
          37.791332
        ]
      }
    },
    {
      "type": "Feature",
      "properties": {
        "sample_id": "elev-va-1mi-344",
        "trail": "Appalachian Trail",
        "route_id": "at-mvp2-va-damascus-harpers-ferry-open-2026",
        "mile_nobo_global_est": 803,
        "mile_nobo_va": 344,
        "mile_sobo_va": 203,
        "lat": 37.799873,
        "lon": -79.167506,
        "interval_miles": 1,
        "elevation_ft": 3837.6,
        "source_id": "usgs_3dep",
        "source_url": "https://epqs.nationalmap.gov/v1/json",
        "source": "USGS Elevation Point Query Service, interpolated from 3DEP dynamic elevation service",
        "source_license": "public_domain",
        "license_status": "public_domain",
        "attribution": "Data available from U.S. Geological Survey, 3D Elevation Program.",
        "confidence": "model_derived_topographic_estimate",
        "last_checked": "2026-05-14",
        "last_generated": "2026-05-14",
        "ai_answer_rule": "Describe as model-derived USGS 3DEP elevation sampled along Scout open route geometry; values may differ from guidebook profiles or surveyed summits."
      },
      "geometry": {
        "type": "Point",
        "coordinates": [
          -79.167506,
          37.799873
        ]
      }
    },
    {
      "type": "Feature",
      "properties": {
        "sample_id": "elev-va-1mi-345",
        "trail": "Appalachian Trail",
        "route_id": "at-mvp2-va-damascus-harpers-ferry-open-2026",
        "mile_nobo_global_est": 804,
        "mile_nobo_va": 345,
        "mile_sobo_va": 202,
        "lat": 37.805303,
        "lon": -79.162602,
        "interval_miles": 1,
        "elevation_ft": 3509.8,
        "source_id": "usgs_3dep",
        "source_url": "https://epqs.nationalmap.gov/v1/json",
        "source": "USGS Elevation Point Query Service, interpolated from 3DEP dynamic elevation service",
        "source_license": "public_domain",
        "license_status": "public_domain",
        "attribution": "Data available from U.S. Geological Survey, 3D Elevation Program.",
        "confidence": "model_derived_topographic_estimate",
        "last_checked": "2026-05-14",
        "last_generated": "2026-05-14",
        "ai_answer_rule": "Describe as model-derived USGS 3DEP elevation sampled along Scout open route geometry; values may differ from guidebook profiles or surveyed summits."
      },
      "geometry": {
        "type": "Point",
        "coordinates": [
          -79.162602,
          37.805303
        ]
      }
    },
    {
      "type": "Feature",
      "properties": {
        "sample_id": "elev-va-1mi-346",
        "trail": "Appalachian Trail",
        "route_id": "at-mvp2-va-damascus-harpers-ferry-open-2026",
        "mile_nobo_global_est": 805,
        "mile_nobo_va": 346,
        "mile_sobo_va": 201,
        "lat": 37.812727,
        "lon": -79.155757,
        "interval_miles": 1,
        "elevation_ft": 3640.6,
        "source_id": "usgs_3dep",
        "source_url": "https://epqs.nationalmap.gov/v1/json",
        "source": "USGS Elevation Point Query Service, interpolated from 3DEP dynamic elevation service",
        "source_license": "public_domain",
        "license_status": "public_domain",
        "attribution": "Data available from U.S. Geological Survey, 3D Elevation Program.",
        "confidence": "model_derived_topographic_estimate",
        "last_checked": "2026-05-14",
        "last_generated": "2026-05-14",
        "ai_answer_rule": "Describe as model-derived USGS 3DEP elevation sampled along Scout open route geometry; values may differ from guidebook profiles or surveyed summits."
      },
      "geometry": {
        "type": "Point",
        "coordinates": [
          -79.155757,
          37.812727
        ]
      }
    },
    {
      "type": "Feature",
      "properties": {
        "sample_id": "elev-va-1mi-347",
        "trail": "Appalachian Trail",
        "route_id": "at-mvp2-va-damascus-harpers-ferry-open-2026",
        "mile_nobo_global_est": 806,
        "mile_nobo_va": 347,
        "mile_sobo_va": 200,
        "lat": 37.820797,
        "lon": -79.155116,
        "interval_miles": 1,
        "elevation_ft": 3798.5,
        "source_id": "usgs_3dep",
        "source_url": "https://epqs.nationalmap.gov/v1/json",
        "source": "USGS Elevation Point Query Service, interpolated from 3DEP dynamic elevation service",
        "source_license": "public_domain",
        "license_status": "public_domain",
        "attribution": "Data available from U.S. Geological Survey, 3D Elevation Program.",
        "confidence": "model_derived_topographic_estimate",
        "last_checked": "2026-05-14",
        "last_generated": "2026-05-14",
        "ai_answer_rule": "Describe as model-derived USGS 3DEP elevation sampled along Scout open route geometry; values may differ from guidebook profiles or surveyed summits."
      },
      "geometry": {
        "type": "Point",
        "coordinates": [
          -79.155116,
          37.820797
        ]
      }
    },
    {
      "type": "Feature",
      "properties": {
        "sample_id": "elev-va-1mi-348",
        "trail": "Appalachian Trail",
        "route_id": "at-mvp2-va-damascus-harpers-ferry-open-2026",
        "mile_nobo_global_est": 807,
        "mile_nobo_va": 348,
        "mile_sobo_va": 199,
        "lat": 37.82503,
        "lon": -79.142694,
        "interval_miles": 1,
        "elevation_ft": 3518.6,
        "source_id": "usgs_3dep",
        "source_url": "https://epqs.nationalmap.gov/v1/json",
        "source": "USGS Elevation Point Query Service, interpolated from 3DEP dynamic elevation service",
        "source_license": "public_domain",
        "license_status": "public_domain",
        "attribution": "Data available from U.S. Geological Survey, 3D Elevation Program.",
        "confidence": "model_derived_topographic_estimate",
        "last_checked": "2026-05-14",
        "last_generated": "2026-05-14",
        "ai_answer_rule": "Describe as model-derived USGS 3DEP elevation sampled along Scout open route geometry; values may differ from guidebook profiles or surveyed summits."
      },
      "geometry": {
        "type": "Point",
        "coordinates": [
          -79.142694,
          37.82503
        ]
      }
    },
    {
      "type": "Feature",
      "properties": {
        "sample_id": "elev-va-1mi-349",
        "trail": "Appalachian Trail",
        "route_id": "at-mvp2-va-damascus-harpers-ferry-open-2026",
        "mile_nobo_global_est": 808,
        "mile_nobo_va": 349,
        "mile_sobo_va": 198,
        "lat": 37.828609,
        "lon": -79.132149,
        "interval_miles": 1,
        "elevation_ft": 3530.9,
        "source_id": "usgs_3dep",
        "source_url": "https://epqs.nationalmap.gov/v1/json",
        "source": "USGS Elevation Point Query Service, interpolated from 3DEP dynamic elevation service",
        "source_license": "public_domain",
        "license_status": "public_domain",
        "attribution": "Data available from U.S. Geological Survey, 3D Elevation Program.",
        "confidence": "model_derived_topographic_estimate",
        "last_checked": "2026-05-14",
        "last_generated": "2026-05-14",
        "ai_answer_rule": "Describe as model-derived USGS 3DEP elevation sampled along Scout open route geometry; values may differ from guidebook profiles or surveyed summits."
      },
      "geometry": {
        "type": "Point",
        "coordinates": [
          -79.132149,
          37.828609
        ]
      }
    },
    {
      "type": "Feature",
      "properties": {
        "sample_id": "elev-va-1mi-350",
        "trail": "Appalachian Trail",
        "route_id": "at-mvp2-va-damascus-harpers-ferry-open-2026",
        "mile_nobo_global_est": 809,
        "mile_nobo_va": 350,
        "mile_sobo_va": 197,
        "lat": 37.830767,
        "lon": -79.117966,
        "interval_miles": 1,
        "elevation_ft": 3839.9,
        "source_id": "usgs_3dep",
        "source_url": "https://epqs.nationalmap.gov/v1/json",
        "source": "USGS Elevation Point Query Service, interpolated from 3DEP dynamic elevation service",
        "source_license": "public_domain",
        "license_status": "public_domain",
        "attribution": "Data available from U.S. Geological Survey, 3D Elevation Program.",
        "confidence": "model_derived_topographic_estimate",
        "last_checked": "2026-05-14",
        "last_generated": "2026-05-14",
        "ai_answer_rule": "Describe as model-derived USGS 3DEP elevation sampled along Scout open route geometry; values may differ from guidebook profiles or surveyed summits."
      },
      "geometry": {
        "type": "Point",
        "coordinates": [
          -79.117966,
          37.830767
        ]
      }
    },
    {
      "type": "Feature",
      "properties": {
        "sample_id": "elev-va-1mi-351",
        "trail": "Appalachian Trail",
        "route_id": "at-mvp2-va-damascus-harpers-ferry-open-2026",
        "mile_nobo_global_est": 810,
        "mile_nobo_va": 351,
        "mile_sobo_va": 196,
        "lat": 37.828781,
        "lon": -79.102903,
        "interval_miles": 1,
        "elevation_ft": 3624.6,
        "source_id": "usgs_3dep",
        "source_url": "https://epqs.nationalmap.gov/v1/json",
        "source": "USGS Elevation Point Query Service, interpolated from 3DEP dynamic elevation service",
        "source_license": "public_domain",
        "license_status": "public_domain",
        "attribution": "Data available from U.S. Geological Survey, 3D Elevation Program.",
        "confidence": "model_derived_topographic_estimate",
        "last_checked": "2026-05-14",
        "last_generated": "2026-05-14",
        "ai_answer_rule": "Describe as model-derived USGS 3DEP elevation sampled along Scout open route geometry; values may differ from guidebook profiles or surveyed summits."
      },
      "geometry": {
        "type": "Point",
        "coordinates": [
          -79.102903,
          37.828781
        ]
      }
    },
    {
      "type": "Feature",
      "properties": {
        "sample_id": "elev-va-1mi-352",
        "trail": "Appalachian Trail",
        "route_id": "at-mvp2-va-damascus-harpers-ferry-open-2026",
        "mile_nobo_global_est": 811,
        "mile_nobo_va": 352,
        "mile_sobo_va": 195,
        "lat": 37.823483,
        "lon": -79.09084,
        "interval_miles": 1,
        "elevation_ft": 3288.9,
        "source_id": "usgs_3dep",
        "source_url": "https://epqs.nationalmap.gov/v1/json",
        "source": "USGS Elevation Point Query Service, interpolated from 3DEP dynamic elevation service",
        "source_license": "public_domain",
        "license_status": "public_domain",
        "attribution": "Data available from U.S. Geological Survey, 3D Elevation Program.",
        "confidence": "model_derived_topographic_estimate",
        "last_checked": "2026-05-14",
        "last_generated": "2026-05-14",
        "ai_answer_rule": "Describe as model-derived USGS 3DEP elevation sampled along Scout open route geometry; values may differ from guidebook profiles or surveyed summits."
      },
      "geometry": {
        "type": "Point",
        "coordinates": [
          -79.09084,
          37.823483
        ]
      }
    },
    {
      "type": "Feature",
      "properties": {
        "sample_id": "elev-va-1mi-353",
        "trail": "Appalachian Trail",
        "route_id": "at-mvp2-va-damascus-harpers-ferry-open-2026",
        "mile_nobo_global_est": 812,
        "mile_nobo_va": 353,
        "mile_sobo_va": 194,
        "lat": 37.824948,
        "lon": -79.076614,
        "interval_miles": 1,
        "elevation_ft": 3533.1,
        "source_id": "usgs_3dep",
        "source_url": "https://epqs.nationalmap.gov/v1/json",
        "source": "USGS Elevation Point Query Service, interpolated from 3DEP dynamic elevation service",
        "source_license": "public_domain",
        "license_status": "public_domain",
        "attribution": "Data available from U.S. Geological Survey, 3D Elevation Program.",
        "confidence": "model_derived_topographic_estimate",
        "last_checked": "2026-05-14",
        "last_generated": "2026-05-14",
        "ai_answer_rule": "Describe as model-derived USGS 3DEP elevation sampled along Scout open route geometry; values may differ from guidebook profiles or surveyed summits."
      },
      "geometry": {
        "type": "Point",
        "coordinates": [
          -79.076614,
          37.824948
        ]
      }
    },
    {
      "type": "Feature",
      "properties": {
        "sample_id": "elev-va-1mi-354",
        "trail": "Appalachian Trail",
        "route_id": "at-mvp2-va-damascus-harpers-ferry-open-2026",
        "mile_nobo_global_est": 813,
        "mile_nobo_va": 354,
        "mile_sobo_va": 193,
        "lat": 37.820081,
        "lon": -79.06543,
        "interval_miles": 1,
        "elevation_ft": 4056.6,
        "source_id": "usgs_3dep",
        "source_url": "https://epqs.nationalmap.gov/v1/json",
        "source": "USGS Elevation Point Query Service, interpolated from 3DEP dynamic elevation service",
        "source_license": "public_domain",
        "license_status": "public_domain",
        "attribution": "Data available from U.S. Geological Survey, 3D Elevation Program.",
        "confidence": "model_derived_topographic_estimate",
        "last_checked": "2026-05-14",
        "last_generated": "2026-05-14",
        "ai_answer_rule": "Describe as model-derived USGS 3DEP elevation sampled along Scout open route geometry; values may differ from guidebook profiles or surveyed summits."
      },
      "geometry": {
        "type": "Point",
        "coordinates": [
          -79.06543,
          37.820081
        ]
      }
    },
    {
      "type": "Feature",
      "properties": {
        "sample_id": "elev-va-1mi-355",
        "trail": "Appalachian Trail",
        "route_id": "at-mvp2-va-damascus-harpers-ferry-open-2026",
        "mile_nobo_global_est": 814,
        "mile_nobo_va": 355,
        "mile_sobo_va": 192,
        "lat": 37.823416,
        "lon": -79.049489,
        "interval_miles": 1,
        "elevation_ft": 3399,
        "source_id": "usgs_3dep",
        "source_url": "https://epqs.nationalmap.gov/v1/json",
        "source": "USGS Elevation Point Query Service, interpolated from 3DEP dynamic elevation service",
        "source_license": "public_domain",
        "license_status": "public_domain",
        "attribution": "Data available from U.S. Geological Survey, 3D Elevation Program.",
        "confidence": "model_derived_topographic_estimate",
        "last_checked": "2026-05-14",
        "last_generated": "2026-05-14",
        "ai_answer_rule": "Describe as model-derived USGS 3DEP elevation sampled along Scout open route geometry; values may differ from guidebook profiles or surveyed summits."
      },
      "geometry": {
        "type": "Point",
        "coordinates": [
          -79.049489,
          37.823416
        ]
      }
    },
    {
      "type": "Feature",
      "properties": {
        "sample_id": "elev-va-1mi-356",
        "trail": "Appalachian Trail",
        "route_id": "at-mvp2-va-damascus-harpers-ferry-open-2026",
        "mile_nobo_global_est": 815,
        "mile_nobo_va": 356,
        "mile_sobo_va": 191,
        "lat": 37.826708,
        "lon": -79.040211,
        "interval_miles": 1,
        "elevation_ft": 2562.6,
        "source_id": "usgs_3dep",
        "source_url": "https://epqs.nationalmap.gov/v1/json",
        "source": "USGS Elevation Point Query Service, interpolated from 3DEP dynamic elevation service",
        "source_license": "public_domain",
        "license_status": "public_domain",
        "attribution": "Data available from U.S. Geological Survey, 3D Elevation Program.",
        "confidence": "model_derived_topographic_estimate",
        "last_checked": "2026-05-14",
        "last_generated": "2026-05-14",
        "ai_answer_rule": "Describe as model-derived USGS 3DEP elevation sampled along Scout open route geometry; values may differ from guidebook profiles or surveyed summits."
      },
      "geometry": {
        "type": "Point",
        "coordinates": [
          -79.040211,
          37.826708
        ]
      }
    },
    {
      "type": "Feature",
      "properties": {
        "sample_id": "elev-va-1mi-357",
        "trail": "Appalachian Trail",
        "route_id": "at-mvp2-va-damascus-harpers-ferry-open-2026",
        "mile_nobo_global_est": 816,
        "mile_nobo_va": 357,
        "mile_sobo_va": 190,
        "lat": 37.830379,
        "lon": -79.037672,
        "interval_miles": 1,
        "elevation_ft": 1825.6,
        "source_id": "usgs_3dep",
        "source_url": "https://epqs.nationalmap.gov/v1/json",
        "source": "USGS Elevation Point Query Service, interpolated from 3DEP dynamic elevation service",
        "source_license": "public_domain",
        "license_status": "public_domain",
        "attribution": "Data available from U.S. Geological Survey, 3D Elevation Program.",
        "confidence": "model_derived_topographic_estimate",
        "last_checked": "2026-05-14",
        "last_generated": "2026-05-14",
        "ai_answer_rule": "Describe as model-derived USGS 3DEP elevation sampled along Scout open route geometry; values may differ from guidebook profiles or surveyed summits."
      },
      "geometry": {
        "type": "Point",
        "coordinates": [
          -79.037672,
          37.830379
        ]
      }
    },
    {
      "type": "Feature",
      "properties": {
        "sample_id": "elev-va-1mi-358",
        "trail": "Appalachian Trail",
        "route_id": "at-mvp2-va-damascus-harpers-ferry-open-2026",
        "mile_nobo_global_est": 817,
        "mile_nobo_va": 358,
        "mile_sobo_va": 189,
        "lat": 37.836436,
        "lon": -79.026111,
        "interval_miles": 1,
        "elevation_ft": 1139.8,
        "source_id": "usgs_3dep",
        "source_url": "https://epqs.nationalmap.gov/v1/json",
        "source": "USGS Elevation Point Query Service, interpolated from 3DEP dynamic elevation service",
        "source_license": "public_domain",
        "license_status": "public_domain",
        "attribution": "Data available from U.S. Geological Survey, 3D Elevation Program.",
        "confidence": "model_derived_topographic_estimate",
        "last_checked": "2026-05-14",
        "last_generated": "2026-05-14",
        "ai_answer_rule": "Describe as model-derived USGS 3DEP elevation sampled along Scout open route geometry; values may differ from guidebook profiles or surveyed summits."
      },
      "geometry": {
        "type": "Point",
        "coordinates": [
          -79.026111,
          37.836436
        ]
      }
    },
    {
      "type": "Feature",
      "properties": {
        "sample_id": "elev-va-1mi-359",
        "trail": "Appalachian Trail",
        "route_id": "at-mvp2-va-damascus-harpers-ferry-open-2026",
        "mile_nobo_global_est": 818,
        "mile_nobo_va": 359,
        "mile_sobo_va": 188,
        "lat": 37.844101,
        "lon": -79.018593,
        "interval_miles": 1,
        "elevation_ft": 1318.9,
        "source_id": "usgs_3dep",
        "source_url": "https://epqs.nationalmap.gov/v1/json",
        "source": "USGS Elevation Point Query Service, interpolated from 3DEP dynamic elevation service",
        "source_license": "public_domain",
        "license_status": "public_domain",
        "attribution": "Data available from U.S. Geological Survey, 3D Elevation Program.",
        "confidence": "model_derived_topographic_estimate",
        "last_checked": "2026-05-14",
        "last_generated": "2026-05-14",
        "ai_answer_rule": "Describe as model-derived USGS 3DEP elevation sampled along Scout open route geometry; values may differ from guidebook profiles or surveyed summits."
      },
      "geometry": {
        "type": "Point",
        "coordinates": [
          -79.018593,
          37.844101
        ]
      }
    },
    {
      "type": "Feature",
      "properties": {
        "sample_id": "elev-va-1mi-360",
        "trail": "Appalachian Trail",
        "route_id": "at-mvp2-va-damascus-harpers-ferry-open-2026",
        "mile_nobo_global_est": 819,
        "mile_nobo_va": 360,
        "mile_sobo_va": 187,
        "lat": 37.855854,
        "lon": -79.012955,
        "interval_miles": 1,
        "elevation_ft": 1899.6,
        "source_id": "usgs_3dep",
        "source_url": "https://epqs.nationalmap.gov/v1/json",
        "source": "USGS Elevation Point Query Service, interpolated from 3DEP dynamic elevation service",
        "source_license": "public_domain",
        "license_status": "public_domain",
        "attribution": "Data available from U.S. Geological Survey, 3D Elevation Program.",
        "confidence": "model_derived_topographic_estimate",
        "last_checked": "2026-05-14",
        "last_generated": "2026-05-14",
        "ai_answer_rule": "Describe as model-derived USGS 3DEP elevation sampled along Scout open route geometry; values may differ from guidebook profiles or surveyed summits."
      },
      "geometry": {
        "type": "Point",
        "coordinates": [
          -79.012955,
          37.855854
        ]
      }
    },
    {
      "type": "Feature",
      "properties": {
        "sample_id": "elev-va-1mi-361",
        "trail": "Appalachian Trail",
        "route_id": "at-mvp2-va-damascus-harpers-ferry-open-2026",
        "mile_nobo_global_est": 820,
        "mile_nobo_va": 361,
        "mile_sobo_va": 186,
        "lat": 37.855028,
        "lon": -78.999777,
        "interval_miles": 1,
        "elevation_ft": 1870.2,
        "source_id": "usgs_3dep",
        "source_url": "https://epqs.nationalmap.gov/v1/json",
        "source": "USGS Elevation Point Query Service, interpolated from 3DEP dynamic elevation service",
        "source_license": "public_domain",
        "license_status": "public_domain",
        "attribution": "Data available from U.S. Geological Survey, 3D Elevation Program.",
        "confidence": "model_derived_topographic_estimate",
        "last_checked": "2026-05-14",
        "last_generated": "2026-05-14",
        "ai_answer_rule": "Describe as model-derived USGS 3DEP elevation sampled along Scout open route geometry; values may differ from guidebook profiles or surveyed summits."
      },
      "geometry": {
        "type": "Point",
        "coordinates": [
          -78.999777,
          37.855028
        ]
      }
    },
    {
      "type": "Feature",
      "properties": {
        "sample_id": "elev-va-1mi-362",
        "trail": "Appalachian Trail",
        "route_id": "at-mvp2-va-damascus-harpers-ferry-open-2026",
        "mile_nobo_global_est": 821,
        "mile_nobo_va": 362,
        "mile_sobo_va": 185,
        "lat": 37.843761,
        "lon": -78.99841,
        "interval_miles": 1,
        "elevation_ft": 2482.2,
        "source_id": "usgs_3dep",
        "source_url": "https://epqs.nationalmap.gov/v1/json",
        "source": "USGS Elevation Point Query Service, interpolated from 3DEP dynamic elevation service",
        "source_license": "public_domain",
        "license_status": "public_domain",
        "attribution": "Data available from U.S. Geological Survey, 3D Elevation Program.",
        "confidence": "model_derived_topographic_estimate",
        "last_checked": "2026-05-14",
        "last_generated": "2026-05-14",
        "ai_answer_rule": "Describe as model-derived USGS 3DEP elevation sampled along Scout open route geometry; values may differ from guidebook profiles or surveyed summits."
      },
      "geometry": {
        "type": "Point",
        "coordinates": [
          -78.99841,
          37.843761
        ]
      }
    },
    {
      "type": "Feature",
      "properties": {
        "sample_id": "elev-va-1mi-363",
        "trail": "Appalachian Trail",
        "route_id": "at-mvp2-va-damascus-harpers-ferry-open-2026",
        "mile_nobo_global_est": 822,
        "mile_nobo_va": 363,
        "mile_sobo_va": 184,
        "lat": 37.851565,
        "lon": -78.990396,
        "interval_miles": 1,
        "elevation_ft": 3132.1,
        "source_id": "usgs_3dep",
        "source_url": "https://epqs.nationalmap.gov/v1/json",
        "source": "USGS Elevation Point Query Service, interpolated from 3DEP dynamic elevation service",
        "source_license": "public_domain",
        "license_status": "public_domain",
        "attribution": "Data available from U.S. Geological Survey, 3D Elevation Program.",
        "confidence": "model_derived_topographic_estimate",
        "last_checked": "2026-05-14",
        "last_generated": "2026-05-14",
        "ai_answer_rule": "Describe as model-derived USGS 3DEP elevation sampled along Scout open route geometry; values may differ from guidebook profiles or surveyed summits."
      },
      "geometry": {
        "type": "Point",
        "coordinates": [
          -78.990396,
          37.851565
        ]
      }
    },
    {
      "type": "Feature",
      "properties": {
        "sample_id": "elev-va-1mi-364",
        "trail": "Appalachian Trail",
        "route_id": "at-mvp2-va-damascus-harpers-ferry-open-2026",
        "mile_nobo_global_est": 823,
        "mile_nobo_va": 364,
        "mile_sobo_va": 183,
        "lat": 37.856766,
        "lon": -78.984459,
        "interval_miles": 1,
        "elevation_ft": 3843.1,
        "source_id": "usgs_3dep",
        "source_url": "https://epqs.nationalmap.gov/v1/json",
        "source": "USGS Elevation Point Query Service, interpolated from 3DEP dynamic elevation service",
        "source_license": "public_domain",
        "license_status": "public_domain",
        "attribution": "Data available from U.S. Geological Survey, 3D Elevation Program.",
        "confidence": "model_derived_topographic_estimate",
        "last_checked": "2026-05-14",
        "last_generated": "2026-05-14",
        "ai_answer_rule": "Describe as model-derived USGS 3DEP elevation sampled along Scout open route geometry; values may differ from guidebook profiles or surveyed summits."
      },
      "geometry": {
        "type": "Point",
        "coordinates": [
          -78.984459,
          37.856766
        ]
      }
    },
    {
      "type": "Feature",
      "properties": {
        "sample_id": "elev-va-1mi-365",
        "trail": "Appalachian Trail",
        "route_id": "at-mvp2-va-damascus-harpers-ferry-open-2026",
        "mile_nobo_global_est": 824,
        "mile_nobo_va": 365,
        "mile_sobo_va": 182,
        "lat": 37.86399,
        "lon": -78.993501,
        "interval_miles": 1,
        "elevation_ft": 3446.2,
        "source_id": "usgs_3dep",
        "source_url": "https://epqs.nationalmap.gov/v1/json",
        "source": "USGS Elevation Point Query Service, interpolated from 3DEP dynamic elevation service",
        "source_license": "public_domain",
        "license_status": "public_domain",
        "attribution": "Data available from U.S. Geological Survey, 3D Elevation Program.",
        "confidence": "model_derived_topographic_estimate",
        "last_checked": "2026-05-14",
        "last_generated": "2026-05-14",
        "ai_answer_rule": "Describe as model-derived USGS 3DEP elevation sampled along Scout open route geometry; values may differ from guidebook profiles or surveyed summits."
      },
      "geometry": {
        "type": "Point",
        "coordinates": [
          -78.993501,
          37.86399
        ]
      }
    },
    {
      "type": "Feature",
      "properties": {
        "sample_id": "elev-va-1mi-366",
        "trail": "Appalachian Trail",
        "route_id": "at-mvp2-va-damascus-harpers-ferry-open-2026",
        "mile_nobo_global_est": 825,
        "mile_nobo_va": 366,
        "mile_sobo_va": 181,
        "lat": 37.873536,
        "lon": -78.992638,
        "interval_miles": 1,
        "elevation_ft": 2978.5,
        "source_id": "usgs_3dep",
        "source_url": "https://epqs.nationalmap.gov/v1/json",
        "source": "USGS Elevation Point Query Service, interpolated from 3DEP dynamic elevation service",
        "source_license": "public_domain",
        "license_status": "public_domain",
        "attribution": "Data available from U.S. Geological Survey, 3D Elevation Program.",
        "confidence": "model_derived_topographic_estimate",
        "last_checked": "2026-05-14",
        "last_generated": "2026-05-14",
        "ai_answer_rule": "Describe as model-derived USGS 3DEP elevation sampled along Scout open route geometry; values may differ from guidebook profiles or surveyed summits."
      },
      "geometry": {
        "type": "Point",
        "coordinates": [
          -78.992638,
          37.873536
        ]
      }
    },
    {
      "type": "Feature",
      "properties": {
        "sample_id": "elev-va-1mi-367",
        "trail": "Appalachian Trail",
        "route_id": "at-mvp2-va-damascus-harpers-ferry-open-2026",
        "mile_nobo_global_est": 826,
        "mile_nobo_va": 367,
        "mile_sobo_va": 180,
        "lat": 37.886293,
        "lon": -78.992974,
        "interval_miles": 1,
        "elevation_ft": 2781.8,
        "source_id": "usgs_3dep",
        "source_url": "https://epqs.nationalmap.gov/v1/json",
        "source": "USGS Elevation Point Query Service, interpolated from 3DEP dynamic elevation service",
        "source_license": "public_domain",
        "license_status": "public_domain",
        "attribution": "Data available from U.S. Geological Survey, 3D Elevation Program.",
        "confidence": "model_derived_topographic_estimate",
        "last_checked": "2026-05-14",
        "last_generated": "2026-05-14",
        "ai_answer_rule": "Describe as model-derived USGS 3DEP elevation sampled along Scout open route geometry; values may differ from guidebook profiles or surveyed summits."
      },
      "geometry": {
        "type": "Point",
        "coordinates": [
          -78.992974,
          37.886293
        ]
      }
    },
    {
      "type": "Feature",
      "properties": {
        "sample_id": "elev-va-1mi-368",
        "trail": "Appalachian Trail",
        "route_id": "at-mvp2-va-damascus-harpers-ferry-open-2026",
        "mile_nobo_global_est": 827,
        "mile_nobo_va": 368,
        "mile_sobo_va": 179,
        "lat": 37.895055,
        "lon": -78.989464,
        "interval_miles": 1,
        "elevation_ft": 2974.1,
        "source_id": "usgs_3dep",
        "source_url": "https://epqs.nationalmap.gov/v1/json",
        "source": "USGS Elevation Point Query Service, interpolated from 3DEP dynamic elevation service",
        "source_license": "public_domain",
        "license_status": "public_domain",
        "attribution": "Data available from U.S. Geological Survey, 3D Elevation Program.",
        "confidence": "model_derived_topographic_estimate",
        "last_checked": "2026-05-14",
        "last_generated": "2026-05-14",
        "ai_answer_rule": "Describe as model-derived USGS 3DEP elevation sampled along Scout open route geometry; values may differ from guidebook profiles or surveyed summits."
      },
      "geometry": {
        "type": "Point",
        "coordinates": [
          -78.989464,
          37.895055
        ]
      }
    },
    {
      "type": "Feature",
      "properties": {
        "sample_id": "elev-va-1mi-369",
        "trail": "Appalachian Trail",
        "route_id": "at-mvp2-va-damascus-harpers-ferry-open-2026",
        "mile_nobo_global_est": 828,
        "mile_nobo_va": 369,
        "mile_sobo_va": 178,
        "lat": 37.906499,
        "lon": -78.979938,
        "interval_miles": 1,
        "elevation_ft": 2689,
        "source_id": "usgs_3dep",
        "source_url": "https://epqs.nationalmap.gov/v1/json",
        "source": "USGS Elevation Point Query Service, interpolated from 3DEP dynamic elevation service",
        "source_license": "public_domain",
        "license_status": "public_domain",
        "attribution": "Data available from U.S. Geological Survey, 3D Elevation Program.",
        "confidence": "model_derived_topographic_estimate",
        "last_checked": "2026-05-14",
        "last_generated": "2026-05-14",
        "ai_answer_rule": "Describe as model-derived USGS 3DEP elevation sampled along Scout open route geometry; values may differ from guidebook profiles or surveyed summits."
      },
      "geometry": {
        "type": "Point",
        "coordinates": [
          -78.979938,
          37.906499
        ]
      }
    },
    {
      "type": "Feature",
      "properties": {
        "sample_id": "elev-va-1mi-370",
        "trail": "Appalachian Trail",
        "route_id": "at-mvp2-va-damascus-harpers-ferry-open-2026",
        "mile_nobo_global_est": 829,
        "mile_nobo_va": 370,
        "mile_sobo_va": 177,
        "lat": 37.917582,
        "lon": -78.971759,
        "interval_miles": 1,
        "elevation_ft": 2634.9,
        "source_id": "usgs_3dep",
        "source_url": "https://epqs.nationalmap.gov/v1/json",
        "source": "USGS Elevation Point Query Service, interpolated from 3DEP dynamic elevation service",
        "source_license": "public_domain",
        "license_status": "public_domain",
        "attribution": "Data available from U.S. Geological Survey, 3D Elevation Program.",
        "confidence": "model_derived_topographic_estimate",
        "last_checked": "2026-05-14",
        "last_generated": "2026-05-14",
        "ai_answer_rule": "Describe as model-derived USGS 3DEP elevation sampled along Scout open route geometry; values may differ from guidebook profiles or surveyed summits."
      },
      "geometry": {
        "type": "Point",
        "coordinates": [
          -78.971759,
          37.917582
        ]
      }
    },
    {
      "type": "Feature",
      "properties": {
        "sample_id": "elev-va-1mi-371",
        "trail": "Appalachian Trail",
        "route_id": "at-mvp2-va-damascus-harpers-ferry-open-2026",
        "mile_nobo_global_est": 830,
        "mile_nobo_va": 371,
        "mile_sobo_va": 176,
        "lat": 37.928668,
        "lon": -78.964096,
        "interval_miles": 1,
        "elevation_ft": 2691.3,
        "source_id": "usgs_3dep",
        "source_url": "https://epqs.nationalmap.gov/v1/json",
        "source": "USGS Elevation Point Query Service, interpolated from 3DEP dynamic elevation service",
        "source_license": "public_domain",
        "license_status": "public_domain",
        "attribution": "Data available from U.S. Geological Survey, 3D Elevation Program.",
        "confidence": "model_derived_topographic_estimate",
        "last_checked": "2026-05-14",
        "last_generated": "2026-05-14",
        "ai_answer_rule": "Describe as model-derived USGS 3DEP elevation sampled along Scout open route geometry; values may differ from guidebook profiles or surveyed summits."
      },
      "geometry": {
        "type": "Point",
        "coordinates": [
          -78.964096,
          37.928668
        ]
      }
    },
    {
      "type": "Feature",
      "properties": {
        "sample_id": "elev-va-1mi-372",
        "trail": "Appalachian Trail",
        "route_id": "at-mvp2-va-damascus-harpers-ferry-open-2026",
        "mile_nobo_global_est": 831,
        "mile_nobo_va": 372,
        "mile_sobo_va": 175,
        "lat": 37.938078,
        "lon": -78.951664,
        "interval_miles": 1,
        "elevation_ft": 2776.1,
        "source_id": "usgs_3dep",
        "source_url": "https://epqs.nationalmap.gov/v1/json",
        "source": "USGS Elevation Point Query Service, interpolated from 3DEP dynamic elevation service",
        "source_license": "public_domain",
        "license_status": "public_domain",
        "attribution": "Data available from U.S. Geological Survey, 3D Elevation Program.",
        "confidence": "model_derived_topographic_estimate",
        "last_checked": "2026-05-14",
        "last_generated": "2026-05-14",
        "ai_answer_rule": "Describe as model-derived USGS 3DEP elevation sampled along Scout open route geometry; values may differ from guidebook profiles or surveyed summits."
      },
      "geometry": {
        "type": "Point",
        "coordinates": [
          -78.951664,
          37.938078
        ]
      }
    },
    {
      "type": "Feature",
      "properties": {
        "sample_id": "elev-va-1mi-373",
        "trail": "Appalachian Trail",
        "route_id": "at-mvp2-va-damascus-harpers-ferry-open-2026",
        "mile_nobo_global_est": 832,
        "mile_nobo_va": 373,
        "mile_sobo_va": 174,
        "lat": 37.943678,
        "lon": -78.939222,
        "interval_miles": 1,
        "elevation_ft": 2868.3,
        "source_id": "usgs_3dep",
        "source_url": "https://epqs.nationalmap.gov/v1/json",
        "source": "USGS Elevation Point Query Service, interpolated from 3DEP dynamic elevation service",
        "source_license": "public_domain",
        "license_status": "public_domain",
        "attribution": "Data available from U.S. Geological Survey, 3D Elevation Program.",
        "confidence": "model_derived_topographic_estimate",
        "last_checked": "2026-05-14",
        "last_generated": "2026-05-14",
        "ai_answer_rule": "Describe as model-derived USGS 3DEP elevation sampled along Scout open route geometry; values may differ from guidebook profiles or surveyed summits."
      },
      "geometry": {
        "type": "Point",
        "coordinates": [
          -78.939222,
          37.943678
        ]
      }
    },
    {
      "type": "Feature",
      "properties": {
        "sample_id": "elev-va-1mi-374",
        "trail": "Appalachian Trail",
        "route_id": "at-mvp2-va-damascus-harpers-ferry-open-2026",
        "mile_nobo_global_est": 833,
        "mile_nobo_va": 374,
        "mile_sobo_va": 173,
        "lat": 37.939896,
        "lon": -78.92604,
        "interval_miles": 1,
        "elevation_ft": 3191.7,
        "source_id": "usgs_3dep",
        "source_url": "https://epqs.nationalmap.gov/v1/json",
        "source": "USGS Elevation Point Query Service, interpolated from 3DEP dynamic elevation service",
        "source_license": "public_domain",
        "license_status": "public_domain",
        "attribution": "Data available from U.S. Geological Survey, 3D Elevation Program.",
        "confidence": "model_derived_topographic_estimate",
        "last_checked": "2026-05-14",
        "last_generated": "2026-05-14",
        "ai_answer_rule": "Describe as model-derived USGS 3DEP elevation sampled along Scout open route geometry; values may differ from guidebook profiles or surveyed summits."
      },
      "geometry": {
        "type": "Point",
        "coordinates": [
          -78.92604,
          37.939896
        ]
      }
    },
    {
      "type": "Feature",
      "properties": {
        "sample_id": "elev-va-1mi-375",
        "trail": "Appalachian Trail",
        "route_id": "at-mvp2-va-damascus-harpers-ferry-open-2026",
        "mile_nobo_global_est": 834,
        "mile_nobo_va": 375,
        "mile_sobo_va": 172,
        "lat": 37.94623,
        "lon": -78.912139,
        "interval_miles": 1,
        "elevation_ft": 3398.6,
        "source_id": "usgs_3dep",
        "source_url": "https://epqs.nationalmap.gov/v1/json",
        "source": "USGS Elevation Point Query Service, interpolated from 3DEP dynamic elevation service",
        "source_license": "public_domain",
        "license_status": "public_domain",
        "attribution": "Data available from U.S. Geological Survey, 3D Elevation Program.",
        "confidence": "model_derived_topographic_estimate",
        "last_checked": "2026-05-14",
        "last_generated": "2026-05-14",
        "ai_answer_rule": "Describe as model-derived USGS 3DEP elevation sampled along Scout open route geometry; values may differ from guidebook profiles or surveyed summits."
      },
      "geometry": {
        "type": "Point",
        "coordinates": [
          -78.912139,
          37.94623
        ]
      }
    },
    {
      "type": "Feature",
      "properties": {
        "sample_id": "elev-va-1mi-376",
        "trail": "Appalachian Trail",
        "route_id": "at-mvp2-va-damascus-harpers-ferry-open-2026",
        "mile_nobo_global_est": 835,
        "mile_nobo_va": 376,
        "mile_sobo_va": 171,
        "lat": 37.948768,
        "lon": -78.899453,
        "interval_miles": 1,
        "elevation_ft": 3623.9,
        "source_id": "usgs_3dep",
        "source_url": "https://epqs.nationalmap.gov/v1/json",
        "source": "USGS Elevation Point Query Service, interpolated from 3DEP dynamic elevation service",
        "source_license": "public_domain",
        "license_status": "public_domain",
        "attribution": "Data available from U.S. Geological Survey, 3D Elevation Program.",
        "confidence": "model_derived_topographic_estimate",
        "last_checked": "2026-05-14",
        "last_generated": "2026-05-14",
        "ai_answer_rule": "Describe as model-derived USGS 3DEP elevation sampled along Scout open route geometry; values may differ from guidebook profiles or surveyed summits."
      },
      "geometry": {
        "type": "Point",
        "coordinates": [
          -78.899453,
          37.948768
        ]
      }
    },
    {
      "type": "Feature",
      "properties": {
        "sample_id": "elev-va-1mi-377",
        "trail": "Appalachian Trail",
        "route_id": "at-mvp2-va-damascus-harpers-ferry-open-2026",
        "mile_nobo_global_est": 836,
        "mile_nobo_va": 377,
        "mile_sobo_va": 170,
        "lat": 37.958541,
        "lon": -78.900859,
        "interval_miles": 1,
        "elevation_ft": 3239.5,
        "source_id": "usgs_3dep",
        "source_url": "https://epqs.nationalmap.gov/v1/json",
        "source": "USGS Elevation Point Query Service, interpolated from 3DEP dynamic elevation service",
        "source_license": "public_domain",
        "license_status": "public_domain",
        "attribution": "Data available from U.S. Geological Survey, 3D Elevation Program.",
        "confidence": "model_derived_topographic_estimate",
        "last_checked": "2026-05-14",
        "last_generated": "2026-05-14",
        "ai_answer_rule": "Describe as model-derived USGS 3DEP elevation sampled along Scout open route geometry; values may differ from guidebook profiles or surveyed summits."
      },
      "geometry": {
        "type": "Point",
        "coordinates": [
          -78.900859,
          37.958541
        ]
      }
    },
    {
      "type": "Feature",
      "properties": {
        "sample_id": "elev-va-1mi-378",
        "trail": "Appalachian Trail",
        "route_id": "at-mvp2-va-damascus-harpers-ferry-open-2026",
        "mile_nobo_global_est": 837,
        "mile_nobo_va": 378,
        "mile_sobo_va": 169,
        "lat": 37.959422,
        "lon": -78.894164,
        "interval_miles": 1,
        "elevation_ft": 2767.2,
        "source_id": "usgs_3dep",
        "source_url": "https://epqs.nationalmap.gov/v1/json",
        "source": "USGS Elevation Point Query Service, interpolated from 3DEP dynamic elevation service",
        "source_license": "public_domain",
        "license_status": "public_domain",
        "attribution": "Data available from U.S. Geological Survey, 3D Elevation Program.",
        "confidence": "model_derived_topographic_estimate",
        "last_checked": "2026-05-14",
        "last_generated": "2026-05-14",
        "ai_answer_rule": "Describe as model-derived USGS 3DEP elevation sampled along Scout open route geometry; values may differ from guidebook profiles or surveyed summits."
      },
      "geometry": {
        "type": "Point",
        "coordinates": [
          -78.894164,
          37.959422
        ]
      }
    },
    {
      "type": "Feature",
      "properties": {
        "sample_id": "elev-va-1mi-379",
        "trail": "Appalachian Trail",
        "route_id": "at-mvp2-va-damascus-harpers-ferry-open-2026",
        "mile_nobo_global_est": 838,
        "mile_nobo_va": 379,
        "mile_sobo_va": 168,
        "lat": 37.96242,
        "lon": -78.889021,
        "interval_miles": 1,
        "elevation_ft": 2311.9,
        "source_id": "usgs_3dep",
        "source_url": "https://epqs.nationalmap.gov/v1/json",
        "source": "USGS Elevation Point Query Service, interpolated from 3DEP dynamic elevation service",
        "source_license": "public_domain",
        "license_status": "public_domain",
        "attribution": "Data available from U.S. Geological Survey, 3D Elevation Program.",
        "confidence": "model_derived_topographic_estimate",
        "last_checked": "2026-05-14",
        "last_generated": "2026-05-14",
        "ai_answer_rule": "Describe as model-derived USGS 3DEP elevation sampled along Scout open route geometry; values may differ from guidebook profiles or surveyed summits."
      },
      "geometry": {
        "type": "Point",
        "coordinates": [
          -78.889021,
          37.96242
        ]
      }
    },
    {
      "type": "Feature",
      "properties": {
        "sample_id": "elev-va-1mi-380",
        "trail": "Appalachian Trail",
        "route_id": "at-mvp2-va-damascus-harpers-ferry-open-2026",
        "mile_nobo_global_est": 839,
        "mile_nobo_va": 380,
        "mile_sobo_va": 167,
        "lat": 37.9687,
        "lon": -78.89342,
        "interval_miles": 1,
        "elevation_ft": 2239.9,
        "source_id": "usgs_3dep",
        "source_url": "https://epqs.nationalmap.gov/v1/json",
        "source": "USGS Elevation Point Query Service, interpolated from 3DEP dynamic elevation service",
        "source_license": "public_domain",
        "license_status": "public_domain",
        "attribution": "Data available from U.S. Geological Survey, 3D Elevation Program.",
        "confidence": "model_derived_topographic_estimate",
        "last_checked": "2026-05-14",
        "last_generated": "2026-05-14",
        "ai_answer_rule": "Describe as model-derived USGS 3DEP elevation sampled along Scout open route geometry; values may differ from guidebook profiles or surveyed summits."
      },
      "geometry": {
        "type": "Point",
        "coordinates": [
          -78.89342,
          37.9687
        ]
      }
    },
    {
      "type": "Feature",
      "properties": {
        "sample_id": "elev-va-1mi-381",
        "trail": "Appalachian Trail",
        "route_id": "at-mvp2-va-damascus-harpers-ferry-open-2026",
        "mile_nobo_global_est": 840,
        "mile_nobo_va": 381,
        "mile_sobo_va": 166,
        "lat": 37.979298,
        "lon": -78.883985,
        "interval_miles": 1,
        "elevation_ft": 2210.4,
        "source_id": "usgs_3dep",
        "source_url": "https://epqs.nationalmap.gov/v1/json",
        "source": "USGS Elevation Point Query Service, interpolated from 3DEP dynamic elevation service",
        "source_license": "public_domain",
        "license_status": "public_domain",
        "attribution": "Data available from U.S. Geological Survey, 3D Elevation Program.",
        "confidence": "model_derived_topographic_estimate",
        "last_checked": "2026-05-14",
        "last_generated": "2026-05-14",
        "ai_answer_rule": "Describe as model-derived USGS 3DEP elevation sampled along Scout open route geometry; values may differ from guidebook profiles or surveyed summits."
      },
      "geometry": {
        "type": "Point",
        "coordinates": [
          -78.883985,
          37.979298
        ]
      }
    },
    {
      "type": "Feature",
      "properties": {
        "sample_id": "elev-va-1mi-382",
        "trail": "Appalachian Trail",
        "route_id": "at-mvp2-va-damascus-harpers-ferry-open-2026",
        "mile_nobo_global_est": 841,
        "mile_nobo_va": 382,
        "mile_sobo_va": 165,
        "lat": 37.983497,
        "lon": -78.883193,
        "interval_miles": 1,
        "elevation_ft": 1736.3,
        "source_id": "usgs_3dep",
        "source_url": "https://epqs.nationalmap.gov/v1/json",
        "source": "USGS Elevation Point Query Service, interpolated from 3DEP dynamic elevation service",
        "source_license": "public_domain",
        "license_status": "public_domain",
        "attribution": "Data available from U.S. Geological Survey, 3D Elevation Program.",
        "confidence": "model_derived_topographic_estimate",
        "last_checked": "2026-05-14",
        "last_generated": "2026-05-14",
        "ai_answer_rule": "Describe as model-derived USGS 3DEP elevation sampled along Scout open route geometry; values may differ from guidebook profiles or surveyed summits."
      },
      "geometry": {
        "type": "Point",
        "coordinates": [
          -78.883193,
          37.983497
        ]
      }
    },
    {
      "type": "Feature",
      "properties": {
        "sample_id": "elev-va-1mi-383",
        "trail": "Appalachian Trail",
        "route_id": "at-mvp2-va-damascus-harpers-ferry-open-2026",
        "mile_nobo_global_est": 842,
        "mile_nobo_va": 383,
        "mile_sobo_va": 164,
        "lat": 37.986854,
        "lon": -78.880171,
        "interval_miles": 1,
        "elevation_ft": 1839.4,
        "source_id": "usgs_3dep",
        "source_url": "https://epqs.nationalmap.gov/v1/json",
        "source": "USGS Elevation Point Query Service, interpolated from 3DEP dynamic elevation service",
        "source_license": "public_domain",
        "license_status": "public_domain",
        "attribution": "Data available from U.S. Geological Survey, 3D Elevation Program.",
        "confidence": "model_derived_topographic_estimate",
        "last_checked": "2026-05-14",
        "last_generated": "2026-05-14",
        "ai_answer_rule": "Describe as model-derived USGS 3DEP elevation sampled along Scout open route geometry; values may differ from guidebook profiles or surveyed summits."
      },
      "geometry": {
        "type": "Point",
        "coordinates": [
          -78.880171,
          37.986854
        ]
      }
    },
    {
      "type": "Feature",
      "properties": {
        "sample_id": "elev-va-1mi-384",
        "trail": "Appalachian Trail",
        "route_id": "at-mvp2-va-damascus-harpers-ferry-open-2026",
        "mile_nobo_global_est": 843,
        "mile_nobo_va": 384,
        "mile_sobo_va": 163,
        "lat": 37.99835,
        "lon": -78.880011,
        "interval_miles": 1,
        "elevation_ft": 2029.6,
        "source_id": "usgs_3dep",
        "source_url": "https://epqs.nationalmap.gov/v1/json",
        "source": "USGS Elevation Point Query Service, interpolated from 3DEP dynamic elevation service",
        "source_license": "public_domain",
        "license_status": "public_domain",
        "attribution": "Data available from U.S. Geological Survey, 3D Elevation Program.",
        "confidence": "model_derived_topographic_estimate",
        "last_checked": "2026-05-14",
        "last_generated": "2026-05-14",
        "ai_answer_rule": "Describe as model-derived USGS 3DEP elevation sampled along Scout open route geometry; values may differ from guidebook profiles or surveyed summits."
      },
      "geometry": {
        "type": "Point",
        "coordinates": [
          -78.880011,
          37.99835
        ]
      }
    },
    {
      "type": "Feature",
      "properties": {
        "sample_id": "elev-va-1mi-385",
        "trail": "Appalachian Trail",
        "route_id": "at-mvp2-va-damascus-harpers-ferry-open-2026",
        "mile_nobo_global_est": 844,
        "mile_nobo_va": 385,
        "mile_sobo_va": 162,
        "lat": 38.010286,
        "lon": -78.874044,
        "interval_miles": 1,
        "elevation_ft": 1967.8,
        "source_id": "usgs_3dep",
        "source_url": "https://epqs.nationalmap.gov/v1/json",
        "source": "USGS Elevation Point Query Service, interpolated from 3DEP dynamic elevation service",
        "source_license": "public_domain",
        "license_status": "public_domain",
        "attribution": "Data available from U.S. Geological Survey, 3D Elevation Program.",
        "confidence": "model_derived_topographic_estimate",
        "last_checked": "2026-05-14",
        "last_generated": "2026-05-14",
        "ai_answer_rule": "Describe as model-derived USGS 3DEP elevation sampled along Scout open route geometry; values may differ from guidebook profiles or surveyed summits."
      },
      "geometry": {
        "type": "Point",
        "coordinates": [
          -78.874044,
          38.010286
        ]
      }
    },
    {
      "type": "Feature",
      "properties": {
        "sample_id": "elev-va-1mi-386",
        "trail": "Appalachian Trail",
        "route_id": "at-mvp2-va-damascus-harpers-ferry-open-2026",
        "mile_nobo_global_est": 845,
        "mile_nobo_va": 386,
        "mile_sobo_va": 161,
        "lat": 38.019586,
        "lon": -78.866475,
        "interval_miles": 1,
        "elevation_ft": 1806.9,
        "source_id": "usgs_3dep",
        "source_url": "https://epqs.nationalmap.gov/v1/json",
        "source": "USGS Elevation Point Query Service, interpolated from 3DEP dynamic elevation service",
        "source_license": "public_domain",
        "license_status": "public_domain",
        "attribution": "Data available from U.S. Geological Survey, 3D Elevation Program.",
        "confidence": "model_derived_topographic_estimate",
        "last_checked": "2026-05-14",
        "last_generated": "2026-05-14",
        "ai_answer_rule": "Describe as model-derived USGS 3DEP elevation sampled along Scout open route geometry; values may differ from guidebook profiles or surveyed summits."
      },
      "geometry": {
        "type": "Point",
        "coordinates": [
          -78.866475,
          38.019586
        ]
      }
    },
    {
      "type": "Feature",
      "properties": {
        "sample_id": "elev-va-1mi-387",
        "trail": "Appalachian Trail",
        "route_id": "at-mvp2-va-damascus-harpers-ferry-open-2026",
        "mile_nobo_global_est": 846,
        "mile_nobo_va": 387,
        "mile_sobo_va": 160,
        "lat": 38.029255,
        "lon": -78.856544,
        "interval_miles": 1,
        "elevation_ft": 1823.8,
        "source_id": "usgs_3dep",
        "source_url": "https://epqs.nationalmap.gov/v1/json",
        "source": "USGS Elevation Point Query Service, interpolated from 3DEP dynamic elevation service",
        "source_license": "public_domain",
        "license_status": "public_domain",
        "attribution": "Data available from U.S. Geological Survey, 3D Elevation Program.",
        "confidence": "model_derived_topographic_estimate",
        "last_checked": "2026-05-14",
        "last_generated": "2026-05-14",
        "ai_answer_rule": "Describe as model-derived USGS 3DEP elevation sampled along Scout open route geometry; values may differ from guidebook profiles or surveyed summits."
      },
      "geometry": {
        "type": "Point",
        "coordinates": [
          -78.856544,
          38.029255
        ]
      }
    },
    {
      "type": "Feature",
      "properties": {
        "sample_id": "elev-va-1mi-388",
        "trail": "Appalachian Trail",
        "route_id": "at-mvp2-va-damascus-harpers-ferry-open-2026",
        "mile_nobo_global_est": 847,
        "mile_nobo_va": 388,
        "mile_sobo_va": 159,
        "lat": 38.039677,
        "lon": -78.850629,
        "interval_miles": 1,
        "elevation_ft": 2217.8,
        "source_id": "usgs_3dep",
        "source_url": "https://epqs.nationalmap.gov/v1/json",
        "source": "USGS Elevation Point Query Service, interpolated from 3DEP dynamic elevation service",
        "source_license": "public_domain",
        "license_status": "public_domain",
        "attribution": "Data available from U.S. Geological Survey, 3D Elevation Program.",
        "confidence": "model_derived_topographic_estimate",
        "last_checked": "2026-05-14",
        "last_generated": "2026-05-14",
        "ai_answer_rule": "Describe as model-derived USGS 3DEP elevation sampled along Scout open route geometry; values may differ from guidebook profiles or surveyed summits."
      },
      "geometry": {
        "type": "Point",
        "coordinates": [
          -78.850629,
          38.039677
        ]
      }
    },
    {
      "type": "Feature",
      "properties": {
        "sample_id": "elev-va-1mi-389",
        "trail": "Appalachian Trail",
        "route_id": "at-mvp2-va-damascus-harpers-ferry-open-2026",
        "mile_nobo_global_est": 848,
        "mile_nobo_va": 389,
        "mile_sobo_va": 158,
        "lat": 38.049764,
        "lon": -78.839996,
        "interval_miles": 1,
        "elevation_ft": 2445.8,
        "source_id": "usgs_3dep",
        "source_url": "https://epqs.nationalmap.gov/v1/json",
        "source": "USGS Elevation Point Query Service, interpolated from 3DEP dynamic elevation service",
        "source_license": "public_domain",
        "license_status": "public_domain",
        "attribution": "Data available from U.S. Geological Survey, 3D Elevation Program.",
        "confidence": "model_derived_topographic_estimate",
        "last_checked": "2026-05-14",
        "last_generated": "2026-05-14",
        "ai_answer_rule": "Describe as model-derived USGS 3DEP elevation sampled along Scout open route geometry; values may differ from guidebook profiles or surveyed summits."
      },
      "geometry": {
        "type": "Point",
        "coordinates": [
          -78.839996,
          38.049764
        ]
      }
    },
    {
      "type": "Feature",
      "properties": {
        "sample_id": "elev-va-1mi-390",
        "trail": "Appalachian Trail",
        "route_id": "at-mvp2-va-damascus-harpers-ferry-open-2026",
        "mile_nobo_global_est": 849,
        "mile_nobo_va": 390,
        "mile_sobo_va": 157,
        "lat": 38.056909,
        "lon": -78.826342,
        "interval_miles": 1,
        "elevation_ft": 2586,
        "source_id": "usgs_3dep",
        "source_url": "https://epqs.nationalmap.gov/v1/json",
        "source": "USGS Elevation Point Query Service, interpolated from 3DEP dynamic elevation service",
        "source_license": "public_domain",
        "license_status": "public_domain",
        "attribution": "Data available from U.S. Geological Survey, 3D Elevation Program.",
        "confidence": "model_derived_topographic_estimate",
        "last_checked": "2026-05-14",
        "last_generated": "2026-05-14",
        "ai_answer_rule": "Describe as model-derived USGS 3DEP elevation sampled along Scout open route geometry; values may differ from guidebook profiles or surveyed summits."
      },
      "geometry": {
        "type": "Point",
        "coordinates": [
          -78.826342,
          38.056909
        ]
      }
    },
    {
      "type": "Feature",
      "properties": {
        "sample_id": "elev-va-1mi-391",
        "trail": "Appalachian Trail",
        "route_id": "at-mvp2-va-damascus-harpers-ferry-open-2026",
        "mile_nobo_global_est": 850,
        "mile_nobo_va": 391,
        "mile_sobo_va": 156,
        "lat": 38.061185,
        "lon": -78.811967,
        "interval_miles": 1,
        "elevation_ft": 2711.8,
        "source_id": "usgs_3dep",
        "source_url": "https://epqs.nationalmap.gov/v1/json",
        "source": "USGS Elevation Point Query Service, interpolated from 3DEP dynamic elevation service",
        "source_license": "public_domain",
        "license_status": "public_domain",
        "attribution": "Data available from U.S. Geological Survey, 3D Elevation Program.",
        "confidence": "model_derived_topographic_estimate",
        "last_checked": "2026-05-14",
        "last_generated": "2026-05-14",
        "ai_answer_rule": "Describe as model-derived USGS 3DEP elevation sampled along Scout open route geometry; values may differ from guidebook profiles or surveyed summits."
      },
      "geometry": {
        "type": "Point",
        "coordinates": [
          -78.811967,
          38.061185
        ]
      }
    },
    {
      "type": "Feature",
      "properties": {
        "sample_id": "elev-va-1mi-392",
        "trail": "Appalachian Trail",
        "route_id": "at-mvp2-va-damascus-harpers-ferry-open-2026",
        "mile_nobo_global_est": 851,
        "mile_nobo_va": 392,
        "mile_sobo_va": 155,
        "lat": 38.067804,
        "lon": -78.796661,
        "interval_miles": 1,
        "elevation_ft": 2821.5,
        "source_id": "usgs_3dep",
        "source_url": "https://epqs.nationalmap.gov/v1/json",
        "source": "USGS Elevation Point Query Service, interpolated from 3DEP dynamic elevation service",
        "source_license": "public_domain",
        "license_status": "public_domain",
        "attribution": "Data available from U.S. Geological Survey, 3D Elevation Program.",
        "confidence": "model_derived_topographic_estimate",
        "last_checked": "2026-05-14",
        "last_generated": "2026-05-14",
        "ai_answer_rule": "Describe as model-derived USGS 3DEP elevation sampled along Scout open route geometry; values may differ from guidebook profiles or surveyed summits."
      },
      "geometry": {
        "type": "Point",
        "coordinates": [
          -78.796661,
          38.067804
        ]
      }
    },
    {
      "type": "Feature",
      "properties": {
        "sample_id": "elev-va-1mi-393",
        "trail": "Appalachian Trail",
        "route_id": "at-mvp2-va-damascus-harpers-ferry-open-2026",
        "mile_nobo_global_est": 852,
        "mile_nobo_va": 393,
        "mile_sobo_va": 154,
        "lat": 38.077939,
        "lon": -78.796579,
        "interval_miles": 1,
        "elevation_ft": 2777.7,
        "source_id": "usgs_3dep",
        "source_url": "https://epqs.nationalmap.gov/v1/json",
        "source": "USGS Elevation Point Query Service, interpolated from 3DEP dynamic elevation service",
        "source_license": "public_domain",
        "license_status": "public_domain",
        "attribution": "Data available from U.S. Geological Survey, 3D Elevation Program.",
        "confidence": "model_derived_topographic_estimate",
        "last_checked": "2026-05-14",
        "last_generated": "2026-05-14",
        "ai_answer_rule": "Describe as model-derived USGS 3DEP elevation sampled along Scout open route geometry; values may differ from guidebook profiles or surveyed summits."
      },
      "geometry": {
        "type": "Point",
        "coordinates": [
          -78.796579,
          38.077939
        ]
      }
    },
    {
      "type": "Feature",
      "properties": {
        "sample_id": "elev-va-1mi-394",
        "trail": "Appalachian Trail",
        "route_id": "at-mvp2-va-damascus-harpers-ferry-open-2026",
        "mile_nobo_global_est": 853,
        "mile_nobo_va": 394,
        "mile_sobo_va": 153,
        "lat": 38.081284,
        "lon": -78.783504,
        "interval_miles": 1,
        "elevation_ft": 2984.8,
        "source_id": "usgs_3dep",
        "source_url": "https://epqs.nationalmap.gov/v1/json",
        "source": "USGS Elevation Point Query Service, interpolated from 3DEP dynamic elevation service",
        "source_license": "public_domain",
        "license_status": "public_domain",
        "attribution": "Data available from U.S. Geological Survey, 3D Elevation Program.",
        "confidence": "model_derived_topographic_estimate",
        "last_checked": "2026-05-14",
        "last_generated": "2026-05-14",
        "ai_answer_rule": "Describe as model-derived USGS 3DEP elevation sampled along Scout open route geometry; values may differ from guidebook profiles or surveyed summits."
      },
      "geometry": {
        "type": "Point",
        "coordinates": [
          -78.783504,
          38.081284
        ]
      }
    },
    {
      "type": "Feature",
      "properties": {
        "sample_id": "elev-va-1mi-395",
        "trail": "Appalachian Trail",
        "route_id": "at-mvp2-va-damascus-harpers-ferry-open-2026",
        "mile_nobo_global_est": 854,
        "mile_nobo_va": 395,
        "mile_sobo_va": 152,
        "lat": 38.089641,
        "lon": -78.783254,
        "interval_miles": 1,
        "elevation_ft": 2350.9,
        "source_id": "usgs_3dep",
        "source_url": "https://epqs.nationalmap.gov/v1/json",
        "source": "USGS Elevation Point Query Service, interpolated from 3DEP dynamic elevation service",
        "source_license": "public_domain",
        "license_status": "public_domain",
        "attribution": "Data available from U.S. Geological Survey, 3D Elevation Program.",
        "confidence": "model_derived_topographic_estimate",
        "last_checked": "2026-05-14",
        "last_generated": "2026-05-14",
        "ai_answer_rule": "Describe as model-derived USGS 3DEP elevation sampled along Scout open route geometry; values may differ from guidebook profiles or surveyed summits."
      },
      "geometry": {
        "type": "Point",
        "coordinates": [
          -78.783254,
          38.089641
        ]
      }
    },
    {
      "type": "Feature",
      "properties": {
        "sample_id": "elev-va-1mi-396",
        "trail": "Appalachian Trail",
        "route_id": "at-mvp2-va-damascus-harpers-ferry-open-2026",
        "mile_nobo_global_est": 855,
        "mile_nobo_va": 396,
        "mile_sobo_va": 151,
        "lat": 38.100301,
        "lon": -78.779688,
        "interval_miles": 1,
        "elevation_ft": 1988.8,
        "source_id": "usgs_3dep",
        "source_url": "https://epqs.nationalmap.gov/v1/json",
        "source": "USGS Elevation Point Query Service, interpolated from 3DEP dynamic elevation service",
        "source_license": "public_domain",
        "license_status": "public_domain",
        "attribution": "Data available from U.S. Geological Survey, 3D Elevation Program.",
        "confidence": "model_derived_topographic_estimate",
        "last_checked": "2026-05-14",
        "last_generated": "2026-05-14",
        "ai_answer_rule": "Describe as model-derived USGS 3DEP elevation sampled along Scout open route geometry; values may differ from guidebook profiles or surveyed summits."
      },
      "geometry": {
        "type": "Point",
        "coordinates": [
          -78.779688,
          38.100301
        ]
      }
    },
    {
      "type": "Feature",
      "properties": {
        "sample_id": "elev-va-1mi-397",
        "trail": "Appalachian Trail",
        "route_id": "at-mvp2-va-damascus-harpers-ferry-open-2026",
        "mile_nobo_global_est": 856,
        "mile_nobo_va": 397,
        "mile_sobo_va": 150,
        "lat": 38.109922,
        "lon": -78.779748,
        "interval_miles": 1,
        "elevation_ft": 2399.5,
        "source_id": "usgs_3dep",
        "source_url": "https://epqs.nationalmap.gov/v1/json",
        "source": "USGS Elevation Point Query Service, interpolated from 3DEP dynamic elevation service",
        "source_license": "public_domain",
        "license_status": "public_domain",
        "attribution": "Data available from U.S. Geological Survey, 3D Elevation Program.",
        "confidence": "model_derived_topographic_estimate",
        "last_checked": "2026-05-14",
        "last_generated": "2026-05-14",
        "ai_answer_rule": "Describe as model-derived USGS 3DEP elevation sampled along Scout open route geometry; values may differ from guidebook profiles or surveyed summits."
      },
      "geometry": {
        "type": "Point",
        "coordinates": [
          -78.779748,
          38.109922
        ]
      }
    },
    {
      "type": "Feature",
      "properties": {
        "sample_id": "elev-va-1mi-398",
        "trail": "Appalachian Trail",
        "route_id": "at-mvp2-va-damascus-harpers-ferry-open-2026",
        "mile_nobo_global_est": 857,
        "mile_nobo_va": 398,
        "mile_sobo_va": 149,
        "lat": 38.117788,
        "lon": -78.787523,
        "interval_miles": 1,
        "elevation_ft": 2455.6,
        "source_id": "usgs_3dep",
        "source_url": "https://epqs.nationalmap.gov/v1/json",
        "source": "USGS Elevation Point Query Service, interpolated from 3DEP dynamic elevation service",
        "source_license": "public_domain",
        "license_status": "public_domain",
        "attribution": "Data available from U.S. Geological Survey, 3D Elevation Program.",
        "confidence": "model_derived_topographic_estimate",
        "last_checked": "2026-05-14",
        "last_generated": "2026-05-14",
        "ai_answer_rule": "Describe as model-derived USGS 3DEP elevation sampled along Scout open route geometry; values may differ from guidebook profiles or surveyed summits."
      },
      "geometry": {
        "type": "Point",
        "coordinates": [
          -78.787523,
          38.117788
        ]
      }
    },
    {
      "type": "Feature",
      "properties": {
        "sample_id": "elev-va-1mi-399",
        "trail": "Appalachian Trail",
        "route_id": "at-mvp2-va-damascus-harpers-ferry-open-2026",
        "mile_nobo_global_est": 858,
        "mile_nobo_va": 399,
        "mile_sobo_va": 148,
        "lat": 38.129096,
        "lon": -78.785442,
        "interval_miles": 1,
        "elevation_ft": 2591.6,
        "source_id": "usgs_3dep",
        "source_url": "https://epqs.nationalmap.gov/v1/json",
        "source": "USGS Elevation Point Query Service, interpolated from 3DEP dynamic elevation service",
        "source_license": "public_domain",
        "license_status": "public_domain",
        "attribution": "Data available from U.S. Geological Survey, 3D Elevation Program.",
        "confidence": "model_derived_topographic_estimate",
        "last_checked": "2026-05-14",
        "last_generated": "2026-05-14",
        "ai_answer_rule": "Describe as model-derived USGS 3DEP elevation sampled along Scout open route geometry; values may differ from guidebook profiles or surveyed summits."
      },
      "geometry": {
        "type": "Point",
        "coordinates": [
          -78.785442,
          38.129096
        ]
      }
    },
    {
      "type": "Feature",
      "properties": {
        "sample_id": "elev-va-1mi-400",
        "trail": "Appalachian Trail",
        "route_id": "at-mvp2-va-damascus-harpers-ferry-open-2026",
        "mile_nobo_global_est": 859,
        "mile_nobo_va": 400,
        "mile_sobo_va": 147,
        "lat": 38.137657,
        "lon": -78.779558,
        "interval_miles": 1,
        "elevation_ft": 2970.9,
        "source_id": "usgs_3dep",
        "source_url": "https://epqs.nationalmap.gov/v1/json",
        "source": "USGS Elevation Point Query Service, interpolated from 3DEP dynamic elevation service",
        "source_license": "public_domain",
        "license_status": "public_domain",
        "attribution": "Data available from U.S. Geological Survey, 3D Elevation Program.",
        "confidence": "model_derived_topographic_estimate",
        "last_checked": "2026-05-14",
        "last_generated": "2026-05-14",
        "ai_answer_rule": "Describe as model-derived USGS 3DEP elevation sampled along Scout open route geometry; values may differ from guidebook profiles or surveyed summits."
      },
      "geometry": {
        "type": "Point",
        "coordinates": [
          -78.779558,
          38.137657
        ]
      }
    },
    {
      "type": "Feature",
      "properties": {
        "sample_id": "elev-va-1mi-401",
        "trail": "Appalachian Trail",
        "route_id": "at-mvp2-va-damascus-harpers-ferry-open-2026",
        "mile_nobo_global_est": 860,
        "mile_nobo_va": 401,
        "mile_sobo_va": 146,
        "lat": 38.149169,
        "lon": -78.77499,
        "interval_miles": 1,
        "elevation_ft": 2987.9,
        "source_id": "usgs_3dep",
        "source_url": "https://epqs.nationalmap.gov/v1/json",
        "source": "USGS Elevation Point Query Service, interpolated from 3DEP dynamic elevation service",
        "source_license": "public_domain",
        "license_status": "public_domain",
        "attribution": "Data available from U.S. Geological Survey, 3D Elevation Program.",
        "confidence": "model_derived_topographic_estimate",
        "last_checked": "2026-05-14",
        "last_generated": "2026-05-14",
        "ai_answer_rule": "Describe as model-derived USGS 3DEP elevation sampled along Scout open route geometry; values may differ from guidebook profiles or surveyed summits."
      },
      "geometry": {
        "type": "Point",
        "coordinates": [
          -78.77499,
          38.149169
        ]
      }
    },
    {
      "type": "Feature",
      "properties": {
        "sample_id": "elev-va-1mi-402",
        "trail": "Appalachian Trail",
        "route_id": "at-mvp2-va-damascus-harpers-ferry-open-2026",
        "mile_nobo_global_est": 861,
        "mile_nobo_va": 402,
        "mile_sobo_va": 145,
        "lat": 38.161641,
        "lon": -78.774416,
        "interval_miles": 1,
        "elevation_ft": 2836.9,
        "source_id": "usgs_3dep",
        "source_url": "https://epqs.nationalmap.gov/v1/json",
        "source": "USGS Elevation Point Query Service, interpolated from 3DEP dynamic elevation service",
        "source_license": "public_domain",
        "license_status": "public_domain",
        "attribution": "Data available from U.S. Geological Survey, 3D Elevation Program.",
        "confidence": "model_derived_topographic_estimate",
        "last_checked": "2026-05-14",
        "last_generated": "2026-05-14",
        "ai_answer_rule": "Describe as model-derived USGS 3DEP elevation sampled along Scout open route geometry; values may differ from guidebook profiles or surveyed summits."
      },
      "geometry": {
        "type": "Point",
        "coordinates": [
          -78.774416,
          38.161641
        ]
      }
    },
    {
      "type": "Feature",
      "properties": {
        "sample_id": "elev-va-1mi-403",
        "trail": "Appalachian Trail",
        "route_id": "at-mvp2-va-damascus-harpers-ferry-open-2026",
        "mile_nobo_global_est": 862,
        "mile_nobo_va": 403,
        "mile_sobo_va": 144,
        "lat": 38.170602,
        "lon": -78.769032,
        "interval_miles": 1,
        "elevation_ft": 2763.2,
        "source_id": "usgs_3dep",
        "source_url": "https://epqs.nationalmap.gov/v1/json",
        "source": "USGS Elevation Point Query Service, interpolated from 3DEP dynamic elevation service",
        "source_license": "public_domain",
        "license_status": "public_domain",
        "attribution": "Data available from U.S. Geological Survey, 3D Elevation Program.",
        "confidence": "model_derived_topographic_estimate",
        "last_checked": "2026-05-14",
        "last_generated": "2026-05-14",
        "ai_answer_rule": "Describe as model-derived USGS 3DEP elevation sampled along Scout open route geometry; values may differ from guidebook profiles or surveyed summits."
      },
      "geometry": {
        "type": "Point",
        "coordinates": [
          -78.769032,
          38.170602
        ]
      }
    },
    {
      "type": "Feature",
      "properties": {
        "sample_id": "elev-va-1mi-404",
        "trail": "Appalachian Trail",
        "route_id": "at-mvp2-va-damascus-harpers-ferry-open-2026",
        "mile_nobo_global_est": 863,
        "mile_nobo_va": 404,
        "mile_sobo_va": 143,
        "lat": 38.177845,
        "lon": -78.764718,
        "interval_miles": 1,
        "elevation_ft": 2752.8,
        "source_id": "usgs_3dep",
        "source_url": "https://epqs.nationalmap.gov/v1/json",
        "source": "USGS Elevation Point Query Service, interpolated from 3DEP dynamic elevation service",
        "source_license": "public_domain",
        "license_status": "public_domain",
        "attribution": "Data available from U.S. Geological Survey, 3D Elevation Program.",
        "confidence": "model_derived_topographic_estimate",
        "last_checked": "2026-05-14",
        "last_generated": "2026-05-14",
        "ai_answer_rule": "Describe as model-derived USGS 3DEP elevation sampled along Scout open route geometry; values may differ from guidebook profiles or surveyed summits."
      },
      "geometry": {
        "type": "Point",
        "coordinates": [
          -78.764718,
          38.177845
        ]
      }
    },
    {
      "type": "Feature",
      "properties": {
        "sample_id": "elev-va-1mi-405",
        "trail": "Appalachian Trail",
        "route_id": "at-mvp2-va-damascus-harpers-ferry-open-2026",
        "mile_nobo_global_est": 864,
        "mile_nobo_va": 405,
        "mile_sobo_va": 142,
        "lat": 38.188597,
        "lon": -78.756974,
        "interval_miles": 1,
        "elevation_ft": 2651.2,
        "source_id": "usgs_3dep",
        "source_url": "https://epqs.nationalmap.gov/v1/json",
        "source": "USGS Elevation Point Query Service, interpolated from 3DEP dynamic elevation service",
        "source_license": "public_domain",
        "license_status": "public_domain",
        "attribution": "Data available from U.S. Geological Survey, 3D Elevation Program.",
        "confidence": "model_derived_topographic_estimate",
        "last_checked": "2026-05-14",
        "last_generated": "2026-05-14",
        "ai_answer_rule": "Describe as model-derived USGS 3DEP elevation sampled along Scout open route geometry; values may differ from guidebook profiles or surveyed summits."
      },
      "geometry": {
        "type": "Point",
        "coordinates": [
          -78.756974,
          38.188597
        ]
      }
    },
    {
      "type": "Feature",
      "properties": {
        "sample_id": "elev-va-1mi-406",
        "trail": "Appalachian Trail",
        "route_id": "at-mvp2-va-damascus-harpers-ferry-open-2026",
        "mile_nobo_global_est": 865,
        "mile_nobo_va": 406,
        "mile_sobo_va": 141,
        "lat": 38.197849,
        "lon": -78.751977,
        "interval_miles": 1,
        "elevation_ft": 2642.1,
        "source_id": "usgs_3dep",
        "source_url": "https://epqs.nationalmap.gov/v1/json",
        "source": "USGS Elevation Point Query Service, interpolated from 3DEP dynamic elevation service",
        "source_license": "public_domain",
        "license_status": "public_domain",
        "attribution": "Data available from U.S. Geological Survey, 3D Elevation Program.",
        "confidence": "model_derived_topographic_estimate",
        "last_checked": "2026-05-14",
        "last_generated": "2026-05-14",
        "ai_answer_rule": "Describe as model-derived USGS 3DEP elevation sampled along Scout open route geometry; values may differ from guidebook profiles or surveyed summits."
      },
      "geometry": {
        "type": "Point",
        "coordinates": [
          -78.751977,
          38.197849
        ]
      }
    },
    {
      "type": "Feature",
      "properties": {
        "sample_id": "elev-va-1mi-407",
        "trail": "Appalachian Trail",
        "route_id": "at-mvp2-va-damascus-harpers-ferry-open-2026",
        "mile_nobo_global_est": 866,
        "mile_nobo_va": 407,
        "mile_sobo_va": 140,
        "lat": 38.208608,
        "lon": -78.74838,
        "interval_miles": 1,
        "elevation_ft": 2401.5,
        "source_id": "usgs_3dep",
        "source_url": "https://epqs.nationalmap.gov/v1/json",
        "source": "USGS Elevation Point Query Service, interpolated from 3DEP dynamic elevation service",
        "source_license": "public_domain",
        "license_status": "public_domain",
        "attribution": "Data available from U.S. Geological Survey, 3D Elevation Program.",
        "confidence": "model_derived_topographic_estimate",
        "last_checked": "2026-05-14",
        "last_generated": "2026-05-14",
        "ai_answer_rule": "Describe as model-derived USGS 3DEP elevation sampled along Scout open route geometry; values may differ from guidebook profiles or surveyed summits."
      },
      "geometry": {
        "type": "Point",
        "coordinates": [
          -78.74838,
          38.208608
        ]
      }
    },
    {
      "type": "Feature",
      "properties": {
        "sample_id": "elev-va-1mi-408",
        "trail": "Appalachian Trail",
        "route_id": "at-mvp2-va-damascus-harpers-ferry-open-2026",
        "mile_nobo_global_est": 867,
        "mile_nobo_va": 408,
        "mile_sobo_va": 139,
        "lat": 38.219241,
        "lon": -78.739365,
        "interval_miles": 1,
        "elevation_ft": 3077.2,
        "source_id": "usgs_3dep",
        "source_url": "https://epqs.nationalmap.gov/v1/json",
        "source": "USGS Elevation Point Query Service, interpolated from 3DEP dynamic elevation service",
        "source_license": "public_domain",
        "license_status": "public_domain",
        "attribution": "Data available from U.S. Geological Survey, 3D Elevation Program.",
        "confidence": "model_derived_topographic_estimate",
        "last_checked": "2026-05-14",
        "last_generated": "2026-05-14",
        "ai_answer_rule": "Describe as model-derived USGS 3DEP elevation sampled along Scout open route geometry; values may differ from guidebook profiles or surveyed summits."
      },
      "geometry": {
        "type": "Point",
        "coordinates": [
          -78.739365,
          38.219241
        ]
      }
    },
    {
      "type": "Feature",
      "properties": {
        "sample_id": "elev-va-1mi-409",
        "trail": "Appalachian Trail",
        "route_id": "at-mvp2-va-damascus-harpers-ferry-open-2026",
        "mile_nobo_global_est": 868,
        "mile_nobo_va": 409,
        "mile_sobo_va": 138,
        "lat": 38.227455,
        "lon": -78.730211,
        "interval_miles": 1,
        "elevation_ft": 2868.8,
        "source_id": "usgs_3dep",
        "source_url": "https://epqs.nationalmap.gov/v1/json",
        "source": "USGS Elevation Point Query Service, interpolated from 3DEP dynamic elevation service",
        "source_license": "public_domain",
        "license_status": "public_domain",
        "attribution": "Data available from U.S. Geological Survey, 3D Elevation Program.",
        "confidence": "model_derived_topographic_estimate",
        "last_checked": "2026-05-14",
        "last_generated": "2026-05-14",
        "ai_answer_rule": "Describe as model-derived USGS 3DEP elevation sampled along Scout open route geometry; values may differ from guidebook profiles or surveyed summits."
      },
      "geometry": {
        "type": "Point",
        "coordinates": [
          -78.730211,
          38.227455
        ]
      }
    },
    {
      "type": "Feature",
      "properties": {
        "sample_id": "elev-va-1mi-410",
        "trail": "Appalachian Trail",
        "route_id": "at-mvp2-va-damascus-harpers-ferry-open-2026",
        "mile_nobo_global_est": 869,
        "mile_nobo_va": 410,
        "mile_sobo_va": 137,
        "lat": 38.23551,
        "lon": -78.716239,
        "interval_miles": 1,
        "elevation_ft": 2750.4,
        "source_id": "usgs_3dep",
        "source_url": "https://epqs.nationalmap.gov/v1/json",
        "source": "USGS Elevation Point Query Service, interpolated from 3DEP dynamic elevation service",
        "source_license": "public_domain",
        "license_status": "public_domain",
        "attribution": "Data available from U.S. Geological Survey, 3D Elevation Program.",
        "confidence": "model_derived_topographic_estimate",
        "last_checked": "2026-05-14",
        "last_generated": "2026-05-14",
        "ai_answer_rule": "Describe as model-derived USGS 3DEP elevation sampled along Scout open route geometry; values may differ from guidebook profiles or surveyed summits."
      },
      "geometry": {
        "type": "Point",
        "coordinates": [
          -78.716239,
          38.23551
        ]
      }
    },
    {
      "type": "Feature",
      "properties": {
        "sample_id": "elev-va-1mi-411",
        "trail": "Appalachian Trail",
        "route_id": "at-mvp2-va-damascus-harpers-ferry-open-2026",
        "mile_nobo_global_est": 870,
        "mile_nobo_va": 411,
        "mile_sobo_va": 136,
        "lat": 38.24443,
        "lon": -78.707557,
        "interval_miles": 1,
        "elevation_ft": 2802.6,
        "source_id": "usgs_3dep",
        "source_url": "https://epqs.nationalmap.gov/v1/json",
        "source": "USGS Elevation Point Query Service, interpolated from 3DEP dynamic elevation service",
        "source_license": "public_domain",
        "license_status": "public_domain",
        "attribution": "Data available from U.S. Geological Survey, 3D Elevation Program.",
        "confidence": "model_derived_topographic_estimate",
        "last_checked": "2026-05-14",
        "last_generated": "2026-05-14",
        "ai_answer_rule": "Describe as model-derived USGS 3DEP elevation sampled along Scout open route geometry; values may differ from guidebook profiles or surveyed summits."
      },
      "geometry": {
        "type": "Point",
        "coordinates": [
          -78.707557,
          38.24443
        ]
      }
    },
    {
      "type": "Feature",
      "properties": {
        "sample_id": "elev-va-1mi-412",
        "trail": "Appalachian Trail",
        "route_id": "at-mvp2-va-damascus-harpers-ferry-open-2026",
        "mile_nobo_global_est": 871,
        "mile_nobo_va": 412,
        "mile_sobo_va": 135,
        "lat": 38.247583,
        "lon": -78.692028,
        "interval_miles": 1,
        "elevation_ft": 2906,
        "source_id": "usgs_3dep",
        "source_url": "https://epqs.nationalmap.gov/v1/json",
        "source": "USGS Elevation Point Query Service, interpolated from 3DEP dynamic elevation service",
        "source_license": "public_domain",
        "license_status": "public_domain",
        "attribution": "Data available from U.S. Geological Survey, 3D Elevation Program.",
        "confidence": "model_derived_topographic_estimate",
        "last_checked": "2026-05-14",
        "last_generated": "2026-05-14",
        "ai_answer_rule": "Describe as model-derived USGS 3DEP elevation sampled along Scout open route geometry; values may differ from guidebook profiles or surveyed summits."
      },
      "geometry": {
        "type": "Point",
        "coordinates": [
          -78.692028,
          38.247583
        ]
      }
    },
    {
      "type": "Feature",
      "properties": {
        "sample_id": "elev-va-1mi-413",
        "trail": "Appalachian Trail",
        "route_id": "at-mvp2-va-damascus-harpers-ferry-open-2026",
        "mile_nobo_global_est": 872,
        "mile_nobo_va": 413,
        "mile_sobo_va": 134,
        "lat": 38.253849,
        "lon": -78.678535,
        "interval_miles": 1,
        "elevation_ft": 3050,
        "source_id": "usgs_3dep",
        "source_url": "https://epqs.nationalmap.gov/v1/json",
        "source": "USGS Elevation Point Query Service, interpolated from 3DEP dynamic elevation service",
        "source_license": "public_domain",
        "license_status": "public_domain",
        "attribution": "Data available from U.S. Geological Survey, 3D Elevation Program.",
        "confidence": "model_derived_topographic_estimate",
        "last_checked": "2026-05-14",
        "last_generated": "2026-05-14",
        "ai_answer_rule": "Describe as model-derived USGS 3DEP elevation sampled along Scout open route geometry; values may differ from guidebook profiles or surveyed summits."
      },
      "geometry": {
        "type": "Point",
        "coordinates": [
          -78.678535,
          38.253849
        ]
      }
    },
    {
      "type": "Feature",
      "properties": {
        "sample_id": "elev-va-1mi-414",
        "trail": "Appalachian Trail",
        "route_id": "at-mvp2-va-damascus-harpers-ferry-open-2026",
        "mile_nobo_global_est": 873,
        "mile_nobo_va": 414,
        "mile_sobo_va": 133,
        "lat": 38.243816,
        "lon": -78.672831,
        "interval_miles": 1,
        "elevation_ft": 3317.3,
        "source_id": "usgs_3dep",
        "source_url": "https://epqs.nationalmap.gov/v1/json",
        "source": "USGS Elevation Point Query Service, interpolated from 3DEP dynamic elevation service",
        "source_license": "public_domain",
        "license_status": "public_domain",
        "attribution": "Data available from U.S. Geological Survey, 3D Elevation Program.",
        "confidence": "model_derived_topographic_estimate",
        "last_checked": "2026-05-14",
        "last_generated": "2026-05-14",
        "ai_answer_rule": "Describe as model-derived USGS 3DEP elevation sampled along Scout open route geometry; values may differ from guidebook profiles or surveyed summits."
      },
      "geometry": {
        "type": "Point",
        "coordinates": [
          -78.672831,
          38.243816
        ]
      }
    },
    {
      "type": "Feature",
      "properties": {
        "sample_id": "elev-va-1mi-415",
        "trail": "Appalachian Trail",
        "route_id": "at-mvp2-va-damascus-harpers-ferry-open-2026",
        "mile_nobo_global_est": 874,
        "mile_nobo_va": 415,
        "mile_sobo_va": 132,
        "lat": 38.252469,
        "lon": -78.663694,
        "interval_miles": 1,
        "elevation_ft": 3147,
        "source_id": "usgs_3dep",
        "source_url": "https://epqs.nationalmap.gov/v1/json",
        "source": "USGS Elevation Point Query Service, interpolated from 3DEP dynamic elevation service",
        "source_license": "public_domain",
        "license_status": "public_domain",
        "attribution": "Data available from U.S. Geological Survey, 3D Elevation Program.",
        "confidence": "model_derived_topographic_estimate",
        "last_checked": "2026-05-14",
        "last_generated": "2026-05-14",
        "ai_answer_rule": "Describe as model-derived USGS 3DEP elevation sampled along Scout open route geometry; values may differ from guidebook profiles or surveyed summits."
      },
      "geometry": {
        "type": "Point",
        "coordinates": [
          -78.663694,
          38.252469
        ]
      }
    },
    {
      "type": "Feature",
      "properties": {
        "sample_id": "elev-va-1mi-416",
        "trail": "Appalachian Trail",
        "route_id": "at-mvp2-va-damascus-harpers-ferry-open-2026",
        "mile_nobo_global_est": 875,
        "mile_nobo_va": 416,
        "mile_sobo_va": 131,
        "lat": 38.260351,
        "lon": -78.65499,
        "interval_miles": 1,
        "elevation_ft": 3298.5,
        "source_id": "usgs_3dep",
        "source_url": "https://epqs.nationalmap.gov/v1/json",
        "source": "USGS Elevation Point Query Service, interpolated from 3DEP dynamic elevation service",
        "source_license": "public_domain",
        "license_status": "public_domain",
        "attribution": "Data available from U.S. Geological Survey, 3D Elevation Program.",
        "confidence": "model_derived_topographic_estimate",
        "last_checked": "2026-05-14",
        "last_generated": "2026-05-14",
        "ai_answer_rule": "Describe as model-derived USGS 3DEP elevation sampled along Scout open route geometry; values may differ from guidebook profiles or surveyed summits."
      },
      "geometry": {
        "type": "Point",
        "coordinates": [
          -78.65499,
          38.260351
        ]
      }
    },
    {
      "type": "Feature",
      "properties": {
        "sample_id": "elev-va-1mi-417",
        "trail": "Appalachian Trail",
        "route_id": "at-mvp2-va-damascus-harpers-ferry-open-2026",
        "mile_nobo_global_est": 876,
        "mile_nobo_va": 417,
        "mile_sobo_va": 130,
        "lat": 38.266894,
        "lon": -78.654347,
        "interval_miles": 1,
        "elevation_ft": 2925.3,
        "source_id": "usgs_3dep",
        "source_url": "https://epqs.nationalmap.gov/v1/json",
        "source": "USGS Elevation Point Query Service, interpolated from 3DEP dynamic elevation service",
        "source_license": "public_domain",
        "license_status": "public_domain",
        "attribution": "Data available from U.S. Geological Survey, 3D Elevation Program.",
        "confidence": "model_derived_topographic_estimate",
        "last_checked": "2026-05-14",
        "last_generated": "2026-05-14",
        "ai_answer_rule": "Describe as model-derived USGS 3DEP elevation sampled along Scout open route geometry; values may differ from guidebook profiles or surveyed summits."
      },
      "geometry": {
        "type": "Point",
        "coordinates": [
          -78.654347,
          38.266894
        ]
      }
    },
    {
      "type": "Feature",
      "properties": {
        "sample_id": "elev-va-1mi-418",
        "trail": "Appalachian Trail",
        "route_id": "at-mvp2-va-damascus-harpers-ferry-open-2026",
        "mile_nobo_global_est": 877,
        "mile_nobo_va": 418,
        "mile_sobo_va": 129,
        "lat": 38.273012,
        "lon": -78.662028,
        "interval_miles": 1,
        "elevation_ft": 2755.9,
        "source_id": "usgs_3dep",
        "source_url": "https://epqs.nationalmap.gov/v1/json",
        "source": "USGS Elevation Point Query Service, interpolated from 3DEP dynamic elevation service",
        "source_license": "public_domain",
        "license_status": "public_domain",
        "attribution": "Data available from U.S. Geological Survey, 3D Elevation Program.",
        "confidence": "model_derived_topographic_estimate",
        "last_checked": "2026-05-14",
        "last_generated": "2026-05-14",
        "ai_answer_rule": "Describe as model-derived USGS 3DEP elevation sampled along Scout open route geometry; values may differ from guidebook profiles or surveyed summits."
      },
      "geometry": {
        "type": "Point",
        "coordinates": [
          -78.662028,
          38.273012
        ]
      }
    },
    {
      "type": "Feature",
      "properties": {
        "sample_id": "elev-va-1mi-419",
        "trail": "Appalachian Trail",
        "route_id": "at-mvp2-va-damascus-harpers-ferry-open-2026",
        "mile_nobo_global_est": 878,
        "mile_nobo_va": 419,
        "mile_sobo_va": 128,
        "lat": 38.284589,
        "lon": -78.65871,
        "interval_miles": 1,
        "elevation_ft": 2887.2,
        "source_id": "usgs_3dep",
        "source_url": "https://epqs.nationalmap.gov/v1/json",
        "source": "USGS Elevation Point Query Service, interpolated from 3DEP dynamic elevation service",
        "source_license": "public_domain",
        "license_status": "public_domain",
        "attribution": "Data available from U.S. Geological Survey, 3D Elevation Program.",
        "confidence": "model_derived_topographic_estimate",
        "last_checked": "2026-05-14",
        "last_generated": "2026-05-14",
        "ai_answer_rule": "Describe as model-derived USGS 3DEP elevation sampled along Scout open route geometry; values may differ from guidebook profiles or surveyed summits."
      },
      "geometry": {
        "type": "Point",
        "coordinates": [
          -78.65871,
          38.284589
        ]
      }
    },
    {
      "type": "Feature",
      "properties": {
        "sample_id": "elev-va-1mi-420",
        "trail": "Appalachian Trail",
        "route_id": "at-mvp2-va-damascus-harpers-ferry-open-2026",
        "mile_nobo_global_est": 879,
        "mile_nobo_va": 420,
        "mile_sobo_va": 127,
        "lat": 38.295929,
        "lon": -78.650701,
        "interval_miles": 1,
        "elevation_ft": 2786.1,
        "source_id": "usgs_3dep",
        "source_url": "https://epqs.nationalmap.gov/v1/json",
        "source": "USGS Elevation Point Query Service, interpolated from 3DEP dynamic elevation service",
        "source_license": "public_domain",
        "license_status": "public_domain",
        "attribution": "Data available from U.S. Geological Survey, 3D Elevation Program.",
        "confidence": "model_derived_topographic_estimate",
        "last_checked": "2026-05-14",
        "last_generated": "2026-05-14",
        "ai_answer_rule": "Describe as model-derived USGS 3DEP elevation sampled along Scout open route geometry; values may differ from guidebook profiles or surveyed summits."
      },
      "geometry": {
        "type": "Point",
        "coordinates": [
          -78.650701,
          38.295929
        ]
      }
    },
    {
      "type": "Feature",
      "properties": {
        "sample_id": "elev-va-1mi-421",
        "trail": "Appalachian Trail",
        "route_id": "at-mvp2-va-damascus-harpers-ferry-open-2026",
        "mile_nobo_global_est": 880,
        "mile_nobo_va": 421,
        "mile_sobo_va": 126,
        "lat": 38.290608,
        "lon": -78.637481,
        "interval_miles": 1,
        "elevation_ft": 2652.7,
        "source_id": "usgs_3dep",
        "source_url": "https://epqs.nationalmap.gov/v1/json",
        "source": "USGS Elevation Point Query Service, interpolated from 3DEP dynamic elevation service",
        "source_license": "public_domain",
        "license_status": "public_domain",
        "attribution": "Data available from U.S. Geological Survey, 3D Elevation Program.",
        "confidence": "model_derived_topographic_estimate",
        "last_checked": "2026-05-14",
        "last_generated": "2026-05-14",
        "ai_answer_rule": "Describe as model-derived USGS 3DEP elevation sampled along Scout open route geometry; values may differ from guidebook profiles or surveyed summits."
      },
      "geometry": {
        "type": "Point",
        "coordinates": [
          -78.637481,
          38.290608
        ]
      }
    },
    {
      "type": "Feature",
      "properties": {
        "sample_id": "elev-va-1mi-422",
        "trail": "Appalachian Trail",
        "route_id": "at-mvp2-va-damascus-harpers-ferry-open-2026",
        "mile_nobo_global_est": 881,
        "mile_nobo_va": 422,
        "mile_sobo_va": 125,
        "lat": 38.298735,
        "lon": -78.631575,
        "interval_miles": 1,
        "elevation_ft": 2587.7,
        "source_id": "usgs_3dep",
        "source_url": "https://epqs.nationalmap.gov/v1/json",
        "source": "USGS Elevation Point Query Service, interpolated from 3DEP dynamic elevation service",
        "source_license": "public_domain",
        "license_status": "public_domain",
        "attribution": "Data available from U.S. Geological Survey, 3D Elevation Program.",
        "confidence": "model_derived_topographic_estimate",
        "last_checked": "2026-05-14",
        "last_generated": "2026-05-14",
        "ai_answer_rule": "Describe as model-derived USGS 3DEP elevation sampled along Scout open route geometry; values may differ from guidebook profiles or surveyed summits."
      },
      "geometry": {
        "type": "Point",
        "coordinates": [
          -78.631575,
          38.298735
        ]
      }
    },
    {
      "type": "Feature",
      "properties": {
        "sample_id": "elev-va-1mi-423",
        "trail": "Appalachian Trail",
        "route_id": "at-mvp2-va-damascus-harpers-ferry-open-2026",
        "mile_nobo_global_est": 882,
        "mile_nobo_va": 423,
        "mile_sobo_va": 124,
        "lat": 38.301485,
        "lon": -78.616355,
        "interval_miles": 1,
        "elevation_ft": 2352.7,
        "source_id": "usgs_3dep",
        "source_url": "https://epqs.nationalmap.gov/v1/json",
        "source": "USGS Elevation Point Query Service, interpolated from 3DEP dynamic elevation service",
        "source_license": "public_domain",
        "license_status": "public_domain",
        "attribution": "Data available from U.S. Geological Survey, 3D Elevation Program.",
        "confidence": "model_derived_topographic_estimate",
        "last_checked": "2026-05-14",
        "last_generated": "2026-05-14",
        "ai_answer_rule": "Describe as model-derived USGS 3DEP elevation sampled along Scout open route geometry; values may differ from guidebook profiles or surveyed summits."
      },
      "geometry": {
        "type": "Point",
        "coordinates": [
          -78.616355,
          38.301485
        ]
      }
    },
    {
      "type": "Feature",
      "properties": {
        "sample_id": "elev-va-1mi-424",
        "trail": "Appalachian Trail",
        "route_id": "at-mvp2-va-damascus-harpers-ferry-open-2026",
        "mile_nobo_global_est": 883,
        "mile_nobo_va": 424,
        "mile_sobo_va": 123,
        "lat": 38.306012,
        "lon": -78.607758,
        "interval_miles": 1,
        "elevation_ft": 2928.3,
        "source_id": "usgs_3dep",
        "source_url": "https://epqs.nationalmap.gov/v1/json",
        "source": "USGS Elevation Point Query Service, interpolated from 3DEP dynamic elevation service",
        "source_license": "public_domain",
        "license_status": "public_domain",
        "attribution": "Data available from U.S. Geological Survey, 3D Elevation Program.",
        "confidence": "model_derived_topographic_estimate",
        "last_checked": "2026-05-14",
        "last_generated": "2026-05-14",
        "ai_answer_rule": "Describe as model-derived USGS 3DEP elevation sampled along Scout open route geometry; values may differ from guidebook profiles or surveyed summits."
      },
      "geometry": {
        "type": "Point",
        "coordinates": [
          -78.607758,
          38.306012
        ]
      }
    },
    {
      "type": "Feature",
      "properties": {
        "sample_id": "elev-va-1mi-425",
        "trail": "Appalachian Trail",
        "route_id": "at-mvp2-va-damascus-harpers-ferry-open-2026",
        "mile_nobo_global_est": 884,
        "mile_nobo_va": 425,
        "mile_sobo_va": 122,
        "lat": 38.315914,
        "lon": -78.599332,
        "interval_miles": 1,
        "elevation_ft": 2713.2,
        "source_id": "usgs_3dep",
        "source_url": "https://epqs.nationalmap.gov/v1/json",
        "source": "USGS Elevation Point Query Service, interpolated from 3DEP dynamic elevation service",
        "source_license": "public_domain",
        "license_status": "public_domain",
        "attribution": "Data available from U.S. Geological Survey, 3D Elevation Program.",
        "confidence": "model_derived_topographic_estimate",
        "last_checked": "2026-05-14",
        "last_generated": "2026-05-14",
        "ai_answer_rule": "Describe as model-derived USGS 3DEP elevation sampled along Scout open route geometry; values may differ from guidebook profiles or surveyed summits."
      },
      "geometry": {
        "type": "Point",
        "coordinates": [
          -78.599332,
          38.315914
        ]
      }
    },
    {
      "type": "Feature",
      "properties": {
        "sample_id": "elev-va-1mi-426",
        "trail": "Appalachian Trail",
        "route_id": "at-mvp2-va-damascus-harpers-ferry-open-2026",
        "mile_nobo_global_est": 885,
        "mile_nobo_va": 426,
        "mile_sobo_va": 121,
        "lat": 38.323221,
        "lon": -78.590527,
        "interval_miles": 1,
        "elevation_ft": 2319.1,
        "source_id": "usgs_3dep",
        "source_url": "https://epqs.nationalmap.gov/v1/json",
        "source": "USGS Elevation Point Query Service, interpolated from 3DEP dynamic elevation service",
        "source_license": "public_domain",
        "license_status": "public_domain",
        "attribution": "Data available from U.S. Geological Survey, 3D Elevation Program.",
        "confidence": "model_derived_topographic_estimate",
        "last_checked": "2026-05-14",
        "last_generated": "2026-05-14",
        "ai_answer_rule": "Describe as model-derived USGS 3DEP elevation sampled along Scout open route geometry; values may differ from guidebook profiles or surveyed summits."
      },
      "geometry": {
        "type": "Point",
        "coordinates": [
          -78.590527,
          38.323221
        ]
      }
    },
    {
      "type": "Feature",
      "properties": {
        "sample_id": "elev-va-1mi-427",
        "trail": "Appalachian Trail",
        "route_id": "at-mvp2-va-damascus-harpers-ferry-open-2026",
        "mile_nobo_global_est": 886,
        "mile_nobo_va": 427,
        "mile_sobo_va": 120,
        "lat": 38.324667,
        "lon": -78.579234,
        "interval_miles": 1,
        "elevation_ft": 2676.1,
        "source_id": "usgs_3dep",
        "source_url": "https://epqs.nationalmap.gov/v1/json",
        "source": "USGS Elevation Point Query Service, interpolated from 3DEP dynamic elevation service",
        "source_license": "public_domain",
        "license_status": "public_domain",
        "attribution": "Data available from U.S. Geological Survey, 3D Elevation Program.",
        "confidence": "model_derived_topographic_estimate",
        "last_checked": "2026-05-14",
        "last_generated": "2026-05-14",
        "ai_answer_rule": "Describe as model-derived USGS 3DEP elevation sampled along Scout open route geometry; values may differ from guidebook profiles or surveyed summits."
      },
      "geometry": {
        "type": "Point",
        "coordinates": [
          -78.579234,
          38.324667
        ]
      }
    },
    {
      "type": "Feature",
      "properties": {
        "sample_id": "elev-va-1mi-428",
        "trail": "Appalachian Trail",
        "route_id": "at-mvp2-va-damascus-harpers-ferry-open-2026",
        "mile_nobo_global_est": 887,
        "mile_nobo_va": 428,
        "mile_sobo_va": 119,
        "lat": 38.328409,
        "lon": -78.567261,
        "interval_miles": 1,
        "elevation_ft": 2919,
        "source_id": "usgs_3dep",
        "source_url": "https://epqs.nationalmap.gov/v1/json",
        "source": "USGS Elevation Point Query Service, interpolated from 3DEP dynamic elevation service",
        "source_license": "public_domain",
        "license_status": "public_domain",
        "attribution": "Data available from U.S. Geological Survey, 3D Elevation Program.",
        "confidence": "model_derived_topographic_estimate",
        "last_checked": "2026-05-14",
        "last_generated": "2026-05-14",
        "ai_answer_rule": "Describe as model-derived USGS 3DEP elevation sampled along Scout open route geometry; values may differ from guidebook profiles or surveyed summits."
      },
      "geometry": {
        "type": "Point",
        "coordinates": [
          -78.567261,
          38.328409
        ]
      }
    },
    {
      "type": "Feature",
      "properties": {
        "sample_id": "elev-va-1mi-429",
        "trail": "Appalachian Trail",
        "route_id": "at-mvp2-va-damascus-harpers-ferry-open-2026",
        "mile_nobo_global_est": 888,
        "mile_nobo_va": 429,
        "mile_sobo_va": 118,
        "lat": 38.333828,
        "lon": -78.553234,
        "interval_miles": 1,
        "elevation_ft": 3391.5,
        "source_id": "usgs_3dep",
        "source_url": "https://epqs.nationalmap.gov/v1/json",
        "source": "USGS Elevation Point Query Service, interpolated from 3DEP dynamic elevation service",
        "source_license": "public_domain",
        "license_status": "public_domain",
        "attribution": "Data available from U.S. Geological Survey, 3D Elevation Program.",
        "confidence": "model_derived_topographic_estimate",
        "last_checked": "2026-05-14",
        "last_generated": "2026-05-14",
        "ai_answer_rule": "Describe as model-derived USGS 3DEP elevation sampled along Scout open route geometry; values may differ from guidebook profiles or surveyed summits."
      },
      "geometry": {
        "type": "Point",
        "coordinates": [
          -78.553234,
          38.333828
        ]
      }
    },
    {
      "type": "Feature",
      "properties": {
        "sample_id": "elev-va-1mi-430",
        "trail": "Appalachian Trail",
        "route_id": "at-mvp2-va-damascus-harpers-ferry-open-2026",
        "mile_nobo_global_est": 889,
        "mile_nobo_va": 430,
        "mile_sobo_va": 117,
        "lat": 38.340773,
        "lon": -78.546681,
        "interval_miles": 1,
        "elevation_ft": 3109.5,
        "source_id": "usgs_3dep",
        "source_url": "https://epqs.nationalmap.gov/v1/json",
        "source": "USGS Elevation Point Query Service, interpolated from 3DEP dynamic elevation service",
        "source_license": "public_domain",
        "license_status": "public_domain",
        "attribution": "Data available from U.S. Geological Survey, 3D Elevation Program.",
        "confidence": "model_derived_topographic_estimate",
        "last_checked": "2026-05-14",
        "last_generated": "2026-05-14",
        "ai_answer_rule": "Describe as model-derived USGS 3DEP elevation sampled along Scout open route geometry; values may differ from guidebook profiles or surveyed summits."
      },
      "geometry": {
        "type": "Point",
        "coordinates": [
          -78.546681,
          38.340773
        ]
      }
    },
    {
      "type": "Feature",
      "properties": {
        "sample_id": "elev-va-1mi-431",
        "trail": "Appalachian Trail",
        "route_id": "at-mvp2-va-damascus-harpers-ferry-open-2026",
        "mile_nobo_global_est": 890,
        "mile_nobo_va": 431,
        "mile_sobo_va": 116,
        "lat": 38.348227,
        "lon": -78.554652,
        "interval_miles": 1,
        "elevation_ft": 2743.1,
        "source_id": "usgs_3dep",
        "source_url": "https://epqs.nationalmap.gov/v1/json",
        "source": "USGS Elevation Point Query Service, interpolated from 3DEP dynamic elevation service",
        "source_license": "public_domain",
        "license_status": "public_domain",
        "attribution": "Data available from U.S. Geological Survey, 3D Elevation Program.",
        "confidence": "model_derived_topographic_estimate",
        "last_checked": "2026-05-14",
        "last_generated": "2026-05-14",
        "ai_answer_rule": "Describe as model-derived USGS 3DEP elevation sampled along Scout open route geometry; values may differ from guidebook profiles or surveyed summits."
      },
      "geometry": {
        "type": "Point",
        "coordinates": [
          -78.554652,
          38.348227
        ]
      }
    },
    {
      "type": "Feature",
      "properties": {
        "sample_id": "elev-va-1mi-432",
        "trail": "Appalachian Trail",
        "route_id": "at-mvp2-va-damascus-harpers-ferry-open-2026",
        "mile_nobo_global_est": 891,
        "mile_nobo_va": 432,
        "mile_sobo_va": 115,
        "lat": 38.357654,
        "lon": -78.545211,
        "interval_miles": 1,
        "elevation_ft": 2372.4,
        "source_id": "usgs_3dep",
        "source_url": "https://epqs.nationalmap.gov/v1/json",
        "source": "USGS Elevation Point Query Service, interpolated from 3DEP dynamic elevation service",
        "source_license": "public_domain",
        "license_status": "public_domain",
        "attribution": "Data available from U.S. Geological Survey, 3D Elevation Program.",
        "confidence": "model_derived_topographic_estimate",
        "last_checked": "2026-05-14",
        "last_generated": "2026-05-14",
        "ai_answer_rule": "Describe as model-derived USGS 3DEP elevation sampled along Scout open route geometry; values may differ from guidebook profiles or surveyed summits."
      },
      "geometry": {
        "type": "Point",
        "coordinates": [
          -78.545211,
          38.357654
        ]
      }
    },
    {
      "type": "Feature",
      "properties": {
        "sample_id": "elev-va-1mi-433",
        "trail": "Appalachian Trail",
        "route_id": "at-mvp2-va-damascus-harpers-ferry-open-2026",
        "mile_nobo_global_est": 892,
        "mile_nobo_va": 433,
        "mile_sobo_va": 114,
        "lat": 38.366617,
        "lon": -78.535523,
        "interval_miles": 1,
        "elevation_ft": 2817.2,
        "source_id": "usgs_3dep",
        "source_url": "https://epqs.nationalmap.gov/v1/json",
        "source": "USGS Elevation Point Query Service, interpolated from 3DEP dynamic elevation service",
        "source_license": "public_domain",
        "license_status": "public_domain",
        "attribution": "Data available from U.S. Geological Survey, 3D Elevation Program.",
        "confidence": "model_derived_topographic_estimate",
        "last_checked": "2026-05-14",
        "last_generated": "2026-05-14",
        "ai_answer_rule": "Describe as model-derived USGS 3DEP elevation sampled along Scout open route geometry; values may differ from guidebook profiles or surveyed summits."
      },
      "geometry": {
        "type": "Point",
        "coordinates": [
          -78.535523,
          38.366617
        ]
      }
    },
    {
      "type": "Feature",
      "properties": {
        "sample_id": "elev-va-1mi-434",
        "trail": "Appalachian Trail",
        "route_id": "at-mvp2-va-damascus-harpers-ferry-open-2026",
        "mile_nobo_global_est": 893,
        "mile_nobo_va": 434,
        "mile_sobo_va": 113,
        "lat": 38.371626,
        "lon": -78.525351,
        "interval_miles": 1,
        "elevation_ft": 3196.6,
        "source_id": "usgs_3dep",
        "source_url": "https://epqs.nationalmap.gov/v1/json",
        "source": "USGS Elevation Point Query Service, interpolated from 3DEP dynamic elevation service",
        "source_license": "public_domain",
        "license_status": "public_domain",
        "attribution": "Data available from U.S. Geological Survey, 3D Elevation Program.",
        "confidence": "model_derived_topographic_estimate",
        "last_checked": "2026-05-14",
        "last_generated": "2026-05-14",
        "ai_answer_rule": "Describe as model-derived USGS 3DEP elevation sampled along Scout open route geometry; values may differ from guidebook profiles or surveyed summits."
      },
      "geometry": {
        "type": "Point",
        "coordinates": [
          -78.525351,
          38.371626
        ]
      }
    },
    {
      "type": "Feature",
      "properties": {
        "sample_id": "elev-va-1mi-435",
        "trail": "Appalachian Trail",
        "route_id": "at-mvp2-va-damascus-harpers-ferry-open-2026",
        "mile_nobo_global_est": 894,
        "mile_nobo_va": 435,
        "mile_sobo_va": 112,
        "lat": 38.380061,
        "lon": -78.516331,
        "interval_miles": 1,
        "elevation_ft": 2883.3,
        "source_id": "usgs_3dep",
        "source_url": "https://epqs.nationalmap.gov/v1/json",
        "source": "USGS Elevation Point Query Service, interpolated from 3DEP dynamic elevation service",
        "source_license": "public_domain",
        "license_status": "public_domain",
        "attribution": "Data available from U.S. Geological Survey, 3D Elevation Program.",
        "confidence": "model_derived_topographic_estimate",
        "last_checked": "2026-05-14",
        "last_generated": "2026-05-14",
        "ai_answer_rule": "Describe as model-derived USGS 3DEP elevation sampled along Scout open route geometry; values may differ from guidebook profiles or surveyed summits."
      },
      "geometry": {
        "type": "Point",
        "coordinates": [
          -78.516331,
          38.380061
        ]
      }
    },
    {
      "type": "Feature",
      "properties": {
        "sample_id": "elev-va-1mi-436",
        "trail": "Appalachian Trail",
        "route_id": "at-mvp2-va-damascus-harpers-ferry-open-2026",
        "mile_nobo_global_est": 895,
        "mile_nobo_va": 436,
        "mile_sobo_va": 111,
        "lat": 38.387093,
        "lon": -78.507238,
        "interval_miles": 1,
        "elevation_ft": 3088.1,
        "source_id": "usgs_3dep",
        "source_url": "https://epqs.nationalmap.gov/v1/json",
        "source": "USGS Elevation Point Query Service, interpolated from 3DEP dynamic elevation service",
        "source_license": "public_domain",
        "license_status": "public_domain",
        "attribution": "Data available from U.S. Geological Survey, 3D Elevation Program.",
        "confidence": "model_derived_topographic_estimate",
        "last_checked": "2026-05-14",
        "last_generated": "2026-05-14",
        "ai_answer_rule": "Describe as model-derived USGS 3DEP elevation sampled along Scout open route geometry; values may differ from guidebook profiles or surveyed summits."
      },
      "geometry": {
        "type": "Point",
        "coordinates": [
          -78.507238,
          38.387093
        ]
      }
    },
    {
      "type": "Feature",
      "properties": {
        "sample_id": "elev-va-1mi-437",
        "trail": "Appalachian Trail",
        "route_id": "at-mvp2-va-damascus-harpers-ferry-open-2026",
        "mile_nobo_global_est": 896,
        "mile_nobo_va": 437,
        "mile_sobo_va": 110,
        "lat": 38.398721,
        "lon": -78.501995,
        "interval_miles": 1,
        "elevation_ft": 3566.7,
        "source_id": "usgs_3dep",
        "source_url": "https://epqs.nationalmap.gov/v1/json",
        "source": "USGS Elevation Point Query Service, interpolated from 3DEP dynamic elevation service",
        "source_license": "public_domain",
        "license_status": "public_domain",
        "attribution": "Data available from U.S. Geological Survey, 3D Elevation Program.",
        "confidence": "model_derived_topographic_estimate",
        "last_checked": "2026-05-14",
        "last_generated": "2026-05-14",
        "ai_answer_rule": "Describe as model-derived USGS 3DEP elevation sampled along Scout open route geometry; values may differ from guidebook profiles or surveyed summits."
      },
      "geometry": {
        "type": "Point",
        "coordinates": [
          -78.501995,
          38.398721
        ]
      }
    },
    {
      "type": "Feature",
      "properties": {
        "sample_id": "elev-va-1mi-438",
        "trail": "Appalachian Trail",
        "route_id": "at-mvp2-va-damascus-harpers-ferry-open-2026",
        "mile_nobo_global_est": 897,
        "mile_nobo_va": 438,
        "mile_sobo_va": 109,
        "lat": 38.406459,
        "lon": -78.490463,
        "interval_miles": 1,
        "elevation_ft": 3321.4,
        "source_id": "usgs_3dep",
        "source_url": "https://epqs.nationalmap.gov/v1/json",
        "source": "USGS Elevation Point Query Service, interpolated from 3DEP dynamic elevation service",
        "source_license": "public_domain",
        "license_status": "public_domain",
        "attribution": "Data available from U.S. Geological Survey, 3D Elevation Program.",
        "confidence": "model_derived_topographic_estimate",
        "last_checked": "2026-05-14",
        "last_generated": "2026-05-14",
        "ai_answer_rule": "Describe as model-derived USGS 3DEP elevation sampled along Scout open route geometry; values may differ from guidebook profiles or surveyed summits."
      },
      "geometry": {
        "type": "Point",
        "coordinates": [
          -78.490463,
          38.406459
        ]
      }
    },
    {
      "type": "Feature",
      "properties": {
        "sample_id": "elev-va-1mi-439",
        "trail": "Appalachian Trail",
        "route_id": "at-mvp2-va-damascus-harpers-ferry-open-2026",
        "mile_nobo_global_est": 898,
        "mile_nobo_va": 439,
        "mile_sobo_va": 108,
        "lat": 38.419595,
        "lon": -78.485399,
        "interval_miles": 1,
        "elevation_ft": 3154.2,
        "source_id": "usgs_3dep",
        "source_url": "https://epqs.nationalmap.gov/v1/json",
        "source": "USGS Elevation Point Query Service, interpolated from 3DEP dynamic elevation service",
        "source_license": "public_domain",
        "license_status": "public_domain",
        "attribution": "Data available from U.S. Geological Survey, 3D Elevation Program.",
        "confidence": "model_derived_topographic_estimate",
        "last_checked": "2026-05-14",
        "last_generated": "2026-05-14",
        "ai_answer_rule": "Describe as model-derived USGS 3DEP elevation sampled along Scout open route geometry; values may differ from guidebook profiles or surveyed summits."
      },
      "geometry": {
        "type": "Point",
        "coordinates": [
          -78.485399,
          38.419595
        ]
      }
    },
    {
      "type": "Feature",
      "properties": {
        "sample_id": "elev-va-1mi-440",
        "trail": "Appalachian Trail",
        "route_id": "at-mvp2-va-damascus-harpers-ferry-open-2026",
        "mile_nobo_global_est": 899,
        "mile_nobo_va": 440,
        "mile_sobo_va": 107,
        "lat": 38.43207,
        "lon": -78.479703,
        "interval_miles": 1,
        "elevation_ft": 3355.5,
        "source_id": "usgs_3dep",
        "source_url": "https://epqs.nationalmap.gov/v1/json",
        "source": "USGS Elevation Point Query Service, interpolated from 3DEP dynamic elevation service",
        "source_license": "public_domain",
        "license_status": "public_domain",
        "attribution": "Data available from U.S. Geological Survey, 3D Elevation Program.",
        "confidence": "model_derived_topographic_estimate",
        "last_checked": "2026-05-14",
        "last_generated": "2026-05-14",
        "ai_answer_rule": "Describe as model-derived USGS 3DEP elevation sampled along Scout open route geometry; values may differ from guidebook profiles or surveyed summits."
      },
      "geometry": {
        "type": "Point",
        "coordinates": [
          -78.479703,
          38.43207
        ]
      }
    },
    {
      "type": "Feature",
      "properties": {
        "sample_id": "elev-va-1mi-441",
        "trail": "Appalachian Trail",
        "route_id": "at-mvp2-va-damascus-harpers-ferry-open-2026",
        "mile_nobo_global_est": 900,
        "mile_nobo_va": 441,
        "mile_sobo_va": 106,
        "lat": 38.443706,
        "lon": -78.472335,
        "interval_miles": 1,
        "elevation_ft": 3224.8,
        "source_id": "usgs_3dep",
        "source_url": "https://epqs.nationalmap.gov/v1/json",
        "source": "USGS Elevation Point Query Service, interpolated from 3DEP dynamic elevation service",
        "source_license": "public_domain",
        "license_status": "public_domain",
        "attribution": "Data available from U.S. Geological Survey, 3D Elevation Program.",
        "confidence": "model_derived_topographic_estimate",
        "last_checked": "2026-05-14",
        "last_generated": "2026-05-14",
        "ai_answer_rule": "Describe as model-derived USGS 3DEP elevation sampled along Scout open route geometry; values may differ from guidebook profiles or surveyed summits."
      },
      "geometry": {
        "type": "Point",
        "coordinates": [
          -78.472335,
          38.443706
        ]
      }
    },
    {
      "type": "Feature",
      "properties": {
        "sample_id": "elev-va-1mi-442",
        "trail": "Appalachian Trail",
        "route_id": "at-mvp2-va-damascus-harpers-ferry-open-2026",
        "mile_nobo_global_est": 901,
        "mile_nobo_va": 442,
        "mile_sobo_va": 105,
        "lat": 38.448619,
        "lon": -78.465654,
        "interval_miles": 1,
        "elevation_ft": 3481.4,
        "source_id": "usgs_3dep",
        "source_url": "https://epqs.nationalmap.gov/v1/json",
        "source": "USGS Elevation Point Query Service, interpolated from 3DEP dynamic elevation service",
        "source_license": "public_domain",
        "license_status": "public_domain",
        "attribution": "Data available from U.S. Geological Survey, 3D Elevation Program.",
        "confidence": "model_derived_topographic_estimate",
        "last_checked": "2026-05-14",
        "last_generated": "2026-05-14",
        "ai_answer_rule": "Describe as model-derived USGS 3DEP elevation sampled along Scout open route geometry; values may differ from guidebook profiles or surveyed summits."
      },
      "geometry": {
        "type": "Point",
        "coordinates": [
          -78.465654,
          38.448619
        ]
      }
    },
    {
      "type": "Feature",
      "properties": {
        "sample_id": "elev-va-1mi-443",
        "trail": "Appalachian Trail",
        "route_id": "at-mvp2-va-damascus-harpers-ferry-open-2026",
        "mile_nobo_global_est": 902,
        "mile_nobo_va": 443,
        "mile_sobo_va": 104,
        "lat": 38.461496,
        "lon": -78.46074,
        "interval_miles": 1,
        "elevation_ft": 3217.9,
        "source_id": "usgs_3dep",
        "source_url": "https://epqs.nationalmap.gov/v1/json",
        "source": "USGS Elevation Point Query Service, interpolated from 3DEP dynamic elevation service",
        "source_license": "public_domain",
        "license_status": "public_domain",
        "attribution": "Data available from U.S. Geological Survey, 3D Elevation Program.",
        "confidence": "model_derived_topographic_estimate",
        "last_checked": "2026-05-14",
        "last_generated": "2026-05-14",
        "ai_answer_rule": "Describe as model-derived USGS 3DEP elevation sampled along Scout open route geometry; values may differ from guidebook profiles or surveyed summits."
      },
      "geometry": {
        "type": "Point",
        "coordinates": [
          -78.46074,
          38.461496
        ]
      }
    },
    {
      "type": "Feature",
      "properties": {
        "sample_id": "elev-va-1mi-444",
        "trail": "Appalachian Trail",
        "route_id": "at-mvp2-va-damascus-harpers-ferry-open-2026",
        "mile_nobo_global_est": 903,
        "mile_nobo_va": 444,
        "mile_sobo_va": 103,
        "lat": 38.472789,
        "lon": -78.455023,
        "interval_miles": 1,
        "elevation_ft": 3478.6,
        "source_id": "usgs_3dep",
        "source_url": "https://epqs.nationalmap.gov/v1/json",
        "source": "USGS Elevation Point Query Service, interpolated from 3DEP dynamic elevation service",
        "source_license": "public_domain",
        "license_status": "public_domain",
        "attribution": "Data available from U.S. Geological Survey, 3D Elevation Program.",
        "confidence": "model_derived_topographic_estimate",
        "last_checked": "2026-05-14",
        "last_generated": "2026-05-14",
        "ai_answer_rule": "Describe as model-derived USGS 3DEP elevation sampled along Scout open route geometry; values may differ from guidebook profiles or surveyed summits."
      },
      "geometry": {
        "type": "Point",
        "coordinates": [
          -78.455023,
          38.472789
        ]
      }
    },
    {
      "type": "Feature",
      "properties": {
        "sample_id": "elev-va-1mi-445",
        "trail": "Appalachian Trail",
        "route_id": "at-mvp2-va-damascus-harpers-ferry-open-2026",
        "mile_nobo_global_est": 904,
        "mile_nobo_va": 445,
        "mile_sobo_va": 102,
        "lat": 38.484501,
        "lon": -78.447025,
        "interval_miles": 1,
        "elevation_ft": 3650.6,
        "source_id": "usgs_3dep",
        "source_url": "https://epqs.nationalmap.gov/v1/json",
        "source": "USGS Elevation Point Query Service, interpolated from 3DEP dynamic elevation service",
        "source_license": "public_domain",
        "license_status": "public_domain",
        "attribution": "Data available from U.S. Geological Survey, 3D Elevation Program.",
        "confidence": "model_derived_topographic_estimate",
        "last_checked": "2026-05-14",
        "last_generated": "2026-05-14",
        "ai_answer_rule": "Describe as model-derived USGS 3DEP elevation sampled along Scout open route geometry; values may differ from guidebook profiles or surveyed summits."
      },
      "geometry": {
        "type": "Point",
        "coordinates": [
          -78.447025,
          38.484501
        ]
      }
    },
    {
      "type": "Feature",
      "properties": {
        "sample_id": "elev-va-1mi-446",
        "trail": "Appalachian Trail",
        "route_id": "at-mvp2-va-damascus-harpers-ferry-open-2026",
        "mile_nobo_global_est": 905,
        "mile_nobo_va": 446,
        "mile_sobo_va": 101,
        "lat": 38.496917,
        "lon": -78.4401,
        "interval_miles": 1,
        "elevation_ft": 3387.6,
        "source_id": "usgs_3dep",
        "source_url": "https://epqs.nationalmap.gov/v1/json",
        "source": "USGS Elevation Point Query Service, interpolated from 3DEP dynamic elevation service",
        "source_license": "public_domain",
        "license_status": "public_domain",
        "attribution": "Data available from U.S. Geological Survey, 3D Elevation Program.",
        "confidence": "model_derived_topographic_estimate",
        "last_checked": "2026-05-14",
        "last_generated": "2026-05-14",
        "ai_answer_rule": "Describe as model-derived USGS 3DEP elevation sampled along Scout open route geometry; values may differ from guidebook profiles or surveyed summits."
      },
      "geometry": {
        "type": "Point",
        "coordinates": [
          -78.4401,
          38.496917
        ]
      }
    },
    {
      "type": "Feature",
      "properties": {
        "sample_id": "elev-va-1mi-447",
        "trail": "Appalachian Trail",
        "route_id": "at-mvp2-va-damascus-harpers-ferry-open-2026",
        "mile_nobo_global_est": 906,
        "mile_nobo_va": 447,
        "mile_sobo_va": 100,
        "lat": 38.506683,
        "lon": -78.44441,
        "interval_miles": 1,
        "elevation_ft": 3245.9,
        "source_id": "usgs_3dep",
        "source_url": "https://epqs.nationalmap.gov/v1/json",
        "source": "USGS Elevation Point Query Service, interpolated from 3DEP dynamic elevation service",
        "source_license": "public_domain",
        "license_status": "public_domain",
        "attribution": "Data available from U.S. Geological Survey, 3D Elevation Program.",
        "confidence": "model_derived_topographic_estimate",
        "last_checked": "2026-05-14",
        "last_generated": "2026-05-14",
        "ai_answer_rule": "Describe as model-derived USGS 3DEP elevation sampled along Scout open route geometry; values may differ from guidebook profiles or surveyed summits."
      },
      "geometry": {
        "type": "Point",
        "coordinates": [
          -78.44441,
          38.506683
        ]
      }
    },
    {
      "type": "Feature",
      "properties": {
        "sample_id": "elev-va-1mi-448",
        "trail": "Appalachian Trail",
        "route_id": "at-mvp2-va-damascus-harpers-ferry-open-2026",
        "mile_nobo_global_est": 907,
        "mile_nobo_va": 448,
        "mile_sobo_va": 99,
        "lat": 38.518158,
        "lon": -78.445212,
        "interval_miles": 1,
        "elevation_ft": 3301.9,
        "source_id": "usgs_3dep",
        "source_url": "https://epqs.nationalmap.gov/v1/json",
        "source": "USGS Elevation Point Query Service, interpolated from 3DEP dynamic elevation service",
        "source_license": "public_domain",
        "license_status": "public_domain",
        "attribution": "Data available from U.S. Geological Survey, 3D Elevation Program.",
        "confidence": "model_derived_topographic_estimate",
        "last_checked": "2026-05-14",
        "last_generated": "2026-05-14",
        "ai_answer_rule": "Describe as model-derived USGS 3DEP elevation sampled along Scout open route geometry; values may differ from guidebook profiles or surveyed summits."
      },
      "geometry": {
        "type": "Point",
        "coordinates": [
          -78.445212,
          38.518158
        ]
      }
    },
    {
      "type": "Feature",
      "properties": {
        "sample_id": "elev-va-1mi-449",
        "trail": "Appalachian Trail",
        "route_id": "at-mvp2-va-damascus-harpers-ferry-open-2026",
        "mile_nobo_global_est": 908,
        "mile_nobo_va": 449,
        "mile_sobo_va": 98,
        "lat": 38.530145,
        "lon": -78.441495,
        "interval_miles": 1,
        "elevation_ft": 3562.7,
        "source_id": "usgs_3dep",
        "source_url": "https://epqs.nationalmap.gov/v1/json",
        "source": "USGS Elevation Point Query Service, interpolated from 3DEP dynamic elevation service",
        "source_license": "public_domain",
        "license_status": "public_domain",
        "attribution": "Data available from U.S. Geological Survey, 3D Elevation Program.",
        "confidence": "model_derived_topographic_estimate",
        "last_checked": "2026-05-14",
        "last_generated": "2026-05-14",
        "ai_answer_rule": "Describe as model-derived USGS 3DEP elevation sampled along Scout open route geometry; values may differ from guidebook profiles or surveyed summits."
      },
      "geometry": {
        "type": "Point",
        "coordinates": [
          -78.441495,
          38.530145
        ]
      }
    },
    {
      "type": "Feature",
      "properties": {
        "sample_id": "elev-va-1mi-450",
        "trail": "Appalachian Trail",
        "route_id": "at-mvp2-va-damascus-harpers-ferry-open-2026",
        "mile_nobo_global_est": 909,
        "mile_nobo_va": 450,
        "mile_sobo_va": 97,
        "lat": 38.531629,
        "lon": -78.432323,
        "interval_miles": 1,
        "elevation_ft": 3287.8,
        "source_id": "usgs_3dep",
        "source_url": "https://epqs.nationalmap.gov/v1/json",
        "source": "USGS Elevation Point Query Service, interpolated from 3DEP dynamic elevation service",
        "source_license": "public_domain",
        "license_status": "public_domain",
        "attribution": "Data available from U.S. Geological Survey, 3D Elevation Program.",
        "confidence": "model_derived_topographic_estimate",
        "last_checked": "2026-05-14",
        "last_generated": "2026-05-14",
        "ai_answer_rule": "Describe as model-derived USGS 3DEP elevation sampled along Scout open route geometry; values may differ from guidebook profiles or surveyed summits."
      },
      "geometry": {
        "type": "Point",
        "coordinates": [
          -78.432323,
          38.531629
        ]
      }
    },
    {
      "type": "Feature",
      "properties": {
        "sample_id": "elev-va-1mi-451",
        "trail": "Appalachian Trail",
        "route_id": "at-mvp2-va-damascus-harpers-ferry-open-2026",
        "mile_nobo_global_est": 910,
        "mile_nobo_va": 451,
        "mile_sobo_va": 96,
        "lat": 38.538789,
        "lon": -78.419454,
        "interval_miles": 1,
        "elevation_ft": 3046.2,
        "source_id": "usgs_3dep",
        "source_url": "https://epqs.nationalmap.gov/v1/json",
        "source": "USGS Elevation Point Query Service, interpolated from 3DEP dynamic elevation service",
        "source_license": "public_domain",
        "license_status": "public_domain",
        "attribution": "Data available from U.S. Geological Survey, 3D Elevation Program.",
        "confidence": "model_derived_topographic_estimate",
        "last_checked": "2026-05-14",
        "last_generated": "2026-05-14",
        "ai_answer_rule": "Describe as model-derived USGS 3DEP elevation sampled along Scout open route geometry; values may differ from guidebook profiles or surveyed summits."
      },
      "geometry": {
        "type": "Point",
        "coordinates": [
          -78.419454,
          38.538789
        ]
      }
    },
    {
      "type": "Feature",
      "properties": {
        "sample_id": "elev-va-1mi-452",
        "trail": "Appalachian Trail",
        "route_id": "at-mvp2-va-damascus-harpers-ferry-open-2026",
        "mile_nobo_global_est": 911,
        "mile_nobo_va": 452,
        "mile_sobo_va": 95,
        "lat": 38.549074,
        "lon": -78.412674,
        "interval_miles": 1,
        "elevation_ft": 3323.8,
        "source_id": "usgs_3dep",
        "source_url": "https://epqs.nationalmap.gov/v1/json",
        "source": "USGS Elevation Point Query Service, interpolated from 3DEP dynamic elevation service",
        "source_license": "public_domain",
        "license_status": "public_domain",
        "attribution": "Data available from U.S. Geological Survey, 3D Elevation Program.",
        "confidence": "model_derived_topographic_estimate",
        "last_checked": "2026-05-14",
        "last_generated": "2026-05-14",
        "ai_answer_rule": "Describe as model-derived USGS 3DEP elevation sampled along Scout open route geometry; values may differ from guidebook profiles or surveyed summits."
      },
      "geometry": {
        "type": "Point",
        "coordinates": [
          -78.412674,
          38.549074
        ]
      }
    },
    {
      "type": "Feature",
      "properties": {
        "sample_id": "elev-va-1mi-453",
        "trail": "Appalachian Trail",
        "route_id": "at-mvp2-va-damascus-harpers-ferry-open-2026",
        "mile_nobo_global_est": 912,
        "mile_nobo_va": 453,
        "mile_sobo_va": 94,
        "lat": 38.555645,
        "lon": -78.400092,
        "interval_miles": 1,
        "elevation_ft": 3572.5,
        "source_id": "usgs_3dep",
        "source_url": "https://epqs.nationalmap.gov/v1/json",
        "source": "USGS Elevation Point Query Service, interpolated from 3DEP dynamic elevation service",
        "source_license": "public_domain",
        "license_status": "public_domain",
        "attribution": "Data available from U.S. Geological Survey, 3D Elevation Program.",
        "confidence": "model_derived_topographic_estimate",
        "last_checked": "2026-05-14",
        "last_generated": "2026-05-14",
        "ai_answer_rule": "Describe as model-derived USGS 3DEP elevation sampled along Scout open route geometry; values may differ from guidebook profiles or surveyed summits."
      },
      "geometry": {
        "type": "Point",
        "coordinates": [
          -78.400092,
          38.555645
        ]
      }
    },
    {
      "type": "Feature",
      "properties": {
        "sample_id": "elev-va-1mi-454",
        "trail": "Appalachian Trail",
        "route_id": "at-mvp2-va-damascus-harpers-ferry-open-2026",
        "mile_nobo_global_est": 913,
        "mile_nobo_va": 454,
        "mile_sobo_va": 93,
        "lat": 38.55928,
        "lon": -78.385669,
        "interval_miles": 1,
        "elevation_ft": 3345.9,
        "source_id": "usgs_3dep",
        "source_url": "https://epqs.nationalmap.gov/v1/json",
        "source": "USGS Elevation Point Query Service, interpolated from 3DEP dynamic elevation service",
        "source_license": "public_domain",
        "license_status": "public_domain",
        "attribution": "Data available from U.S. Geological Survey, 3D Elevation Program.",
        "confidence": "model_derived_topographic_estimate",
        "last_checked": "2026-05-14",
        "last_generated": "2026-05-14",
        "ai_answer_rule": "Describe as model-derived USGS 3DEP elevation sampled along Scout open route geometry; values may differ from guidebook profiles or surveyed summits."
      },
      "geometry": {
        "type": "Point",
        "coordinates": [
          -78.385669,
          38.55928
        ]
      }
    },
    {
      "type": "Feature",
      "properties": {
        "sample_id": "elev-va-1mi-455",
        "trail": "Appalachian Trail",
        "route_id": "at-mvp2-va-damascus-harpers-ferry-open-2026",
        "mile_nobo_global_est": 914,
        "mile_nobo_va": 455,
        "mile_sobo_va": 92,
        "lat": 38.572771,
        "lon": -78.384956,
        "interval_miles": 1,
        "elevation_ft": 3366.3,
        "source_id": "usgs_3dep",
        "source_url": "https://epqs.nationalmap.gov/v1/json",
        "source": "USGS Elevation Point Query Service, interpolated from 3DEP dynamic elevation service",
        "source_license": "public_domain",
        "license_status": "public_domain",
        "attribution": "Data available from U.S. Geological Survey, 3D Elevation Program.",
        "confidence": "model_derived_topographic_estimate",
        "last_checked": "2026-05-14",
        "last_generated": "2026-05-14",
        "ai_answer_rule": "Describe as model-derived USGS 3DEP elevation sampled along Scout open route geometry; values may differ from guidebook profiles or surveyed summits."
      },
      "geometry": {
        "type": "Point",
        "coordinates": [
          -78.384956,
          38.572771
        ]
      }
    },
    {
      "type": "Feature",
      "properties": {
        "sample_id": "elev-va-1mi-456",
        "trail": "Appalachian Trail",
        "route_id": "at-mvp2-va-damascus-harpers-ferry-open-2026",
        "mile_nobo_global_est": 915,
        "mile_nobo_va": 456,
        "mile_sobo_va": 91,
        "lat": 38.583412,
        "lon": -78.386823,
        "interval_miles": 1,
        "elevation_ft": 3428.5,
        "source_id": "usgs_3dep",
        "source_url": "https://epqs.nationalmap.gov/v1/json",
        "source": "USGS Elevation Point Query Service, interpolated from 3DEP dynamic elevation service",
        "source_license": "public_domain",
        "license_status": "public_domain",
        "attribution": "Data available from U.S. Geological Survey, 3D Elevation Program.",
        "confidence": "model_derived_topographic_estimate",
        "last_checked": "2026-05-14",
        "last_generated": "2026-05-14",
        "ai_answer_rule": "Describe as model-derived USGS 3DEP elevation sampled along Scout open route geometry; values may differ from guidebook profiles or surveyed summits."
      },
      "geometry": {
        "type": "Point",
        "coordinates": [
          -78.386823,
          38.583412
        ]
      }
    },
    {
      "type": "Feature",
      "properties": {
        "sample_id": "elev-va-1mi-457",
        "trail": "Appalachian Trail",
        "route_id": "at-mvp2-va-damascus-harpers-ferry-open-2026",
        "mile_nobo_global_est": 916,
        "mile_nobo_va": 457,
        "mile_sobo_va": 90,
        "lat": 38.592737,
        "lon": -78.377956,
        "interval_miles": 1,
        "elevation_ft": 3703.7,
        "source_id": "usgs_3dep",
        "source_url": "https://epqs.nationalmap.gov/v1/json",
        "source": "USGS Elevation Point Query Service, interpolated from 3DEP dynamic elevation service",
        "source_license": "public_domain",
        "license_status": "public_domain",
        "attribution": "Data available from U.S. Geological Survey, 3D Elevation Program.",
        "confidence": "model_derived_topographic_estimate",
        "last_checked": "2026-05-14",
        "last_generated": "2026-05-14",
        "ai_answer_rule": "Describe as model-derived USGS 3DEP elevation sampled along Scout open route geometry; values may differ from guidebook profiles or surveyed summits."
      },
      "geometry": {
        "type": "Point",
        "coordinates": [
          -78.377956,
          38.592737
        ]
      }
    },
    {
      "type": "Feature",
      "properties": {
        "sample_id": "elev-va-1mi-458",
        "trail": "Appalachian Trail",
        "route_id": "at-mvp2-va-damascus-harpers-ferry-open-2026",
        "mile_nobo_global_est": 917,
        "mile_nobo_va": 458,
        "mile_sobo_va": 89,
        "lat": 38.601197,
        "lon": -78.367832,
        "interval_miles": 1,
        "elevation_ft": 3593.6,
        "source_id": "usgs_3dep",
        "source_url": "https://epqs.nationalmap.gov/v1/json",
        "source": "USGS Elevation Point Query Service, interpolated from 3DEP dynamic elevation service",
        "source_license": "public_domain",
        "license_status": "public_domain",
        "attribution": "Data available from U.S. Geological Survey, 3D Elevation Program.",
        "confidence": "model_derived_topographic_estimate",
        "last_checked": "2026-05-14",
        "last_generated": "2026-05-14",
        "ai_answer_rule": "Describe as model-derived USGS 3DEP elevation sampled along Scout open route geometry; values may differ from guidebook profiles or surveyed summits."
      },
      "geometry": {
        "type": "Point",
        "coordinates": [
          -78.367832,
          38.601197
        ]
      }
    },
    {
      "type": "Feature",
      "properties": {
        "sample_id": "elev-va-1mi-459",
        "trail": "Appalachian Trail",
        "route_id": "at-mvp2-va-damascus-harpers-ferry-open-2026",
        "mile_nobo_global_est": 918,
        "mile_nobo_va": 459,
        "mile_sobo_va": 88,
        "lat": 38.60969,
        "lon": -78.365213,
        "interval_miles": 1,
        "elevation_ft": 3084.6,
        "source_id": "usgs_3dep",
        "source_url": "https://epqs.nationalmap.gov/v1/json",
        "source": "USGS Elevation Point Query Service, interpolated from 3DEP dynamic elevation service",
        "source_license": "public_domain",
        "license_status": "public_domain",
        "attribution": "Data available from U.S. Geological Survey, 3D Elevation Program.",
        "confidence": "model_derived_topographic_estimate",
        "last_checked": "2026-05-14",
        "last_generated": "2026-05-14",
        "ai_answer_rule": "Describe as model-derived USGS 3DEP elevation sampled along Scout open route geometry; values may differ from guidebook profiles or surveyed summits."
      },
      "geometry": {
        "type": "Point",
        "coordinates": [
          -78.365213,
          38.60969
        ]
      }
    },
    {
      "type": "Feature",
      "properties": {
        "sample_id": "elev-va-1mi-460",
        "trail": "Appalachian Trail",
        "route_id": "at-mvp2-va-damascus-harpers-ferry-open-2026",
        "mile_nobo_global_est": 919,
        "mile_nobo_va": 460,
        "mile_sobo_va": 87,
        "lat": 38.615686,
        "lon": -78.353681,
        "interval_miles": 1,
        "elevation_ft": 3073.7,
        "source_id": "usgs_3dep",
        "source_url": "https://epqs.nationalmap.gov/v1/json",
        "source": "USGS Elevation Point Query Service, interpolated from 3DEP dynamic elevation service",
        "source_license": "public_domain",
        "license_status": "public_domain",
        "attribution": "Data available from U.S. Geological Survey, 3D Elevation Program.",
        "confidence": "model_derived_topographic_estimate",
        "last_checked": "2026-05-14",
        "last_generated": "2026-05-14",
        "ai_answer_rule": "Describe as model-derived USGS 3DEP elevation sampled along Scout open route geometry; values may differ from guidebook profiles or surveyed summits."
      },
      "geometry": {
        "type": "Point",
        "coordinates": [
          -78.353681,
          38.615686
        ]
      }
    },
    {
      "type": "Feature",
      "properties": {
        "sample_id": "elev-va-1mi-461",
        "trail": "Appalachian Trail",
        "route_id": "at-mvp2-va-damascus-harpers-ferry-open-2026",
        "mile_nobo_global_est": 920,
        "mile_nobo_va": 461,
        "mile_sobo_va": 86,
        "lat": 38.623465,
        "lon": -78.344437,
        "interval_miles": 1,
        "elevation_ft": 3381.5,
        "source_id": "usgs_3dep",
        "source_url": "https://epqs.nationalmap.gov/v1/json",
        "source": "USGS Elevation Point Query Service, interpolated from 3DEP dynamic elevation service",
        "source_license": "public_domain",
        "license_status": "public_domain",
        "attribution": "Data available from U.S. Geological Survey, 3D Elevation Program.",
        "confidence": "model_derived_topographic_estimate",
        "last_checked": "2026-05-14",
        "last_generated": "2026-05-14",
        "ai_answer_rule": "Describe as model-derived USGS 3DEP elevation sampled along Scout open route geometry; values may differ from guidebook profiles or surveyed summits."
      },
      "geometry": {
        "type": "Point",
        "coordinates": [
          -78.344437,
          38.623465
        ]
      }
    },
    {
      "type": "Feature",
      "properties": {
        "sample_id": "elev-va-1mi-462",
        "trail": "Appalachian Trail",
        "route_id": "at-mvp2-va-damascus-harpers-ferry-open-2026",
        "mile_nobo_global_est": 921,
        "mile_nobo_va": 462,
        "mile_sobo_va": 85,
        "lat": 38.625021,
        "lon": -78.331439,
        "interval_miles": 1,
        "elevation_ft": 3566.9,
        "source_id": "usgs_3dep",
        "source_url": "https://epqs.nationalmap.gov/v1/json",
        "source": "USGS Elevation Point Query Service, interpolated from 3DEP dynamic elevation service",
        "source_license": "public_domain",
        "license_status": "public_domain",
        "attribution": "Data available from U.S. Geological Survey, 3D Elevation Program.",
        "confidence": "model_derived_topographic_estimate",
        "last_checked": "2026-05-14",
        "last_generated": "2026-05-14",
        "ai_answer_rule": "Describe as model-derived USGS 3DEP elevation sampled along Scout open route geometry; values may differ from guidebook profiles or surveyed summits."
      },
      "geometry": {
        "type": "Point",
        "coordinates": [
          -78.331439,
          38.625021
        ]
      }
    },
    {
      "type": "Feature",
      "properties": {
        "sample_id": "elev-va-1mi-463",
        "trail": "Appalachian Trail",
        "route_id": "at-mvp2-va-damascus-harpers-ferry-open-2026",
        "mile_nobo_global_est": 922,
        "mile_nobo_va": 463,
        "mile_sobo_va": 84,
        "lat": 38.632569,
        "lon": -78.325295,
        "interval_miles": 1,
        "elevation_ft": 3427.6,
        "source_id": "usgs_3dep",
        "source_url": "https://epqs.nationalmap.gov/v1/json",
        "source": "USGS Elevation Point Query Service, interpolated from 3DEP dynamic elevation service",
        "source_license": "public_domain",
        "license_status": "public_domain",
        "attribution": "Data available from U.S. Geological Survey, 3D Elevation Program.",
        "confidence": "model_derived_topographic_estimate",
        "last_checked": "2026-05-14",
        "last_generated": "2026-05-14",
        "ai_answer_rule": "Describe as model-derived USGS 3DEP elevation sampled along Scout open route geometry; values may differ from guidebook profiles or surveyed summits."
      },
      "geometry": {
        "type": "Point",
        "coordinates": [
          -78.325295,
          38.632569
        ]
      }
    },
    {
      "type": "Feature",
      "properties": {
        "sample_id": "elev-va-1mi-464",
        "trail": "Appalachian Trail",
        "route_id": "at-mvp2-va-damascus-harpers-ferry-open-2026",
        "mile_nobo_global_est": 923,
        "mile_nobo_va": 464,
        "mile_sobo_va": 83,
        "lat": 38.643087,
        "lon": -78.319829,
        "interval_miles": 1,
        "elevation_ft": 3433.7,
        "source_id": "usgs_3dep",
        "source_url": "https://epqs.nationalmap.gov/v1/json",
        "source": "USGS Elevation Point Query Service, interpolated from 3DEP dynamic elevation service",
        "source_license": "public_domain",
        "license_status": "public_domain",
        "attribution": "Data available from U.S. Geological Survey, 3D Elevation Program.",
        "confidence": "model_derived_topographic_estimate",
        "last_checked": "2026-05-14",
        "last_generated": "2026-05-14",
        "ai_answer_rule": "Describe as model-derived USGS 3DEP elevation sampled along Scout open route geometry; values may differ from guidebook profiles or surveyed summits."
      },
      "geometry": {
        "type": "Point",
        "coordinates": [
          -78.319829,
          38.643087
        ]
      }
    },
    {
      "type": "Feature",
      "properties": {
        "sample_id": "elev-va-1mi-465",
        "trail": "Appalachian Trail",
        "route_id": "at-mvp2-va-damascus-harpers-ferry-open-2026",
        "mile_nobo_global_est": 924,
        "mile_nobo_va": 465,
        "mile_sobo_va": 82,
        "lat": 38.650736,
        "lon": -78.314162,
        "interval_miles": 1,
        "elevation_ft": 3079.9,
        "source_id": "usgs_3dep",
        "source_url": "https://epqs.nationalmap.gov/v1/json",
        "source": "USGS Elevation Point Query Service, interpolated from 3DEP dynamic elevation service",
        "source_license": "public_domain",
        "license_status": "public_domain",
        "attribution": "Data available from U.S. Geological Survey, 3D Elevation Program.",
        "confidence": "model_derived_topographic_estimate",
        "last_checked": "2026-05-14",
        "last_generated": "2026-05-14",
        "ai_answer_rule": "Describe as model-derived USGS 3DEP elevation sampled along Scout open route geometry; values may differ from guidebook profiles or surveyed summits."
      },
      "geometry": {
        "type": "Point",
        "coordinates": [
          -78.314162,
          38.650736
        ]
      }
    },
    {
      "type": "Feature",
      "properties": {
        "sample_id": "elev-va-1mi-466",
        "trail": "Appalachian Trail",
        "route_id": "at-mvp2-va-damascus-harpers-ferry-open-2026",
        "mile_nobo_global_est": 925,
        "mile_nobo_va": 466,
        "mile_sobo_va": 81,
        "lat": 38.657921,
        "lon": -78.319952,
        "interval_miles": 1,
        "elevation_ft": 2461.4,
        "source_id": "usgs_3dep",
        "source_url": "https://epqs.nationalmap.gov/v1/json",
        "source": "USGS Elevation Point Query Service, interpolated from 3DEP dynamic elevation service",
        "source_license": "public_domain",
        "license_status": "public_domain",
        "attribution": "Data available from U.S. Geological Survey, 3D Elevation Program.",
        "confidence": "model_derived_topographic_estimate",
        "last_checked": "2026-05-14",
        "last_generated": "2026-05-14",
        "ai_answer_rule": "Describe as model-derived USGS 3DEP elevation sampled along Scout open route geometry; values may differ from guidebook profiles or surveyed summits."
      },
      "geometry": {
        "type": "Point",
        "coordinates": [
          -78.319952,
          38.657921
        ]
      }
    },
    {
      "type": "Feature",
      "properties": {
        "sample_id": "elev-va-1mi-467",
        "trail": "Appalachian Trail",
        "route_id": "at-mvp2-va-damascus-harpers-ferry-open-2026",
        "mile_nobo_global_est": 926,
        "mile_nobo_va": 467,
        "mile_sobo_va": 80,
        "lat": 38.668556,
        "lon": -78.320559,
        "interval_miles": 1,
        "elevation_ft": 2583.6,
        "source_id": "usgs_3dep",
        "source_url": "https://epqs.nationalmap.gov/v1/json",
        "source": "USGS Elevation Point Query Service, interpolated from 3DEP dynamic elevation service",
        "source_license": "public_domain",
        "license_status": "public_domain",
        "attribution": "Data available from U.S. Geological Survey, 3D Elevation Program.",
        "confidence": "model_derived_topographic_estimate",
        "last_checked": "2026-05-14",
        "last_generated": "2026-05-14",
        "ai_answer_rule": "Describe as model-derived USGS 3DEP elevation sampled along Scout open route geometry; values may differ from guidebook profiles or surveyed summits."
      },
      "geometry": {
        "type": "Point",
        "coordinates": [
          -78.320559,
          38.668556
        ]
      }
    },
    {
      "type": "Feature",
      "properties": {
        "sample_id": "elev-va-1mi-468",
        "trail": "Appalachian Trail",
        "route_id": "at-mvp2-va-damascus-harpers-ferry-open-2026",
        "mile_nobo_global_est": 927,
        "mile_nobo_va": 468,
        "mile_sobo_va": 79,
        "lat": 38.679652,
        "lon": -78.31798,
        "interval_miles": 1,
        "elevation_ft": 2809.8,
        "source_id": "usgs_3dep",
        "source_url": "https://epqs.nationalmap.gov/v1/json",
        "source": "USGS Elevation Point Query Service, interpolated from 3DEP dynamic elevation service",
        "source_license": "public_domain",
        "license_status": "public_domain",
        "attribution": "Data available from U.S. Geological Survey, 3D Elevation Program.",
        "confidence": "model_derived_topographic_estimate",
        "last_checked": "2026-05-14",
        "last_generated": "2026-05-14",
        "ai_answer_rule": "Describe as model-derived USGS 3DEP elevation sampled along Scout open route geometry; values may differ from guidebook profiles or surveyed summits."
      },
      "geometry": {
        "type": "Point",
        "coordinates": [
          -78.31798,
          38.679652
        ]
      }
    },
    {
      "type": "Feature",
      "properties": {
        "sample_id": "elev-va-1mi-469",
        "trail": "Appalachian Trail",
        "route_id": "at-mvp2-va-damascus-harpers-ferry-open-2026",
        "mile_nobo_global_est": 928,
        "mile_nobo_va": 469,
        "mile_sobo_va": 78,
        "lat": 38.690272,
        "lon": -78.315885,
        "interval_miles": 1,
        "elevation_ft": 2773.6,
        "source_id": "usgs_3dep",
        "source_url": "https://epqs.nationalmap.gov/v1/json",
        "source": "USGS Elevation Point Query Service, interpolated from 3DEP dynamic elevation service",
        "source_license": "public_domain",
        "license_status": "public_domain",
        "attribution": "Data available from U.S. Geological Survey, 3D Elevation Program.",
        "confidence": "model_derived_topographic_estimate",
        "last_checked": "2026-05-14",
        "last_generated": "2026-05-14",
        "ai_answer_rule": "Describe as model-derived USGS 3DEP elevation sampled along Scout open route geometry; values may differ from guidebook profiles or surveyed summits."
      },
      "geometry": {
        "type": "Point",
        "coordinates": [
          -78.315885,
          38.690272
        ]
      }
    },
    {
      "type": "Feature",
      "properties": {
        "sample_id": "elev-va-1mi-470",
        "trail": "Appalachian Trail",
        "route_id": "at-mvp2-va-damascus-harpers-ferry-open-2026",
        "mile_nobo_global_est": 929,
        "mile_nobo_va": 470,
        "mile_sobo_va": 77,
        "lat": 38.697563,
        "lon": -78.324449,
        "interval_miles": 1,
        "elevation_ft": 2483.9,
        "source_id": "usgs_3dep",
        "source_url": "https://epqs.nationalmap.gov/v1/json",
        "source": "USGS Elevation Point Query Service, interpolated from 3DEP dynamic elevation service",
        "source_license": "public_domain",
        "license_status": "public_domain",
        "attribution": "Data available from U.S. Geological Survey, 3D Elevation Program.",
        "confidence": "model_derived_topographic_estimate",
        "last_checked": "2026-05-14",
        "last_generated": "2026-05-14",
        "ai_answer_rule": "Describe as model-derived USGS 3DEP elevation sampled along Scout open route geometry; values may differ from guidebook profiles or surveyed summits."
      },
      "geometry": {
        "type": "Point",
        "coordinates": [
          -78.324449,
          38.697563
        ]
      }
    },
    {
      "type": "Feature",
      "properties": {
        "sample_id": "elev-va-1mi-471",
        "trail": "Appalachian Trail",
        "route_id": "at-mvp2-va-damascus-harpers-ferry-open-2026",
        "mile_nobo_global_est": 930,
        "mile_nobo_va": 471,
        "mile_sobo_va": 76,
        "lat": 38.707269,
        "lon": -78.331714,
        "interval_miles": 1,
        "elevation_ft": 2423.5,
        "source_id": "usgs_3dep",
        "source_url": "https://epqs.nationalmap.gov/v1/json",
        "source": "USGS Elevation Point Query Service, interpolated from 3DEP dynamic elevation service",
        "source_license": "public_domain",
        "license_status": "public_domain",
        "attribution": "Data available from U.S. Geological Survey, 3D Elevation Program.",
        "confidence": "model_derived_topographic_estimate",
        "last_checked": "2026-05-14",
        "last_generated": "2026-05-14",
        "ai_answer_rule": "Describe as model-derived USGS 3DEP elevation sampled along Scout open route geometry; values may differ from guidebook profiles or surveyed summits."
      },
      "geometry": {
        "type": "Point",
        "coordinates": [
          -78.331714,
          38.707269
        ]
      }
    },
    {
      "type": "Feature",
      "properties": {
        "sample_id": "elev-va-1mi-472",
        "trail": "Appalachian Trail",
        "route_id": "at-mvp2-va-damascus-harpers-ferry-open-2026",
        "mile_nobo_global_est": 931,
        "mile_nobo_va": 472,
        "mile_sobo_va": 75,
        "lat": 38.719824,
        "lon": -78.325443,
        "interval_miles": 1,
        "elevation_ft": 2523.4,
        "source_id": "usgs_3dep",
        "source_url": "https://epqs.nationalmap.gov/v1/json",
        "source": "USGS Elevation Point Query Service, interpolated from 3DEP dynamic elevation service",
        "source_license": "public_domain",
        "license_status": "public_domain",
        "attribution": "Data available from U.S. Geological Survey, 3D Elevation Program.",
        "confidence": "model_derived_topographic_estimate",
        "last_checked": "2026-05-14",
        "last_generated": "2026-05-14",
        "ai_answer_rule": "Describe as model-derived USGS 3DEP elevation sampled along Scout open route geometry; values may differ from guidebook profiles or surveyed summits."
      },
      "geometry": {
        "type": "Point",
        "coordinates": [
          -78.325443,
          38.719824
        ]
      }
    },
    {
      "type": "Feature",
      "properties": {
        "sample_id": "elev-va-1mi-473",
        "trail": "Appalachian Trail",
        "route_id": "at-mvp2-va-damascus-harpers-ferry-open-2026",
        "mile_nobo_global_est": 932,
        "mile_nobo_va": 473,
        "mile_sobo_va": 74,
        "lat": 38.733117,
        "lon": -78.321123,
        "interval_miles": 1,
        "elevation_ft": 2751.7,
        "source_id": "usgs_3dep",
        "source_url": "https://epqs.nationalmap.gov/v1/json",
        "source": "USGS Elevation Point Query Service, interpolated from 3DEP dynamic elevation service",
        "source_license": "public_domain",
        "license_status": "public_domain",
        "attribution": "Data available from U.S. Geological Survey, 3D Elevation Program.",
        "confidence": "model_derived_topographic_estimate",
        "last_checked": "2026-05-14",
        "last_generated": "2026-05-14",
        "ai_answer_rule": "Describe as model-derived USGS 3DEP elevation sampled along Scout open route geometry; values may differ from guidebook profiles or surveyed summits."
      },
      "geometry": {
        "type": "Point",
        "coordinates": [
          -78.321123,
          38.733117
        ]
      }
    },
    {
      "type": "Feature",
      "properties": {
        "sample_id": "elev-va-1mi-474",
        "trail": "Appalachian Trail",
        "route_id": "at-mvp2-va-damascus-harpers-ferry-open-2026",
        "mile_nobo_global_est": 933,
        "mile_nobo_va": 474,
        "mile_sobo_va": 73,
        "lat": 38.74323,
        "lon": -78.318866,
        "interval_miles": 1,
        "elevation_ft": 2364.4,
        "source_id": "usgs_3dep",
        "source_url": "https://epqs.nationalmap.gov/v1/json",
        "source": "USGS Elevation Point Query Service, interpolated from 3DEP dynamic elevation service",
        "source_license": "public_domain",
        "license_status": "public_domain",
        "attribution": "Data available from U.S. Geological Survey, 3D Elevation Program.",
        "confidence": "model_derived_topographic_estimate",
        "last_checked": "2026-05-14",
        "last_generated": "2026-05-14",
        "ai_answer_rule": "Describe as model-derived USGS 3DEP elevation sampled along Scout open route geometry; values may differ from guidebook profiles or surveyed summits."
      },
      "geometry": {
        "type": "Point",
        "coordinates": [
          -78.318866,
          38.74323
        ]
      }
    },
    {
      "type": "Feature",
      "properties": {
        "sample_id": "elev-va-1mi-475",
        "trail": "Appalachian Trail",
        "route_id": "at-mvp2-va-damascus-harpers-ferry-open-2026",
        "mile_nobo_global_est": 934,
        "mile_nobo_va": 475,
        "mile_sobo_va": 72,
        "lat": 38.738616,
        "lon": -78.305991,
        "interval_miles": 1,
        "elevation_ft": 2547.7,
        "source_id": "usgs_3dep",
        "source_url": "https://epqs.nationalmap.gov/v1/json",
        "source": "USGS Elevation Point Query Service, interpolated from 3DEP dynamic elevation service",
        "source_license": "public_domain",
        "license_status": "public_domain",
        "attribution": "Data available from U.S. Geological Survey, 3D Elevation Program.",
        "confidence": "model_derived_topographic_estimate",
        "last_checked": "2026-05-14",
        "last_generated": "2026-05-14",
        "ai_answer_rule": "Describe as model-derived USGS 3DEP elevation sampled along Scout open route geometry; values may differ from guidebook profiles or surveyed summits."
      },
      "geometry": {
        "type": "Point",
        "coordinates": [
          -78.305991,
          38.738616
        ]
      }
    },
    {
      "type": "Feature",
      "properties": {
        "sample_id": "elev-va-1mi-476",
        "trail": "Appalachian Trail",
        "route_id": "at-mvp2-va-damascus-harpers-ferry-open-2026",
        "mile_nobo_global_est": 935,
        "mile_nobo_va": 476,
        "mile_sobo_va": 71,
        "lat": 38.747507,
        "lon": -78.294541,
        "interval_miles": 1,
        "elevation_ft": 2981.9,
        "source_id": "usgs_3dep",
        "source_url": "https://epqs.nationalmap.gov/v1/json",
        "source": "USGS Elevation Point Query Service, interpolated from 3DEP dynamic elevation service",
        "source_license": "public_domain",
        "license_status": "public_domain",
        "attribution": "Data available from U.S. Geological Survey, 3D Elevation Program.",
        "confidence": "model_derived_topographic_estimate",
        "last_checked": "2026-05-14",
        "last_generated": "2026-05-14",
        "ai_answer_rule": "Describe as model-derived USGS 3DEP elevation sampled along Scout open route geometry; values may differ from guidebook profiles or surveyed summits."
      },
      "geometry": {
        "type": "Point",
        "coordinates": [
          -78.294541,
          38.747507
        ]
      }
    },
    {
      "type": "Feature",
      "properties": {
        "sample_id": "elev-va-1mi-477",
        "trail": "Appalachian Trail",
        "route_id": "at-mvp2-va-damascus-harpers-ferry-open-2026",
        "mile_nobo_global_est": 936,
        "mile_nobo_va": 477,
        "mile_sobo_va": 70,
        "lat": 38.757338,
        "lon": -78.286401,
        "interval_miles": 1,
        "elevation_ft": 3384.9,
        "source_id": "usgs_3dep",
        "source_url": "https://epqs.nationalmap.gov/v1/json",
        "source": "USGS Elevation Point Query Service, interpolated from 3DEP dynamic elevation service",
        "source_license": "public_domain",
        "license_status": "public_domain",
        "attribution": "Data available from U.S. Geological Survey, 3D Elevation Program.",
        "confidence": "model_derived_topographic_estimate",
        "last_checked": "2026-05-14",
        "last_generated": "2026-05-14",
        "ai_answer_rule": "Describe as model-derived USGS 3DEP elevation sampled along Scout open route geometry; values may differ from guidebook profiles or surveyed summits."
      },
      "geometry": {
        "type": "Point",
        "coordinates": [
          -78.286401,
          38.757338
        ]
      }
    },
    {
      "type": "Feature",
      "properties": {
        "sample_id": "elev-va-1mi-478",
        "trail": "Appalachian Trail",
        "route_id": "at-mvp2-va-damascus-harpers-ferry-open-2026",
        "mile_nobo_global_est": 937,
        "mile_nobo_va": 478,
        "mile_sobo_va": 69,
        "lat": 38.7613,
        "lon": -78.273254,
        "interval_miles": 1,
        "elevation_ft": 3404.1,
        "source_id": "usgs_3dep",
        "source_url": "https://epqs.nationalmap.gov/v1/json",
        "source": "USGS Elevation Point Query Service, interpolated from 3DEP dynamic elevation service",
        "source_license": "public_domain",
        "license_status": "public_domain",
        "attribution": "Data available from U.S. Geological Survey, 3D Elevation Program.",
        "confidence": "model_derived_topographic_estimate",
        "last_checked": "2026-05-14",
        "last_generated": "2026-05-14",
        "ai_answer_rule": "Describe as model-derived USGS 3DEP elevation sampled along Scout open route geometry; values may differ from guidebook profiles or surveyed summits."
      },
      "geometry": {
        "type": "Point",
        "coordinates": [
          -78.273254,
          38.7613
        ]
      }
    },
    {
      "type": "Feature",
      "properties": {
        "sample_id": "elev-va-1mi-479",
        "trail": "Appalachian Trail",
        "route_id": "at-mvp2-va-damascus-harpers-ferry-open-2026",
        "mile_nobo_global_est": 938,
        "mile_nobo_va": 479,
        "mile_sobo_va": 68,
        "lat": 38.759184,
        "lon": -78.261114,
        "interval_miles": 1,
        "elevation_ft": 3069,
        "source_id": "usgs_3dep",
        "source_url": "https://epqs.nationalmap.gov/v1/json",
        "source": "USGS Elevation Point Query Service, interpolated from 3DEP dynamic elevation service",
        "source_license": "public_domain",
        "license_status": "public_domain",
        "attribution": "Data available from U.S. Geological Survey, 3D Elevation Program.",
        "confidence": "model_derived_topographic_estimate",
        "last_checked": "2026-05-14",
        "last_generated": "2026-05-14",
        "ai_answer_rule": "Describe as model-derived USGS 3DEP elevation sampled along Scout open route geometry; values may differ from guidebook profiles or surveyed summits."
      },
      "geometry": {
        "type": "Point",
        "coordinates": [
          -78.261114,
          38.759184
        ]
      }
    },
    {
      "type": "Feature",
      "properties": {
        "sample_id": "elev-va-1mi-480",
        "trail": "Appalachian Trail",
        "route_id": "at-mvp2-va-damascus-harpers-ferry-open-2026",
        "mile_nobo_global_est": 939,
        "mile_nobo_va": 480,
        "mile_sobo_va": 67,
        "lat": 38.760934,
        "lon": -78.244639,
        "interval_miles": 1,
        "elevation_ft": 2664.5,
        "source_id": "usgs_3dep",
        "source_url": "https://epqs.nationalmap.gov/v1/json",
        "source": "USGS Elevation Point Query Service, interpolated from 3DEP dynamic elevation service",
        "source_license": "public_domain",
        "license_status": "public_domain",
        "attribution": "Data available from U.S. Geological Survey, 3D Elevation Program.",
        "confidence": "model_derived_topographic_estimate",
        "last_checked": "2026-05-14",
        "last_generated": "2026-05-14",
        "ai_answer_rule": "Describe as model-derived USGS 3DEP elevation sampled along Scout open route geometry; values may differ from guidebook profiles or surveyed summits."
      },
      "geometry": {
        "type": "Point",
        "coordinates": [
          -78.244639,
          38.760934
        ]
      }
    },
    {
      "type": "Feature",
      "properties": {
        "sample_id": "elev-va-1mi-481",
        "trail": "Appalachian Trail",
        "route_id": "at-mvp2-va-damascus-harpers-ferry-open-2026",
        "mile_nobo_global_est": 940,
        "mile_nobo_va": 481,
        "mile_sobo_va": 66,
        "lat": 38.768298,
        "lon": -78.23162,
        "interval_miles": 1,
        "elevation_ft": 2711,
        "source_id": "usgs_3dep",
        "source_url": "https://epqs.nationalmap.gov/v1/json",
        "source": "USGS Elevation Point Query Service, interpolated from 3DEP dynamic elevation service",
        "source_license": "public_domain",
        "license_status": "public_domain",
        "attribution": "Data available from U.S. Geological Survey, 3D Elevation Program.",
        "confidence": "model_derived_topographic_estimate",
        "last_checked": "2026-05-14",
        "last_generated": "2026-05-14",
        "ai_answer_rule": "Describe as model-derived USGS 3DEP elevation sampled along Scout open route geometry; values may differ from guidebook profiles or surveyed summits."
      },
      "geometry": {
        "type": "Point",
        "coordinates": [
          -78.23162,
          38.768298
        ]
      }
    },
    {
      "type": "Feature",
      "properties": {
        "sample_id": "elev-va-1mi-482",
        "trail": "Appalachian Trail",
        "route_id": "at-mvp2-va-damascus-harpers-ferry-open-2026",
        "mile_nobo_global_est": 941,
        "mile_nobo_va": 482,
        "mile_sobo_va": 65,
        "lat": 38.772188,
        "lon": -78.219606,
        "interval_miles": 1,
        "elevation_ft": 3204.9,
        "source_id": "usgs_3dep",
        "source_url": "https://epqs.nationalmap.gov/v1/json",
        "source": "USGS Elevation Point Query Service, interpolated from 3DEP dynamic elevation service",
        "source_license": "public_domain",
        "license_status": "public_domain",
        "attribution": "Data available from U.S. Geological Survey, 3D Elevation Program.",
        "confidence": "model_derived_topographic_estimate",
        "last_checked": "2026-05-14",
        "last_generated": "2026-05-14",
        "ai_answer_rule": "Describe as model-derived USGS 3DEP elevation sampled along Scout open route geometry; values may differ from guidebook profiles or surveyed summits."
      },
      "geometry": {
        "type": "Point",
        "coordinates": [
          -78.219606,
          38.772188
        ]
      }
    },
    {
      "type": "Feature",
      "properties": {
        "sample_id": "elev-va-1mi-483",
        "trail": "Appalachian Trail",
        "route_id": "at-mvp2-va-damascus-harpers-ferry-open-2026",
        "mile_nobo_global_est": 942,
        "mile_nobo_va": 483,
        "mile_sobo_va": 64,
        "lat": 38.775668,
        "lon": -78.20436,
        "interval_miles": 1,
        "elevation_ft": 3333.9,
        "source_id": "usgs_3dep",
        "source_url": "https://epqs.nationalmap.gov/v1/json",
        "source": "USGS Elevation Point Query Service, interpolated from 3DEP dynamic elevation service",
        "source_license": "public_domain",
        "license_status": "public_domain",
        "attribution": "Data available from U.S. Geological Survey, 3D Elevation Program.",
        "confidence": "model_derived_topographic_estimate",
        "last_checked": "2026-05-14",
        "last_generated": "2026-05-14",
        "ai_answer_rule": "Describe as model-derived USGS 3DEP elevation sampled along Scout open route geometry; values may differ from guidebook profiles or surveyed summits."
      },
      "geometry": {
        "type": "Point",
        "coordinates": [
          -78.20436,
          38.775668
        ]
      }
    },
    {
      "type": "Feature",
      "properties": {
        "sample_id": "elev-va-1mi-484",
        "trail": "Appalachian Trail",
        "route_id": "at-mvp2-va-damascus-harpers-ferry-open-2026",
        "mile_nobo_global_est": 943,
        "mile_nobo_va": 484,
        "mile_sobo_va": 63,
        "lat": 38.78413,
        "lon": -78.194138,
        "interval_miles": 1,
        "elevation_ft": 2955,
        "source_id": "usgs_3dep",
        "source_url": "https://epqs.nationalmap.gov/v1/json",
        "source": "USGS Elevation Point Query Service, interpolated from 3DEP dynamic elevation service",
        "source_license": "public_domain",
        "license_status": "public_domain",
        "attribution": "Data available from U.S. Geological Survey, 3D Elevation Program.",
        "confidence": "model_derived_topographic_estimate",
        "last_checked": "2026-05-14",
        "last_generated": "2026-05-14",
        "ai_answer_rule": "Describe as model-derived USGS 3DEP elevation sampled along Scout open route geometry; values may differ from guidebook profiles or surveyed summits."
      },
      "geometry": {
        "type": "Point",
        "coordinates": [
          -78.194138,
          38.78413
        ]
      }
    },
    {
      "type": "Feature",
      "properties": {
        "sample_id": "elev-va-1mi-485",
        "trail": "Appalachian Trail",
        "route_id": "at-mvp2-va-damascus-harpers-ferry-open-2026",
        "mile_nobo_global_est": 944,
        "mile_nobo_va": 485,
        "mile_sobo_va": 62,
        "lat": 38.793532,
        "lon": -78.184401,
        "interval_miles": 1,
        "elevation_ft": 2766.1,
        "source_id": "usgs_3dep",
        "source_url": "https://epqs.nationalmap.gov/v1/json",
        "source": "USGS Elevation Point Query Service, interpolated from 3DEP dynamic elevation service",
        "source_license": "public_domain",
        "license_status": "public_domain",
        "attribution": "Data available from U.S. Geological Survey, 3D Elevation Program.",
        "confidence": "model_derived_topographic_estimate",
        "last_checked": "2026-05-14",
        "last_generated": "2026-05-14",
        "ai_answer_rule": "Describe as model-derived USGS 3DEP elevation sampled along Scout open route geometry; values may differ from guidebook profiles or surveyed summits."
      },
      "geometry": {
        "type": "Point",
        "coordinates": [
          -78.184401,
          38.793532
        ]
      }
    },
    {
      "type": "Feature",
      "properties": {
        "sample_id": "elev-va-1mi-486",
        "trail": "Appalachian Trail",
        "route_id": "at-mvp2-va-damascus-harpers-ferry-open-2026",
        "mile_nobo_global_est": 945,
        "mile_nobo_va": 486,
        "mile_sobo_va": 61,
        "lat": 38.803414,
        "lon": -78.180811,
        "interval_miles": 1,
        "elevation_ft": 2505.7,
        "source_id": "usgs_3dep",
        "source_url": "https://epqs.nationalmap.gov/v1/json",
        "source": "USGS Elevation Point Query Service, interpolated from 3DEP dynamic elevation service",
        "source_license": "public_domain",
        "license_status": "public_domain",
        "attribution": "Data available from U.S. Geological Survey, 3D Elevation Program.",
        "confidence": "model_derived_topographic_estimate",
        "last_checked": "2026-05-14",
        "last_generated": "2026-05-14",
        "ai_answer_rule": "Describe as model-derived USGS 3DEP elevation sampled along Scout open route geometry; values may differ from guidebook profiles or surveyed summits."
      },
      "geometry": {
        "type": "Point",
        "coordinates": [
          -78.180811,
          38.803414
        ]
      }
    },
    {
      "type": "Feature",
      "properties": {
        "sample_id": "elev-va-1mi-487",
        "trail": "Appalachian Trail",
        "route_id": "at-mvp2-va-damascus-harpers-ferry-open-2026",
        "mile_nobo_global_est": 946,
        "mile_nobo_va": 487,
        "mile_sobo_va": 60,
        "lat": 38.81447,
        "lon": -78.17799,
        "interval_miles": 1,
        "elevation_ft": 2588.7,
        "source_id": "usgs_3dep",
        "source_url": "https://epqs.nationalmap.gov/v1/json",
        "source": "USGS Elevation Point Query Service, interpolated from 3DEP dynamic elevation service",
        "source_license": "public_domain",
        "license_status": "public_domain",
        "attribution": "Data available from U.S. Geological Survey, 3D Elevation Program.",
        "confidence": "model_derived_topographic_estimate",
        "last_checked": "2026-05-14",
        "last_generated": "2026-05-14",
        "ai_answer_rule": "Describe as model-derived USGS 3DEP elevation sampled along Scout open route geometry; values may differ from guidebook profiles or surveyed summits."
      },
      "geometry": {
        "type": "Point",
        "coordinates": [
          -78.17799,
          38.81447
        ]
      }
    },
    {
      "type": "Feature",
      "properties": {
        "sample_id": "elev-va-1mi-488",
        "trail": "Appalachian Trail",
        "route_id": "at-mvp2-va-damascus-harpers-ferry-open-2026",
        "mile_nobo_global_est": 947,
        "mile_nobo_va": 488,
        "mile_sobo_va": 59,
        "lat": 38.820531,
        "lon": -78.172018,
        "interval_miles": 1,
        "elevation_ft": 2664.1,
        "source_id": "usgs_3dep",
        "source_url": "https://epqs.nationalmap.gov/v1/json",
        "source": "USGS Elevation Point Query Service, interpolated from 3DEP dynamic elevation service",
        "source_license": "public_domain",
        "license_status": "public_domain",
        "attribution": "Data available from U.S. Geological Survey, 3D Elevation Program.",
        "confidence": "model_derived_topographic_estimate",
        "last_checked": "2026-05-14",
        "last_generated": "2026-05-14",
        "ai_answer_rule": "Describe as model-derived USGS 3DEP elevation sampled along Scout open route geometry; values may differ from guidebook profiles or surveyed summits."
      },
      "geometry": {
        "type": "Point",
        "coordinates": [
          -78.172018,
          38.820531
        ]
      }
    },
    {
      "type": "Feature",
      "properties": {
        "sample_id": "elev-va-1mi-489",
        "trail": "Appalachian Trail",
        "route_id": "at-mvp2-va-damascus-harpers-ferry-open-2026",
        "mile_nobo_global_est": 948,
        "mile_nobo_va": 489,
        "mile_sobo_va": 58,
        "lat": 38.832341,
        "lon": -78.167146,
        "interval_miles": 1,
        "elevation_ft": 2501,
        "source_id": "usgs_3dep",
        "source_url": "https://epqs.nationalmap.gov/v1/json",
        "source": "USGS Elevation Point Query Service, interpolated from 3DEP dynamic elevation service",
        "source_license": "public_domain",
        "license_status": "public_domain",
        "attribution": "Data available from U.S. Geological Survey, 3D Elevation Program.",
        "confidence": "model_derived_topographic_estimate",
        "last_checked": "2026-05-14",
        "last_generated": "2026-05-14",
        "ai_answer_rule": "Describe as model-derived USGS 3DEP elevation sampled along Scout open route geometry; values may differ from guidebook profiles or surveyed summits."
      },
      "geometry": {
        "type": "Point",
        "coordinates": [
          -78.167146,
          38.832341
        ]
      }
    },
    {
      "type": "Feature",
      "properties": {
        "sample_id": "elev-va-1mi-490",
        "trail": "Appalachian Trail",
        "route_id": "at-mvp2-va-damascus-harpers-ferry-open-2026",
        "mile_nobo_global_est": 949,
        "mile_nobo_va": 490,
        "mile_sobo_va": 57,
        "lat": 38.84444,
        "lon": -78.159325,
        "interval_miles": 1,
        "elevation_ft": 2362.2,
        "source_id": "usgs_3dep",
        "source_url": "https://epqs.nationalmap.gov/v1/json",
        "source": "USGS Elevation Point Query Service, interpolated from 3DEP dynamic elevation service",
        "source_license": "public_domain",
        "license_status": "public_domain",
        "attribution": "Data available from U.S. Geological Survey, 3D Elevation Program.",
        "confidence": "model_derived_topographic_estimate",
        "last_checked": "2026-05-14",
        "last_generated": "2026-05-14",
        "ai_answer_rule": "Describe as model-derived USGS 3DEP elevation sampled along Scout open route geometry; values may differ from guidebook profiles or surveyed summits."
      },
      "geometry": {
        "type": "Point",
        "coordinates": [
          -78.159325,
          38.84444
        ]
      }
    },
    {
      "type": "Feature",
      "properties": {
        "sample_id": "elev-va-1mi-491",
        "trail": "Appalachian Trail",
        "route_id": "at-mvp2-va-damascus-harpers-ferry-open-2026",
        "mile_nobo_global_est": 950,
        "mile_nobo_va": 491,
        "mile_sobo_va": 56,
        "lat": 38.851464,
        "lon": -78.163575,
        "interval_miles": 1,
        "elevation_ft": 1886.4,
        "source_id": "usgs_3dep",
        "source_url": "https://epqs.nationalmap.gov/v1/json",
        "source": "USGS Elevation Point Query Service, interpolated from 3DEP dynamic elevation service",
        "source_license": "public_domain",
        "license_status": "public_domain",
        "attribution": "Data available from U.S. Geological Survey, 3D Elevation Program.",
        "confidence": "model_derived_topographic_estimate",
        "last_checked": "2026-05-14",
        "last_generated": "2026-05-14",
        "ai_answer_rule": "Describe as model-derived USGS 3DEP elevation sampled along Scout open route geometry; values may differ from guidebook profiles or surveyed summits."
      },
      "geometry": {
        "type": "Point",
        "coordinates": [
          -78.163575,
          38.851464
        ]
      }
    },
    {
      "type": "Feature",
      "properties": {
        "sample_id": "elev-va-1mi-492",
        "trail": "Appalachian Trail",
        "route_id": "at-mvp2-va-damascus-harpers-ferry-open-2026",
        "mile_nobo_global_est": 951,
        "mile_nobo_va": 492,
        "mile_sobo_va": 55,
        "lat": 38.859096,
        "lon": -78.165616,
        "interval_miles": 1,
        "elevation_ft": 1236.7,
        "source_id": "usgs_3dep",
        "source_url": "https://epqs.nationalmap.gov/v1/json",
        "source": "USGS Elevation Point Query Service, interpolated from 3DEP dynamic elevation service",
        "source_license": "public_domain",
        "license_status": "public_domain",
        "attribution": "Data available from U.S. Geological Survey, 3D Elevation Program.",
        "confidence": "model_derived_topographic_estimate",
        "last_checked": "2026-05-14",
        "last_generated": "2026-05-14",
        "ai_answer_rule": "Describe as model-derived USGS 3DEP elevation sampled along Scout open route geometry; values may differ from guidebook profiles or surveyed summits."
      },
      "geometry": {
        "type": "Point",
        "coordinates": [
          -78.165616,
          38.859096
        ]
      }
    },
    {
      "type": "Feature",
      "properties": {
        "sample_id": "elev-va-1mi-493",
        "trail": "Appalachian Trail",
        "route_id": "at-mvp2-va-damascus-harpers-ferry-open-2026",
        "mile_nobo_global_est": 952,
        "mile_nobo_va": 493,
        "mile_sobo_va": 54,
        "lat": 38.868959,
        "lon": -78.157425,
        "interval_miles": 1,
        "elevation_ft": 1309.7,
        "source_id": "usgs_3dep",
        "source_url": "https://epqs.nationalmap.gov/v1/json",
        "source": "USGS Elevation Point Query Service, interpolated from 3DEP dynamic elevation service",
        "source_license": "public_domain",
        "license_status": "public_domain",
        "attribution": "Data available from U.S. Geological Survey, 3D Elevation Program.",
        "confidence": "model_derived_topographic_estimate",
        "last_checked": "2026-05-14",
        "last_generated": "2026-05-14",
        "ai_answer_rule": "Describe as model-derived USGS 3DEP elevation sampled along Scout open route geometry; values may differ from guidebook profiles or surveyed summits."
      },
      "geometry": {
        "type": "Point",
        "coordinates": [
          -78.157425,
          38.868959
        ]
      }
    },
    {
      "type": "Feature",
      "properties": {
        "sample_id": "elev-va-1mi-494",
        "trail": "Appalachian Trail",
        "route_id": "at-mvp2-va-damascus-harpers-ferry-open-2026",
        "mile_nobo_global_est": 953,
        "mile_nobo_va": 494,
        "mile_sobo_va": 53,
        "lat": 38.876166,
        "lon": -78.146781,
        "interval_miles": 1,
        "elevation_ft": 974.1,
        "source_id": "usgs_3dep",
        "source_url": "https://epqs.nationalmap.gov/v1/json",
        "source": "USGS Elevation Point Query Service, interpolated from 3DEP dynamic elevation service",
        "source_license": "public_domain",
        "license_status": "public_domain",
        "attribution": "Data available from U.S. Geological Survey, 3D Elevation Program.",
        "confidence": "model_derived_topographic_estimate",
        "last_checked": "2026-05-14",
        "last_generated": "2026-05-14",
        "ai_answer_rule": "Describe as model-derived USGS 3DEP elevation sampled along Scout open route geometry; values may differ from guidebook profiles or surveyed summits."
      },
      "geometry": {
        "type": "Point",
        "coordinates": [
          -78.146781,
          38.876166
        ]
      }
    },
    {
      "type": "Feature",
      "properties": {
        "sample_id": "elev-va-1mi-495",
        "trail": "Appalachian Trail",
        "route_id": "at-mvp2-va-damascus-harpers-ferry-open-2026",
        "mile_nobo_global_est": 954,
        "mile_nobo_va": 495,
        "mile_sobo_va": 52,
        "lat": 38.877744,
        "lon": -78.130666,
        "interval_miles": 1,
        "elevation_ft": 1217.7,
        "source_id": "usgs_3dep",
        "source_url": "https://epqs.nationalmap.gov/v1/json",
        "source": "USGS Elevation Point Query Service, interpolated from 3DEP dynamic elevation service",
        "source_license": "public_domain",
        "license_status": "public_domain",
        "attribution": "Data available from U.S. Geological Survey, 3D Elevation Program.",
        "confidence": "model_derived_topographic_estimate",
        "last_checked": "2026-05-14",
        "last_generated": "2026-05-14",
        "ai_answer_rule": "Describe as model-derived USGS 3DEP elevation sampled along Scout open route geometry; values may differ from guidebook profiles or surveyed summits."
      },
      "geometry": {
        "type": "Point",
        "coordinates": [
          -78.130666,
          38.877744
        ]
      }
    },
    {
      "type": "Feature",
      "properties": {
        "sample_id": "elev-va-1mi-496",
        "trail": "Appalachian Trail",
        "route_id": "at-mvp2-va-damascus-harpers-ferry-open-2026",
        "mile_nobo_global_est": 955,
        "mile_nobo_va": 496,
        "mile_sobo_va": 51,
        "lat": 38.881605,
        "lon": -78.119395,
        "interval_miles": 1,
        "elevation_ft": 1835.6,
        "source_id": "usgs_3dep",
        "source_url": "https://epqs.nationalmap.gov/v1/json",
        "source": "USGS Elevation Point Query Service, interpolated from 3DEP dynamic elevation service",
        "source_license": "public_domain",
        "license_status": "public_domain",
        "attribution": "Data available from U.S. Geological Survey, 3D Elevation Program.",
        "confidence": "model_derived_topographic_estimate",
        "last_checked": "2026-05-14",
        "last_generated": "2026-05-14",
        "ai_answer_rule": "Describe as model-derived USGS 3DEP elevation sampled along Scout open route geometry; values may differ from guidebook profiles or surveyed summits."
      },
      "geometry": {
        "type": "Point",
        "coordinates": [
          -78.119395,
          38.881605
        ]
      }
    },
    {
      "type": "Feature",
      "properties": {
        "sample_id": "elev-va-1mi-497",
        "trail": "Appalachian Trail",
        "route_id": "at-mvp2-va-damascus-harpers-ferry-open-2026",
        "mile_nobo_global_est": 956,
        "mile_nobo_va": 497,
        "mile_sobo_va": 50,
        "lat": 38.880216,
        "lon": -78.103942,
        "interval_miles": 1,
        "elevation_ft": 1761.5,
        "source_id": "usgs_3dep",
        "source_url": "https://epqs.nationalmap.gov/v1/json",
        "source": "USGS Elevation Point Query Service, interpolated from 3DEP dynamic elevation service",
        "source_license": "public_domain",
        "license_status": "public_domain",
        "attribution": "Data available from U.S. Geological Survey, 3D Elevation Program.",
        "confidence": "model_derived_topographic_estimate",
        "last_checked": "2026-05-14",
        "last_generated": "2026-05-14",
        "ai_answer_rule": "Describe as model-derived USGS 3DEP elevation sampled along Scout open route geometry; values may differ from guidebook profiles or surveyed summits."
      },
      "geometry": {
        "type": "Point",
        "coordinates": [
          -78.103942,
          38.880216
        ]
      }
    },
    {
      "type": "Feature",
      "properties": {
        "sample_id": "elev-va-1mi-498",
        "trail": "Appalachian Trail",
        "route_id": "at-mvp2-va-damascus-harpers-ferry-open-2026",
        "mile_nobo_global_est": 957,
        "mile_nobo_va": 498,
        "mile_sobo_va": 49,
        "lat": 38.887472,
        "lon": -78.091005,
        "interval_miles": 1,
        "elevation_ft": 1565.2,
        "source_id": "usgs_3dep",
        "source_url": "https://epqs.nationalmap.gov/v1/json",
        "source": "USGS Elevation Point Query Service, interpolated from 3DEP dynamic elevation service",
        "source_license": "public_domain",
        "license_status": "public_domain",
        "attribution": "Data available from U.S. Geological Survey, 3D Elevation Program.",
        "confidence": "model_derived_topographic_estimate",
        "last_checked": "2026-05-14",
        "last_generated": "2026-05-14",
        "ai_answer_rule": "Describe as model-derived USGS 3DEP elevation sampled along Scout open route geometry; values may differ from guidebook profiles or surveyed summits."
      },
      "geometry": {
        "type": "Point",
        "coordinates": [
          -78.091005,
          38.887472
        ]
      }
    },
    {
      "type": "Feature",
      "properties": {
        "sample_id": "elev-va-1mi-499",
        "trail": "Appalachian Trail",
        "route_id": "at-mvp2-va-damascus-harpers-ferry-open-2026",
        "mile_nobo_global_est": 958,
        "mile_nobo_va": 499,
        "mile_sobo_va": 48,
        "lat": 38.890834,
        "lon": -78.080266,
        "interval_miles": 1,
        "elevation_ft": 1291.5,
        "source_id": "usgs_3dep",
        "source_url": "https://epqs.nationalmap.gov/v1/json",
        "source": "USGS Elevation Point Query Service, interpolated from 3DEP dynamic elevation service",
        "source_license": "public_domain",
        "license_status": "public_domain",
        "attribution": "Data available from U.S. Geological Survey, 3D Elevation Program.",
        "confidence": "model_derived_topographic_estimate",
        "last_checked": "2026-05-14",
        "last_generated": "2026-05-14",
        "ai_answer_rule": "Describe as model-derived USGS 3DEP elevation sampled along Scout open route geometry; values may differ from guidebook profiles or surveyed summits."
      },
      "geometry": {
        "type": "Point",
        "coordinates": [
          -78.080266,
          38.890834
        ]
      }
    },
    {
      "type": "Feature",
      "properties": {
        "sample_id": "elev-va-1mi-500",
        "trail": "Appalachian Trail",
        "route_id": "at-mvp2-va-damascus-harpers-ferry-open-2026",
        "mile_nobo_global_est": 959,
        "mile_nobo_va": 500,
        "mile_sobo_va": 47,
        "lat": 38.898195,
        "lon": -78.070662,
        "interval_miles": 1,
        "elevation_ft": 1111.1,
        "source_id": "usgs_3dep",
        "source_url": "https://epqs.nationalmap.gov/v1/json",
        "source": "USGS Elevation Point Query Service, interpolated from 3DEP dynamic elevation service",
        "source_license": "public_domain",
        "license_status": "public_domain",
        "attribution": "Data available from U.S. Geological Survey, 3D Elevation Program.",
        "confidence": "model_derived_topographic_estimate",
        "last_checked": "2026-05-14",
        "last_generated": "2026-05-14",
        "ai_answer_rule": "Describe as model-derived USGS 3DEP elevation sampled along Scout open route geometry; values may differ from guidebook profiles or surveyed summits."
      },
      "geometry": {
        "type": "Point",
        "coordinates": [
          -78.070662,
          38.898195
        ]
      }
    },
    {
      "type": "Feature",
      "properties": {
        "sample_id": "elev-va-1mi-501",
        "trail": "Appalachian Trail",
        "route_id": "at-mvp2-va-damascus-harpers-ferry-open-2026",
        "mile_nobo_global_est": 960,
        "mile_nobo_va": 501,
        "mile_sobo_va": 46,
        "lat": 38.902155,
        "lon": -78.055877,
        "interval_miles": 1,
        "elevation_ft": 1351.6,
        "source_id": "usgs_3dep",
        "source_url": "https://epqs.nationalmap.gov/v1/json",
        "source": "USGS Elevation Point Query Service, interpolated from 3DEP dynamic elevation service",
        "source_license": "public_domain",
        "license_status": "public_domain",
        "attribution": "Data available from U.S. Geological Survey, 3D Elevation Program.",
        "confidence": "model_derived_topographic_estimate",
        "last_checked": "2026-05-14",
        "last_generated": "2026-05-14",
        "ai_answer_rule": "Describe as model-derived USGS 3DEP elevation sampled along Scout open route geometry; values may differ from guidebook profiles or surveyed summits."
      },
      "geometry": {
        "type": "Point",
        "coordinates": [
          -78.055877,
          38.902155
        ]
      }
    },
    {
      "type": "Feature",
      "properties": {
        "sample_id": "elev-va-1mi-502",
        "trail": "Appalachian Trail",
        "route_id": "at-mvp2-va-damascus-harpers-ferry-open-2026",
        "mile_nobo_global_est": 961,
        "mile_nobo_va": 502,
        "mile_sobo_va": 45,
        "lat": 38.911343,
        "lon": -78.053121,
        "interval_miles": 1,
        "elevation_ft": 811.6,
        "source_id": "usgs_3dep",
        "source_url": "https://epqs.nationalmap.gov/v1/json",
        "source": "USGS Elevation Point Query Service, interpolated from 3DEP dynamic elevation service",
        "source_license": "public_domain",
        "license_status": "public_domain",
        "attribution": "Data available from U.S. Geological Survey, 3D Elevation Program.",
        "confidence": "model_derived_topographic_estimate",
        "last_checked": "2026-05-14",
        "last_generated": "2026-05-14",
        "ai_answer_rule": "Describe as model-derived USGS 3DEP elevation sampled along Scout open route geometry; values may differ from guidebook profiles or surveyed summits."
      },
      "geometry": {
        "type": "Point",
        "coordinates": [
          -78.053121,
          38.911343
        ]
      }
    },
    {
      "type": "Feature",
      "properties": {
        "sample_id": "elev-va-1mi-503",
        "trail": "Appalachian Trail",
        "route_id": "at-mvp2-va-damascus-harpers-ferry-open-2026",
        "mile_nobo_global_est": 962,
        "mile_nobo_va": 503,
        "mile_sobo_va": 44,
        "lat": 38.920589,
        "lon": -78.047368,
        "interval_miles": 1,
        "elevation_ft": 1223.8,
        "source_id": "usgs_3dep",
        "source_url": "https://epqs.nationalmap.gov/v1/json",
        "source": "USGS Elevation Point Query Service, interpolated from 3DEP dynamic elevation service",
        "source_license": "public_domain",
        "license_status": "public_domain",
        "attribution": "Data available from U.S. Geological Survey, 3D Elevation Program.",
        "confidence": "model_derived_topographic_estimate",
        "last_checked": "2026-05-14",
        "last_generated": "2026-05-14",
        "ai_answer_rule": "Describe as model-derived USGS 3DEP elevation sampled along Scout open route geometry; values may differ from guidebook profiles or surveyed summits."
      },
      "geometry": {
        "type": "Point",
        "coordinates": [
          -78.047368,
          38.920589
        ]
      }
    },
    {
      "type": "Feature",
      "properties": {
        "sample_id": "elev-va-1mi-504",
        "trail": "Appalachian Trail",
        "route_id": "at-mvp2-va-damascus-harpers-ferry-open-2026",
        "mile_nobo_global_est": 963,
        "mile_nobo_va": 504,
        "mile_sobo_va": 43,
        "lat": 38.927566,
        "lon": -78.036347,
        "interval_miles": 1,
        "elevation_ft": 1717.7,
        "source_id": "usgs_3dep",
        "source_url": "https://epqs.nationalmap.gov/v1/json",
        "source": "USGS Elevation Point Query Service, interpolated from 3DEP dynamic elevation service",
        "source_license": "public_domain",
        "license_status": "public_domain",
        "attribution": "Data available from U.S. Geological Survey, 3D Elevation Program.",
        "confidence": "model_derived_topographic_estimate",
        "last_checked": "2026-05-14",
        "last_generated": "2026-05-14",
        "ai_answer_rule": "Describe as model-derived USGS 3DEP elevation sampled along Scout open route geometry; values may differ from guidebook profiles or surveyed summits."
      },
      "geometry": {
        "type": "Point",
        "coordinates": [
          -78.036347,
          38.927566
        ]
      }
    },
    {
      "type": "Feature",
      "properties": {
        "sample_id": "elev-va-1mi-505",
        "trail": "Appalachian Trail",
        "route_id": "at-mvp2-va-damascus-harpers-ferry-open-2026",
        "mile_nobo_global_est": 964,
        "mile_nobo_va": 505,
        "mile_sobo_va": 42,
        "lat": 38.939155,
        "lon": -78.033316,
        "interval_miles": 1,
        "elevation_ft": 1833.1,
        "source_id": "usgs_3dep",
        "source_url": "https://epqs.nationalmap.gov/v1/json",
        "source": "USGS Elevation Point Query Service, interpolated from 3DEP dynamic elevation service",
        "source_license": "public_domain",
        "license_status": "public_domain",
        "attribution": "Data available from U.S. Geological Survey, 3D Elevation Program.",
        "confidence": "model_derived_topographic_estimate",
        "last_checked": "2026-05-14",
        "last_generated": "2026-05-14",
        "ai_answer_rule": "Describe as model-derived USGS 3DEP elevation sampled along Scout open route geometry; values may differ from guidebook profiles or surveyed summits."
      },
      "geometry": {
        "type": "Point",
        "coordinates": [
          -78.033316,
          38.939155
        ]
      }
    },
    {
      "type": "Feature",
      "properties": {
        "sample_id": "elev-va-1mi-506",
        "trail": "Appalachian Trail",
        "route_id": "at-mvp2-va-damascus-harpers-ferry-open-2026",
        "mile_nobo_global_est": 965,
        "mile_nobo_va": 506,
        "mile_sobo_va": 41,
        "lat": 38.947921,
        "lon": -78.028473,
        "interval_miles": 1,
        "elevation_ft": 1967.2,
        "source_id": "usgs_3dep",
        "source_url": "https://epqs.nationalmap.gov/v1/json",
        "source": "USGS Elevation Point Query Service, interpolated from 3DEP dynamic elevation service",
        "source_license": "public_domain",
        "license_status": "public_domain",
        "attribution": "Data available from U.S. Geological Survey, 3D Elevation Program.",
        "confidence": "model_derived_topographic_estimate",
        "last_checked": "2026-05-14",
        "last_generated": "2026-05-14",
        "ai_answer_rule": "Describe as model-derived USGS 3DEP elevation sampled along Scout open route geometry; values may differ from guidebook profiles or surveyed summits."
      },
      "geometry": {
        "type": "Point",
        "coordinates": [
          -78.028473,
          38.947921
        ]
      }
    },
    {
      "type": "Feature",
      "properties": {
        "sample_id": "elev-va-1mi-507",
        "trail": "Appalachian Trail",
        "route_id": "at-mvp2-va-damascus-harpers-ferry-open-2026",
        "mile_nobo_global_est": 966,
        "mile_nobo_va": 507,
        "mile_sobo_va": 40,
        "lat": 38.957449,
        "lon": -78.016981,
        "interval_miles": 1,
        "elevation_ft": 1862.7,
        "source_id": "usgs_3dep",
        "source_url": "https://epqs.nationalmap.gov/v1/json",
        "source": "USGS Elevation Point Query Service, interpolated from 3DEP dynamic elevation service",
        "source_license": "public_domain",
        "license_status": "public_domain",
        "attribution": "Data available from U.S. Geological Survey, 3D Elevation Program.",
        "confidence": "model_derived_topographic_estimate",
        "last_checked": "2026-05-14",
        "last_generated": "2026-05-14",
        "ai_answer_rule": "Describe as model-derived USGS 3DEP elevation sampled along Scout open route geometry; values may differ from guidebook profiles or surveyed summits."
      },
      "geometry": {
        "type": "Point",
        "coordinates": [
          -78.016981,
          38.957449
        ]
      }
    },
    {
      "type": "Feature",
      "properties": {
        "sample_id": "elev-va-1mi-508",
        "trail": "Appalachian Trail",
        "route_id": "at-mvp2-va-damascus-harpers-ferry-open-2026",
        "mile_nobo_global_est": 967,
        "mile_nobo_va": 508,
        "mile_sobo_va": 39,
        "lat": 38.965499,
        "lon": -78.007607,
        "interval_miles": 1,
        "elevation_ft": 1847.8,
        "source_id": "usgs_3dep",
        "source_url": "https://epqs.nationalmap.gov/v1/json",
        "source": "USGS Elevation Point Query Service, interpolated from 3DEP dynamic elevation service",
        "source_license": "public_domain",
        "license_status": "public_domain",
        "attribution": "Data available from U.S. Geological Survey, 3D Elevation Program.",
        "confidence": "model_derived_topographic_estimate",
        "last_checked": "2026-05-14",
        "last_generated": "2026-05-14",
        "ai_answer_rule": "Describe as model-derived USGS 3DEP elevation sampled along Scout open route geometry; values may differ from guidebook profiles or surveyed summits."
      },
      "geometry": {
        "type": "Point",
        "coordinates": [
          -78.007607,
          38.965499
        ]
      }
    },
    {
      "type": "Feature",
      "properties": {
        "sample_id": "elev-va-1mi-509",
        "trail": "Appalachian Trail",
        "route_id": "at-mvp2-va-damascus-harpers-ferry-open-2026",
        "mile_nobo_global_est": 968,
        "mile_nobo_va": 509,
        "mile_sobo_va": 38,
        "lat": 38.972398,
        "lon": -77.998491,
        "interval_miles": 1,
        "elevation_ft": 1495.1,
        "source_id": "usgs_3dep",
        "source_url": "https://epqs.nationalmap.gov/v1/json",
        "source": "USGS Elevation Point Query Service, interpolated from 3DEP dynamic elevation service",
        "source_license": "public_domain",
        "license_status": "public_domain",
        "attribution": "Data available from U.S. Geological Survey, 3D Elevation Program.",
        "confidence": "model_derived_topographic_estimate",
        "last_checked": "2026-05-14",
        "last_generated": "2026-05-14",
        "ai_answer_rule": "Describe as model-derived USGS 3DEP elevation sampled along Scout open route geometry; values may differ from guidebook profiles or surveyed summits."
      },
      "geometry": {
        "type": "Point",
        "coordinates": [
          -77.998491,
          38.972398
        ]
      }
    },
    {
      "type": "Feature",
      "properties": {
        "sample_id": "elev-va-1mi-510",
        "trail": "Appalachian Trail",
        "route_id": "at-mvp2-va-damascus-harpers-ferry-open-2026",
        "mile_nobo_global_est": 969,
        "mile_nobo_va": 510,
        "mile_sobo_va": 37,
        "lat": 38.985603,
        "lon": -77.998289,
        "interval_miles": 1,
        "elevation_ft": 1842.6,
        "source_id": "usgs_3dep",
        "source_url": "https://epqs.nationalmap.gov/v1/json",
        "source": "USGS Elevation Point Query Service, interpolated from 3DEP dynamic elevation service",
        "source_license": "public_domain",
        "license_status": "public_domain",
        "attribution": "Data available from U.S. Geological Survey, 3D Elevation Program.",
        "confidence": "model_derived_topographic_estimate",
        "last_checked": "2026-05-14",
        "last_generated": "2026-05-14",
        "ai_answer_rule": "Describe as model-derived USGS 3DEP elevation sampled along Scout open route geometry; values may differ from guidebook profiles or surveyed summits."
      },
      "geometry": {
        "type": "Point",
        "coordinates": [
          -77.998289,
          38.985603
        ]
      }
    },
    {
      "type": "Feature",
      "properties": {
        "sample_id": "elev-va-1mi-511",
        "trail": "Appalachian Trail",
        "route_id": "at-mvp2-va-damascus-harpers-ferry-open-2026",
        "mile_nobo_global_est": 970,
        "mile_nobo_va": 511,
        "mile_sobo_va": 36,
        "lat": 38.995848,
        "lon": -77.99041,
        "interval_miles": 1,
        "elevation_ft": 1792,
        "source_id": "usgs_3dep",
        "source_url": "https://epqs.nationalmap.gov/v1/json",
        "source": "USGS Elevation Point Query Service, interpolated from 3DEP dynamic elevation service",
        "source_license": "public_domain",
        "license_status": "public_domain",
        "attribution": "Data available from U.S. Geological Survey, 3D Elevation Program.",
        "confidence": "model_derived_topographic_estimate",
        "last_checked": "2026-05-14",
        "last_generated": "2026-05-14",
        "ai_answer_rule": "Describe as model-derived USGS 3DEP elevation sampled along Scout open route geometry; values may differ from guidebook profiles or surveyed summits."
      },
      "geometry": {
        "type": "Point",
        "coordinates": [
          -77.99041,
          38.995848
        ]
      }
    },
    {
      "type": "Feature",
      "properties": {
        "sample_id": "elev-va-1mi-512",
        "trail": "Appalachian Trail",
        "route_id": "at-mvp2-va-damascus-harpers-ferry-open-2026",
        "mile_nobo_global_est": 971,
        "mile_nobo_va": 512,
        "mile_sobo_va": 35,
        "lat": 39.006034,
        "lon": -77.979516,
        "interval_miles": 1,
        "elevation_ft": 1553.4,
        "source_id": "usgs_3dep",
        "source_url": "https://epqs.nationalmap.gov/v1/json",
        "source": "USGS Elevation Point Query Service, interpolated from 3DEP dynamic elevation service",
        "source_license": "public_domain",
        "license_status": "public_domain",
        "attribution": "Data available from U.S. Geological Survey, 3D Elevation Program.",
        "confidence": "model_derived_topographic_estimate",
        "last_checked": "2026-05-14",
        "last_generated": "2026-05-14",
        "ai_answer_rule": "Describe as model-derived USGS 3DEP elevation sampled along Scout open route geometry; values may differ from guidebook profiles or surveyed summits."
      },
      "geometry": {
        "type": "Point",
        "coordinates": [
          -77.979516,
          39.006034
        ]
      }
    },
    {
      "type": "Feature",
      "properties": {
        "sample_id": "elev-va-1mi-513",
        "trail": "Appalachian Trail",
        "route_id": "at-mvp2-va-damascus-harpers-ferry-open-2026",
        "mile_nobo_global_est": 972,
        "mile_nobo_va": 513,
        "mile_sobo_va": 34,
        "lat": 39.016618,
        "lon": -77.971201,
        "interval_miles": 1,
        "elevation_ft": 1070,
        "source_id": "usgs_3dep",
        "source_url": "https://epqs.nationalmap.gov/v1/json",
        "source": "USGS Elevation Point Query Service, interpolated from 3DEP dynamic elevation service",
        "source_license": "public_domain",
        "license_status": "public_domain",
        "attribution": "Data available from U.S. Geological Survey, 3D Elevation Program.",
        "confidence": "model_derived_topographic_estimate",
        "last_checked": "2026-05-14",
        "last_generated": "2026-05-14",
        "ai_answer_rule": "Describe as model-derived USGS 3DEP elevation sampled along Scout open route geometry; values may differ from guidebook profiles or surveyed summits."
      },
      "geometry": {
        "type": "Point",
        "coordinates": [
          -77.971201,
          39.016618
        ]
      }
    },
    {
      "type": "Feature",
      "properties": {
        "sample_id": "elev-va-1mi-514",
        "trail": "Appalachian Trail",
        "route_id": "at-mvp2-va-damascus-harpers-ferry-open-2026",
        "mile_nobo_global_est": 973,
        "mile_nobo_va": 514,
        "mile_sobo_va": 33,
        "lat": 39.022865,
        "lon": -77.965161,
        "interval_miles": 1,
        "elevation_ft": 1179,
        "source_id": "usgs_3dep",
        "source_url": "https://epqs.nationalmap.gov/v1/json",
        "source": "USGS Elevation Point Query Service, interpolated from 3DEP dynamic elevation service",
        "source_license": "public_domain",
        "license_status": "public_domain",
        "attribution": "Data available from U.S. Geological Survey, 3D Elevation Program.",
        "confidence": "model_derived_topographic_estimate",
        "last_checked": "2026-05-14",
        "last_generated": "2026-05-14",
        "ai_answer_rule": "Describe as model-derived USGS 3DEP elevation sampled along Scout open route geometry; values may differ from guidebook profiles or surveyed summits."
      },
      "geometry": {
        "type": "Point",
        "coordinates": [
          -77.965161,
          39.022865
        ]
      }
    },
    {
      "type": "Feature",
      "properties": {
        "sample_id": "elev-va-1mi-515",
        "trail": "Appalachian Trail",
        "route_id": "at-mvp2-va-damascus-harpers-ferry-open-2026",
        "mile_nobo_global_est": 974,
        "mile_nobo_va": 515,
        "mile_sobo_va": 32,
        "lat": 39.03207,
        "lon": -77.957761,
        "interval_miles": 1,
        "elevation_ft": 1110.7,
        "source_id": "usgs_3dep",
        "source_url": "https://epqs.nationalmap.gov/v1/json",
        "source": "USGS Elevation Point Query Service, interpolated from 3DEP dynamic elevation service",
        "source_license": "public_domain",
        "license_status": "public_domain",
        "attribution": "Data available from U.S. Geological Survey, 3D Elevation Program.",
        "confidence": "model_derived_topographic_estimate",
        "last_checked": "2026-05-14",
        "last_generated": "2026-05-14",
        "ai_answer_rule": "Describe as model-derived USGS 3DEP elevation sampled along Scout open route geometry; values may differ from guidebook profiles or surveyed summits."
      },
      "geometry": {
        "type": "Point",
        "coordinates": [
          -77.957761,
          39.03207
        ]
      }
    },
    {
      "type": "Feature",
      "properties": {
        "sample_id": "elev-va-1mi-516",
        "trail": "Appalachian Trail",
        "route_id": "at-mvp2-va-damascus-harpers-ferry-open-2026",
        "mile_nobo_global_est": 975,
        "mile_nobo_va": 516,
        "mile_sobo_va": 31,
        "lat": 39.038559,
        "lon": -77.947615,
        "interval_miles": 1,
        "elevation_ft": 1081.8,
        "source_id": "usgs_3dep",
        "source_url": "https://epqs.nationalmap.gov/v1/json",
        "source": "USGS Elevation Point Query Service, interpolated from 3DEP dynamic elevation service",
        "source_license": "public_domain",
        "license_status": "public_domain",
        "attribution": "Data available from U.S. Geological Survey, 3D Elevation Program.",
        "confidence": "model_derived_topographic_estimate",
        "last_checked": "2026-05-14",
        "last_generated": "2026-05-14",
        "ai_answer_rule": "Describe as model-derived USGS 3DEP elevation sampled along Scout open route geometry; values may differ from guidebook profiles or surveyed summits."
      },
      "geometry": {
        "type": "Point",
        "coordinates": [
          -77.947615,
          39.038559
        ]
      }
    },
    {
      "type": "Feature",
      "properties": {
        "sample_id": "elev-va-1mi-517",
        "trail": "Appalachian Trail",
        "route_id": "at-mvp2-va-damascus-harpers-ferry-open-2026",
        "mile_nobo_global_est": 976,
        "mile_nobo_va": 517,
        "mile_sobo_va": 30,
        "lat": 39.047276,
        "lon": -77.942054,
        "interval_miles": 1,
        "elevation_ft": 886.7,
        "source_id": "usgs_3dep",
        "source_url": "https://epqs.nationalmap.gov/v1/json",
        "source": "USGS Elevation Point Query Service, interpolated from 3DEP dynamic elevation service",
        "source_license": "public_domain",
        "license_status": "public_domain",
        "attribution": "Data available from U.S. Geological Survey, 3D Elevation Program.",
        "confidence": "model_derived_topographic_estimate",
        "last_checked": "2026-05-14",
        "last_generated": "2026-05-14",
        "ai_answer_rule": "Describe as model-derived USGS 3DEP elevation sampled along Scout open route geometry; values may differ from guidebook profiles or surveyed summits."
      },
      "geometry": {
        "type": "Point",
        "coordinates": [
          -77.942054,
          39.047276
        ]
      }
    },
    {
      "type": "Feature",
      "properties": {
        "sample_id": "elev-va-1mi-518",
        "trail": "Appalachian Trail",
        "route_id": "at-mvp2-va-damascus-harpers-ferry-open-2026",
        "mile_nobo_global_est": 977,
        "mile_nobo_va": 518,
        "mile_sobo_va": 29,
        "lat": 39.055222,
        "lon": -77.934922,
        "interval_miles": 1,
        "elevation_ft": 1227.8,
        "source_id": "usgs_3dep",
        "source_url": "https://epqs.nationalmap.gov/v1/json",
        "source": "USGS Elevation Point Query Service, interpolated from 3DEP dynamic elevation service",
        "source_license": "public_domain",
        "license_status": "public_domain",
        "attribution": "Data available from U.S. Geological Survey, 3D Elevation Program.",
        "confidence": "model_derived_topographic_estimate",
        "last_checked": "2026-05-14",
        "last_generated": "2026-05-14",
        "ai_answer_rule": "Describe as model-derived USGS 3DEP elevation sampled along Scout open route geometry; values may differ from guidebook profiles or surveyed summits."
      },
      "geometry": {
        "type": "Point",
        "coordinates": [
          -77.934922,
          39.055222
        ]
      }
    },
    {
      "type": "Feature",
      "properties": {
        "sample_id": "elev-va-1mi-519",
        "trail": "Appalachian Trail",
        "route_id": "at-mvp2-va-damascus-harpers-ferry-open-2026",
        "mile_nobo_global_est": 978,
        "mile_nobo_va": 519,
        "mile_sobo_va": 28,
        "lat": 39.059674,
        "lon": -77.925482,
        "interval_miles": 1,
        "elevation_ft": 1172.9,
        "source_id": "usgs_3dep",
        "source_url": "https://epqs.nationalmap.gov/v1/json",
        "source": "USGS Elevation Point Query Service, interpolated from 3DEP dynamic elevation service",
        "source_license": "public_domain",
        "license_status": "public_domain",
        "attribution": "Data available from U.S. Geological Survey, 3D Elevation Program.",
        "confidence": "model_derived_topographic_estimate",
        "last_checked": "2026-05-14",
        "last_generated": "2026-05-14",
        "ai_answer_rule": "Describe as model-derived USGS 3DEP elevation sampled along Scout open route geometry; values may differ from guidebook profiles or surveyed summits."
      },
      "geometry": {
        "type": "Point",
        "coordinates": [
          -77.925482,
          39.059674
        ]
      }
    },
    {
      "type": "Feature",
      "properties": {
        "sample_id": "elev-va-1mi-520",
        "trail": "Appalachian Trail",
        "route_id": "at-mvp2-va-damascus-harpers-ferry-open-2026",
        "mile_nobo_global_est": 979,
        "mile_nobo_va": 520,
        "mile_sobo_va": 27,
        "lat": 39.069465,
        "lon": -77.916429,
        "interval_miles": 1,
        "elevation_ft": 857,
        "source_id": "usgs_3dep",
        "source_url": "https://epqs.nationalmap.gov/v1/json",
        "source": "USGS Elevation Point Query Service, interpolated from 3DEP dynamic elevation service",
        "source_license": "public_domain",
        "license_status": "public_domain",
        "attribution": "Data available from U.S. Geological Survey, 3D Elevation Program.",
        "confidence": "model_derived_topographic_estimate",
        "last_checked": "2026-05-14",
        "last_generated": "2026-05-14",
        "ai_answer_rule": "Describe as model-derived USGS 3DEP elevation sampled along Scout open route geometry; values may differ from guidebook profiles or surveyed summits."
      },
      "geometry": {
        "type": "Point",
        "coordinates": [
          -77.916429,
          39.069465
        ]
      }
    },
    {
      "type": "Feature",
      "properties": {
        "sample_id": "elev-va-1mi-521",
        "trail": "Appalachian Trail",
        "route_id": "at-mvp2-va-damascus-harpers-ferry-open-2026",
        "mile_nobo_global_est": 980,
        "mile_nobo_va": 521,
        "mile_sobo_va": 26,
        "lat": 39.071797,
        "lon": -77.907102,
        "interval_miles": 1,
        "elevation_ft": 1103.5,
        "source_id": "usgs_3dep",
        "source_url": "https://epqs.nationalmap.gov/v1/json",
        "source": "USGS Elevation Point Query Service, interpolated from 3DEP dynamic elevation service",
        "source_license": "public_domain",
        "license_status": "public_domain",
        "attribution": "Data available from U.S. Geological Survey, 3D Elevation Program.",
        "confidence": "model_derived_topographic_estimate",
        "last_checked": "2026-05-14",
        "last_generated": "2026-05-14",
        "ai_answer_rule": "Describe as model-derived USGS 3DEP elevation sampled along Scout open route geometry; values may differ from guidebook profiles or surveyed summits."
      },
      "geometry": {
        "type": "Point",
        "coordinates": [
          -77.907102,
          39.071797
        ]
      }
    },
    {
      "type": "Feature",
      "properties": {
        "sample_id": "elev-va-1mi-522",
        "trail": "Appalachian Trail",
        "route_id": "at-mvp2-va-damascus-harpers-ferry-open-2026",
        "mile_nobo_global_est": 981,
        "mile_nobo_va": 522,
        "mile_sobo_va": 25,
        "lat": 39.078193,
        "lon": -77.900197,
        "interval_miles": 1,
        "elevation_ft": 1085,
        "source_id": "usgs_3dep",
        "source_url": "https://epqs.nationalmap.gov/v1/json",
        "source": "USGS Elevation Point Query Service, interpolated from 3DEP dynamic elevation service",
        "source_license": "public_domain",
        "license_status": "public_domain",
        "attribution": "Data available from U.S. Geological Survey, 3D Elevation Program.",
        "confidence": "model_derived_topographic_estimate",
        "last_checked": "2026-05-14",
        "last_generated": "2026-05-14",
        "ai_answer_rule": "Describe as model-derived USGS 3DEP elevation sampled along Scout open route geometry; values may differ from guidebook profiles or surveyed summits."
      },
      "geometry": {
        "type": "Point",
        "coordinates": [
          -77.900197,
          39.078193
        ]
      }
    },
    {
      "type": "Feature",
      "properties": {
        "sample_id": "elev-va-1mi-523",
        "trail": "Appalachian Trail",
        "route_id": "at-mvp2-va-damascus-harpers-ferry-open-2026",
        "mile_nobo_global_est": 982,
        "mile_nobo_va": 523,
        "mile_sobo_va": 24,
        "lat": 39.086666,
        "lon": -77.89409,
        "interval_miles": 1,
        "elevation_ft": 885.1,
        "source_id": "usgs_3dep",
        "source_url": "https://epqs.nationalmap.gov/v1/json",
        "source": "USGS Elevation Point Query Service, interpolated from 3DEP dynamic elevation service",
        "source_license": "public_domain",
        "license_status": "public_domain",
        "attribution": "Data available from U.S. Geological Survey, 3D Elevation Program.",
        "confidence": "model_derived_topographic_estimate",
        "last_checked": "2026-05-14",
        "last_generated": "2026-05-14",
        "ai_answer_rule": "Describe as model-derived USGS 3DEP elevation sampled along Scout open route geometry; values may differ from guidebook profiles or surveyed summits."
      },
      "geometry": {
        "type": "Point",
        "coordinates": [
          -77.89409,
          39.086666
        ]
      }
    },
    {
      "type": "Feature",
      "properties": {
        "sample_id": "elev-va-1mi-524",
        "trail": "Appalachian Trail",
        "route_id": "at-mvp2-va-damascus-harpers-ferry-open-2026",
        "mile_nobo_global_est": 983,
        "mile_nobo_va": 524,
        "mile_sobo_va": 23,
        "lat": 39.093697,
        "lon": -77.88272,
        "interval_miles": 1,
        "elevation_ft": 1193.7,
        "source_id": "usgs_3dep",
        "source_url": "https://epqs.nationalmap.gov/v1/json",
        "source": "USGS Elevation Point Query Service, interpolated from 3DEP dynamic elevation service",
        "source_license": "public_domain",
        "license_status": "public_domain",
        "attribution": "Data available from U.S. Geological Survey, 3D Elevation Program.",
        "confidence": "model_derived_topographic_estimate",
        "last_checked": "2026-05-14",
        "last_generated": "2026-05-14",
        "ai_answer_rule": "Describe as model-derived USGS 3DEP elevation sampled along Scout open route geometry; values may differ from guidebook profiles or surveyed summits."
      },
      "geometry": {
        "type": "Point",
        "coordinates": [
          -77.88272,
          39.093697
        ]
      }
    },
    {
      "type": "Feature",
      "properties": {
        "sample_id": "elev-va-1mi-525",
        "trail": "Appalachian Trail",
        "route_id": "at-mvp2-va-damascus-harpers-ferry-open-2026",
        "mile_nobo_global_est": 984,
        "mile_nobo_va": 525,
        "mile_sobo_va": 22,
        "lat": 39.104368,
        "lon": -77.873815,
        "interval_miles": 1,
        "elevation_ft": 810.1,
        "source_id": "usgs_3dep",
        "source_url": "https://epqs.nationalmap.gov/v1/json",
        "source": "USGS Elevation Point Query Service, interpolated from 3DEP dynamic elevation service",
        "source_license": "public_domain",
        "license_status": "public_domain",
        "attribution": "Data available from U.S. Geological Survey, 3D Elevation Program.",
        "confidence": "model_derived_topographic_estimate",
        "last_checked": "2026-05-14",
        "last_generated": "2026-05-14",
        "ai_answer_rule": "Describe as model-derived USGS 3DEP elevation sampled along Scout open route geometry; values may differ from guidebook profiles or surveyed summits."
      },
      "geometry": {
        "type": "Point",
        "coordinates": [
          -77.873815,
          39.104368
        ]
      }
    },
    {
      "type": "Feature",
      "properties": {
        "sample_id": "elev-va-1mi-526",
        "trail": "Appalachian Trail",
        "route_id": "at-mvp2-va-damascus-harpers-ferry-open-2026",
        "mile_nobo_global_est": 985,
        "mile_nobo_va": 526,
        "mile_sobo_va": 21,
        "lat": 39.112731,
        "lon": -77.860963,
        "interval_miles": 1,
        "elevation_ft": 880.1,
        "source_id": "usgs_3dep",
        "source_url": "https://epqs.nationalmap.gov/v1/json",
        "source": "USGS Elevation Point Query Service, interpolated from 3DEP dynamic elevation service",
        "source_license": "public_domain",
        "license_status": "public_domain",
        "attribution": "Data available from U.S. Geological Survey, 3D Elevation Program.",
        "confidence": "model_derived_topographic_estimate",
        "last_checked": "2026-05-14",
        "last_generated": "2026-05-14",
        "ai_answer_rule": "Describe as model-derived USGS 3DEP elevation sampled along Scout open route geometry; values may differ from guidebook profiles or surveyed summits."
      },
      "geometry": {
        "type": "Point",
        "coordinates": [
          -77.860963,
          39.112731
        ]
      }
    },
    {
      "type": "Feature",
      "properties": {
        "sample_id": "elev-va-1mi-527",
        "trail": "Appalachian Trail",
        "route_id": "at-mvp2-va-damascus-harpers-ferry-open-2026",
        "mile_nobo_global_est": 986,
        "mile_nobo_va": 527,
        "mile_sobo_va": 20,
        "lat": 39.115602,
        "lon": -77.851172,
        "interval_miles": 1,
        "elevation_ft": 1035,
        "source_id": "usgs_3dep",
        "source_url": "https://epqs.nationalmap.gov/v1/json",
        "source": "USGS Elevation Point Query Service, interpolated from 3DEP dynamic elevation service",
        "source_license": "public_domain",
        "license_status": "public_domain",
        "attribution": "Data available from U.S. Geological Survey, 3D Elevation Program.",
        "confidence": "model_derived_topographic_estimate",
        "last_checked": "2026-05-14",
        "last_generated": "2026-05-14",
        "ai_answer_rule": "Describe as model-derived USGS 3DEP elevation sampled along Scout open route geometry; values may differ from guidebook profiles or surveyed summits."
      },
      "geometry": {
        "type": "Point",
        "coordinates": [
          -77.851172,
          39.115602
        ]
      }
    },
    {
      "type": "Feature",
      "properties": {
        "sample_id": "elev-va-1mi-528",
        "trail": "Appalachian Trail",
        "route_id": "at-mvp2-va-damascus-harpers-ferry-open-2026",
        "mile_nobo_global_est": 987,
        "mile_nobo_va": 528,
        "mile_sobo_va": 19,
        "lat": 39.126161,
        "lon": -77.853444,
        "interval_miles": 1,
        "elevation_ft": 881.2,
        "source_id": "usgs_3dep",
        "source_url": "https://epqs.nationalmap.gov/v1/json",
        "source": "USGS Elevation Point Query Service, interpolated from 3DEP dynamic elevation service",
        "source_license": "public_domain",
        "license_status": "public_domain",
        "attribution": "Data available from U.S. Geological Survey, 3D Elevation Program.",
        "confidence": "model_derived_topographic_estimate",
        "last_checked": "2026-05-14",
        "last_generated": "2026-05-14",
        "ai_answer_rule": "Describe as model-derived USGS 3DEP elevation sampled along Scout open route geometry; values may differ from guidebook profiles or surveyed summits."
      },
      "geometry": {
        "type": "Point",
        "coordinates": [
          -77.853444,
          39.126161
        ]
      }
    },
    {
      "type": "Feature",
      "properties": {
        "sample_id": "elev-va-1mi-529",
        "trail": "Appalachian Trail",
        "route_id": "at-mvp2-va-damascus-harpers-ferry-open-2026",
        "mile_nobo_global_est": 988,
        "mile_nobo_va": 529,
        "mile_sobo_va": 18,
        "lat": 39.13652,
        "lon": -77.843972,
        "interval_miles": 1,
        "elevation_ft": 993.1,
        "source_id": "usgs_3dep",
        "source_url": "https://epqs.nationalmap.gov/v1/json",
        "source": "USGS Elevation Point Query Service, interpolated from 3DEP dynamic elevation service",
        "source_license": "public_domain",
        "license_status": "public_domain",
        "attribution": "Data available from U.S. Geological Survey, 3D Elevation Program.",
        "confidence": "model_derived_topographic_estimate",
        "last_checked": "2026-05-14",
        "last_generated": "2026-05-14",
        "ai_answer_rule": "Describe as model-derived USGS 3DEP elevation sampled along Scout open route geometry; values may differ from guidebook profiles or surveyed summits."
      },
      "geometry": {
        "type": "Point",
        "coordinates": [
          -77.843972,
          39.13652
        ]
      }
    },
    {
      "type": "Feature",
      "properties": {
        "sample_id": "elev-va-1mi-530",
        "trail": "Appalachian Trail",
        "route_id": "at-mvp2-va-damascus-harpers-ferry-open-2026",
        "mile_nobo_global_est": 989,
        "mile_nobo_va": 530,
        "mile_sobo_va": 17,
        "lat": 39.141296,
        "lon": -77.833173,
        "interval_miles": 1,
        "elevation_ft": 1287.9,
        "source_id": "usgs_3dep",
        "source_url": "https://epqs.nationalmap.gov/v1/json",
        "source": "USGS Elevation Point Query Service, interpolated from 3DEP dynamic elevation service",
        "source_license": "public_domain",
        "license_status": "public_domain",
        "attribution": "Data available from U.S. Geological Survey, 3D Elevation Program.",
        "confidence": "model_derived_topographic_estimate",
        "last_checked": "2026-05-14",
        "last_generated": "2026-05-14",
        "ai_answer_rule": "Describe as model-derived USGS 3DEP elevation sampled along Scout open route geometry; values may differ from guidebook profiles or surveyed summits."
      },
      "geometry": {
        "type": "Point",
        "coordinates": [
          -77.833173,
          39.141296
        ]
      }
    },
    {
      "type": "Feature",
      "properties": {
        "sample_id": "elev-va-1mi-531",
        "trail": "Appalachian Trail",
        "route_id": "at-mvp2-va-damascus-harpers-ferry-open-2026",
        "mile_nobo_global_est": 990,
        "mile_nobo_va": 531,
        "mile_sobo_va": 16,
        "lat": 39.146897,
        "lon": -77.823038,
        "interval_miles": 1,
        "elevation_ft": 1580,
        "source_id": "usgs_3dep",
        "source_url": "https://epqs.nationalmap.gov/v1/json",
        "source": "USGS Elevation Point Query Service, interpolated from 3DEP dynamic elevation service",
        "source_license": "public_domain",
        "license_status": "public_domain",
        "attribution": "Data available from U.S. Geological Survey, 3D Elevation Program.",
        "confidence": "model_derived_topographic_estimate",
        "last_checked": "2026-05-14",
        "last_generated": "2026-05-14",
        "ai_answer_rule": "Describe as model-derived USGS 3DEP elevation sampled along Scout open route geometry; values may differ from guidebook profiles or surveyed summits."
      },
      "geometry": {
        "type": "Point",
        "coordinates": [
          -77.823038,
          39.146897
        ]
      }
    },
    {
      "type": "Feature",
      "properties": {
        "sample_id": "elev-va-1mi-532",
        "trail": "Appalachian Trail",
        "route_id": "at-mvp2-va-damascus-harpers-ferry-open-2026",
        "mile_nobo_global_est": 991,
        "mile_nobo_va": 532,
        "mile_sobo_va": 15,
        "lat": 39.158807,
        "lon": -77.81537,
        "interval_miles": 1,
        "elevation_ft": 1612.2,
        "source_id": "usgs_3dep",
        "source_url": "https://epqs.nationalmap.gov/v1/json",
        "source": "USGS Elevation Point Query Service, interpolated from 3DEP dynamic elevation service",
        "source_license": "public_domain",
        "license_status": "public_domain",
        "attribution": "Data available from U.S. Geological Survey, 3D Elevation Program.",
        "confidence": "model_derived_topographic_estimate",
        "last_checked": "2026-05-14",
        "last_generated": "2026-05-14",
        "ai_answer_rule": "Describe as model-derived USGS 3DEP elevation sampled along Scout open route geometry; values may differ from guidebook profiles or surveyed summits."
      },
      "geometry": {
        "type": "Point",
        "coordinates": [
          -77.81537,
          39.158807
        ]
      }
    },
    {
      "type": "Feature",
      "properties": {
        "sample_id": "elev-va-1mi-533",
        "trail": "Appalachian Trail",
        "route_id": "at-mvp2-va-damascus-harpers-ferry-open-2026",
        "mile_nobo_global_est": 992,
        "mile_nobo_va": 533,
        "mile_sobo_va": 14,
        "lat": 39.17162,
        "lon": -77.808712,
        "interval_miles": 1,
        "elevation_ft": 1402.3,
        "source_id": "usgs_3dep",
        "source_url": "https://epqs.nationalmap.gov/v1/json",
        "source": "USGS Elevation Point Query Service, interpolated from 3DEP dynamic elevation service",
        "source_license": "public_domain",
        "license_status": "public_domain",
        "attribution": "Data available from U.S. Geological Survey, 3D Elevation Program.",
        "confidence": "model_derived_topographic_estimate",
        "last_checked": "2026-05-14",
        "last_generated": "2026-05-14",
        "ai_answer_rule": "Describe as model-derived USGS 3DEP elevation sampled along Scout open route geometry; values may differ from guidebook profiles or surveyed summits."
      },
      "geometry": {
        "type": "Point",
        "coordinates": [
          -77.808712,
          39.17162
        ]
      }
    },
    {
      "type": "Feature",
      "properties": {
        "sample_id": "elev-va-1mi-534",
        "trail": "Appalachian Trail",
        "route_id": "at-mvp2-va-damascus-harpers-ferry-open-2026",
        "mile_nobo_global_est": 993,
        "mile_nobo_va": 534,
        "mile_sobo_va": 13,
        "lat": 39.183677,
        "lon": -77.802609,
        "interval_miles": 1,
        "elevation_ft": 1634,
        "source_id": "usgs_3dep",
        "source_url": "https://epqs.nationalmap.gov/v1/json",
        "source": "USGS Elevation Point Query Service, interpolated from 3DEP dynamic elevation service",
        "source_license": "public_domain",
        "license_status": "public_domain",
        "attribution": "Data available from U.S. Geological Survey, 3D Elevation Program.",
        "confidence": "model_derived_topographic_estimate",
        "last_checked": "2026-05-14",
        "last_generated": "2026-05-14",
        "ai_answer_rule": "Describe as model-derived USGS 3DEP elevation sampled along Scout open route geometry; values may differ from guidebook profiles or surveyed summits."
      },
      "geometry": {
        "type": "Point",
        "coordinates": [
          -77.802609,
          39.183677
        ]
      }
    },
    {
      "type": "Feature",
      "properties": {
        "sample_id": "elev-va-1mi-535",
        "trail": "Appalachian Trail",
        "route_id": "at-mvp2-va-damascus-harpers-ferry-open-2026",
        "mile_nobo_global_est": 994,
        "mile_nobo_va": 535,
        "mile_sobo_va": 12,
        "lat": 39.196194,
        "lon": -77.796946,
        "interval_miles": 1,
        "elevation_ft": 1475.5,
        "source_id": "usgs_3dep",
        "source_url": "https://epqs.nationalmap.gov/v1/json",
        "source": "USGS Elevation Point Query Service, interpolated from 3DEP dynamic elevation service",
        "source_license": "public_domain",
        "license_status": "public_domain",
        "attribution": "Data available from U.S. Geological Survey, 3D Elevation Program.",
        "confidence": "model_derived_topographic_estimate",
        "last_checked": "2026-05-14",
        "last_generated": "2026-05-14",
        "ai_answer_rule": "Describe as model-derived USGS 3DEP elevation sampled along Scout open route geometry; values may differ from guidebook profiles or surveyed summits."
      },
      "geometry": {
        "type": "Point",
        "coordinates": [
          -77.796946,
          39.196194
        ]
      }
    },
    {
      "type": "Feature",
      "properties": {
        "sample_id": "elev-va-1mi-536",
        "trail": "Appalachian Trail",
        "route_id": "at-mvp2-va-damascus-harpers-ferry-open-2026",
        "mile_nobo_global_est": 995,
        "mile_nobo_va": 536,
        "mile_sobo_va": 11,
        "lat": 39.208712,
        "lon": -77.791469,
        "interval_miles": 1,
        "elevation_ft": 1418.6,
        "source_id": "usgs_3dep",
        "source_url": "https://epqs.nationalmap.gov/v1/json",
        "source": "USGS Elevation Point Query Service, interpolated from 3DEP dynamic elevation service",
        "source_license": "public_domain",
        "license_status": "public_domain",
        "attribution": "Data available from U.S. Geological Survey, 3D Elevation Program.",
        "confidence": "model_derived_topographic_estimate",
        "last_checked": "2026-05-14",
        "last_generated": "2026-05-14",
        "ai_answer_rule": "Describe as model-derived USGS 3DEP elevation sampled along Scout open route geometry; values may differ from guidebook profiles or surveyed summits."
      },
      "geometry": {
        "type": "Point",
        "coordinates": [
          -77.791469,
          39.208712
        ]
      }
    },
    {
      "type": "Feature",
      "properties": {
        "sample_id": "elev-va-1mi-537",
        "trail": "Appalachian Trail",
        "route_id": "at-mvp2-va-damascus-harpers-ferry-open-2026",
        "mile_nobo_global_est": 996,
        "mile_nobo_va": 537,
        "mile_sobo_va": 10,
        "lat": 39.220913,
        "lon": -77.786114,
        "interval_miles": 1,
        "elevation_ft": 1458.2,
        "source_id": "usgs_3dep",
        "source_url": "https://epqs.nationalmap.gov/v1/json",
        "source": "USGS Elevation Point Query Service, interpolated from 3DEP dynamic elevation service",
        "source_license": "public_domain",
        "license_status": "public_domain",
        "attribution": "Data available from U.S. Geological Survey, 3D Elevation Program.",
        "confidence": "model_derived_topographic_estimate",
        "last_checked": "2026-05-14",
        "last_generated": "2026-05-14",
        "ai_answer_rule": "Describe as model-derived USGS 3DEP elevation sampled along Scout open route geometry; values may differ from guidebook profiles or surveyed summits."
      },
      "geometry": {
        "type": "Point",
        "coordinates": [
          -77.786114,
          39.220913
        ]
      }
    },
    {
      "type": "Feature",
      "properties": {
        "sample_id": "elev-va-1mi-538",
        "trail": "Appalachian Trail",
        "route_id": "at-mvp2-va-damascus-harpers-ferry-open-2026",
        "mile_nobo_global_est": 997,
        "mile_nobo_va": 538,
        "mile_sobo_va": 9,
        "lat": 39.232602,
        "lon": -77.776674,
        "interval_miles": 1,
        "elevation_ft": 1408.9,
        "source_id": "usgs_3dep",
        "source_url": "https://epqs.nationalmap.gov/v1/json",
        "source": "USGS Elevation Point Query Service, interpolated from 3DEP dynamic elevation service",
        "source_license": "public_domain",
        "license_status": "public_domain",
        "attribution": "Data available from U.S. Geological Survey, 3D Elevation Program.",
        "confidence": "model_derived_topographic_estimate",
        "last_checked": "2026-05-14",
        "last_generated": "2026-05-14",
        "ai_answer_rule": "Describe as model-derived USGS 3DEP elevation sampled along Scout open route geometry; values may differ from guidebook profiles or surveyed summits."
      },
      "geometry": {
        "type": "Point",
        "coordinates": [
          -77.776674,
          39.232602
        ]
      }
    },
    {
      "type": "Feature",
      "properties": {
        "sample_id": "elev-va-1mi-539",
        "trail": "Appalachian Trail",
        "route_id": "at-mvp2-va-damascus-harpers-ferry-open-2026",
        "mile_nobo_global_est": 998,
        "mile_nobo_va": 539,
        "mile_sobo_va": 8,
        "lat": 39.243934,
        "lon": -77.769169,
        "interval_miles": 1,
        "elevation_ft": 1277.7,
        "source_id": "usgs_3dep",
        "source_url": "https://epqs.nationalmap.gov/v1/json",
        "source": "USGS Elevation Point Query Service, interpolated from 3DEP dynamic elevation service",
        "source_license": "public_domain",
        "license_status": "public_domain",
        "attribution": "Data available from U.S. Geological Survey, 3D Elevation Program.",
        "confidence": "model_derived_topographic_estimate",
        "last_checked": "2026-05-14",
        "last_generated": "2026-05-14",
        "ai_answer_rule": "Describe as model-derived USGS 3DEP elevation sampled along Scout open route geometry; values may differ from guidebook profiles or surveyed summits."
      },
      "geometry": {
        "type": "Point",
        "coordinates": [
          -77.769169,
          39.243934
        ]
      }
    },
    {
      "type": "Feature",
      "properties": {
        "sample_id": "elev-va-1mi-540",
        "trail": "Appalachian Trail",
        "route_id": "at-mvp2-va-damascus-harpers-ferry-open-2026",
        "mile_nobo_global_est": 999,
        "mile_nobo_va": 540,
        "mile_sobo_va": 7,
        "lat": 39.2563,
        "lon": -77.769212,
        "interval_miles": 1,
        "elevation_ft": 1087.1,
        "source_id": "usgs_3dep",
        "source_url": "https://epqs.nationalmap.gov/v1/json",
        "source": "USGS Elevation Point Query Service, interpolated from 3DEP dynamic elevation service",
        "source_license": "public_domain",
        "license_status": "public_domain",
        "attribution": "Data available from U.S. Geological Survey, 3D Elevation Program.",
        "confidence": "model_derived_topographic_estimate",
        "last_checked": "2026-05-14",
        "last_generated": "2026-05-14",
        "ai_answer_rule": "Describe as model-derived USGS 3DEP elevation sampled along Scout open route geometry; values may differ from guidebook profiles or surveyed summits."
      },
      "geometry": {
        "type": "Point",
        "coordinates": [
          -77.769212,
          39.2563
        ]
      }
    },
    {
      "type": "Feature",
      "properties": {
        "sample_id": "elev-va-1mi-541",
        "trail": "Appalachian Trail",
        "route_id": "at-mvp2-va-damascus-harpers-ferry-open-2026",
        "mile_nobo_global_est": 1000,
        "mile_nobo_va": 541,
        "mile_sobo_va": 6,
        "lat": 39.266598,
        "lon": -77.759235,
        "interval_miles": 1,
        "elevation_ft": 919.7,
        "source_id": "usgs_3dep",
        "source_url": "https://epqs.nationalmap.gov/v1/json",
        "source": "USGS Elevation Point Query Service, interpolated from 3DEP dynamic elevation service",
        "source_license": "public_domain",
        "license_status": "public_domain",
        "attribution": "Data available from U.S. Geological Survey, 3D Elevation Program.",
        "confidence": "model_derived_topographic_estimate",
        "last_checked": "2026-05-14",
        "last_generated": "2026-05-14",
        "ai_answer_rule": "Describe as model-derived USGS 3DEP elevation sampled along Scout open route geometry; values may differ from guidebook profiles or surveyed summits."
      },
      "geometry": {
        "type": "Point",
        "coordinates": [
          -77.759235,
          39.266598
        ]
      }
    },
    {
      "type": "Feature",
      "properties": {
        "sample_id": "elev-va-1mi-542",
        "trail": "Appalachian Trail",
        "route_id": "at-mvp2-va-damascus-harpers-ferry-open-2026",
        "mile_nobo_global_est": 1001,
        "mile_nobo_va": 542,
        "mile_sobo_va": 5,
        "lat": 39.278716,
        "lon": -77.753247,
        "interval_miles": 1,
        "elevation_ft": 862.7,
        "source_id": "usgs_3dep",
        "source_url": "https://epqs.nationalmap.gov/v1/json",
        "source": "USGS Elevation Point Query Service, interpolated from 3DEP dynamic elevation service",
        "source_license": "public_domain",
        "license_status": "public_domain",
        "attribution": "Data available from U.S. Geological Survey, 3D Elevation Program.",
        "confidence": "model_derived_topographic_estimate",
        "last_checked": "2026-05-14",
        "last_generated": "2026-05-14",
        "ai_answer_rule": "Describe as model-derived USGS 3DEP elevation sampled along Scout open route geometry; values may differ from guidebook profiles or surveyed summits."
      },
      "geometry": {
        "type": "Point",
        "coordinates": [
          -77.753247,
          39.278716
        ]
      }
    },
    {
      "type": "Feature",
      "properties": {
        "sample_id": "elev-va-1mi-543",
        "trail": "Appalachian Trail",
        "route_id": "at-mvp2-va-damascus-harpers-ferry-open-2026",
        "mile_nobo_global_est": 1002,
        "mile_nobo_va": 543,
        "mile_sobo_va": 4,
        "lat": 39.29228,
        "lon": -77.748899,
        "interval_miles": 1,
        "elevation_ft": 1145.3,
        "source_id": "usgs_3dep",
        "source_url": "https://epqs.nationalmap.gov/v1/json",
        "source": "USGS Elevation Point Query Service, interpolated from 3DEP dynamic elevation service",
        "source_license": "public_domain",
        "license_status": "public_domain",
        "attribution": "Data available from U.S. Geological Survey, 3D Elevation Program.",
        "confidence": "model_derived_topographic_estimate",
        "last_checked": "2026-05-14",
        "last_generated": "2026-05-14",
        "ai_answer_rule": "Describe as model-derived USGS 3DEP elevation sampled along Scout open route geometry; values may differ from guidebook profiles or surveyed summits."
      },
      "geometry": {
        "type": "Point",
        "coordinates": [
          -77.748899,
          39.29228
        ]
      }
    },
    {
      "type": "Feature",
      "properties": {
        "sample_id": "elev-va-1mi-544",
        "trail": "Appalachian Trail",
        "route_id": "at-mvp2-va-damascus-harpers-ferry-open-2026",
        "mile_nobo_global_est": 1003,
        "mile_nobo_va": 544,
        "mile_sobo_va": 3,
        "lat": 39.304693,
        "lon": -77.740659,
        "interval_miles": 1,
        "elevation_ft": 1125,
        "source_id": "usgs_3dep",
        "source_url": "https://epqs.nationalmap.gov/v1/json",
        "source": "USGS Elevation Point Query Service, interpolated from 3DEP dynamic elevation service",
        "source_license": "public_domain",
        "license_status": "public_domain",
        "attribution": "Data available from U.S. Geological Survey, 3D Elevation Program.",
        "confidence": "model_derived_topographic_estimate",
        "last_checked": "2026-05-14",
        "last_generated": "2026-05-14",
        "ai_answer_rule": "Describe as model-derived USGS 3DEP elevation sampled along Scout open route geometry; values may differ from guidebook profiles or surveyed summits."
      },
      "geometry": {
        "type": "Point",
        "coordinates": [
          -77.740659,
          39.304693
        ]
      }
    },
    {
      "type": "Feature",
      "properties": {
        "sample_id": "elev-va-1mi-545",
        "trail": "Appalachian Trail",
        "route_id": "at-mvp2-va-damascus-harpers-ferry-open-2026",
        "mile_nobo_global_est": 1004,
        "mile_nobo_va": 545,
        "mile_sobo_va": 2,
        "lat": 39.314971,
        "lon": -77.737557,
        "interval_miles": 1,
        "elevation_ft": 837.9,
        "source_id": "usgs_3dep",
        "source_url": "https://epqs.nationalmap.gov/v1/json",
        "source": "USGS Elevation Point Query Service, interpolated from 3DEP dynamic elevation service",
        "source_license": "public_domain",
        "license_status": "public_domain",
        "attribution": "Data available from U.S. Geological Survey, 3D Elevation Program.",
        "confidence": "model_derived_topographic_estimate",
        "last_checked": "2026-05-14",
        "last_generated": "2026-05-14",
        "ai_answer_rule": "Describe as model-derived USGS 3DEP elevation sampled along Scout open route geometry; values may differ from guidebook profiles or surveyed summits."
      },
      "geometry": {
        "type": "Point",
        "coordinates": [
          -77.737557,
          39.314971
        ]
      }
    },
    {
      "type": "Feature",
      "properties": {
        "sample_id": "elev-va-1mi-546",
        "trail": "Appalachian Trail",
        "route_id": "at-mvp2-va-damascus-harpers-ferry-open-2026",
        "mile_nobo_global_est": 1005,
        "mile_nobo_va": 546,
        "mile_sobo_va": 1,
        "lat": 39.319206,
        "lon": -77.74011,
        "interval_miles": 1,
        "elevation_ft": 272.6,
        "source_id": "usgs_3dep",
        "source_url": "https://epqs.nationalmap.gov/v1/json",
        "source": "USGS Elevation Point Query Service, interpolated from 3DEP dynamic elevation service",
        "source_license": "public_domain",
        "license_status": "public_domain",
        "attribution": "Data available from U.S. Geological Survey, 3D Elevation Program.",
        "confidence": "model_derived_topographic_estimate",
        "last_checked": "2026-05-14",
        "last_generated": "2026-05-14",
        "ai_answer_rule": "Describe as model-derived USGS 3DEP elevation sampled along Scout open route geometry; values may differ from guidebook profiles or surveyed summits."
      },
      "geometry": {
        "type": "Point",
        "coordinates": [
          -77.74011,
          39.319206
        ]
      }
    },
    {
      "type": "Feature",
      "properties": {
        "sample_id": "elev-va-1mi-547",
        "trail": "Appalachian Trail",
        "route_id": "at-mvp2-va-damascus-harpers-ferry-open-2026",
        "mile_nobo_global_est": 1006,
        "mile_nobo_va": 547,
        "mile_sobo_va": 0,
        "lat": 39.32276,
        "lon": -77.732901,
        "interval_miles": 1,
        "elevation_ft": 425.6,
        "source_id": "usgs_3dep",
        "source_url": "https://epqs.nationalmap.gov/v1/json",
        "source": "USGS Elevation Point Query Service, interpolated from 3DEP dynamic elevation service",
        "source_license": "public_domain",
        "license_status": "public_domain",
        "attribution": "Data available from U.S. Geological Survey, 3D Elevation Program.",
        "confidence": "model_derived_topographic_estimate",
        "last_checked": "2026-05-14",
        "last_generated": "2026-05-14",
        "ai_answer_rule": "Describe as model-derived USGS 3DEP elevation sampled along Scout open route geometry; values may differ from guidebook profiles or surveyed summits."
      },
      "geometry": {
        "type": "Point",
        "coordinates": [
          -77.732901,
          39.32276
        ]
      }
    }
  ]
}
