{
  "type": "FeatureCollection",
  "name": "Scout MVP1 generated milepoints 1mi",
  "features": [
    {
      "type": "Feature",
      "properties": {
        "trail": "Appalachian Trail",
        "route_id": "at-mvp1-springer-davenport-open-2026",
        "mile_nobo": 0,
        "mile_sobo": 234.7,
        "milepoint_type": "generated",
        "official": false,
        "confidence": "estimated_from_open_route_geometry_with_known_length_gap",
        "candidate_status": "mvp1_source_aware_planning_candidate",
        "source_route_id": "at-main-osm-2026-open",
        "source_id": "osm",
        "source_url": "https://www.openstreetmap.org/relation/156553",
        "source_access_url": "https://hiking.waymarkedtrails.org/api/v1/details/relation/156553",
        "license_status": "open_license_share_alike",
        "source_license": "ODbL",
        "license_source": "OpenStreetMap ODbL",
        "attribution": "OpenStreetMap contributors",
        "last_checked": "2026-05-13",
        "last_generated": "2026-05-14",
        "ai_answer_rule": "Generated mile based on Scout MVP1 open route geometry, not an official ATC mile. Use for source-aware planning only."
      },
      "geometry": {
        "type": "Point",
        "coordinates": [
          -84.193984,
          34.627338
        ]
      }
    },
    {
      "type": "Feature",
      "properties": {
        "trail": "Appalachian Trail",
        "route_id": "at-mvp1-springer-davenport-open-2026",
        "mile_nobo": 1,
        "mile_sobo": 233.7,
        "milepoint_type": "generated",
        "official": false,
        "confidence": "estimated_from_open_route_geometry_with_known_length_gap",
        "candidate_status": "mvp1_source_aware_planning_candidate",
        "source_route_id": "at-main-osm-2026-open",
        "source_id": "osm",
        "source_url": "https://www.openstreetmap.org/relation/156553",
        "source_access_url": "https://hiking.waymarkedtrails.org/api/v1/details/relation/156553",
        "license_status": "open_license_share_alike",
        "source_license": "ODbL",
        "license_source": "OpenStreetMap ODbL",
        "attribution": "OpenStreetMap contributors",
        "last_checked": "2026-05-13",
        "last_generated": "2026-05-14",
        "ai_answer_rule": "Generated mile based on Scout MVP1 open route geometry, not an official ATC mile. Use for source-aware planning only."
      },
      "geometry": {
        "type": "Point",
        "coordinates": [
          -84.193529,
          34.637552
        ]
      }
    },
    {
      "type": "Feature",
      "properties": {
        "trail": "Appalachian Trail",
        "route_id": "at-mvp1-springer-davenport-open-2026",
        "mile_nobo": 2,
        "mile_sobo": 232.7,
        "milepoint_type": "generated",
        "official": false,
        "confidence": "estimated_from_open_route_geometry_with_known_length_gap",
        "candidate_status": "mvp1_source_aware_planning_candidate",
        "source_route_id": "at-main-osm-2026-open",
        "source_id": "osm",
        "source_url": "https://www.openstreetmap.org/relation/156553",
        "source_access_url": "https://hiking.waymarkedtrails.org/api/v1/details/relation/156553",
        "license_status": "open_license_share_alike",
        "source_license": "ODbL",
        "license_source": "OpenStreetMap ODbL",
        "attribution": "OpenStreetMap contributors",
        "last_checked": "2026-05-13",
        "last_generated": "2026-05-14",
        "ai_answer_rule": "Generated mile based on Scout MVP1 open route geometry, not an official ATC mile. Use for source-aware planning only."
      },
      "geometry": {
        "type": "Point",
        "coordinates": [
          -84.195137,
          34.646879
        ]
      }
    },
    {
      "type": "Feature",
      "properties": {
        "trail": "Appalachian Trail",
        "route_id": "at-mvp1-springer-davenport-open-2026",
        "mile_nobo": 3,
        "mile_sobo": 231.7,
        "milepoint_type": "generated",
        "official": false,
        "confidence": "estimated_from_open_route_geometry_with_known_length_gap",
        "candidate_status": "mvp1_source_aware_planning_candidate",
        "source_route_id": "at-main-osm-2026-open",
        "source_id": "osm",
        "source_url": "https://www.openstreetmap.org/relation/156553",
        "source_access_url": "https://hiking.waymarkedtrails.org/api/v1/details/relation/156553",
        "license_status": "open_license_share_alike",
        "source_license": "ODbL",
        "license_source": "OpenStreetMap ODbL",
        "attribution": "OpenStreetMap contributors",
        "last_checked": "2026-05-13",
        "last_generated": "2026-05-14",
        "ai_answer_rule": "Generated mile based on Scout MVP1 open route geometry, not an official ATC mile. Use for source-aware planning only."
      },
      "geometry": {
        "type": "Point",
        "coordinates": [
          -84.19766,
          34.653819
        ]
      }
    },
    {
      "type": "Feature",
      "properties": {
        "trail": "Appalachian Trail",
        "route_id": "at-mvp1-springer-davenport-open-2026",
        "mile_nobo": 4,
        "mile_sobo": 230.7,
        "milepoint_type": "generated",
        "official": false,
        "confidence": "estimated_from_open_route_geometry_with_known_length_gap",
        "candidate_status": "mvp1_source_aware_planning_candidate",
        "source_route_id": "at-main-osm-2026-open",
        "source_id": "osm",
        "source_url": "https://www.openstreetmap.org/relation/156553",
        "source_access_url": "https://hiking.waymarkedtrails.org/api/v1/details/relation/156553",
        "license_status": "open_license_share_alike",
        "source_license": "ODbL",
        "license_source": "OpenStreetMap ODbL",
        "attribution": "OpenStreetMap contributors",
        "last_checked": "2026-05-13",
        "last_generated": "2026-05-14",
        "ai_answer_rule": "Generated mile based on Scout MVP1 open route geometry, not an official ATC mile. Use for source-aware planning only."
      },
      "geometry": {
        "type": "Point",
        "coordinates": [
          -84.185641,
          34.661636
        ]
      }
    },
    {
      "type": "Feature",
      "properties": {
        "trail": "Appalachian Trail",
        "route_id": "at-mvp1-springer-davenport-open-2026",
        "mile_nobo": 5,
        "mile_sobo": 229.7,
        "milepoint_type": "generated",
        "official": false,
        "confidence": "estimated_from_open_route_geometry_with_known_length_gap",
        "candidate_status": "mvp1_source_aware_planning_candidate",
        "source_route_id": "at-main-osm-2026-open",
        "source_id": "osm",
        "source_url": "https://www.openstreetmap.org/relation/156553",
        "source_access_url": "https://hiking.waymarkedtrails.org/api/v1/details/relation/156553",
        "license_status": "open_license_share_alike",
        "source_license": "ODbL",
        "license_source": "OpenStreetMap ODbL",
        "attribution": "OpenStreetMap contributors",
        "last_checked": "2026-05-13",
        "last_generated": "2026-05-14",
        "ai_answer_rule": "Generated mile based on Scout MVP1 open route geometry, not an official ATC mile. Use for source-aware planning only."
      },
      "geometry": {
        "type": "Point",
        "coordinates": [
          -84.172471,
          34.667176
        ]
      }
    },
    {
      "type": "Feature",
      "properties": {
        "trail": "Appalachian Trail",
        "route_id": "at-mvp1-springer-davenport-open-2026",
        "mile_nobo": 6,
        "mile_sobo": 228.7,
        "milepoint_type": "generated",
        "official": false,
        "confidence": "estimated_from_open_route_geometry_with_known_length_gap",
        "candidate_status": "mvp1_source_aware_planning_candidate",
        "source_route_id": "at-main-osm-2026-open",
        "source_id": "osm",
        "source_url": "https://www.openstreetmap.org/relation/156553",
        "source_access_url": "https://hiking.waymarkedtrails.org/api/v1/details/relation/156553",
        "license_status": "open_license_share_alike",
        "source_license": "ODbL",
        "license_source": "OpenStreetMap ODbL",
        "attribution": "OpenStreetMap contributors",
        "last_checked": "2026-05-13",
        "last_generated": "2026-05-14",
        "ai_answer_rule": "Generated mile based on Scout MVP1 open route geometry, not an official ATC mile. Use for source-aware planning only."
      },
      "geometry": {
        "type": "Point",
        "coordinates": [
          -84.162085,
          34.665355
        ]
      }
    },
    {
      "type": "Feature",
      "properties": {
        "trail": "Appalachian Trail",
        "route_id": "at-mvp1-springer-davenport-open-2026",
        "mile_nobo": 7,
        "mile_sobo": 227.7,
        "milepoint_type": "generated",
        "official": false,
        "confidence": "estimated_from_open_route_geometry_with_known_length_gap",
        "candidate_status": "mvp1_source_aware_planning_candidate",
        "source_route_id": "at-main-osm-2026-open",
        "source_id": "osm",
        "source_url": "https://www.openstreetmap.org/relation/156553",
        "source_access_url": "https://hiking.waymarkedtrails.org/api/v1/details/relation/156553",
        "license_status": "open_license_share_alike",
        "source_license": "ODbL",
        "license_source": "OpenStreetMap ODbL",
        "attribution": "OpenStreetMap contributors",
        "last_checked": "2026-05-13",
        "last_generated": "2026-05-14",
        "ai_answer_rule": "Generated mile based on Scout MVP1 open route geometry, not an official ATC mile. Use for source-aware planning only."
      },
      "geometry": {
        "type": "Point",
        "coordinates": [
          -84.147581,
          34.664149
        ]
      }
    },
    {
      "type": "Feature",
      "properties": {
        "trail": "Appalachian Trail",
        "route_id": "at-mvp1-springer-davenport-open-2026",
        "mile_nobo": 8,
        "mile_sobo": 226.7,
        "milepoint_type": "generated",
        "official": false,
        "confidence": "estimated_from_open_route_geometry_with_known_length_gap",
        "candidate_status": "mvp1_source_aware_planning_candidate",
        "source_route_id": "at-main-osm-2026-open",
        "source_id": "osm",
        "source_url": "https://www.openstreetmap.org/relation/156553",
        "source_access_url": "https://hiking.waymarkedtrails.org/api/v1/details/relation/156553",
        "license_status": "open_license_share_alike",
        "source_license": "ODbL",
        "license_source": "OpenStreetMap ODbL",
        "attribution": "OpenStreetMap contributors",
        "last_checked": "2026-05-13",
        "last_generated": "2026-05-14",
        "ai_answer_rule": "Generated mile based on Scout MVP1 open route geometry, not an official ATC mile. Use for source-aware planning only."
      },
      "geometry": {
        "type": "Point",
        "coordinates": [
          -84.134829,
          34.663393
        ]
      }
    },
    {
      "type": "Feature",
      "properties": {
        "trail": "Appalachian Trail",
        "route_id": "at-mvp1-springer-davenport-open-2026",
        "mile_nobo": 9,
        "mile_sobo": 225.7,
        "milepoint_type": "generated",
        "official": false,
        "confidence": "estimated_from_open_route_geometry_with_known_length_gap",
        "candidate_status": "mvp1_source_aware_planning_candidate",
        "source_route_id": "at-main-osm-2026-open",
        "source_id": "osm",
        "source_url": "https://www.openstreetmap.org/relation/156553",
        "source_access_url": "https://hiking.waymarkedtrails.org/api/v1/details/relation/156553",
        "license_status": "open_license_share_alike",
        "source_license": "ODbL",
        "license_source": "OpenStreetMap ODbL",
        "attribution": "OpenStreetMap contributors",
        "last_checked": "2026-05-13",
        "last_generated": "2026-05-14",
        "ai_answer_rule": "Generated mile based on Scout MVP1 open route geometry, not an official ATC mile. Use for source-aware planning only."
      },
      "geometry": {
        "type": "Point",
        "coordinates": [
          -84.12078,
          34.661597
        ]
      }
    },
    {
      "type": "Feature",
      "properties": {
        "trail": "Appalachian Trail",
        "route_id": "at-mvp1-springer-davenport-open-2026",
        "mile_nobo": 10,
        "mile_sobo": 224.7,
        "milepoint_type": "generated",
        "official": false,
        "confidence": "estimated_from_open_route_geometry_with_known_length_gap",
        "candidate_status": "mvp1_source_aware_planning_candidate",
        "source_route_id": "at-main-osm-2026-open",
        "source_id": "osm",
        "source_url": "https://www.openstreetmap.org/relation/156553",
        "source_access_url": "https://hiking.waymarkedtrails.org/api/v1/details/relation/156553",
        "license_status": "open_license_share_alike",
        "source_license": "ODbL",
        "license_source": "OpenStreetMap ODbL",
        "attribution": "OpenStreetMap contributors",
        "last_checked": "2026-05-13",
        "last_generated": "2026-05-14",
        "ai_answer_rule": "Generated mile based on Scout MVP1 open route geometry, not an official ATC mile. Use for source-aware planning only."
      },
      "geometry": {
        "type": "Point",
        "coordinates": [
          -84.106562,
          34.656202
        ]
      }
    },
    {
      "type": "Feature",
      "properties": {
        "trail": "Appalachian Trail",
        "route_id": "at-mvp1-springer-davenport-open-2026",
        "mile_nobo": 11,
        "mile_sobo": 223.7,
        "milepoint_type": "generated",
        "official": false,
        "confidence": "estimated_from_open_route_geometry_with_known_length_gap",
        "candidate_status": "mvp1_source_aware_planning_candidate",
        "source_route_id": "at-main-osm-2026-open",
        "source_id": "osm",
        "source_url": "https://www.openstreetmap.org/relation/156553",
        "source_access_url": "https://hiking.waymarkedtrails.org/api/v1/details/relation/156553",
        "license_status": "open_license_share_alike",
        "source_license": "ODbL",
        "license_source": "OpenStreetMap ODbL",
        "attribution": "OpenStreetMap contributors",
        "last_checked": "2026-05-13",
        "last_generated": "2026-05-14",
        "ai_answer_rule": "Generated mile based on Scout MVP1 open route geometry, not an official ATC mile. Use for source-aware planning only."
      },
      "geometry": {
        "type": "Point",
        "coordinates": [
          -84.095207,
          34.653701
        ]
      }
    },
    {
      "type": "Feature",
      "properties": {
        "trail": "Appalachian Trail",
        "route_id": "at-mvp1-springer-davenport-open-2026",
        "mile_nobo": 12,
        "mile_sobo": 222.7,
        "milepoint_type": "generated",
        "official": false,
        "confidence": "estimated_from_open_route_geometry_with_known_length_gap",
        "candidate_status": "mvp1_source_aware_planning_candidate",
        "source_route_id": "at-main-osm-2026-open",
        "source_id": "osm",
        "source_url": "https://www.openstreetmap.org/relation/156553",
        "source_access_url": "https://hiking.waymarkedtrails.org/api/v1/details/relation/156553",
        "license_status": "open_license_share_alike",
        "source_license": "ODbL",
        "license_source": "OpenStreetMap ODbL",
        "attribution": "OpenStreetMap contributors",
        "last_checked": "2026-05-13",
        "last_generated": "2026-05-14",
        "ai_answer_rule": "Generated mile based on Scout MVP1 open route geometry, not an official ATC mile. Use for source-aware planning only."
      },
      "geometry": {
        "type": "Point",
        "coordinates": [
          -84.082523,
          34.655983
        ]
      }
    },
    {
      "type": "Feature",
      "properties": {
        "trail": "Appalachian Trail",
        "route_id": "at-mvp1-springer-davenport-open-2026",
        "mile_nobo": 13,
        "mile_sobo": 221.7,
        "milepoint_type": "generated",
        "official": false,
        "confidence": "estimated_from_open_route_geometry_with_known_length_gap",
        "candidate_status": "mvp1_source_aware_planning_candidate",
        "source_route_id": "at-main-osm-2026-open",
        "source_id": "osm",
        "source_url": "https://www.openstreetmap.org/relation/156553",
        "source_access_url": "https://hiking.waymarkedtrails.org/api/v1/details/relation/156553",
        "license_status": "open_license_share_alike",
        "source_license": "ODbL",
        "license_source": "OpenStreetMap ODbL",
        "attribution": "OpenStreetMap contributors",
        "last_checked": "2026-05-13",
        "last_generated": "2026-05-14",
        "ai_answer_rule": "Generated mile based on Scout MVP1 open route geometry, not an official ATC mile. Use for source-aware planning only."
      },
      "geometry": {
        "type": "Point",
        "coordinates": [
          -84.072472,
          34.661437
        ]
      }
    },
    {
      "type": "Feature",
      "properties": {
        "trail": "Appalachian Trail",
        "route_id": "at-mvp1-springer-davenport-open-2026",
        "mile_nobo": 14,
        "mile_sobo": 220.7,
        "milepoint_type": "generated",
        "official": false,
        "confidence": "estimated_from_open_route_geometry_with_known_length_gap",
        "candidate_status": "mvp1_source_aware_planning_candidate",
        "source_route_id": "at-main-osm-2026-open",
        "source_id": "osm",
        "source_url": "https://www.openstreetmap.org/relation/156553",
        "source_access_url": "https://hiking.waymarkedtrails.org/api/v1/details/relation/156553",
        "license_status": "open_license_share_alike",
        "source_license": "ODbL",
        "license_source": "OpenStreetMap ODbL",
        "attribution": "OpenStreetMap contributors",
        "last_checked": "2026-05-13",
        "last_generated": "2026-05-14",
        "ai_answer_rule": "Generated mile based on Scout MVP1 open route geometry, not an official ATC mile. Use for source-aware planning only."
      },
      "geometry": {
        "type": "Point",
        "coordinates": [
          -84.062154,
          34.65607
        ]
      }
    },
    {
      "type": "Feature",
      "properties": {
        "trail": "Appalachian Trail",
        "route_id": "at-mvp1-springer-davenport-open-2026",
        "mile_nobo": 15,
        "mile_sobo": 219.7,
        "milepoint_type": "generated",
        "official": false,
        "confidence": "estimated_from_open_route_geometry_with_known_length_gap",
        "candidate_status": "mvp1_source_aware_planning_candidate",
        "source_route_id": "at-main-osm-2026-open",
        "source_id": "osm",
        "source_url": "https://www.openstreetmap.org/relation/156553",
        "source_access_url": "https://hiking.waymarkedtrails.org/api/v1/details/relation/156553",
        "license_status": "open_license_share_alike",
        "source_license": "ODbL",
        "license_source": "OpenStreetMap ODbL",
        "attribution": "OpenStreetMap contributors",
        "last_checked": "2026-05-13",
        "last_generated": "2026-05-14",
        "ai_answer_rule": "Generated mile based on Scout MVP1 open route geometry, not an official ATC mile. Use for source-aware planning only."
      },
      "geometry": {
        "type": "Point",
        "coordinates": [
          -84.050477,
          34.655064
        ]
      }
    },
    {
      "type": "Feature",
      "properties": {
        "trail": "Appalachian Trail",
        "route_id": "at-mvp1-springer-davenport-open-2026",
        "mile_nobo": 16,
        "mile_sobo": 218.7,
        "milepoint_type": "generated",
        "official": false,
        "confidence": "estimated_from_open_route_geometry_with_known_length_gap",
        "candidate_status": "mvp1_source_aware_planning_candidate",
        "source_route_id": "at-main-osm-2026-open",
        "source_id": "osm",
        "source_url": "https://www.openstreetmap.org/relation/156553",
        "source_access_url": "https://hiking.waymarkedtrails.org/api/v1/details/relation/156553",
        "license_status": "open_license_share_alike",
        "source_license": "ODbL",
        "license_source": "OpenStreetMap ODbL",
        "attribution": "OpenStreetMap contributors",
        "last_checked": "2026-05-13",
        "last_generated": "2026-05-14",
        "ai_answer_rule": "Generated mile based on Scout MVP1 open route geometry, not an official ATC mile. Use for source-aware planning only."
      },
      "geometry": {
        "type": "Point",
        "coordinates": [
          -84.036414,
          34.654919
        ]
      }
    },
    {
      "type": "Feature",
      "properties": {
        "trail": "Appalachian Trail",
        "route_id": "at-mvp1-springer-davenport-open-2026",
        "mile_nobo": 17,
        "mile_sobo": 217.7,
        "milepoint_type": "generated",
        "official": false,
        "confidence": "estimated_from_open_route_geometry_with_known_length_gap",
        "candidate_status": "mvp1_source_aware_planning_candidate",
        "source_route_id": "at-main-osm-2026-open",
        "source_id": "osm",
        "source_url": "https://www.openstreetmap.org/relation/156553",
        "source_access_url": "https://hiking.waymarkedtrails.org/api/v1/details/relation/156553",
        "license_status": "open_license_share_alike",
        "source_license": "ODbL",
        "license_source": "OpenStreetMap ODbL",
        "attribution": "OpenStreetMap contributors",
        "last_checked": "2026-05-13",
        "last_generated": "2026-05-14",
        "ai_answer_rule": "Generated mile based on Scout MVP1 open route geometry, not an official ATC mile. Use for source-aware planning only."
      },
      "geometry": {
        "type": "Point",
        "coordinates": [
          -84.02833,
          34.658267
        ]
      }
    },
    {
      "type": "Feature",
      "properties": {
        "trail": "Appalachian Trail",
        "route_id": "at-mvp1-springer-davenport-open-2026",
        "mile_nobo": 18,
        "mile_sobo": 216.7,
        "milepoint_type": "generated",
        "official": false,
        "confidence": "estimated_from_open_route_geometry_with_known_length_gap",
        "candidate_status": "mvp1_source_aware_planning_candidate",
        "source_route_id": "at-main-osm-2026-open",
        "source_id": "osm",
        "source_url": "https://www.openstreetmap.org/relation/156553",
        "source_access_url": "https://hiking.waymarkedtrails.org/api/v1/details/relation/156553",
        "license_status": "open_license_share_alike",
        "source_license": "ODbL",
        "license_source": "OpenStreetMap ODbL",
        "attribution": "OpenStreetMap contributors",
        "last_checked": "2026-05-13",
        "last_generated": "2026-05-14",
        "ai_answer_rule": "Generated mile based on Scout MVP1 open route geometry, not an official ATC mile. Use for source-aware planning only."
      },
      "geometry": {
        "type": "Point",
        "coordinates": [
          -84.022406,
          34.669975
        ]
      }
    },
    {
      "type": "Feature",
      "properties": {
        "trail": "Appalachian Trail",
        "route_id": "at-mvp1-springer-davenport-open-2026",
        "mile_nobo": 19,
        "mile_sobo": 215.7,
        "milepoint_type": "generated",
        "official": false,
        "confidence": "estimated_from_open_route_geometry_with_known_length_gap",
        "candidate_status": "mvp1_source_aware_planning_candidate",
        "source_route_id": "at-main-osm-2026-open",
        "source_id": "osm",
        "source_url": "https://www.openstreetmap.org/relation/156553",
        "source_access_url": "https://hiking.waymarkedtrails.org/api/v1/details/relation/156553",
        "license_status": "open_license_share_alike",
        "source_license": "ODbL",
        "license_source": "OpenStreetMap ODbL",
        "attribution": "OpenStreetMap contributors",
        "last_checked": "2026-05-13",
        "last_generated": "2026-05-14",
        "ai_answer_rule": "Generated mile based on Scout MVP1 open route geometry, not an official ATC mile. Use for source-aware planning only."
      },
      "geometry": {
        "type": "Point",
        "coordinates": [
          -84.008532,
          34.671225
        ]
      }
    },
    {
      "type": "Feature",
      "properties": {
        "trail": "Appalachian Trail",
        "route_id": "at-mvp1-springer-davenport-open-2026",
        "mile_nobo": 20,
        "mile_sobo": 214.7,
        "milepoint_type": "generated",
        "official": false,
        "confidence": "estimated_from_open_route_geometry_with_known_length_gap",
        "candidate_status": "mvp1_source_aware_planning_candidate",
        "source_route_id": "at-main-osm-2026-open",
        "source_id": "osm",
        "source_url": "https://www.openstreetmap.org/relation/156553",
        "source_access_url": "https://hiking.waymarkedtrails.org/api/v1/details/relation/156553",
        "license_status": "open_license_share_alike",
        "source_license": "ODbL",
        "license_source": "OpenStreetMap ODbL",
        "attribution": "OpenStreetMap contributors",
        "last_checked": "2026-05-13",
        "last_generated": "2026-05-14",
        "ai_answer_rule": "Generated mile based on Scout MVP1 open route geometry, not an official ATC mile. Use for source-aware planning only."
      },
      "geometry": {
        "type": "Point",
        "coordinates": [
          -83.998982,
          34.678413
        ]
      }
    },
    {
      "type": "Feature",
      "properties": {
        "trail": "Appalachian Trail",
        "route_id": "at-mvp1-springer-davenport-open-2026",
        "mile_nobo": 21,
        "mile_sobo": 213.7,
        "milepoint_type": "generated",
        "official": false,
        "confidence": "estimated_from_open_route_geometry_with_known_length_gap",
        "candidate_status": "mvp1_source_aware_planning_candidate",
        "source_route_id": "at-main-osm-2026-open",
        "source_id": "osm",
        "source_url": "https://www.openstreetmap.org/relation/156553",
        "source_access_url": "https://hiking.waymarkedtrails.org/api/v1/details/relation/156553",
        "license_status": "open_license_share_alike",
        "source_license": "ODbL",
        "license_source": "OpenStreetMap ODbL",
        "attribution": "OpenStreetMap contributors",
        "last_checked": "2026-05-13",
        "last_generated": "2026-05-14",
        "ai_answer_rule": "Generated mile based on Scout MVP1 open route geometry, not an official ATC mile. Use for source-aware planning only."
      },
      "geometry": {
        "type": "Point",
        "coordinates": [
          -83.993113,
          34.688407
        ]
      }
    },
    {
      "type": "Feature",
      "properties": {
        "trail": "Appalachian Trail",
        "route_id": "at-mvp1-springer-davenport-open-2026",
        "mile_nobo": 22,
        "mile_sobo": 212.7,
        "milepoint_type": "generated",
        "official": false,
        "confidence": "estimated_from_open_route_geometry_with_known_length_gap",
        "candidate_status": "mvp1_source_aware_planning_candidate",
        "source_route_id": "at-main-osm-2026-open",
        "source_id": "osm",
        "source_url": "https://www.openstreetmap.org/relation/156553",
        "source_access_url": "https://hiking.waymarkedtrails.org/api/v1/details/relation/156553",
        "license_status": "open_license_share_alike",
        "source_license": "ODbL",
        "license_source": "OpenStreetMap ODbL",
        "attribution": "OpenStreetMap contributors",
        "last_checked": "2026-05-13",
        "last_generated": "2026-05-14",
        "ai_answer_rule": "Generated mile based on Scout MVP1 open route geometry, not an official ATC mile. Use for source-aware planning only."
      },
      "geometry": {
        "type": "Point",
        "coordinates": [
          -83.988814,
          34.696488
        ]
      }
    },
    {
      "type": "Feature",
      "properties": {
        "trail": "Appalachian Trail",
        "route_id": "at-mvp1-springer-davenport-open-2026",
        "mile_nobo": 23,
        "mile_sobo": 211.7,
        "milepoint_type": "generated",
        "official": false,
        "confidence": "estimated_from_open_route_geometry_with_known_length_gap",
        "candidate_status": "mvp1_source_aware_planning_candidate",
        "source_route_id": "at-main-osm-2026-open",
        "source_id": "osm",
        "source_url": "https://www.openstreetmap.org/relation/156553",
        "source_access_url": "https://hiking.waymarkedtrails.org/api/v1/details/relation/156553",
        "license_status": "open_license_share_alike",
        "source_license": "ODbL",
        "license_source": "OpenStreetMap ODbL",
        "attribution": "OpenStreetMap contributors",
        "last_checked": "2026-05-13",
        "last_generated": "2026-05-14",
        "ai_answer_rule": "Generated mile based on Scout MVP1 open route geometry, not an official ATC mile. Use for source-aware planning only."
      },
      "geometry": {
        "type": "Point",
        "coordinates": [
          -83.984329,
          34.707141
        ]
      }
    },
    {
      "type": "Feature",
      "properties": {
        "trail": "Appalachian Trail",
        "route_id": "at-mvp1-springer-davenport-open-2026",
        "mile_nobo": 24,
        "mile_sobo": 210.7,
        "milepoint_type": "generated",
        "official": false,
        "confidence": "estimated_from_open_route_geometry_with_known_length_gap",
        "candidate_status": "mvp1_source_aware_planning_candidate",
        "source_route_id": "at-main-osm-2026-open",
        "source_id": "osm",
        "source_url": "https://www.openstreetmap.org/relation/156553",
        "source_access_url": "https://hiking.waymarkedtrails.org/api/v1/details/relation/156553",
        "license_status": "open_license_share_alike",
        "source_license": "ODbL",
        "license_source": "OpenStreetMap ODbL",
        "attribution": "OpenStreetMap contributors",
        "last_checked": "2026-05-13",
        "last_generated": "2026-05-14",
        "ai_answer_rule": "Generated mile based on Scout MVP1 open route geometry, not an official ATC mile. Use for source-aware planning only."
      },
      "geometry": {
        "type": "Point",
        "coordinates": [
          -83.977245,
          34.715481
        ]
      }
    },
    {
      "type": "Feature",
      "properties": {
        "trail": "Appalachian Trail",
        "route_id": "at-mvp1-springer-davenport-open-2026",
        "mile_nobo": 25,
        "mile_sobo": 209.7,
        "milepoint_type": "generated",
        "official": false,
        "confidence": "estimated_from_open_route_geometry_with_known_length_gap",
        "candidate_status": "mvp1_source_aware_planning_candidate",
        "source_route_id": "at-main-osm-2026-open",
        "source_id": "osm",
        "source_url": "https://www.openstreetmap.org/relation/156553",
        "source_access_url": "https://hiking.waymarkedtrails.org/api/v1/details/relation/156553",
        "license_status": "open_license_share_alike",
        "source_license": "ODbL",
        "license_source": "OpenStreetMap ODbL",
        "attribution": "OpenStreetMap contributors",
        "last_checked": "2026-05-13",
        "last_generated": "2026-05-14",
        "ai_answer_rule": "Generated mile based on Scout MVP1 open route geometry, not an official ATC mile. Use for source-aware planning only."
      },
      "geometry": {
        "type": "Point",
        "coordinates": [
          -83.969869,
          34.72348
        ]
      }
    },
    {
      "type": "Feature",
      "properties": {
        "trail": "Appalachian Trail",
        "route_id": "at-mvp1-springer-davenport-open-2026",
        "mile_nobo": 26,
        "mile_sobo": 208.7,
        "milepoint_type": "generated",
        "official": false,
        "confidence": "estimated_from_open_route_geometry_with_known_length_gap",
        "candidate_status": "mvp1_source_aware_planning_candidate",
        "source_route_id": "at-main-osm-2026-open",
        "source_id": "osm",
        "source_url": "https://www.openstreetmap.org/relation/156553",
        "source_access_url": "https://hiking.waymarkedtrails.org/api/v1/details/relation/156553",
        "license_status": "open_license_share_alike",
        "source_license": "ODbL",
        "license_source": "OpenStreetMap ODbL",
        "attribution": "OpenStreetMap contributors",
        "last_checked": "2026-05-13",
        "last_generated": "2026-05-14",
        "ai_answer_rule": "Generated mile based on Scout MVP1 open route geometry, not an official ATC mile. Use for source-aware planning only."
      },
      "geometry": {
        "type": "Point",
        "coordinates": [
          -83.957144,
          34.730545
        ]
      }
    },
    {
      "type": "Feature",
      "properties": {
        "trail": "Appalachian Trail",
        "route_id": "at-mvp1-springer-davenport-open-2026",
        "mile_nobo": 27,
        "mile_sobo": 207.7,
        "milepoint_type": "generated",
        "official": false,
        "confidence": "estimated_from_open_route_geometry_with_known_length_gap",
        "candidate_status": "mvp1_source_aware_planning_candidate",
        "source_route_id": "at-main-osm-2026-open",
        "source_id": "osm",
        "source_url": "https://www.openstreetmap.org/relation/156553",
        "source_access_url": "https://hiking.waymarkedtrails.org/api/v1/details/relation/156553",
        "license_status": "open_license_share_alike",
        "source_license": "ODbL",
        "license_source": "OpenStreetMap ODbL",
        "attribution": "OpenStreetMap contributors",
        "last_checked": "2026-05-13",
        "last_generated": "2026-05-14",
        "ai_answer_rule": "Generated mile based on Scout MVP1 open route geometry, not an official ATC mile. Use for source-aware planning only."
      },
      "geometry": {
        "type": "Point",
        "coordinates": [
          -83.946305,
          34.739878
        ]
      }
    },
    {
      "type": "Feature",
      "properties": {
        "trail": "Appalachian Trail",
        "route_id": "at-mvp1-springer-davenport-open-2026",
        "mile_nobo": 28,
        "mile_sobo": 206.7,
        "milepoint_type": "generated",
        "official": false,
        "confidence": "estimated_from_open_route_geometry_with_known_length_gap",
        "candidate_status": "mvp1_source_aware_planning_candidate",
        "source_route_id": "at-main-osm-2026-open",
        "source_id": "osm",
        "source_url": "https://www.openstreetmap.org/relation/156553",
        "source_access_url": "https://hiking.waymarkedtrails.org/api/v1/details/relation/156553",
        "license_status": "open_license_share_alike",
        "source_license": "ODbL",
        "license_source": "OpenStreetMap ODbL",
        "attribution": "OpenStreetMap contributors",
        "last_checked": "2026-05-13",
        "last_generated": "2026-05-14",
        "ai_answer_rule": "Generated mile based on Scout MVP1 open route geometry, not an official ATC mile. Use for source-aware planning only."
      },
      "geometry": {
        "type": "Point",
        "coordinates": [
          -83.938957,
          34.740812
        ]
      }
    },
    {
      "type": "Feature",
      "properties": {
        "trail": "Appalachian Trail",
        "route_id": "at-mvp1-springer-davenport-open-2026",
        "mile_nobo": 29,
        "mile_sobo": 205.7,
        "milepoint_type": "generated",
        "official": false,
        "confidence": "estimated_from_open_route_geometry_with_known_length_gap",
        "candidate_status": "mvp1_source_aware_planning_candidate",
        "source_route_id": "at-main-osm-2026-open",
        "source_id": "osm",
        "source_url": "https://www.openstreetmap.org/relation/156553",
        "source_access_url": "https://hiking.waymarkedtrails.org/api/v1/details/relation/156553",
        "license_status": "open_license_share_alike",
        "source_license": "ODbL",
        "license_source": "OpenStreetMap ODbL",
        "attribution": "OpenStreetMap contributors",
        "last_checked": "2026-05-13",
        "last_generated": "2026-05-14",
        "ai_answer_rule": "Generated mile based on Scout MVP1 open route geometry, not an official ATC mile. Use for source-aware planning only."
      },
      "geometry": {
        "type": "Point",
        "coordinates": [
          -83.932096,
          34.737825
        ]
      }
    },
    {
      "type": "Feature",
      "properties": {
        "trail": "Appalachian Trail",
        "route_id": "at-mvp1-springer-davenport-open-2026",
        "mile_nobo": 30,
        "mile_sobo": 204.7,
        "milepoint_type": "generated",
        "official": false,
        "confidence": "estimated_from_open_route_geometry_with_known_length_gap",
        "candidate_status": "mvp1_source_aware_planning_candidate",
        "source_route_id": "at-main-osm-2026-open",
        "source_id": "osm",
        "source_url": "https://www.openstreetmap.org/relation/156553",
        "source_access_url": "https://hiking.waymarkedtrails.org/api/v1/details/relation/156553",
        "license_status": "open_license_share_alike",
        "source_license": "ODbL",
        "license_source": "OpenStreetMap ODbL",
        "attribution": "OpenStreetMap contributors",
        "last_checked": "2026-05-13",
        "last_generated": "2026-05-14",
        "ai_answer_rule": "Generated mile based on Scout MVP1 open route geometry, not an official ATC mile. Use for source-aware planning only."
      },
      "geometry": {
        "type": "Point",
        "coordinates": [
          -83.921924,
          34.738765
        ]
      }
    },
    {
      "type": "Feature",
      "properties": {
        "trail": "Appalachian Trail",
        "route_id": "at-mvp1-springer-davenport-open-2026",
        "mile_nobo": 31,
        "mile_sobo": 203.7,
        "milepoint_type": "generated",
        "official": false,
        "confidence": "estimated_from_open_route_geometry_with_known_length_gap",
        "candidate_status": "mvp1_source_aware_planning_candidate",
        "source_route_id": "at-main-osm-2026-open",
        "source_id": "osm",
        "source_url": "https://www.openstreetmap.org/relation/156553",
        "source_access_url": "https://hiking.waymarkedtrails.org/api/v1/details/relation/156553",
        "license_status": "open_license_share_alike",
        "source_license": "ODbL",
        "license_source": "OpenStreetMap ODbL",
        "attribution": "OpenStreetMap contributors",
        "last_checked": "2026-05-13",
        "last_generated": "2026-05-14",
        "ai_answer_rule": "Generated mile based on Scout MVP1 open route geometry, not an official ATC mile. Use for source-aware planning only."
      },
      "geometry": {
        "type": "Point",
        "coordinates": [
          -83.910908,
          34.736348
        ]
      }
    },
    {
      "type": "Feature",
      "properties": {
        "trail": "Appalachian Trail",
        "route_id": "at-mvp1-springer-davenport-open-2026",
        "mile_nobo": 32,
        "mile_sobo": 202.7,
        "milepoint_type": "generated",
        "official": false,
        "confidence": "estimated_from_open_route_geometry_with_known_length_gap",
        "candidate_status": "mvp1_source_aware_planning_candidate",
        "source_route_id": "at-main-osm-2026-open",
        "source_id": "osm",
        "source_url": "https://www.openstreetmap.org/relation/156553",
        "source_access_url": "https://hiking.waymarkedtrails.org/api/v1/details/relation/156553",
        "license_status": "open_license_share_alike",
        "source_license": "ODbL",
        "license_source": "OpenStreetMap ODbL",
        "attribution": "OpenStreetMap contributors",
        "last_checked": "2026-05-13",
        "last_generated": "2026-05-14",
        "ai_answer_rule": "Generated mile based on Scout MVP1 open route geometry, not an official ATC mile. Use for source-aware planning only."
      },
      "geometry": {
        "type": "Point",
        "coordinates": [
          -83.898479,
          34.730611
        ]
      }
    },
    {
      "type": "Feature",
      "properties": {
        "trail": "Appalachian Trail",
        "route_id": "at-mvp1-springer-davenport-open-2026",
        "mile_nobo": 33,
        "mile_sobo": 201.7,
        "milepoint_type": "generated",
        "official": false,
        "confidence": "estimated_from_open_route_geometry_with_known_length_gap",
        "candidate_status": "mvp1_source_aware_planning_candidate",
        "source_route_id": "at-main-osm-2026-open",
        "source_id": "osm",
        "source_url": "https://www.openstreetmap.org/relation/156553",
        "source_access_url": "https://hiking.waymarkedtrails.org/api/v1/details/relation/156553",
        "license_status": "open_license_share_alike",
        "source_license": "ODbL",
        "license_source": "OpenStreetMap ODbL",
        "attribution": "OpenStreetMap contributors",
        "last_checked": "2026-05-13",
        "last_generated": "2026-05-14",
        "ai_answer_rule": "Generated mile based on Scout MVP1 open route geometry, not an official ATC mile. Use for source-aware planning only."
      },
      "geometry": {
        "type": "Point",
        "coordinates": [
          -83.887241,
          34.726247
        ]
      }
    },
    {
      "type": "Feature",
      "properties": {
        "trail": "Appalachian Trail",
        "route_id": "at-mvp1-springer-davenport-open-2026",
        "mile_nobo": 34,
        "mile_sobo": 200.7,
        "milepoint_type": "generated",
        "official": false,
        "confidence": "estimated_from_open_route_geometry_with_known_length_gap",
        "candidate_status": "mvp1_source_aware_planning_candidate",
        "source_route_id": "at-main-osm-2026-open",
        "source_id": "osm",
        "source_url": "https://www.openstreetmap.org/relation/156553",
        "source_access_url": "https://hiking.waymarkedtrails.org/api/v1/details/relation/156553",
        "license_status": "open_license_share_alike",
        "source_license": "ODbL",
        "license_source": "OpenStreetMap ODbL",
        "attribution": "OpenStreetMap contributors",
        "last_checked": "2026-05-13",
        "last_generated": "2026-05-14",
        "ai_answer_rule": "Generated mile based on Scout MVP1 open route geometry, not an official ATC mile. Use for source-aware planning only."
      },
      "geometry": {
        "type": "Point",
        "coordinates": [
          -83.872899,
          34.726023
        ]
      }
    },
    {
      "type": "Feature",
      "properties": {
        "trail": "Appalachian Trail",
        "route_id": "at-mvp1-springer-davenport-open-2026",
        "mile_nobo": 35,
        "mile_sobo": 199.7,
        "milepoint_type": "generated",
        "official": false,
        "confidence": "estimated_from_open_route_geometry_with_known_length_gap",
        "candidate_status": "mvp1_source_aware_planning_candidate",
        "source_route_id": "at-main-osm-2026-open",
        "source_id": "osm",
        "source_url": "https://www.openstreetmap.org/relation/156553",
        "source_access_url": "https://hiking.waymarkedtrails.org/api/v1/details/relation/156553",
        "license_status": "open_license_share_alike",
        "source_license": "ODbL",
        "license_source": "OpenStreetMap ODbL",
        "attribution": "OpenStreetMap contributors",
        "last_checked": "2026-05-13",
        "last_generated": "2026-05-14",
        "ai_answer_rule": "Generated mile based on Scout MVP1 open route geometry, not an official ATC mile. Use for source-aware planning only."
      },
      "geometry": {
        "type": "Point",
        "coordinates": [
          -83.858196,
          34.723143
        ]
      }
    },
    {
      "type": "Feature",
      "properties": {
        "trail": "Appalachian Trail",
        "route_id": "at-mvp1-springer-davenport-open-2026",
        "mile_nobo": 36,
        "mile_sobo": 198.7,
        "milepoint_type": "generated",
        "official": false,
        "confidence": "estimated_from_open_route_geometry_with_known_length_gap",
        "candidate_status": "mvp1_source_aware_planning_candidate",
        "source_route_id": "at-main-osm-2026-open",
        "source_id": "osm",
        "source_url": "https://www.openstreetmap.org/relation/156553",
        "source_access_url": "https://hiking.waymarkedtrails.org/api/v1/details/relation/156553",
        "license_status": "open_license_share_alike",
        "source_license": "ODbL",
        "license_source": "OpenStreetMap ODbL",
        "attribution": "OpenStreetMap contributors",
        "last_checked": "2026-05-13",
        "last_generated": "2026-05-14",
        "ai_answer_rule": "Generated mile based on Scout MVP1 open route geometry, not an official ATC mile. Use for source-aware planning only."
      },
      "geometry": {
        "type": "Point",
        "coordinates": [
          -83.847528,
          34.726206
        ]
      }
    },
    {
      "type": "Feature",
      "properties": {
        "trail": "Appalachian Trail",
        "route_id": "at-mvp1-springer-davenport-open-2026",
        "mile_nobo": 37,
        "mile_sobo": 197.7,
        "milepoint_type": "generated",
        "official": false,
        "confidence": "estimated_from_open_route_geometry_with_known_length_gap",
        "candidate_status": "mvp1_source_aware_planning_candidate",
        "source_route_id": "at-main-osm-2026-open",
        "source_id": "osm",
        "source_url": "https://www.openstreetmap.org/relation/156553",
        "source_access_url": "https://hiking.waymarkedtrails.org/api/v1/details/relation/156553",
        "license_status": "open_license_share_alike",
        "source_license": "ODbL",
        "license_source": "OpenStreetMap ODbL",
        "attribution": "OpenStreetMap contributors",
        "last_checked": "2026-05-13",
        "last_generated": "2026-05-14",
        "ai_answer_rule": "Generated mile based on Scout MVP1 open route geometry, not an official ATC mile. Use for source-aware planning only."
      },
      "geometry": {
        "type": "Point",
        "coordinates": [
          -83.838494,
          34.727506
        ]
      }
    },
    {
      "type": "Feature",
      "properties": {
        "trail": "Appalachian Trail",
        "route_id": "at-mvp1-springer-davenport-open-2026",
        "mile_nobo": 38,
        "mile_sobo": 196.7,
        "milepoint_type": "generated",
        "official": false,
        "confidence": "estimated_from_open_route_geometry_with_known_length_gap",
        "candidate_status": "mvp1_source_aware_planning_candidate",
        "source_route_id": "at-main-osm-2026-open",
        "source_id": "osm",
        "source_url": "https://www.openstreetmap.org/relation/156553",
        "source_access_url": "https://hiking.waymarkedtrails.org/api/v1/details/relation/156553",
        "license_status": "open_license_share_alike",
        "source_license": "ODbL",
        "license_source": "OpenStreetMap ODbL",
        "attribution": "OpenStreetMap contributors",
        "last_checked": "2026-05-13",
        "last_generated": "2026-05-14",
        "ai_answer_rule": "Generated mile based on Scout MVP1 open route geometry, not an official ATC mile. Use for source-aware planning only."
      },
      "geometry": {
        "type": "Point",
        "coordinates": [
          -83.829607,
          34.736824
        ]
      }
    },
    {
      "type": "Feature",
      "properties": {
        "trail": "Appalachian Trail",
        "route_id": "at-mvp1-springer-davenport-open-2026",
        "mile_nobo": 39,
        "mile_sobo": 195.7,
        "milepoint_type": "generated",
        "official": false,
        "confidence": "estimated_from_open_route_geometry_with_known_length_gap",
        "candidate_status": "mvp1_source_aware_planning_candidate",
        "source_route_id": "at-main-osm-2026-open",
        "source_id": "osm",
        "source_url": "https://www.openstreetmap.org/relation/156553",
        "source_access_url": "https://hiking.waymarkedtrails.org/api/v1/details/relation/156553",
        "license_status": "open_license_share_alike",
        "source_license": "ODbL",
        "license_source": "OpenStreetMap ODbL",
        "attribution": "OpenStreetMap contributors",
        "last_checked": "2026-05-13",
        "last_generated": "2026-05-14",
        "ai_answer_rule": "Generated mile based on Scout MVP1 open route geometry, not an official ATC mile. Use for source-aware planning only."
      },
      "geometry": {
        "type": "Point",
        "coordinates": [
          -83.826382,
          34.750196
        ]
      }
    },
    {
      "type": "Feature",
      "properties": {
        "trail": "Appalachian Trail",
        "route_id": "at-mvp1-springer-davenport-open-2026",
        "mile_nobo": 40,
        "mile_sobo": 194.7,
        "milepoint_type": "generated",
        "official": false,
        "confidence": "estimated_from_open_route_geometry_with_known_length_gap",
        "candidate_status": "mvp1_source_aware_planning_candidate",
        "source_route_id": "at-main-osm-2026-open",
        "source_id": "osm",
        "source_url": "https://www.openstreetmap.org/relation/156553",
        "source_access_url": "https://hiking.waymarkedtrails.org/api/v1/details/relation/156553",
        "license_status": "open_license_share_alike",
        "source_license": "ODbL",
        "license_source": "OpenStreetMap ODbL",
        "attribution": "OpenStreetMap contributors",
        "last_checked": "2026-05-13",
        "last_generated": "2026-05-14",
        "ai_answer_rule": "Generated mile based on Scout MVP1 open route geometry, not an official ATC mile. Use for source-aware planning only."
      },
      "geometry": {
        "type": "Point",
        "coordinates": [
          -83.829328,
          34.763522
        ]
      }
    },
    {
      "type": "Feature",
      "properties": {
        "trail": "Appalachian Trail",
        "route_id": "at-mvp1-springer-davenport-open-2026",
        "mile_nobo": 41,
        "mile_sobo": 193.7,
        "milepoint_type": "generated",
        "official": false,
        "confidence": "estimated_from_open_route_geometry_with_known_length_gap",
        "candidate_status": "mvp1_source_aware_planning_candidate",
        "source_route_id": "at-main-osm-2026-open",
        "source_id": "osm",
        "source_url": "https://www.openstreetmap.org/relation/156553",
        "source_access_url": "https://hiking.waymarkedtrails.org/api/v1/details/relation/156553",
        "license_status": "open_license_share_alike",
        "source_license": "ODbL",
        "license_source": "OpenStreetMap ODbL",
        "attribution": "OpenStreetMap contributors",
        "last_checked": "2026-05-13",
        "last_generated": "2026-05-14",
        "ai_answer_rule": "Generated mile based on Scout MVP1 open route geometry, not an official ATC mile. Use for source-aware planning only."
      },
      "geometry": {
        "type": "Point",
        "coordinates": [
          -83.8254,
          34.773045
        ]
      }
    },
    {
      "type": "Feature",
      "properties": {
        "trail": "Appalachian Trail",
        "route_id": "at-mvp1-springer-davenport-open-2026",
        "mile_nobo": 42,
        "mile_sobo": 192.7,
        "milepoint_type": "generated",
        "official": false,
        "confidence": "estimated_from_open_route_geometry_with_known_length_gap",
        "candidate_status": "mvp1_source_aware_planning_candidate",
        "source_route_id": "at-main-osm-2026-open",
        "source_id": "osm",
        "source_url": "https://www.openstreetmap.org/relation/156553",
        "source_access_url": "https://hiking.waymarkedtrails.org/api/v1/details/relation/156553",
        "license_status": "open_license_share_alike",
        "source_license": "ODbL",
        "license_source": "OpenStreetMap ODbL",
        "attribution": "OpenStreetMap contributors",
        "last_checked": "2026-05-13",
        "last_generated": "2026-05-14",
        "ai_answer_rule": "Generated mile based on Scout MVP1 open route geometry, not an official ATC mile. Use for source-aware planning only."
      },
      "geometry": {
        "type": "Point",
        "coordinates": [
          -83.817473,
          34.781444
        ]
      }
    },
    {
      "type": "Feature",
      "properties": {
        "trail": "Appalachian Trail",
        "route_id": "at-mvp1-springer-davenport-open-2026",
        "mile_nobo": 43,
        "mile_sobo": 191.7,
        "milepoint_type": "generated",
        "official": false,
        "confidence": "estimated_from_open_route_geometry_with_known_length_gap",
        "candidate_status": "mvp1_source_aware_planning_candidate",
        "source_route_id": "at-main-osm-2026-open",
        "source_id": "osm",
        "source_url": "https://www.openstreetmap.org/relation/156553",
        "source_access_url": "https://hiking.waymarkedtrails.org/api/v1/details/relation/156553",
        "license_status": "open_license_share_alike",
        "source_license": "ODbL",
        "license_source": "OpenStreetMap ODbL",
        "attribution": "OpenStreetMap contributors",
        "last_checked": "2026-05-13",
        "last_generated": "2026-05-14",
        "ai_answer_rule": "Generated mile based on Scout MVP1 open route geometry, not an official ATC mile. Use for source-aware planning only."
      },
      "geometry": {
        "type": "Point",
        "coordinates": [
          -83.810711,
          34.793749
        ]
      }
    },
    {
      "type": "Feature",
      "properties": {
        "trail": "Appalachian Trail",
        "route_id": "at-mvp1-springer-davenport-open-2026",
        "mile_nobo": 44,
        "mile_sobo": 190.7,
        "milepoint_type": "generated",
        "official": false,
        "confidence": "estimated_from_open_route_geometry_with_known_length_gap",
        "candidate_status": "mvp1_source_aware_planning_candidate",
        "source_route_id": "at-main-osm-2026-open",
        "source_id": "osm",
        "source_url": "https://www.openstreetmap.org/relation/156553",
        "source_access_url": "https://hiking.waymarkedtrails.org/api/v1/details/relation/156553",
        "license_status": "open_license_share_alike",
        "source_license": "ODbL",
        "license_source": "OpenStreetMap ODbL",
        "attribution": "OpenStreetMap contributors",
        "last_checked": "2026-05-13",
        "last_generated": "2026-05-14",
        "ai_answer_rule": "Generated mile based on Scout MVP1 open route geometry, not an official ATC mile. Use for source-aware planning only."
      },
      "geometry": {
        "type": "Point",
        "coordinates": [
          -83.804964,
          34.801376
        ]
      }
    },
    {
      "type": "Feature",
      "properties": {
        "trail": "Appalachian Trail",
        "route_id": "at-mvp1-springer-davenport-open-2026",
        "mile_nobo": 45,
        "mile_sobo": 189.7,
        "milepoint_type": "generated",
        "official": false,
        "confidence": "estimated_from_open_route_geometry_with_known_length_gap",
        "candidate_status": "mvp1_source_aware_planning_candidate",
        "source_route_id": "at-main-osm-2026-open",
        "source_id": "osm",
        "source_url": "https://www.openstreetmap.org/relation/156553",
        "source_access_url": "https://hiking.waymarkedtrails.org/api/v1/details/relation/156553",
        "license_status": "open_license_share_alike",
        "source_license": "ODbL",
        "license_source": "OpenStreetMap ODbL",
        "attribution": "OpenStreetMap contributors",
        "last_checked": "2026-05-13",
        "last_generated": "2026-05-14",
        "ai_answer_rule": "Generated mile based on Scout MVP1 open route geometry, not an official ATC mile. Use for source-aware planning only."
      },
      "geometry": {
        "type": "Point",
        "coordinates": [
          -83.810641,
          34.809953
        ]
      }
    },
    {
      "type": "Feature",
      "properties": {
        "trail": "Appalachian Trail",
        "route_id": "at-mvp1-springer-davenport-open-2026",
        "mile_nobo": 46,
        "mile_sobo": 188.7,
        "milepoint_type": "generated",
        "official": false,
        "confidence": "estimated_from_open_route_geometry_with_known_length_gap",
        "candidate_status": "mvp1_source_aware_planning_candidate",
        "source_route_id": "at-main-osm-2026-open",
        "source_id": "osm",
        "source_url": "https://www.openstreetmap.org/relation/156553",
        "source_access_url": "https://hiking.waymarkedtrails.org/api/v1/details/relation/156553",
        "license_status": "open_license_share_alike",
        "source_license": "ODbL",
        "license_source": "OpenStreetMap ODbL",
        "attribution": "OpenStreetMap contributors",
        "last_checked": "2026-05-13",
        "last_generated": "2026-05-14",
        "ai_answer_rule": "Generated mile based on Scout MVP1 open route geometry, not an official ATC mile. Use for source-aware planning only."
      },
      "geometry": {
        "type": "Point",
        "coordinates": [
          -83.799562,
          34.820024
        ]
      }
    },
    {
      "type": "Feature",
      "properties": {
        "trail": "Appalachian Trail",
        "route_id": "at-mvp1-springer-davenport-open-2026",
        "mile_nobo": 47,
        "mile_sobo": 187.7,
        "milepoint_type": "generated",
        "official": false,
        "confidence": "estimated_from_open_route_geometry_with_known_length_gap",
        "candidate_status": "mvp1_source_aware_planning_candidate",
        "source_route_id": "at-main-osm-2026-open",
        "source_id": "osm",
        "source_url": "https://www.openstreetmap.org/relation/156553",
        "source_access_url": "https://hiking.waymarkedtrails.org/api/v1/details/relation/156553",
        "license_status": "open_license_share_alike",
        "source_license": "ODbL",
        "license_source": "OpenStreetMap ODbL",
        "attribution": "OpenStreetMap contributors",
        "last_checked": "2026-05-13",
        "last_generated": "2026-05-14",
        "ai_answer_rule": "Generated mile based on Scout MVP1 open route geometry, not an official ATC mile. Use for source-aware planning only."
      },
      "geometry": {
        "type": "Point",
        "coordinates": [
          -83.785339,
          34.821041
        ]
      }
    },
    {
      "type": "Feature",
      "properties": {
        "trail": "Appalachian Trail",
        "route_id": "at-mvp1-springer-davenport-open-2026",
        "mile_nobo": 48,
        "mile_sobo": 186.7,
        "milepoint_type": "generated",
        "official": false,
        "confidence": "estimated_from_open_route_geometry_with_known_length_gap",
        "candidate_status": "mvp1_source_aware_planning_candidate",
        "source_route_id": "at-main-osm-2026-open",
        "source_id": "osm",
        "source_url": "https://www.openstreetmap.org/relation/156553",
        "source_access_url": "https://hiking.waymarkedtrails.org/api/v1/details/relation/156553",
        "license_status": "open_license_share_alike",
        "source_license": "ODbL",
        "license_source": "OpenStreetMap ODbL",
        "attribution": "OpenStreetMap contributors",
        "last_checked": "2026-05-13",
        "last_generated": "2026-05-14",
        "ai_answer_rule": "Generated mile based on Scout MVP1 open route geometry, not an official ATC mile. Use for source-aware planning only."
      },
      "geometry": {
        "type": "Point",
        "coordinates": [
          -83.773738,
          34.816787
        ]
      }
    },
    {
      "type": "Feature",
      "properties": {
        "trail": "Appalachian Trail",
        "route_id": "at-mvp1-springer-davenport-open-2026",
        "mile_nobo": 49,
        "mile_sobo": 185.7,
        "milepoint_type": "generated",
        "official": false,
        "confidence": "estimated_from_open_route_geometry_with_known_length_gap",
        "candidate_status": "mvp1_source_aware_planning_candidate",
        "source_route_id": "at-main-osm-2026-open",
        "source_id": "osm",
        "source_url": "https://www.openstreetmap.org/relation/156553",
        "source_access_url": "https://hiking.waymarkedtrails.org/api/v1/details/relation/156553",
        "license_status": "open_license_share_alike",
        "source_license": "ODbL",
        "license_source": "OpenStreetMap ODbL",
        "attribution": "OpenStreetMap contributors",
        "last_checked": "2026-05-13",
        "last_generated": "2026-05-14",
        "ai_answer_rule": "Generated mile based on Scout MVP1 open route geometry, not an official ATC mile. Use for source-aware planning only."
      },
      "geometry": {
        "type": "Point",
        "coordinates": [
          -83.758392,
          34.813026
        ]
      }
    },
    {
      "type": "Feature",
      "properties": {
        "trail": "Appalachian Trail",
        "route_id": "at-mvp1-springer-davenport-open-2026",
        "mile_nobo": 50,
        "mile_sobo": 184.7,
        "milepoint_type": "generated",
        "official": false,
        "confidence": "estimated_from_open_route_geometry_with_known_length_gap",
        "candidate_status": "mvp1_source_aware_planning_candidate",
        "source_route_id": "at-main-osm-2026-open",
        "source_id": "osm",
        "source_url": "https://www.openstreetmap.org/relation/156553",
        "source_access_url": "https://hiking.waymarkedtrails.org/api/v1/details/relation/156553",
        "license_status": "open_license_share_alike",
        "source_license": "ODbL",
        "license_source": "OpenStreetMap ODbL",
        "attribution": "OpenStreetMap contributors",
        "last_checked": "2026-05-13",
        "last_generated": "2026-05-14",
        "ai_answer_rule": "Generated mile based on Scout MVP1 open route geometry, not an official ATC mile. Use for source-aware planning only."
      },
      "geometry": {
        "type": "Point",
        "coordinates": [
          -83.746641,
          34.805399
        ]
      }
    },
    {
      "type": "Feature",
      "properties": {
        "trail": "Appalachian Trail",
        "route_id": "at-mvp1-springer-davenport-open-2026",
        "mile_nobo": 51,
        "mile_sobo": 183.7,
        "milepoint_type": "generated",
        "official": false,
        "confidence": "estimated_from_open_route_geometry_with_known_length_gap",
        "candidate_status": "mvp1_source_aware_planning_candidate",
        "source_route_id": "at-main-osm-2026-open",
        "source_id": "osm",
        "source_url": "https://www.openstreetmap.org/relation/156553",
        "source_access_url": "https://hiking.waymarkedtrails.org/api/v1/details/relation/156553",
        "license_status": "open_license_share_alike",
        "source_license": "ODbL",
        "license_source": "OpenStreetMap ODbL",
        "attribution": "OpenStreetMap contributors",
        "last_checked": "2026-05-13",
        "last_generated": "2026-05-14",
        "ai_answer_rule": "Generated mile based on Scout MVP1 open route geometry, not an official ATC mile. Use for source-aware planning only."
      },
      "geometry": {
        "type": "Point",
        "coordinates": [
          -83.738819,
          34.802114
        ]
      }
    },
    {
      "type": "Feature",
      "properties": {
        "trail": "Appalachian Trail",
        "route_id": "at-mvp1-springer-davenport-open-2026",
        "mile_nobo": 52,
        "mile_sobo": 182.7,
        "milepoint_type": "generated",
        "official": false,
        "confidence": "estimated_from_open_route_geometry_with_known_length_gap",
        "candidate_status": "mvp1_source_aware_planning_candidate",
        "source_route_id": "at-main-osm-2026-open",
        "source_id": "osm",
        "source_url": "https://www.openstreetmap.org/relation/156553",
        "source_access_url": "https://hiking.waymarkedtrails.org/api/v1/details/relation/156553",
        "license_status": "open_license_share_alike",
        "source_license": "ODbL",
        "license_source": "OpenStreetMap ODbL",
        "attribution": "OpenStreetMap contributors",
        "last_checked": "2026-05-13",
        "last_generated": "2026-05-14",
        "ai_answer_rule": "Generated mile based on Scout MVP1 open route geometry, not an official ATC mile. Use for source-aware planning only."
      },
      "geometry": {
        "type": "Point",
        "coordinates": [
          -83.728666,
          34.798247
        ]
      }
    },
    {
      "type": "Feature",
      "properties": {
        "trail": "Appalachian Trail",
        "route_id": "at-mvp1-springer-davenport-open-2026",
        "mile_nobo": 53,
        "mile_sobo": 181.7,
        "milepoint_type": "generated",
        "official": false,
        "confidence": "estimated_from_open_route_geometry_with_known_length_gap",
        "candidate_status": "mvp1_source_aware_planning_candidate",
        "source_route_id": "at-main-osm-2026-open",
        "source_id": "osm",
        "source_url": "https://www.openstreetmap.org/relation/156553",
        "source_access_url": "https://hiking.waymarkedtrails.org/api/v1/details/relation/156553",
        "license_status": "open_license_share_alike",
        "source_license": "ODbL",
        "license_source": "OpenStreetMap ODbL",
        "attribution": "OpenStreetMap contributors",
        "last_checked": "2026-05-13",
        "last_generated": "2026-05-14",
        "ai_answer_rule": "Generated mile based on Scout MVP1 open route geometry, not an official ATC mile. Use for source-aware planning only."
      },
      "geometry": {
        "type": "Point",
        "coordinates": [
          -83.715658,
          34.792971
        ]
      }
    },
    {
      "type": "Feature",
      "properties": {
        "trail": "Appalachian Trail",
        "route_id": "at-mvp1-springer-davenport-open-2026",
        "mile_nobo": 54,
        "mile_sobo": 180.7,
        "milepoint_type": "generated",
        "official": false,
        "confidence": "estimated_from_open_route_geometry_with_known_length_gap",
        "candidate_status": "mvp1_source_aware_planning_candidate",
        "source_route_id": "at-main-osm-2026-open",
        "source_id": "osm",
        "source_url": "https://www.openstreetmap.org/relation/156553",
        "source_access_url": "https://hiking.waymarkedtrails.org/api/v1/details/relation/156553",
        "license_status": "open_license_share_alike",
        "source_license": "ODbL",
        "license_source": "OpenStreetMap ODbL",
        "attribution": "OpenStreetMap contributors",
        "last_checked": "2026-05-13",
        "last_generated": "2026-05-14",
        "ai_answer_rule": "Generated mile based on Scout MVP1 open route geometry, not an official ATC mile. Use for source-aware planning only."
      },
      "geometry": {
        "type": "Point",
        "coordinates": [
          -83.699577,
          34.792885
        ]
      }
    },
    {
      "type": "Feature",
      "properties": {
        "trail": "Appalachian Trail",
        "route_id": "at-mvp1-springer-davenport-open-2026",
        "mile_nobo": 55,
        "mile_sobo": 179.7,
        "milepoint_type": "generated",
        "official": false,
        "confidence": "estimated_from_open_route_geometry_with_known_length_gap",
        "candidate_status": "mvp1_source_aware_planning_candidate",
        "source_route_id": "at-main-osm-2026-open",
        "source_id": "osm",
        "source_url": "https://www.openstreetmap.org/relation/156553",
        "source_access_url": "https://hiking.waymarkedtrails.org/api/v1/details/relation/156553",
        "license_status": "open_license_share_alike",
        "source_license": "ODbL",
        "license_source": "OpenStreetMap ODbL",
        "attribution": "OpenStreetMap contributors",
        "last_checked": "2026-05-13",
        "last_generated": "2026-05-14",
        "ai_answer_rule": "Generated mile based on Scout MVP1 open route geometry, not an official ATC mile. Use for source-aware planning only."
      },
      "geometry": {
        "type": "Point",
        "coordinates": [
          -83.689127,
          34.800254
        ]
      }
    },
    {
      "type": "Feature",
      "properties": {
        "trail": "Appalachian Trail",
        "route_id": "at-mvp1-springer-davenport-open-2026",
        "mile_nobo": 56,
        "mile_sobo": 178.7,
        "milepoint_type": "generated",
        "official": false,
        "confidence": "estimated_from_open_route_geometry_with_known_length_gap",
        "candidate_status": "mvp1_source_aware_planning_candidate",
        "source_route_id": "at-main-osm-2026-open",
        "source_id": "osm",
        "source_url": "https://www.openstreetmap.org/relation/156553",
        "source_access_url": "https://hiking.waymarkedtrails.org/api/v1/details/relation/156553",
        "license_status": "open_license_share_alike",
        "source_license": "ODbL",
        "license_source": "OpenStreetMap ODbL",
        "attribution": "OpenStreetMap contributors",
        "last_checked": "2026-05-13",
        "last_generated": "2026-05-14",
        "ai_answer_rule": "Generated mile based on Scout MVP1 open route geometry, not an official ATC mile. Use for source-aware planning only."
      },
      "geometry": {
        "type": "Point",
        "coordinates": [
          -83.677294,
          34.803057
        ]
      }
    },
    {
      "type": "Feature",
      "properties": {
        "trail": "Appalachian Trail",
        "route_id": "at-mvp1-springer-davenport-open-2026",
        "mile_nobo": 57,
        "mile_sobo": 177.7,
        "milepoint_type": "generated",
        "official": false,
        "confidence": "estimated_from_open_route_geometry_with_known_length_gap",
        "candidate_status": "mvp1_source_aware_planning_candidate",
        "source_route_id": "at-main-osm-2026-open",
        "source_id": "osm",
        "source_url": "https://www.openstreetmap.org/relation/156553",
        "source_access_url": "https://hiking.waymarkedtrails.org/api/v1/details/relation/156553",
        "license_status": "open_license_share_alike",
        "source_license": "ODbL",
        "license_source": "OpenStreetMap ODbL",
        "attribution": "OpenStreetMap contributors",
        "last_checked": "2026-05-13",
        "last_generated": "2026-05-14",
        "ai_answer_rule": "Generated mile based on Scout MVP1 open route geometry, not an official ATC mile. Use for source-aware planning only."
      },
      "geometry": {
        "type": "Point",
        "coordinates": [
          -83.663611,
          34.810771
        ]
      }
    },
    {
      "type": "Feature",
      "properties": {
        "trail": "Appalachian Trail",
        "route_id": "at-mvp1-springer-davenport-open-2026",
        "mile_nobo": 58,
        "mile_sobo": 176.7,
        "milepoint_type": "generated",
        "official": false,
        "confidence": "estimated_from_open_route_geometry_with_known_length_gap",
        "candidate_status": "mvp1_source_aware_planning_candidate",
        "source_route_id": "at-main-osm-2026-open",
        "source_id": "osm",
        "source_url": "https://www.openstreetmap.org/relation/156553",
        "source_access_url": "https://hiking.waymarkedtrails.org/api/v1/details/relation/156553",
        "license_status": "open_license_share_alike",
        "source_license": "ODbL",
        "license_source": "OpenStreetMap ODbL",
        "attribution": "OpenStreetMap contributors",
        "last_checked": "2026-05-13",
        "last_generated": "2026-05-14",
        "ai_answer_rule": "Generated mile based on Scout MVP1 open route geometry, not an official ATC mile. Use for source-aware planning only."
      },
      "geometry": {
        "type": "Point",
        "coordinates": [
          -83.653397,
          34.821357
        ]
      }
    },
    {
      "type": "Feature",
      "properties": {
        "trail": "Appalachian Trail",
        "route_id": "at-mvp1-springer-davenport-open-2026",
        "mile_nobo": 59,
        "mile_sobo": 175.7,
        "milepoint_type": "generated",
        "official": false,
        "confidence": "estimated_from_open_route_geometry_with_known_length_gap",
        "candidate_status": "mvp1_source_aware_planning_candidate",
        "source_route_id": "at-main-osm-2026-open",
        "source_id": "osm",
        "source_url": "https://www.openstreetmap.org/relation/156553",
        "source_access_url": "https://hiking.waymarkedtrails.org/api/v1/details/relation/156553",
        "license_status": "open_license_share_alike",
        "source_license": "ODbL",
        "license_source": "OpenStreetMap ODbL",
        "attribution": "OpenStreetMap contributors",
        "last_checked": "2026-05-13",
        "last_generated": "2026-05-14",
        "ai_answer_rule": "Generated mile based on Scout MVP1 open route geometry, not an official ATC mile. Use for source-aware planning only."
      },
      "geometry": {
        "type": "Point",
        "coordinates": [
          -83.658626,
          34.833089
        ]
      }
    },
    {
      "type": "Feature",
      "properties": {
        "trail": "Appalachian Trail",
        "route_id": "at-mvp1-springer-davenport-open-2026",
        "mile_nobo": 60,
        "mile_sobo": 174.7,
        "milepoint_type": "generated",
        "official": false,
        "confidence": "estimated_from_open_route_geometry_with_known_length_gap",
        "candidate_status": "mvp1_source_aware_planning_candidate",
        "source_route_id": "at-main-osm-2026-open",
        "source_id": "osm",
        "source_url": "https://www.openstreetmap.org/relation/156553",
        "source_access_url": "https://hiking.waymarkedtrails.org/api/v1/details/relation/156553",
        "license_status": "open_license_share_alike",
        "source_license": "ODbL",
        "license_source": "OpenStreetMap ODbL",
        "attribution": "OpenStreetMap contributors",
        "last_checked": "2026-05-13",
        "last_generated": "2026-05-14",
        "ai_answer_rule": "Generated mile based on Scout MVP1 open route geometry, not an official ATC mile. Use for source-aware planning only."
      },
      "geometry": {
        "type": "Point",
        "coordinates": [
          -83.660617,
          34.84614
        ]
      }
    },
    {
      "type": "Feature",
      "properties": {
        "trail": "Appalachian Trail",
        "route_id": "at-mvp1-springer-davenport-open-2026",
        "mile_nobo": 61,
        "mile_sobo": 173.7,
        "milepoint_type": "generated",
        "official": false,
        "confidence": "estimated_from_open_route_geometry_with_known_length_gap",
        "candidate_status": "mvp1_source_aware_planning_candidate",
        "source_route_id": "at-main-osm-2026-open",
        "source_id": "osm",
        "source_url": "https://www.openstreetmap.org/relation/156553",
        "source_access_url": "https://hiking.waymarkedtrails.org/api/v1/details/relation/156553",
        "license_status": "open_license_share_alike",
        "source_license": "ODbL",
        "license_source": "OpenStreetMap ODbL",
        "attribution": "OpenStreetMap contributors",
        "last_checked": "2026-05-13",
        "last_generated": "2026-05-14",
        "ai_answer_rule": "Generated mile based on Scout MVP1 open route geometry, not an official ATC mile. Use for source-aware planning only."
      },
      "geometry": {
        "type": "Point",
        "coordinates": [
          -83.658316,
          34.858479
        ]
      }
    },
    {
      "type": "Feature",
      "properties": {
        "trail": "Appalachian Trail",
        "route_id": "at-mvp1-springer-davenport-open-2026",
        "mile_nobo": 62,
        "mile_sobo": 172.7,
        "milepoint_type": "generated",
        "official": false,
        "confidence": "estimated_from_open_route_geometry_with_known_length_gap",
        "candidate_status": "mvp1_source_aware_planning_candidate",
        "source_route_id": "at-main-osm-2026-open",
        "source_id": "osm",
        "source_url": "https://www.openstreetmap.org/relation/156553",
        "source_access_url": "https://hiking.waymarkedtrails.org/api/v1/details/relation/156553",
        "license_status": "open_license_share_alike",
        "source_license": "ODbL",
        "license_source": "OpenStreetMap ODbL",
        "attribution": "OpenStreetMap contributors",
        "last_checked": "2026-05-13",
        "last_generated": "2026-05-14",
        "ai_answer_rule": "Generated mile based on Scout MVP1 open route geometry, not an official ATC mile. Use for source-aware planning only."
      },
      "geometry": {
        "type": "Point",
        "coordinates": [
          -83.656294,
          34.871135
        ]
      }
    },
    {
      "type": "Feature",
      "properties": {
        "trail": "Appalachian Trail",
        "route_id": "at-mvp1-springer-davenport-open-2026",
        "mile_nobo": 63,
        "mile_sobo": 171.7,
        "milepoint_type": "generated",
        "official": false,
        "confidence": "estimated_from_open_route_geometry_with_known_length_gap",
        "candidate_status": "mvp1_source_aware_planning_candidate",
        "source_route_id": "at-main-osm-2026-open",
        "source_id": "osm",
        "source_url": "https://www.openstreetmap.org/relation/156553",
        "source_access_url": "https://hiking.waymarkedtrails.org/api/v1/details/relation/156553",
        "license_status": "open_license_share_alike",
        "source_license": "ODbL",
        "license_source": "OpenStreetMap ODbL",
        "attribution": "OpenStreetMap contributors",
        "last_checked": "2026-05-13",
        "last_generated": "2026-05-14",
        "ai_answer_rule": "Generated mile based on Scout MVP1 open route geometry, not an official ATC mile. Use for source-aware planning only."
      },
      "geometry": {
        "type": "Point",
        "coordinates": [
          -83.650374,
          34.883113
        ]
      }
    },
    {
      "type": "Feature",
      "properties": {
        "trail": "Appalachian Trail",
        "route_id": "at-mvp1-springer-davenport-open-2026",
        "mile_nobo": 64,
        "mile_sobo": 170.7,
        "milepoint_type": "generated",
        "official": false,
        "confidence": "estimated_from_open_route_geometry_with_known_length_gap",
        "candidate_status": "mvp1_source_aware_planning_candidate",
        "source_route_id": "at-main-osm-2026-open",
        "source_id": "osm",
        "source_url": "https://www.openstreetmap.org/relation/156553",
        "source_access_url": "https://hiking.waymarkedtrails.org/api/v1/details/relation/156553",
        "license_status": "open_license_share_alike",
        "source_license": "ODbL",
        "license_source": "OpenStreetMap ODbL",
        "attribution": "OpenStreetMap contributors",
        "last_checked": "2026-05-13",
        "last_generated": "2026-05-14",
        "ai_answer_rule": "Generated mile based on Scout MVP1 open route geometry, not an official ATC mile. Use for source-aware planning only."
      },
      "geometry": {
        "type": "Point",
        "coordinates": [
          -83.63963,
          34.89263
        ]
      }
    },
    {
      "type": "Feature",
      "properties": {
        "trail": "Appalachian Trail",
        "route_id": "at-mvp1-springer-davenport-open-2026",
        "mile_nobo": 65,
        "mile_sobo": 169.7,
        "milepoint_type": "generated",
        "official": false,
        "confidence": "estimated_from_open_route_geometry_with_known_length_gap",
        "candidate_status": "mvp1_source_aware_planning_candidate",
        "source_route_id": "at-main-osm-2026-open",
        "source_id": "osm",
        "source_url": "https://www.openstreetmap.org/relation/156553",
        "source_access_url": "https://hiking.waymarkedtrails.org/api/v1/details/relation/156553",
        "license_status": "open_license_share_alike",
        "source_license": "ODbL",
        "license_source": "OpenStreetMap ODbL",
        "attribution": "OpenStreetMap contributors",
        "last_checked": "2026-05-13",
        "last_generated": "2026-05-14",
        "ai_answer_rule": "Generated mile based on Scout MVP1 open route geometry, not an official ATC mile. Use for source-aware planning only."
      },
      "geometry": {
        "type": "Point",
        "coordinates": [
          -83.62851,
          34.897072
        ]
      }
    },
    {
      "type": "Feature",
      "properties": {
        "trail": "Appalachian Trail",
        "route_id": "at-mvp1-springer-davenport-open-2026",
        "mile_nobo": 66,
        "mile_sobo": 168.7,
        "milepoint_type": "generated",
        "official": false,
        "confidence": "estimated_from_open_route_geometry_with_known_length_gap",
        "candidate_status": "mvp1_source_aware_planning_candidate",
        "source_route_id": "at-main-osm-2026-open",
        "source_id": "osm",
        "source_url": "https://www.openstreetmap.org/relation/156553",
        "source_access_url": "https://hiking.waymarkedtrails.org/api/v1/details/relation/156553",
        "license_status": "open_license_share_alike",
        "source_license": "ODbL",
        "license_source": "OpenStreetMap ODbL",
        "attribution": "OpenStreetMap contributors",
        "last_checked": "2026-05-13",
        "last_generated": "2026-05-14",
        "ai_answer_rule": "Generated mile based on Scout MVP1 open route geometry, not an official ATC mile. Use for source-aware planning only."
      },
      "geometry": {
        "type": "Point",
        "coordinates": [
          -83.623574,
          34.90837
        ]
      }
    },
    {
      "type": "Feature",
      "properties": {
        "trail": "Appalachian Trail",
        "route_id": "at-mvp1-springer-davenport-open-2026",
        "mile_nobo": 67,
        "mile_sobo": 167.7,
        "milepoint_type": "generated",
        "official": false,
        "confidence": "estimated_from_open_route_geometry_with_known_length_gap",
        "candidate_status": "mvp1_source_aware_planning_candidate",
        "source_route_id": "at-main-osm-2026-open",
        "source_id": "osm",
        "source_url": "https://www.openstreetmap.org/relation/156553",
        "source_access_url": "https://hiking.waymarkedtrails.org/api/v1/details/relation/156553",
        "license_status": "open_license_share_alike",
        "source_license": "ODbL",
        "license_source": "OpenStreetMap ODbL",
        "attribution": "OpenStreetMap contributors",
        "last_checked": "2026-05-13",
        "last_generated": "2026-05-14",
        "ai_answer_rule": "Generated mile based on Scout MVP1 open route geometry, not an official ATC mile. Use for source-aware planning only."
      },
      "geometry": {
        "type": "Point",
        "coordinates": [
          -83.611896,
          34.913455
        ]
      }
    },
    {
      "type": "Feature",
      "properties": {
        "trail": "Appalachian Trail",
        "route_id": "at-mvp1-springer-davenport-open-2026",
        "mile_nobo": 68,
        "mile_sobo": 166.7,
        "milepoint_type": "generated",
        "official": false,
        "confidence": "estimated_from_open_route_geometry_with_known_length_gap",
        "candidate_status": "mvp1_source_aware_planning_candidate",
        "source_route_id": "at-main-osm-2026-open",
        "source_id": "osm",
        "source_url": "https://www.openstreetmap.org/relation/156553",
        "source_access_url": "https://hiking.waymarkedtrails.org/api/v1/details/relation/156553",
        "license_status": "open_license_share_alike",
        "source_license": "ODbL",
        "license_source": "OpenStreetMap ODbL",
        "attribution": "OpenStreetMap contributors",
        "last_checked": "2026-05-13",
        "last_generated": "2026-05-14",
        "ai_answer_rule": "Generated mile based on Scout MVP1 open route geometry, not an official ATC mile. Use for source-aware planning only."
      },
      "geometry": {
        "type": "Point",
        "coordinates": [
          -83.598932,
          34.914774
        ]
      }
    },
    {
      "type": "Feature",
      "properties": {
        "trail": "Appalachian Trail",
        "route_id": "at-mvp1-springer-davenport-open-2026",
        "mile_nobo": 69,
        "mile_sobo": 165.7,
        "milepoint_type": "generated",
        "official": false,
        "confidence": "estimated_from_open_route_geometry_with_known_length_gap",
        "candidate_status": "mvp1_source_aware_planning_candidate",
        "source_route_id": "at-main-osm-2026-open",
        "source_id": "osm",
        "source_url": "https://www.openstreetmap.org/relation/156553",
        "source_access_url": "https://hiking.waymarkedtrails.org/api/v1/details/relation/156553",
        "license_status": "open_license_share_alike",
        "source_license": "ODbL",
        "license_source": "OpenStreetMap ODbL",
        "attribution": "OpenStreetMap contributors",
        "last_checked": "2026-05-13",
        "last_generated": "2026-05-14",
        "ai_answer_rule": "Generated mile based on Scout MVP1 open route geometry, not an official ATC mile. Use for source-aware planning only."
      },
      "geometry": {
        "type": "Point",
        "coordinates": [
          -83.599941,
          34.925268
        ]
      }
    },
    {
      "type": "Feature",
      "properties": {
        "trail": "Appalachian Trail",
        "route_id": "at-mvp1-springer-davenport-open-2026",
        "mile_nobo": 70,
        "mile_sobo": 164.7,
        "milepoint_type": "generated",
        "official": false,
        "confidence": "estimated_from_open_route_geometry_with_known_length_gap",
        "candidate_status": "mvp1_source_aware_planning_candidate",
        "source_route_id": "at-main-osm-2026-open",
        "source_id": "osm",
        "source_url": "https://www.openstreetmap.org/relation/156553",
        "source_access_url": "https://hiking.waymarkedtrails.org/api/v1/details/relation/156553",
        "license_status": "open_license_share_alike",
        "source_license": "ODbL",
        "license_source": "OpenStreetMap ODbL",
        "attribution": "OpenStreetMap contributors",
        "last_checked": "2026-05-13",
        "last_generated": "2026-05-14",
        "ai_answer_rule": "Generated mile based on Scout MVP1 open route geometry, not an official ATC mile. Use for source-aware planning only."
      },
      "geometry": {
        "type": "Point",
        "coordinates": [
          -83.601477,
          34.938665
        ]
      }
    },
    {
      "type": "Feature",
      "properties": {
        "trail": "Appalachian Trail",
        "route_id": "at-mvp1-springer-davenport-open-2026",
        "mile_nobo": 71,
        "mile_sobo": 163.7,
        "milepoint_type": "generated",
        "official": false,
        "confidence": "estimated_from_open_route_geometry_with_known_length_gap",
        "candidate_status": "mvp1_source_aware_planning_candidate",
        "source_route_id": "at-main-osm-2026-open",
        "source_id": "osm",
        "source_url": "https://www.openstreetmap.org/relation/156553",
        "source_access_url": "https://hiking.waymarkedtrails.org/api/v1/details/relation/156553",
        "license_status": "open_license_share_alike",
        "source_license": "ODbL",
        "license_source": "OpenStreetMap ODbL",
        "attribution": "OpenStreetMap contributors",
        "last_checked": "2026-05-13",
        "last_generated": "2026-05-14",
        "ai_answer_rule": "Generated mile based on Scout MVP1 open route geometry, not an official ATC mile. Use for source-aware planning only."
      },
      "geometry": {
        "type": "Point",
        "coordinates": [
          -83.590505,
          34.946566
        ]
      }
    },
    {
      "type": "Feature",
      "properties": {
        "trail": "Appalachian Trail",
        "route_id": "at-mvp1-springer-davenport-open-2026",
        "mile_nobo": 72,
        "mile_sobo": 162.7,
        "milepoint_type": "generated",
        "official": false,
        "confidence": "estimated_from_open_route_geometry_with_known_length_gap",
        "candidate_status": "mvp1_source_aware_planning_candidate",
        "source_route_id": "at-main-osm-2026-open",
        "source_id": "osm",
        "source_url": "https://www.openstreetmap.org/relation/156553",
        "source_access_url": "https://hiking.waymarkedtrails.org/api/v1/details/relation/156553",
        "license_status": "open_license_share_alike",
        "source_license": "ODbL",
        "license_source": "OpenStreetMap ODbL",
        "attribution": "OpenStreetMap contributors",
        "last_checked": "2026-05-13",
        "last_generated": "2026-05-14",
        "ai_answer_rule": "Generated mile based on Scout MVP1 open route geometry, not an official ATC mile. Use for source-aware planning only."
      },
      "geometry": {
        "type": "Point",
        "coordinates": [
          -83.593947,
          34.95634
        ]
      }
    },
    {
      "type": "Feature",
      "properties": {
        "trail": "Appalachian Trail",
        "route_id": "at-mvp1-springer-davenport-open-2026",
        "mile_nobo": 73,
        "mile_sobo": 161.7,
        "milepoint_type": "generated",
        "official": false,
        "confidence": "estimated_from_open_route_geometry_with_known_length_gap",
        "candidate_status": "mvp1_source_aware_planning_candidate",
        "source_route_id": "at-main-osm-2026-open",
        "source_id": "osm",
        "source_url": "https://www.openstreetmap.org/relation/156553",
        "source_access_url": "https://hiking.waymarkedtrails.org/api/v1/details/relation/156553",
        "license_status": "open_license_share_alike",
        "source_license": "ODbL",
        "license_source": "OpenStreetMap ODbL",
        "attribution": "OpenStreetMap contributors",
        "last_checked": "2026-05-13",
        "last_generated": "2026-05-14",
        "ai_answer_rule": "Generated mile based on Scout MVP1 open route geometry, not an official ATC mile. Use for source-aware planning only."
      },
      "geometry": {
        "type": "Point",
        "coordinates": [
          -83.592978,
          34.965698
        ]
      }
    },
    {
      "type": "Feature",
      "properties": {
        "trail": "Appalachian Trail",
        "route_id": "at-mvp1-springer-davenport-open-2026",
        "mile_nobo": 74,
        "mile_sobo": 160.7,
        "milepoint_type": "generated",
        "official": false,
        "confidence": "estimated_from_open_route_geometry_with_known_length_gap",
        "candidate_status": "mvp1_source_aware_planning_candidate",
        "source_route_id": "at-main-osm-2026-open",
        "source_id": "osm",
        "source_url": "https://www.openstreetmap.org/relation/156553",
        "source_access_url": "https://hiking.waymarkedtrails.org/api/v1/details/relation/156553",
        "license_status": "open_license_share_alike",
        "source_license": "ODbL",
        "license_source": "OpenStreetMap ODbL",
        "attribution": "OpenStreetMap contributors",
        "last_checked": "2026-05-13",
        "last_generated": "2026-05-14",
        "ai_answer_rule": "Generated mile based on Scout MVP1 open route geometry, not an official ATC mile. Use for source-aware planning only."
      },
      "geometry": {
        "type": "Point",
        "coordinates": [
          -83.597008,
          34.977957
        ]
      }
    },
    {
      "type": "Feature",
      "properties": {
        "trail": "Appalachian Trail",
        "route_id": "at-mvp1-springer-davenport-open-2026",
        "mile_nobo": 75,
        "mile_sobo": 159.7,
        "milepoint_type": "generated",
        "official": false,
        "confidence": "estimated_from_open_route_geometry_with_known_length_gap",
        "candidate_status": "mvp1_source_aware_planning_candidate",
        "source_route_id": "at-main-osm-2026-open",
        "source_id": "osm",
        "source_url": "https://www.openstreetmap.org/relation/156553",
        "source_access_url": "https://hiking.waymarkedtrails.org/api/v1/details/relation/156553",
        "license_status": "open_license_share_alike",
        "source_license": "ODbL",
        "license_source": "OpenStreetMap ODbL",
        "attribution": "OpenStreetMap contributors",
        "last_checked": "2026-05-13",
        "last_generated": "2026-05-14",
        "ai_answer_rule": "Generated mile based on Scout MVP1 open route geometry, not an official ATC mile. Use for source-aware planning only."
      },
      "geometry": {
        "type": "Point",
        "coordinates": [
          -83.599296,
          34.99004
        ]
      }
    },
    {
      "type": "Feature",
      "properties": {
        "trail": "Appalachian Trail",
        "route_id": "at-mvp1-springer-davenport-open-2026",
        "mile_nobo": 76,
        "mile_sobo": 158.7,
        "milepoint_type": "generated",
        "official": false,
        "confidence": "estimated_from_open_route_geometry_with_known_length_gap",
        "candidate_status": "mvp1_source_aware_planning_candidate",
        "source_route_id": "at-main-osm-2026-open",
        "source_id": "osm",
        "source_url": "https://www.openstreetmap.org/relation/156553",
        "source_access_url": "https://hiking.waymarkedtrails.org/api/v1/details/relation/156553",
        "license_status": "open_license_share_alike",
        "source_license": "ODbL",
        "license_source": "OpenStreetMap ODbL",
        "attribution": "OpenStreetMap contributors",
        "last_checked": "2026-05-13",
        "last_generated": "2026-05-14",
        "ai_answer_rule": "Generated mile based on Scout MVP1 open route geometry, not an official ATC mile. Use for source-aware planning only."
      },
      "geometry": {
        "type": "Point",
        "coordinates": [
          -83.59144,
          34.998156
        ]
      }
    },
    {
      "type": "Feature",
      "properties": {
        "trail": "Appalachian Trail",
        "route_id": "at-mvp1-springer-davenport-open-2026",
        "mile_nobo": 77,
        "mile_sobo": 157.7,
        "milepoint_type": "generated",
        "official": false,
        "confidence": "estimated_from_open_route_geometry_with_known_length_gap",
        "candidate_status": "mvp1_source_aware_planning_candidate",
        "source_route_id": "at-main-osm-2026-open",
        "source_id": "osm",
        "source_url": "https://www.openstreetmap.org/relation/156553",
        "source_access_url": "https://hiking.waymarkedtrails.org/api/v1/details/relation/156553",
        "license_status": "open_license_share_alike",
        "source_license": "ODbL",
        "license_source": "OpenStreetMap ODbL",
        "attribution": "OpenStreetMap contributors",
        "last_checked": "2026-05-13",
        "last_generated": "2026-05-14",
        "ai_answer_rule": "Generated mile based on Scout MVP1 open route geometry, not an official ATC mile. Use for source-aware planning only."
      },
      "geometry": {
        "type": "Point",
        "coordinates": [
          -83.583905,
          35.00713
        ]
      }
    },
    {
      "type": "Feature",
      "properties": {
        "trail": "Appalachian Trail",
        "route_id": "at-mvp1-springer-davenport-open-2026",
        "mile_nobo": 78,
        "mile_sobo": 156.7,
        "milepoint_type": "generated",
        "official": false,
        "confidence": "estimated_from_open_route_geometry_with_known_length_gap",
        "candidate_status": "mvp1_source_aware_planning_candidate",
        "source_route_id": "at-main-osm-2026-open",
        "source_id": "osm",
        "source_url": "https://www.openstreetmap.org/relation/156553",
        "source_access_url": "https://hiking.waymarkedtrails.org/api/v1/details/relation/156553",
        "license_status": "open_license_share_alike",
        "source_license": "ODbL",
        "license_source": "OpenStreetMap ODbL",
        "attribution": "OpenStreetMap contributors",
        "last_checked": "2026-05-13",
        "last_generated": "2026-05-14",
        "ai_answer_rule": "Generated mile based on Scout MVP1 open route geometry, not an official ATC mile. Use for source-aware planning only."
      },
      "geometry": {
        "type": "Point",
        "coordinates": [
          -83.581689,
          35.018193
        ]
      }
    },
    {
      "type": "Feature",
      "properties": {
        "trail": "Appalachian Trail",
        "route_id": "at-mvp1-springer-davenport-open-2026",
        "mile_nobo": 79,
        "mile_sobo": 155.7,
        "milepoint_type": "generated",
        "official": false,
        "confidence": "estimated_from_open_route_geometry_with_known_length_gap",
        "candidate_status": "mvp1_source_aware_planning_candidate",
        "source_route_id": "at-main-osm-2026-open",
        "source_id": "osm",
        "source_url": "https://www.openstreetmap.org/relation/156553",
        "source_access_url": "https://hiking.waymarkedtrails.org/api/v1/details/relation/156553",
        "license_status": "open_license_share_alike",
        "source_license": "ODbL",
        "license_source": "OpenStreetMap ODbL",
        "attribution": "OpenStreetMap contributors",
        "last_checked": "2026-05-13",
        "last_generated": "2026-05-14",
        "ai_answer_rule": "Generated mile based on Scout MVP1 open route geometry, not an official ATC mile. Use for source-aware planning only."
      },
      "geometry": {
        "type": "Point",
        "coordinates": [
          -83.571286,
          35.027541
        ]
      }
    },
    {
      "type": "Feature",
      "properties": {
        "trail": "Appalachian Trail",
        "route_id": "at-mvp1-springer-davenport-open-2026",
        "mile_nobo": 80,
        "mile_sobo": 154.7,
        "milepoint_type": "generated",
        "official": false,
        "confidence": "estimated_from_open_route_geometry_with_known_length_gap",
        "candidate_status": "mvp1_source_aware_planning_candidate",
        "source_route_id": "at-main-osm-2026-open",
        "source_id": "osm",
        "source_url": "https://www.openstreetmap.org/relation/156553",
        "source_access_url": "https://hiking.waymarkedtrails.org/api/v1/details/relation/156553",
        "license_status": "open_license_share_alike",
        "source_license": "ODbL",
        "license_source": "OpenStreetMap ODbL",
        "attribution": "OpenStreetMap contributors",
        "last_checked": "2026-05-13",
        "last_generated": "2026-05-14",
        "ai_answer_rule": "Generated mile based on Scout MVP1 open route geometry, not an official ATC mile. Use for source-aware planning only."
      },
      "geometry": {
        "type": "Point",
        "coordinates": [
          -83.56156,
          35.037322
        ]
      }
    },
    {
      "type": "Feature",
      "properties": {
        "trail": "Appalachian Trail",
        "route_id": "at-mvp1-springer-davenport-open-2026",
        "mile_nobo": 81,
        "mile_sobo": 153.7,
        "milepoint_type": "generated",
        "official": false,
        "confidence": "estimated_from_open_route_geometry_with_known_length_gap",
        "candidate_status": "mvp1_source_aware_planning_candidate",
        "source_route_id": "at-main-osm-2026-open",
        "source_id": "osm",
        "source_url": "https://www.openstreetmap.org/relation/156553",
        "source_access_url": "https://hiking.waymarkedtrails.org/api/v1/details/relation/156553",
        "license_status": "open_license_share_alike",
        "source_license": "ODbL",
        "license_source": "OpenStreetMap ODbL",
        "attribution": "OpenStreetMap contributors",
        "last_checked": "2026-05-13",
        "last_generated": "2026-05-14",
        "ai_answer_rule": "Generated mile based on Scout MVP1 open route geometry, not an official ATC mile. Use for source-aware planning only."
      },
      "geometry": {
        "type": "Point",
        "coordinates": [
          -83.563009,
          35.049007
        ]
      }
    },
    {
      "type": "Feature",
      "properties": {
        "trail": "Appalachian Trail",
        "route_id": "at-mvp1-springer-davenport-open-2026",
        "mile_nobo": 82,
        "mile_sobo": 152.7,
        "milepoint_type": "generated",
        "official": false,
        "confidence": "estimated_from_open_route_geometry_with_known_length_gap",
        "candidate_status": "mvp1_source_aware_planning_candidate",
        "source_route_id": "at-main-osm-2026-open",
        "source_id": "osm",
        "source_url": "https://www.openstreetmap.org/relation/156553",
        "source_access_url": "https://hiking.waymarkedtrails.org/api/v1/details/relation/156553",
        "license_status": "open_license_share_alike",
        "source_license": "ODbL",
        "license_source": "OpenStreetMap ODbL",
        "attribution": "OpenStreetMap contributors",
        "last_checked": "2026-05-13",
        "last_generated": "2026-05-14",
        "ai_answer_rule": "Generated mile based on Scout MVP1 open route geometry, not an official ATC mile. Use for source-aware planning only."
      },
      "geometry": {
        "type": "Point",
        "coordinates": [
          -83.553253,
          35.039464
        ]
      }
    },
    {
      "type": "Feature",
      "properties": {
        "trail": "Appalachian Trail",
        "route_id": "at-mvp1-springer-davenport-open-2026",
        "mile_nobo": 83,
        "mile_sobo": 151.7,
        "milepoint_type": "generated",
        "official": false,
        "confidence": "estimated_from_open_route_geometry_with_known_length_gap",
        "candidate_status": "mvp1_source_aware_planning_candidate",
        "source_route_id": "at-main-osm-2026-open",
        "source_id": "osm",
        "source_url": "https://www.openstreetmap.org/relation/156553",
        "source_access_url": "https://hiking.waymarkedtrails.org/api/v1/details/relation/156553",
        "license_status": "open_license_share_alike",
        "source_license": "ODbL",
        "license_source": "OpenStreetMap ODbL",
        "attribution": "OpenStreetMap contributors",
        "last_checked": "2026-05-13",
        "last_generated": "2026-05-14",
        "ai_answer_rule": "Generated mile based on Scout MVP1 open route geometry, not an official ATC mile. Use for source-aware planning only."
      },
      "geometry": {
        "type": "Point",
        "coordinates": [
          -83.548188,
          35.040344
        ]
      }
    },
    {
      "type": "Feature",
      "properties": {
        "trail": "Appalachian Trail",
        "route_id": "at-mvp1-springer-davenport-open-2026",
        "mile_nobo": 84,
        "mile_sobo": 150.7,
        "milepoint_type": "generated",
        "official": false,
        "confidence": "estimated_from_open_route_geometry_with_known_length_gap",
        "candidate_status": "mvp1_source_aware_planning_candidate",
        "source_route_id": "at-main-osm-2026-open",
        "source_id": "osm",
        "source_url": "https://www.openstreetmap.org/relation/156553",
        "source_access_url": "https://hiking.waymarkedtrails.org/api/v1/details/relation/156553",
        "license_status": "open_license_share_alike",
        "source_license": "ODbL",
        "license_source": "OpenStreetMap ODbL",
        "attribution": "OpenStreetMap contributors",
        "last_checked": "2026-05-13",
        "last_generated": "2026-05-14",
        "ai_answer_rule": "Generated mile based on Scout MVP1 open route geometry, not an official ATC mile. Use for source-aware planning only."
      },
      "geometry": {
        "type": "Point",
        "coordinates": [
          -83.542945,
          35.037993
        ]
      }
    },
    {
      "type": "Feature",
      "properties": {
        "trail": "Appalachian Trail",
        "route_id": "at-mvp1-springer-davenport-open-2026",
        "mile_nobo": 85,
        "mile_sobo": 149.7,
        "milepoint_type": "generated",
        "official": false,
        "confidence": "estimated_from_open_route_geometry_with_known_length_gap",
        "candidate_status": "mvp1_source_aware_planning_candidate",
        "source_route_id": "at-main-osm-2026-open",
        "source_id": "osm",
        "source_url": "https://www.openstreetmap.org/relation/156553",
        "source_access_url": "https://hiking.waymarkedtrails.org/api/v1/details/relation/156553",
        "license_status": "open_license_share_alike",
        "source_license": "ODbL",
        "license_source": "OpenStreetMap ODbL",
        "attribution": "OpenStreetMap contributors",
        "last_checked": "2026-05-13",
        "last_generated": "2026-05-14",
        "ai_answer_rule": "Generated mile based on Scout MVP1 open route geometry, not an official ATC mile. Use for source-aware planning only."
      },
      "geometry": {
        "type": "Point",
        "coordinates": [
          -83.533318,
          35.028871
        ]
      }
    },
    {
      "type": "Feature",
      "properties": {
        "trail": "Appalachian Trail",
        "route_id": "at-mvp1-springer-davenport-open-2026",
        "mile_nobo": 86,
        "mile_sobo": 148.7,
        "milepoint_type": "generated",
        "official": false,
        "confidence": "estimated_from_open_route_geometry_with_known_length_gap",
        "candidate_status": "mvp1_source_aware_planning_candidate",
        "source_route_id": "at-main-osm-2026-open",
        "source_id": "osm",
        "source_url": "https://www.openstreetmap.org/relation/156553",
        "source_access_url": "https://hiking.waymarkedtrails.org/api/v1/details/relation/156553",
        "license_status": "open_license_share_alike",
        "source_license": "ODbL",
        "license_source": "OpenStreetMap ODbL",
        "attribution": "OpenStreetMap contributors",
        "last_checked": "2026-05-13",
        "last_generated": "2026-05-14",
        "ai_answer_rule": "Generated mile based on Scout MVP1 open route geometry, not an official ATC mile. Use for source-aware planning only."
      },
      "geometry": {
        "type": "Point",
        "coordinates": [
          -83.521115,
          35.019077
        ]
      }
    },
    {
      "type": "Feature",
      "properties": {
        "trail": "Appalachian Trail",
        "route_id": "at-mvp1-springer-davenport-open-2026",
        "mile_nobo": 87,
        "mile_sobo": 147.7,
        "milepoint_type": "generated",
        "official": false,
        "confidence": "estimated_from_open_route_geometry_with_known_length_gap",
        "candidate_status": "mvp1_source_aware_planning_candidate",
        "source_route_id": "at-main-osm-2026-open",
        "source_id": "osm",
        "source_url": "https://www.openstreetmap.org/relation/156553",
        "source_access_url": "https://hiking.waymarkedtrails.org/api/v1/details/relation/156553",
        "license_status": "open_license_share_alike",
        "source_license": "ODbL",
        "license_source": "OpenStreetMap ODbL",
        "attribution": "OpenStreetMap contributors",
        "last_checked": "2026-05-13",
        "last_generated": "2026-05-14",
        "ai_answer_rule": "Generated mile based on Scout MVP1 open route geometry, not an official ATC mile. Use for source-aware planning only."
      },
      "geometry": {
        "type": "Point",
        "coordinates": [
          -83.522687,
          35.01072
        ]
      }
    },
    {
      "type": "Feature",
      "properties": {
        "trail": "Appalachian Trail",
        "route_id": "at-mvp1-springer-davenport-open-2026",
        "mile_nobo": 88,
        "mile_sobo": 146.7,
        "milepoint_type": "generated",
        "official": false,
        "confidence": "estimated_from_open_route_geometry_with_known_length_gap",
        "candidate_status": "mvp1_source_aware_planning_candidate",
        "source_route_id": "at-main-osm-2026-open",
        "source_id": "osm",
        "source_url": "https://www.openstreetmap.org/relation/156553",
        "source_access_url": "https://hiking.waymarkedtrails.org/api/v1/details/relation/156553",
        "license_status": "open_license_share_alike",
        "source_license": "ODbL",
        "license_source": "OpenStreetMap ODbL",
        "attribution": "OpenStreetMap contributors",
        "last_checked": "2026-05-13",
        "last_generated": "2026-05-14",
        "ai_answer_rule": "Generated mile based on Scout MVP1 open route geometry, not an official ATC mile. Use for source-aware planning only."
      },
      "geometry": {
        "type": "Point",
        "coordinates": [
          -83.51858,
          35.006494
        ]
      }
    },
    {
      "type": "Feature",
      "properties": {
        "trail": "Appalachian Trail",
        "route_id": "at-mvp1-springer-davenport-open-2026",
        "mile_nobo": 89,
        "mile_sobo": 145.7,
        "milepoint_type": "generated",
        "official": false,
        "confidence": "estimated_from_open_route_geometry_with_known_length_gap",
        "candidate_status": "mvp1_source_aware_planning_candidate",
        "source_route_id": "at-main-osm-2026-open",
        "source_id": "osm",
        "source_url": "https://www.openstreetmap.org/relation/156553",
        "source_access_url": "https://hiking.waymarkedtrails.org/api/v1/details/relation/156553",
        "license_status": "open_license_share_alike",
        "source_license": "ODbL",
        "license_source": "OpenStreetMap ODbL",
        "attribution": "OpenStreetMap contributors",
        "last_checked": "2026-05-13",
        "last_generated": "2026-05-14",
        "ai_answer_rule": "Generated mile based on Scout MVP1 open route geometry, not an official ATC mile. Use for source-aware planning only."
      },
      "geometry": {
        "type": "Point",
        "coordinates": [
          -83.509174,
          35.004905
        ]
      }
    },
    {
      "type": "Feature",
      "properties": {
        "trail": "Appalachian Trail",
        "route_id": "at-mvp1-springer-davenport-open-2026",
        "mile_nobo": 90,
        "mile_sobo": 144.7,
        "milepoint_type": "generated",
        "official": false,
        "confidence": "estimated_from_open_route_geometry_with_known_length_gap",
        "candidate_status": "mvp1_source_aware_planning_candidate",
        "source_route_id": "at-main-osm-2026-open",
        "source_id": "osm",
        "source_url": "https://www.openstreetmap.org/relation/156553",
        "source_access_url": "https://hiking.waymarkedtrails.org/api/v1/details/relation/156553",
        "license_status": "open_license_share_alike",
        "source_license": "ODbL",
        "license_source": "OpenStreetMap ODbL",
        "attribution": "OpenStreetMap contributors",
        "last_checked": "2026-05-13",
        "last_generated": "2026-05-14",
        "ai_answer_rule": "Generated mile based on Scout MVP1 open route geometry, not an official ATC mile. Use for source-aware planning only."
      },
      "geometry": {
        "type": "Point",
        "coordinates": [
          -83.498087,
          35.001495
        ]
      }
    },
    {
      "type": "Feature",
      "properties": {
        "trail": "Appalachian Trail",
        "route_id": "at-mvp1-springer-davenport-open-2026",
        "mile_nobo": 91,
        "mile_sobo": 143.7,
        "milepoint_type": "generated",
        "official": false,
        "confidence": "estimated_from_open_route_geometry_with_known_length_gap",
        "candidate_status": "mvp1_source_aware_planning_candidate",
        "source_route_id": "at-main-osm-2026-open",
        "source_id": "osm",
        "source_url": "https://www.openstreetmap.org/relation/156553",
        "source_access_url": "https://hiking.waymarkedtrails.org/api/v1/details/relation/156553",
        "license_status": "open_license_share_alike",
        "source_license": "ODbL",
        "license_source": "OpenStreetMap ODbL",
        "attribution": "OpenStreetMap contributors",
        "last_checked": "2026-05-13",
        "last_generated": "2026-05-14",
        "ai_answer_rule": "Generated mile based on Scout MVP1 open route geometry, not an official ATC mile. Use for source-aware planning only."
      },
      "geometry": {
        "type": "Point",
        "coordinates": [
          -83.487474,
          35.004836
        ]
      }
    },
    {
      "type": "Feature",
      "properties": {
        "trail": "Appalachian Trail",
        "route_id": "at-mvp1-springer-davenport-open-2026",
        "mile_nobo": 92,
        "mile_sobo": 142.7,
        "milepoint_type": "generated",
        "official": false,
        "confidence": "estimated_from_open_route_geometry_with_known_length_gap",
        "candidate_status": "mvp1_source_aware_planning_candidate",
        "source_route_id": "at-main-osm-2026-open",
        "source_id": "osm",
        "source_url": "https://www.openstreetmap.org/relation/156553",
        "source_access_url": "https://hiking.waymarkedtrails.org/api/v1/details/relation/156553",
        "license_status": "open_license_share_alike",
        "source_license": "ODbL",
        "license_source": "OpenStreetMap ODbL",
        "attribution": "OpenStreetMap contributors",
        "last_checked": "2026-05-13",
        "last_generated": "2026-05-14",
        "ai_answer_rule": "Generated mile based on Scout MVP1 open route geometry, not an official ATC mile. Use for source-aware planning only."
      },
      "geometry": {
        "type": "Point",
        "coordinates": [
          -83.481018,
          35.008795
        ]
      }
    },
    {
      "type": "Feature",
      "properties": {
        "trail": "Appalachian Trail",
        "route_id": "at-mvp1-springer-davenport-open-2026",
        "mile_nobo": 93,
        "mile_sobo": 141.7,
        "milepoint_type": "generated",
        "official": false,
        "confidence": "estimated_from_open_route_geometry_with_known_length_gap",
        "candidate_status": "mvp1_source_aware_planning_candidate",
        "source_route_id": "at-main-osm-2026-open",
        "source_id": "osm",
        "source_url": "https://www.openstreetmap.org/relation/156553",
        "source_access_url": "https://hiking.waymarkedtrails.org/api/v1/details/relation/156553",
        "license_status": "open_license_share_alike",
        "source_license": "ODbL",
        "license_source": "OpenStreetMap ODbL",
        "attribution": "OpenStreetMap contributors",
        "last_checked": "2026-05-13",
        "last_generated": "2026-05-14",
        "ai_answer_rule": "Generated mile based on Scout MVP1 open route geometry, not an official ATC mile. Use for source-aware planning only."
      },
      "geometry": {
        "type": "Point",
        "coordinates": [
          -83.478484,
          35.021967
        ]
      }
    },
    {
      "type": "Feature",
      "properties": {
        "trail": "Appalachian Trail",
        "route_id": "at-mvp1-springer-davenport-open-2026",
        "mile_nobo": 94,
        "mile_sobo": 140.7,
        "milepoint_type": "generated",
        "official": false,
        "confidence": "estimated_from_open_route_geometry_with_known_length_gap",
        "candidate_status": "mvp1_source_aware_planning_candidate",
        "source_route_id": "at-main-osm-2026-open",
        "source_id": "osm",
        "source_url": "https://www.openstreetmap.org/relation/156553",
        "source_access_url": "https://hiking.waymarkedtrails.org/api/v1/details/relation/156553",
        "license_status": "open_license_share_alike",
        "source_license": "ODbL",
        "license_source": "OpenStreetMap ODbL",
        "attribution": "OpenStreetMap contributors",
        "last_checked": "2026-05-13",
        "last_generated": "2026-05-14",
        "ai_answer_rule": "Generated mile based on Scout MVP1 open route geometry, not an official ATC mile. Use for source-aware planning only."
      },
      "geometry": {
        "type": "Point",
        "coordinates": [
          -83.477063,
          35.028902
        ]
      }
    },
    {
      "type": "Feature",
      "properties": {
        "trail": "Appalachian Trail",
        "route_id": "at-mvp1-springer-davenport-open-2026",
        "mile_nobo": 95,
        "mile_sobo": 139.7,
        "milepoint_type": "generated",
        "official": false,
        "confidence": "estimated_from_open_route_geometry_with_known_length_gap",
        "candidate_status": "mvp1_source_aware_planning_candidate",
        "source_route_id": "at-main-osm-2026-open",
        "source_id": "osm",
        "source_url": "https://www.openstreetmap.org/relation/156553",
        "source_access_url": "https://hiking.waymarkedtrails.org/api/v1/details/relation/156553",
        "license_status": "open_license_share_alike",
        "source_license": "ODbL",
        "license_source": "OpenStreetMap ODbL",
        "attribution": "OpenStreetMap contributors",
        "last_checked": "2026-05-13",
        "last_generated": "2026-05-14",
        "ai_answer_rule": "Generated mile based on Scout MVP1 open route geometry, not an official ATC mile. Use for source-aware planning only."
      },
      "geometry": {
        "type": "Point",
        "coordinates": [
          -83.471705,
          35.039178
        ]
      }
    },
    {
      "type": "Feature",
      "properties": {
        "trail": "Appalachian Trail",
        "route_id": "at-mvp1-springer-davenport-open-2026",
        "mile_nobo": 96,
        "mile_sobo": 138.7,
        "milepoint_type": "generated",
        "official": false,
        "confidence": "estimated_from_open_route_geometry_with_known_length_gap",
        "candidate_status": "mvp1_source_aware_planning_candidate",
        "source_route_id": "at-main-osm-2026-open",
        "source_id": "osm",
        "source_url": "https://www.openstreetmap.org/relation/156553",
        "source_access_url": "https://hiking.waymarkedtrails.org/api/v1/details/relation/156553",
        "license_status": "open_license_share_alike",
        "source_license": "ODbL",
        "license_source": "OpenStreetMap ODbL",
        "attribution": "OpenStreetMap contributors",
        "last_checked": "2026-05-13",
        "last_generated": "2026-05-14",
        "ai_answer_rule": "Generated mile based on Scout MVP1 open route geometry, not an official ATC mile. Use for source-aware planning only."
      },
      "geometry": {
        "type": "Point",
        "coordinates": [
          -83.474512,
          35.050602
        ]
      }
    },
    {
      "type": "Feature",
      "properties": {
        "trail": "Appalachian Trail",
        "route_id": "at-mvp1-springer-davenport-open-2026",
        "mile_nobo": 97,
        "mile_sobo": 137.7,
        "milepoint_type": "generated",
        "official": false,
        "confidence": "estimated_from_open_route_geometry_with_known_length_gap",
        "candidate_status": "mvp1_source_aware_planning_candidate",
        "source_route_id": "at-main-osm-2026-open",
        "source_id": "osm",
        "source_url": "https://www.openstreetmap.org/relation/156553",
        "source_access_url": "https://hiking.waymarkedtrails.org/api/v1/details/relation/156553",
        "license_status": "open_license_share_alike",
        "source_license": "ODbL",
        "license_source": "OpenStreetMap ODbL",
        "attribution": "OpenStreetMap contributors",
        "last_checked": "2026-05-13",
        "last_generated": "2026-05-14",
        "ai_answer_rule": "Generated mile based on Scout MVP1 open route geometry, not an official ATC mile. Use for source-aware planning only."
      },
      "geometry": {
        "type": "Point",
        "coordinates": [
          -83.480098,
          35.060696
        ]
      }
    },
    {
      "type": "Feature",
      "properties": {
        "trail": "Appalachian Trail",
        "route_id": "at-mvp1-springer-davenport-open-2026",
        "mile_nobo": 98,
        "mile_sobo": 136.7,
        "milepoint_type": "generated",
        "official": false,
        "confidence": "estimated_from_open_route_geometry_with_known_length_gap",
        "candidate_status": "mvp1_source_aware_planning_candidate",
        "source_route_id": "at-main-osm-2026-open",
        "source_id": "osm",
        "source_url": "https://www.openstreetmap.org/relation/156553",
        "source_access_url": "https://hiking.waymarkedtrails.org/api/v1/details/relation/156553",
        "license_status": "open_license_share_alike",
        "source_license": "ODbL",
        "license_source": "OpenStreetMap ODbL",
        "attribution": "OpenStreetMap contributors",
        "last_checked": "2026-05-13",
        "last_generated": "2026-05-14",
        "ai_answer_rule": "Generated mile based on Scout MVP1 open route geometry, not an official ATC mile. Use for source-aware planning only."
      },
      "geometry": {
        "type": "Point",
        "coordinates": [
          -83.490559,
          35.066504
        ]
      }
    },
    {
      "type": "Feature",
      "properties": {
        "trail": "Appalachian Trail",
        "route_id": "at-mvp1-springer-davenport-open-2026",
        "mile_nobo": 99,
        "mile_sobo": 135.7,
        "milepoint_type": "generated",
        "official": false,
        "confidence": "estimated_from_open_route_geometry_with_known_length_gap",
        "candidate_status": "mvp1_source_aware_planning_candidate",
        "source_route_id": "at-main-osm-2026-open",
        "source_id": "osm",
        "source_url": "https://www.openstreetmap.org/relation/156553",
        "source_access_url": "https://hiking.waymarkedtrails.org/api/v1/details/relation/156553",
        "license_status": "open_license_share_alike",
        "source_license": "ODbL",
        "license_source": "OpenStreetMap ODbL",
        "attribution": "OpenStreetMap contributors",
        "last_checked": "2026-05-13",
        "last_generated": "2026-05-14",
        "ai_answer_rule": "Generated mile based on Scout MVP1 open route geometry, not an official ATC mile. Use for source-aware planning only."
      },
      "geometry": {
        "type": "Point",
        "coordinates": [
          -83.497773,
          35.072379
        ]
      }
    },
    {
      "type": "Feature",
      "properties": {
        "trail": "Appalachian Trail",
        "route_id": "at-mvp1-springer-davenport-open-2026",
        "mile_nobo": 100,
        "mile_sobo": 134.7,
        "milepoint_type": "generated",
        "official": false,
        "confidence": "estimated_from_open_route_geometry_with_known_length_gap",
        "candidate_status": "mvp1_source_aware_planning_candidate",
        "source_route_id": "at-main-osm-2026-open",
        "source_id": "osm",
        "source_url": "https://www.openstreetmap.org/relation/156553",
        "source_access_url": "https://hiking.waymarkedtrails.org/api/v1/details/relation/156553",
        "license_status": "open_license_share_alike",
        "source_license": "ODbL",
        "license_source": "OpenStreetMap ODbL",
        "attribution": "OpenStreetMap contributors",
        "last_checked": "2026-05-13",
        "last_generated": "2026-05-14",
        "ai_answer_rule": "Generated mile based on Scout MVP1 open route geometry, not an official ATC mile. Use for source-aware planning only."
      },
      "geometry": {
        "type": "Point",
        "coordinates": [
          -83.507849,
          35.079648
        ]
      }
    },
    {
      "type": "Feature",
      "properties": {
        "trail": "Appalachian Trail",
        "route_id": "at-mvp1-springer-davenport-open-2026",
        "mile_nobo": 101,
        "mile_sobo": 133.7,
        "milepoint_type": "generated",
        "official": false,
        "confidence": "estimated_from_open_route_geometry_with_known_length_gap",
        "candidate_status": "mvp1_source_aware_planning_candidate",
        "source_route_id": "at-main-osm-2026-open",
        "source_id": "osm",
        "source_url": "https://www.openstreetmap.org/relation/156553",
        "source_access_url": "https://hiking.waymarkedtrails.org/api/v1/details/relation/156553",
        "license_status": "open_license_share_alike",
        "source_license": "ODbL",
        "license_source": "OpenStreetMap ODbL",
        "attribution": "OpenStreetMap contributors",
        "last_checked": "2026-05-13",
        "last_generated": "2026-05-14",
        "ai_answer_rule": "Generated mile based on Scout MVP1 open route geometry, not an official ATC mile. Use for source-aware planning only."
      },
      "geometry": {
        "type": "Point",
        "coordinates": [
          -83.516396,
          35.085075
        ]
      }
    },
    {
      "type": "Feature",
      "properties": {
        "trail": "Appalachian Trail",
        "route_id": "at-mvp1-springer-davenport-open-2026",
        "mile_nobo": 102,
        "mile_sobo": 132.7,
        "milepoint_type": "generated",
        "official": false,
        "confidence": "estimated_from_open_route_geometry_with_known_length_gap",
        "candidate_status": "mvp1_source_aware_planning_candidate",
        "source_route_id": "at-main-osm-2026-open",
        "source_id": "osm",
        "source_url": "https://www.openstreetmap.org/relation/156553",
        "source_access_url": "https://hiking.waymarkedtrails.org/api/v1/details/relation/156553",
        "license_status": "open_license_share_alike",
        "source_license": "ODbL",
        "license_source": "OpenStreetMap ODbL",
        "attribution": "OpenStreetMap contributors",
        "last_checked": "2026-05-13",
        "last_generated": "2026-05-14",
        "ai_answer_rule": "Generated mile based on Scout MVP1 open route geometry, not an official ATC mile. Use for source-aware planning only."
      },
      "geometry": {
        "type": "Point",
        "coordinates": [
          -83.522642,
          35.091362
        ]
      }
    },
    {
      "type": "Feature",
      "properties": {
        "trail": "Appalachian Trail",
        "route_id": "at-mvp1-springer-davenport-open-2026",
        "mile_nobo": 103,
        "mile_sobo": 131.7,
        "milepoint_type": "generated",
        "official": false,
        "confidence": "estimated_from_open_route_geometry_with_known_length_gap",
        "candidate_status": "mvp1_source_aware_planning_candidate",
        "source_route_id": "at-main-osm-2026-open",
        "source_id": "osm",
        "source_url": "https://www.openstreetmap.org/relation/156553",
        "source_access_url": "https://hiking.waymarkedtrails.org/api/v1/details/relation/156553",
        "license_status": "open_license_share_alike",
        "source_license": "ODbL",
        "license_source": "OpenStreetMap ODbL",
        "attribution": "OpenStreetMap contributors",
        "last_checked": "2026-05-13",
        "last_generated": "2026-05-14",
        "ai_answer_rule": "Generated mile based on Scout MVP1 open route geometry, not an official ATC mile. Use for source-aware planning only."
      },
      "geometry": {
        "type": "Point",
        "coordinates": [
          -83.529209,
          35.10037
        ]
      }
    },
    {
      "type": "Feature",
      "properties": {
        "trail": "Appalachian Trail",
        "route_id": "at-mvp1-springer-davenport-open-2026",
        "mile_nobo": 104,
        "mile_sobo": 130.7,
        "milepoint_type": "generated",
        "official": false,
        "confidence": "estimated_from_open_route_geometry_with_known_length_gap",
        "candidate_status": "mvp1_source_aware_planning_candidate",
        "source_route_id": "at-main-osm-2026-open",
        "source_id": "osm",
        "source_url": "https://www.openstreetmap.org/relation/156553",
        "source_access_url": "https://hiking.waymarkedtrails.org/api/v1/details/relation/156553",
        "license_status": "open_license_share_alike",
        "source_license": "ODbL",
        "license_source": "OpenStreetMap ODbL",
        "attribution": "OpenStreetMap contributors",
        "last_checked": "2026-05-13",
        "last_generated": "2026-05-14",
        "ai_answer_rule": "Generated mile based on Scout MVP1 open route geometry, not an official ATC mile. Use for source-aware planning only."
      },
      "geometry": {
        "type": "Point",
        "coordinates": [
          -83.536201,
          35.108303
        ]
      }
    },
    {
      "type": "Feature",
      "properties": {
        "trail": "Appalachian Trail",
        "route_id": "at-mvp1-springer-davenport-open-2026",
        "mile_nobo": 105,
        "mile_sobo": 129.7,
        "milepoint_type": "generated",
        "official": false,
        "confidence": "estimated_from_open_route_geometry_with_known_length_gap",
        "candidate_status": "mvp1_source_aware_planning_candidate",
        "source_route_id": "at-main-osm-2026-open",
        "source_id": "osm",
        "source_url": "https://www.openstreetmap.org/relation/156553",
        "source_access_url": "https://hiking.waymarkedtrails.org/api/v1/details/relation/156553",
        "license_status": "open_license_share_alike",
        "source_license": "ODbL",
        "license_source": "OpenStreetMap ODbL",
        "attribution": "OpenStreetMap contributors",
        "last_checked": "2026-05-13",
        "last_generated": "2026-05-14",
        "ai_answer_rule": "Generated mile based on Scout MVP1 open route geometry, not an official ATC mile. Use for source-aware planning only."
      },
      "geometry": {
        "type": "Point",
        "coordinates": [
          -83.54654,
          35.115782
        ]
      }
    },
    {
      "type": "Feature",
      "properties": {
        "trail": "Appalachian Trail",
        "route_id": "at-mvp1-springer-davenport-open-2026",
        "mile_nobo": 106,
        "mile_sobo": 128.7,
        "milepoint_type": "generated",
        "official": false,
        "confidence": "estimated_from_open_route_geometry_with_known_length_gap",
        "candidate_status": "mvp1_source_aware_planning_candidate",
        "source_route_id": "at-main-osm-2026-open",
        "source_id": "osm",
        "source_url": "https://www.openstreetmap.org/relation/156553",
        "source_access_url": "https://hiking.waymarkedtrails.org/api/v1/details/relation/156553",
        "license_status": "open_license_share_alike",
        "source_license": "ODbL",
        "license_source": "OpenStreetMap ODbL",
        "attribution": "OpenStreetMap contributors",
        "last_checked": "2026-05-13",
        "last_generated": "2026-05-14",
        "ai_answer_rule": "Generated mile based on Scout MVP1 open route geometry, not an official ATC mile. Use for source-aware planning only."
      },
      "geometry": {
        "type": "Point",
        "coordinates": [
          -83.547802,
          35.122132
        ]
      }
    },
    {
      "type": "Feature",
      "properties": {
        "trail": "Appalachian Trail",
        "route_id": "at-mvp1-springer-davenport-open-2026",
        "mile_nobo": 107,
        "mile_sobo": 127.7,
        "milepoint_type": "generated",
        "official": false,
        "confidence": "estimated_from_open_route_geometry_with_known_length_gap",
        "candidate_status": "mvp1_source_aware_planning_candidate",
        "source_route_id": "at-main-osm-2026-open",
        "source_id": "osm",
        "source_url": "https://www.openstreetmap.org/relation/156553",
        "source_access_url": "https://hiking.waymarkedtrails.org/api/v1/details/relation/156553",
        "license_status": "open_license_share_alike",
        "source_license": "ODbL",
        "license_source": "OpenStreetMap ODbL",
        "attribution": "OpenStreetMap contributors",
        "last_checked": "2026-05-13",
        "last_generated": "2026-05-14",
        "ai_answer_rule": "Generated mile based on Scout MVP1 open route geometry, not an official ATC mile. Use for source-aware planning only."
      },
      "geometry": {
        "type": "Point",
        "coordinates": [
          -83.558181,
          35.122175
        ]
      }
    },
    {
      "type": "Feature",
      "properties": {
        "trail": "Appalachian Trail",
        "route_id": "at-mvp1-springer-davenport-open-2026",
        "mile_nobo": 108,
        "mile_sobo": 126.7,
        "milepoint_type": "generated",
        "official": false,
        "confidence": "estimated_from_open_route_geometry_with_known_length_gap",
        "candidate_status": "mvp1_source_aware_planning_candidate",
        "source_route_id": "at-main-osm-2026-open",
        "source_id": "osm",
        "source_url": "https://www.openstreetmap.org/relation/156553",
        "source_access_url": "https://hiking.waymarkedtrails.org/api/v1/details/relation/156553",
        "license_status": "open_license_share_alike",
        "source_license": "ODbL",
        "license_source": "OpenStreetMap ODbL",
        "attribution": "OpenStreetMap contributors",
        "last_checked": "2026-05-13",
        "last_generated": "2026-05-14",
        "ai_answer_rule": "Generated mile based on Scout MVP1 open route geometry, not an official ATC mile. Use for source-aware planning only."
      },
      "geometry": {
        "type": "Point",
        "coordinates": [
          -83.554227,
          35.132812
        ]
      }
    },
    {
      "type": "Feature",
      "properties": {
        "trail": "Appalachian Trail",
        "route_id": "at-mvp1-springer-davenport-open-2026",
        "mile_nobo": 109,
        "mile_sobo": 125.7,
        "milepoint_type": "generated",
        "official": false,
        "confidence": "estimated_from_open_route_geometry_with_known_length_gap",
        "candidate_status": "mvp1_source_aware_planning_candidate",
        "source_route_id": "at-main-osm-2026-open",
        "source_id": "osm",
        "source_url": "https://www.openstreetmap.org/relation/156553",
        "source_access_url": "https://hiking.waymarkedtrails.org/api/v1/details/relation/156553",
        "license_status": "open_license_share_alike",
        "source_license": "ODbL",
        "license_source": "OpenStreetMap ODbL",
        "attribution": "OpenStreetMap contributors",
        "last_checked": "2026-05-13",
        "last_generated": "2026-05-14",
        "ai_answer_rule": "Generated mile based on Scout MVP1 open route geometry, not an official ATC mile. Use for source-aware planning only."
      },
      "geometry": {
        "type": "Point",
        "coordinates": [
          -83.564166,
          35.13856
        ]
      }
    },
    {
      "type": "Feature",
      "properties": {
        "trail": "Appalachian Trail",
        "route_id": "at-mvp1-springer-davenport-open-2026",
        "mile_nobo": 110,
        "mile_sobo": 124.7,
        "milepoint_type": "generated",
        "official": false,
        "confidence": "estimated_from_open_route_geometry_with_known_length_gap",
        "candidate_status": "mvp1_source_aware_planning_candidate",
        "source_route_id": "at-main-osm-2026-open",
        "source_id": "osm",
        "source_url": "https://www.openstreetmap.org/relation/156553",
        "source_access_url": "https://hiking.waymarkedtrails.org/api/v1/details/relation/156553",
        "license_status": "open_license_share_alike",
        "source_license": "ODbL",
        "license_source": "OpenStreetMap ODbL",
        "attribution": "OpenStreetMap contributors",
        "last_checked": "2026-05-13",
        "last_generated": "2026-05-14",
        "ai_answer_rule": "Generated mile based on Scout MVP1 open route geometry, not an official ATC mile. Use for source-aware planning only."
      },
      "geometry": {
        "type": "Point",
        "coordinates": [
          -83.576667,
          35.142449
        ]
      }
    },
    {
      "type": "Feature",
      "properties": {
        "trail": "Appalachian Trail",
        "route_id": "at-mvp1-springer-davenport-open-2026",
        "mile_nobo": 111,
        "mile_sobo": 123.7,
        "milepoint_type": "generated",
        "official": false,
        "confidence": "estimated_from_open_route_geometry_with_known_length_gap",
        "candidate_status": "mvp1_source_aware_planning_candidate",
        "source_route_id": "at-main-osm-2026-open",
        "source_id": "osm",
        "source_url": "https://www.openstreetmap.org/relation/156553",
        "source_access_url": "https://hiking.waymarkedtrails.org/api/v1/details/relation/156553",
        "license_status": "open_license_share_alike",
        "source_license": "ODbL",
        "license_source": "OpenStreetMap ODbL",
        "attribution": "OpenStreetMap contributors",
        "last_checked": "2026-05-13",
        "last_generated": "2026-05-14",
        "ai_answer_rule": "Generated mile based on Scout MVP1 open route geometry, not an official ATC mile. Use for source-aware planning only."
      },
      "geometry": {
        "type": "Point",
        "coordinates": [
          -83.582645,
          35.148077
        ]
      }
    },
    {
      "type": "Feature",
      "properties": {
        "trail": "Appalachian Trail",
        "route_id": "at-mvp1-springer-davenport-open-2026",
        "mile_nobo": 112,
        "mile_sobo": 122.7,
        "milepoint_type": "generated",
        "official": false,
        "confidence": "estimated_from_open_route_geometry_with_known_length_gap",
        "candidate_status": "mvp1_source_aware_planning_candidate",
        "source_route_id": "at-main-osm-2026-open",
        "source_id": "osm",
        "source_url": "https://www.openstreetmap.org/relation/156553",
        "source_access_url": "https://hiking.waymarkedtrails.org/api/v1/details/relation/156553",
        "license_status": "open_license_share_alike",
        "source_license": "ODbL",
        "license_source": "OpenStreetMap ODbL",
        "attribution": "OpenStreetMap contributors",
        "last_checked": "2026-05-13",
        "last_generated": "2026-05-14",
        "ai_answer_rule": "Generated mile based on Scout MVP1 open route geometry, not an official ATC mile. Use for source-aware planning only."
      },
      "geometry": {
        "type": "Point",
        "coordinates": [
          -83.577354,
          35.158364
        ]
      }
    },
    {
      "type": "Feature",
      "properties": {
        "trail": "Appalachian Trail",
        "route_id": "at-mvp1-springer-davenport-open-2026",
        "mile_nobo": 113,
        "mile_sobo": 121.7,
        "milepoint_type": "generated",
        "official": false,
        "confidence": "estimated_from_open_route_geometry_with_known_length_gap",
        "candidate_status": "mvp1_source_aware_planning_candidate",
        "source_route_id": "at-main-osm-2026-open",
        "source_id": "osm",
        "source_url": "https://www.openstreetmap.org/relation/156553",
        "source_access_url": "https://hiking.waymarkedtrails.org/api/v1/details/relation/156553",
        "license_status": "open_license_share_alike",
        "source_license": "ODbL",
        "license_source": "OpenStreetMap ODbL",
        "attribution": "OpenStreetMap contributors",
        "last_checked": "2026-05-13",
        "last_generated": "2026-05-14",
        "ai_answer_rule": "Generated mile based on Scout MVP1 open route geometry, not an official ATC mile. Use for source-aware planning only."
      },
      "geometry": {
        "type": "Point",
        "coordinates": [
          -83.584558,
          35.166398
        ]
      }
    },
    {
      "type": "Feature",
      "properties": {
        "trail": "Appalachian Trail",
        "route_id": "at-mvp1-springer-davenport-open-2026",
        "mile_nobo": 114,
        "mile_sobo": 120.7,
        "milepoint_type": "generated",
        "official": false,
        "confidence": "estimated_from_open_route_geometry_with_known_length_gap",
        "candidate_status": "mvp1_source_aware_planning_candidate",
        "source_route_id": "at-main-osm-2026-open",
        "source_id": "osm",
        "source_url": "https://www.openstreetmap.org/relation/156553",
        "source_access_url": "https://hiking.waymarkedtrails.org/api/v1/details/relation/156553",
        "license_status": "open_license_share_alike",
        "source_license": "ODbL",
        "license_source": "OpenStreetMap ODbL",
        "attribution": "OpenStreetMap contributors",
        "last_checked": "2026-05-13",
        "last_generated": "2026-05-14",
        "ai_answer_rule": "Generated mile based on Scout MVP1 open route geometry, not an official ATC mile. Use for source-aware planning only."
      },
      "geometry": {
        "type": "Point",
        "coordinates": [
          -83.582815,
          35.17599
        ]
      }
    },
    {
      "type": "Feature",
      "properties": {
        "trail": "Appalachian Trail",
        "route_id": "at-mvp1-springer-davenport-open-2026",
        "mile_nobo": 115,
        "mile_sobo": 119.7,
        "milepoint_type": "generated",
        "official": false,
        "confidence": "estimated_from_open_route_geometry_with_known_length_gap",
        "candidate_status": "mvp1_source_aware_planning_candidate",
        "source_route_id": "at-main-osm-2026-open",
        "source_id": "osm",
        "source_url": "https://www.openstreetmap.org/relation/156553",
        "source_access_url": "https://hiking.waymarkedtrails.org/api/v1/details/relation/156553",
        "license_status": "open_license_share_alike",
        "source_license": "ODbL",
        "license_source": "OpenStreetMap ODbL",
        "attribution": "OpenStreetMap contributors",
        "last_checked": "2026-05-13",
        "last_generated": "2026-05-14",
        "ai_answer_rule": "Generated mile based on Scout MVP1 open route geometry, not an official ATC mile. Use for source-aware planning only."
      },
      "geometry": {
        "type": "Point",
        "coordinates": [
          -83.57062,
          35.176156
        ]
      }
    },
    {
      "type": "Feature",
      "properties": {
        "trail": "Appalachian Trail",
        "route_id": "at-mvp1-springer-davenport-open-2026",
        "mile_nobo": 116,
        "mile_sobo": 118.7,
        "milepoint_type": "generated",
        "official": false,
        "confidence": "estimated_from_open_route_geometry_with_known_length_gap",
        "candidate_status": "mvp1_source_aware_planning_candidate",
        "source_route_id": "at-main-osm-2026-open",
        "source_id": "osm",
        "source_url": "https://www.openstreetmap.org/relation/156553",
        "source_access_url": "https://hiking.waymarkedtrails.org/api/v1/details/relation/156553",
        "license_status": "open_license_share_alike",
        "source_license": "ODbL",
        "license_source": "OpenStreetMap ODbL",
        "attribution": "OpenStreetMap contributors",
        "last_checked": "2026-05-13",
        "last_generated": "2026-05-14",
        "ai_answer_rule": "Generated mile based on Scout MVP1 open route geometry, not an official ATC mile. Use for source-aware planning only."
      },
      "geometry": {
        "type": "Point",
        "coordinates": [
          -83.563483,
          35.182812
        ]
      }
    },
    {
      "type": "Feature",
      "properties": {
        "trail": "Appalachian Trail",
        "route_id": "at-mvp1-springer-davenport-open-2026",
        "mile_nobo": 117,
        "mile_sobo": 117.7,
        "milepoint_type": "generated",
        "official": false,
        "confidence": "estimated_from_open_route_geometry_with_known_length_gap",
        "candidate_status": "mvp1_source_aware_planning_candidate",
        "source_route_id": "at-main-osm-2026-open",
        "source_id": "osm",
        "source_url": "https://www.openstreetmap.org/relation/156553",
        "source_access_url": "https://hiking.waymarkedtrails.org/api/v1/details/relation/156553",
        "license_status": "open_license_share_alike",
        "source_license": "ODbL",
        "license_source": "OpenStreetMap ODbL",
        "attribution": "OpenStreetMap contributors",
        "last_checked": "2026-05-13",
        "last_generated": "2026-05-14",
        "ai_answer_rule": "Generated mile based on Scout MVP1 open route geometry, not an official ATC mile. Use for source-aware planning only."
      },
      "geometry": {
        "type": "Point",
        "coordinates": [
          -83.563654,
          35.193188
        ]
      }
    },
    {
      "type": "Feature",
      "properties": {
        "trail": "Appalachian Trail",
        "route_id": "at-mvp1-springer-davenport-open-2026",
        "mile_nobo": 118,
        "mile_sobo": 116.7,
        "milepoint_type": "generated",
        "official": false,
        "confidence": "estimated_from_open_route_geometry_with_known_length_gap",
        "candidate_status": "mvp1_source_aware_planning_candidate",
        "source_route_id": "at-main-osm-2026-open",
        "source_id": "osm",
        "source_url": "https://www.openstreetmap.org/relation/156553",
        "source_access_url": "https://hiking.waymarkedtrails.org/api/v1/details/relation/156553",
        "license_status": "open_license_share_alike",
        "source_license": "ODbL",
        "license_source": "OpenStreetMap ODbL",
        "attribution": "OpenStreetMap contributors",
        "last_checked": "2026-05-13",
        "last_generated": "2026-05-14",
        "ai_answer_rule": "Generated mile based on Scout MVP1 open route geometry, not an official ATC mile. Use for source-aware planning only."
      },
      "geometry": {
        "type": "Point",
        "coordinates": [
          -83.567823,
          35.203272
        ]
      }
    },
    {
      "type": "Feature",
      "properties": {
        "trail": "Appalachian Trail",
        "route_id": "at-mvp1-springer-davenport-open-2026",
        "mile_nobo": 119,
        "mile_sobo": 115.7,
        "milepoint_type": "generated",
        "official": false,
        "confidence": "estimated_from_open_route_geometry_with_known_length_gap",
        "candidate_status": "mvp1_source_aware_planning_candidate",
        "source_route_id": "at-main-osm-2026-open",
        "source_id": "osm",
        "source_url": "https://www.openstreetmap.org/relation/156553",
        "source_access_url": "https://hiking.waymarkedtrails.org/api/v1/details/relation/156553",
        "license_status": "open_license_share_alike",
        "source_license": "ODbL",
        "license_source": "OpenStreetMap ODbL",
        "attribution": "OpenStreetMap contributors",
        "last_checked": "2026-05-13",
        "last_generated": "2026-05-14",
        "ai_answer_rule": "Generated mile based on Scout MVP1 open route geometry, not an official ATC mile. Use for source-aware planning only."
      },
      "geometry": {
        "type": "Point",
        "coordinates": [
          -83.564835,
          35.212735
        ]
      }
    },
    {
      "type": "Feature",
      "properties": {
        "trail": "Appalachian Trail",
        "route_id": "at-mvp1-springer-davenport-open-2026",
        "mile_nobo": 120,
        "mile_sobo": 114.7,
        "milepoint_type": "generated",
        "official": false,
        "confidence": "estimated_from_open_route_geometry_with_known_length_gap",
        "candidate_status": "mvp1_source_aware_planning_candidate",
        "source_route_id": "at-main-osm-2026-open",
        "source_id": "osm",
        "source_url": "https://www.openstreetmap.org/relation/156553",
        "source_access_url": "https://hiking.waymarkedtrails.org/api/v1/details/relation/156553",
        "license_status": "open_license_share_alike",
        "source_license": "ODbL",
        "license_source": "OpenStreetMap ODbL",
        "attribution": "OpenStreetMap contributors",
        "last_checked": "2026-05-13",
        "last_generated": "2026-05-14",
        "ai_answer_rule": "Generated mile based on Scout MVP1 open route geometry, not an official ATC mile. Use for source-aware planning only."
      },
      "geometry": {
        "type": "Point",
        "coordinates": [
          -83.56255,
          35.21943
        ]
      }
    },
    {
      "type": "Feature",
      "properties": {
        "trail": "Appalachian Trail",
        "route_id": "at-mvp1-springer-davenport-open-2026",
        "mile_nobo": 121,
        "mile_sobo": 113.7,
        "milepoint_type": "generated",
        "official": false,
        "confidence": "estimated_from_open_route_geometry_with_known_length_gap",
        "candidate_status": "mvp1_source_aware_planning_candidate",
        "source_route_id": "at-main-osm-2026-open",
        "source_id": "osm",
        "source_url": "https://www.openstreetmap.org/relation/156553",
        "source_access_url": "https://hiking.waymarkedtrails.org/api/v1/details/relation/156553",
        "license_status": "open_license_share_alike",
        "source_license": "ODbL",
        "license_source": "OpenStreetMap ODbL",
        "attribution": "OpenStreetMap contributors",
        "last_checked": "2026-05-13",
        "last_generated": "2026-05-14",
        "ai_answer_rule": "Generated mile based on Scout MVP1 open route geometry, not an official ATC mile. Use for source-aware planning only."
      },
      "geometry": {
        "type": "Point",
        "coordinates": [
          -83.567231,
          35.229981
        ]
      }
    },
    {
      "type": "Feature",
      "properties": {
        "trail": "Appalachian Trail",
        "route_id": "at-mvp1-springer-davenport-open-2026",
        "mile_nobo": 122,
        "mile_sobo": 112.7,
        "milepoint_type": "generated",
        "official": false,
        "confidence": "estimated_from_open_route_geometry_with_known_length_gap",
        "candidate_status": "mvp1_source_aware_planning_candidate",
        "source_route_id": "at-main-osm-2026-open",
        "source_id": "osm",
        "source_url": "https://www.openstreetmap.org/relation/156553",
        "source_access_url": "https://hiking.waymarkedtrails.org/api/v1/details/relation/156553",
        "license_status": "open_license_share_alike",
        "source_license": "ODbL",
        "license_source": "OpenStreetMap ODbL",
        "attribution": "OpenStreetMap contributors",
        "last_checked": "2026-05-13",
        "last_generated": "2026-05-14",
        "ai_answer_rule": "Generated mile based on Scout MVP1 open route geometry, not an official ATC mile. Use for source-aware planning only."
      },
      "geometry": {
        "type": "Point",
        "coordinates": [
          -83.560945,
          35.2366
        ]
      }
    },
    {
      "type": "Feature",
      "properties": {
        "trail": "Appalachian Trail",
        "route_id": "at-mvp1-springer-davenport-open-2026",
        "mile_nobo": 123,
        "mile_sobo": 111.7,
        "milepoint_type": "generated",
        "official": false,
        "confidence": "estimated_from_open_route_geometry_with_known_length_gap",
        "candidate_status": "mvp1_source_aware_planning_candidate",
        "source_route_id": "at-main-osm-2026-open",
        "source_id": "osm",
        "source_url": "https://www.openstreetmap.org/relation/156553",
        "source_access_url": "https://hiking.waymarkedtrails.org/api/v1/details/relation/156553",
        "license_status": "open_license_share_alike",
        "source_license": "ODbL",
        "license_source": "OpenStreetMap ODbL",
        "attribution": "OpenStreetMap contributors",
        "last_checked": "2026-05-13",
        "last_generated": "2026-05-14",
        "ai_answer_rule": "Generated mile based on Scout MVP1 open route geometry, not an official ATC mile. Use for source-aware planning only."
      },
      "geometry": {
        "type": "Point",
        "coordinates": [
          -83.564144,
          35.247242
        ]
      }
    },
    {
      "type": "Feature",
      "properties": {
        "trail": "Appalachian Trail",
        "route_id": "at-mvp1-springer-davenport-open-2026",
        "mile_nobo": 124,
        "mile_sobo": 110.7,
        "milepoint_type": "generated",
        "official": false,
        "confidence": "estimated_from_open_route_geometry_with_known_length_gap",
        "candidate_status": "mvp1_source_aware_planning_candidate",
        "source_route_id": "at-main-osm-2026-open",
        "source_id": "osm",
        "source_url": "https://www.openstreetmap.org/relation/156553",
        "source_access_url": "https://hiking.waymarkedtrails.org/api/v1/details/relation/156553",
        "license_status": "open_license_share_alike",
        "source_license": "ODbL",
        "license_source": "OpenStreetMap ODbL",
        "attribution": "OpenStreetMap contributors",
        "last_checked": "2026-05-13",
        "last_generated": "2026-05-14",
        "ai_answer_rule": "Generated mile based on Scout MVP1 open route geometry, not an official ATC mile. Use for source-aware planning only."
      },
      "geometry": {
        "type": "Point",
        "coordinates": [
          -83.568399,
          35.258202
        ]
      }
    },
    {
      "type": "Feature",
      "properties": {
        "trail": "Appalachian Trail",
        "route_id": "at-mvp1-springer-davenport-open-2026",
        "mile_nobo": 125,
        "mile_sobo": 109.7,
        "milepoint_type": "generated",
        "official": false,
        "confidence": "estimated_from_open_route_geometry_with_known_length_gap",
        "candidate_status": "mvp1_source_aware_planning_candidate",
        "source_route_id": "at-main-osm-2026-open",
        "source_id": "osm",
        "source_url": "https://www.openstreetmap.org/relation/156553",
        "source_access_url": "https://hiking.waymarkedtrails.org/api/v1/details/relation/156553",
        "license_status": "open_license_share_alike",
        "source_license": "ODbL",
        "license_source": "OpenStreetMap ODbL",
        "attribution": "OpenStreetMap contributors",
        "last_checked": "2026-05-13",
        "last_generated": "2026-05-14",
        "ai_answer_rule": "Generated mile based on Scout MVP1 open route geometry, not an official ATC mile. Use for source-aware planning only."
      },
      "geometry": {
        "type": "Point",
        "coordinates": [
          -83.572293,
          35.267876
        ]
      }
    },
    {
      "type": "Feature",
      "properties": {
        "trail": "Appalachian Trail",
        "route_id": "at-mvp1-springer-davenport-open-2026",
        "mile_nobo": 126,
        "mile_sobo": 108.7,
        "milepoint_type": "generated",
        "official": false,
        "confidence": "estimated_from_open_route_geometry_with_known_length_gap",
        "candidate_status": "mvp1_source_aware_planning_candidate",
        "source_route_id": "at-main-osm-2026-open",
        "source_id": "osm",
        "source_url": "https://www.openstreetmap.org/relation/156553",
        "source_access_url": "https://hiking.waymarkedtrails.org/api/v1/details/relation/156553",
        "license_status": "open_license_share_alike",
        "source_license": "ODbL",
        "license_source": "OpenStreetMap ODbL",
        "attribution": "OpenStreetMap contributors",
        "last_checked": "2026-05-13",
        "last_generated": "2026-05-14",
        "ai_answer_rule": "Generated mile based on Scout MVP1 open route geometry, not an official ATC mile. Use for source-aware planning only."
      },
      "geometry": {
        "type": "Point",
        "coordinates": [
          -83.578311,
          35.274029
        ]
      }
    },
    {
      "type": "Feature",
      "properties": {
        "trail": "Appalachian Trail",
        "route_id": "at-mvp1-springer-davenport-open-2026",
        "mile_nobo": 127,
        "mile_sobo": 107.7,
        "milepoint_type": "generated",
        "official": false,
        "confidence": "estimated_from_open_route_geometry_with_known_length_gap",
        "candidate_status": "mvp1_source_aware_planning_candidate",
        "source_route_id": "at-main-osm-2026-open",
        "source_id": "osm",
        "source_url": "https://www.openstreetmap.org/relation/156553",
        "source_access_url": "https://hiking.waymarkedtrails.org/api/v1/details/relation/156553",
        "license_status": "open_license_share_alike",
        "source_license": "ODbL",
        "license_source": "OpenStreetMap ODbL",
        "attribution": "OpenStreetMap contributors",
        "last_checked": "2026-05-13",
        "last_generated": "2026-05-14",
        "ai_answer_rule": "Generated mile based on Scout MVP1 open route geometry, not an official ATC mile. Use for source-aware planning only."
      },
      "geometry": {
        "type": "Point",
        "coordinates": [
          -83.581042,
          35.281032
        ]
      }
    },
    {
      "type": "Feature",
      "properties": {
        "trail": "Appalachian Trail",
        "route_id": "at-mvp1-springer-davenport-open-2026",
        "mile_nobo": 128,
        "mile_sobo": 106.7,
        "milepoint_type": "generated",
        "official": false,
        "confidence": "estimated_from_open_route_geometry_with_known_length_gap",
        "candidate_status": "mvp1_source_aware_planning_candidate",
        "source_route_id": "at-main-osm-2026-open",
        "source_id": "osm",
        "source_url": "https://www.openstreetmap.org/relation/156553",
        "source_access_url": "https://hiking.waymarkedtrails.org/api/v1/details/relation/156553",
        "license_status": "open_license_share_alike",
        "source_license": "ODbL",
        "license_source": "OpenStreetMap ODbL",
        "attribution": "OpenStreetMap contributors",
        "last_checked": "2026-05-13",
        "last_generated": "2026-05-14",
        "ai_answer_rule": "Generated mile based on Scout MVP1 open route geometry, not an official ATC mile. Use for source-aware planning only."
      },
      "geometry": {
        "type": "Point",
        "coordinates": [
          -83.593877,
          35.284046
        ]
      }
    },
    {
      "type": "Feature",
      "properties": {
        "trail": "Appalachian Trail",
        "route_id": "at-mvp1-springer-davenport-open-2026",
        "mile_nobo": 129,
        "mile_sobo": 105.7,
        "milepoint_type": "generated",
        "official": false,
        "confidence": "estimated_from_open_route_geometry_with_known_length_gap",
        "candidate_status": "mvp1_source_aware_planning_candidate",
        "source_route_id": "at-main-osm-2026-open",
        "source_id": "osm",
        "source_url": "https://www.openstreetmap.org/relation/156553",
        "source_access_url": "https://hiking.waymarkedtrails.org/api/v1/details/relation/156553",
        "license_status": "open_license_share_alike",
        "source_license": "ODbL",
        "license_source": "OpenStreetMap ODbL",
        "attribution": "OpenStreetMap contributors",
        "last_checked": "2026-05-13",
        "last_generated": "2026-05-14",
        "ai_answer_rule": "Generated mile based on Scout MVP1 open route geometry, not an official ATC mile. Use for source-aware planning only."
      },
      "geometry": {
        "type": "Point",
        "coordinates": [
          -83.593656,
          35.294384
        ]
      }
    },
    {
      "type": "Feature",
      "properties": {
        "trail": "Appalachian Trail",
        "route_id": "at-mvp1-springer-davenport-open-2026",
        "mile_nobo": 130,
        "mile_sobo": 104.7,
        "milepoint_type": "generated",
        "official": false,
        "confidence": "estimated_from_open_route_geometry_with_known_length_gap",
        "candidate_status": "mvp1_source_aware_planning_candidate",
        "source_route_id": "at-main-osm-2026-open",
        "source_id": "osm",
        "source_url": "https://www.openstreetmap.org/relation/156553",
        "source_access_url": "https://hiking.waymarkedtrails.org/api/v1/details/relation/156553",
        "license_status": "open_license_share_alike",
        "source_license": "ODbL",
        "license_source": "OpenStreetMap ODbL",
        "attribution": "OpenStreetMap contributors",
        "last_checked": "2026-05-13",
        "last_generated": "2026-05-14",
        "ai_answer_rule": "Generated mile based on Scout MVP1 open route geometry, not an official ATC mile. Use for source-aware planning only."
      },
      "geometry": {
        "type": "Point",
        "coordinates": [
          -83.589205,
          35.305037
        ]
      }
    },
    {
      "type": "Feature",
      "properties": {
        "trail": "Appalachian Trail",
        "route_id": "at-mvp1-springer-davenport-open-2026",
        "mile_nobo": 131,
        "mile_sobo": 103.7,
        "milepoint_type": "generated",
        "official": false,
        "confidence": "estimated_from_open_route_geometry_with_known_length_gap",
        "candidate_status": "mvp1_source_aware_planning_candidate",
        "source_route_id": "at-main-osm-2026-open",
        "source_id": "osm",
        "source_url": "https://www.openstreetmap.org/relation/156553",
        "source_access_url": "https://hiking.waymarkedtrails.org/api/v1/details/relation/156553",
        "license_status": "open_license_share_alike",
        "source_license": "ODbL",
        "license_source": "OpenStreetMap ODbL",
        "attribution": "OpenStreetMap contributors",
        "last_checked": "2026-05-13",
        "last_generated": "2026-05-14",
        "ai_answer_rule": "Generated mile based on Scout MVP1 open route geometry, not an official ATC mile. Use for source-aware planning only."
      },
      "geometry": {
        "type": "Point",
        "coordinates": [
          -83.588265,
          35.315026
        ]
      }
    },
    {
      "type": "Feature",
      "properties": {
        "trail": "Appalachian Trail",
        "route_id": "at-mvp1-springer-davenport-open-2026",
        "mile_nobo": 132,
        "mile_sobo": 102.7,
        "milepoint_type": "generated",
        "official": false,
        "confidence": "estimated_from_open_route_geometry_with_known_length_gap",
        "candidate_status": "mvp1_source_aware_planning_candidate",
        "source_route_id": "at-main-osm-2026-open",
        "source_id": "osm",
        "source_url": "https://www.openstreetmap.org/relation/156553",
        "source_access_url": "https://hiking.waymarkedtrails.org/api/v1/details/relation/156553",
        "license_status": "open_license_share_alike",
        "source_license": "ODbL",
        "license_source": "OpenStreetMap ODbL",
        "attribution": "OpenStreetMap contributors",
        "last_checked": "2026-05-13",
        "last_generated": "2026-05-14",
        "ai_answer_rule": "Generated mile based on Scout MVP1 open route geometry, not an official ATC mile. Use for source-aware planning only."
      },
      "geometry": {
        "type": "Point",
        "coordinates": [
          -83.591179,
          35.324262
        ]
      }
    },
    {
      "type": "Feature",
      "properties": {
        "trail": "Appalachian Trail",
        "route_id": "at-mvp1-springer-davenport-open-2026",
        "mile_nobo": 133,
        "mile_sobo": 101.7,
        "milepoint_type": "generated",
        "official": false,
        "confidence": "estimated_from_open_route_geometry_with_known_length_gap",
        "candidate_status": "mvp1_source_aware_planning_candidate",
        "source_route_id": "at-main-osm-2026-open",
        "source_id": "osm",
        "source_url": "https://www.openstreetmap.org/relation/156553",
        "source_access_url": "https://hiking.waymarkedtrails.org/api/v1/details/relation/156553",
        "license_status": "open_license_share_alike",
        "source_license": "ODbL",
        "license_source": "OpenStreetMap ODbL",
        "attribution": "OpenStreetMap contributors",
        "last_checked": "2026-05-13",
        "last_generated": "2026-05-14",
        "ai_answer_rule": "Generated mile based on Scout MVP1 open route geometry, not an official ATC mile. Use for source-aware planning only."
      },
      "geometry": {
        "type": "Point",
        "coordinates": [
          -83.593402,
          35.332887
        ]
      }
    },
    {
      "type": "Feature",
      "properties": {
        "trail": "Appalachian Trail",
        "route_id": "at-mvp1-springer-davenport-open-2026",
        "mile_nobo": 134,
        "mile_sobo": 100.7,
        "milepoint_type": "generated",
        "official": false,
        "confidence": "estimated_from_open_route_geometry_with_known_length_gap",
        "candidate_status": "mvp1_source_aware_planning_candidate",
        "source_route_id": "at-main-osm-2026-open",
        "source_id": "osm",
        "source_url": "https://www.openstreetmap.org/relation/156553",
        "source_access_url": "https://hiking.waymarkedtrails.org/api/v1/details/relation/156553",
        "license_status": "open_license_share_alike",
        "source_license": "ODbL",
        "license_source": "OpenStreetMap ODbL",
        "attribution": "OpenStreetMap contributors",
        "last_checked": "2026-05-13",
        "last_generated": "2026-05-14",
        "ai_answer_rule": "Generated mile based on Scout MVP1 open route geometry, not an official ATC mile. Use for source-aware planning only."
      },
      "geometry": {
        "type": "Point",
        "coordinates": [
          -83.601856,
          35.338073
        ]
      }
    },
    {
      "type": "Feature",
      "properties": {
        "trail": "Appalachian Trail",
        "route_id": "at-mvp1-springer-davenport-open-2026",
        "mile_nobo": 135,
        "mile_sobo": 99.7,
        "milepoint_type": "generated",
        "official": false,
        "confidence": "estimated_from_open_route_geometry_with_known_length_gap",
        "candidate_status": "mvp1_source_aware_planning_candidate",
        "source_route_id": "at-main-osm-2026-open",
        "source_id": "osm",
        "source_url": "https://www.openstreetmap.org/relation/156553",
        "source_access_url": "https://hiking.waymarkedtrails.org/api/v1/details/relation/156553",
        "license_status": "open_license_share_alike",
        "source_license": "ODbL",
        "license_source": "OpenStreetMap ODbL",
        "attribution": "OpenStreetMap contributors",
        "last_checked": "2026-05-13",
        "last_generated": "2026-05-14",
        "ai_answer_rule": "Generated mile based on Scout MVP1 open route geometry, not an official ATC mile. Use for source-aware planning only."
      },
      "geometry": {
        "type": "Point",
        "coordinates": [
          -83.611383,
          35.341655
        ]
      }
    },
    {
      "type": "Feature",
      "properties": {
        "trail": "Appalachian Trail",
        "route_id": "at-mvp1-springer-davenport-open-2026",
        "mile_nobo": 136,
        "mile_sobo": 98.7,
        "milepoint_type": "generated",
        "official": false,
        "confidence": "estimated_from_open_route_geometry_with_known_length_gap",
        "candidate_status": "mvp1_source_aware_planning_candidate",
        "source_route_id": "at-main-osm-2026-open",
        "source_id": "osm",
        "source_url": "https://www.openstreetmap.org/relation/156553",
        "source_access_url": "https://hiking.waymarkedtrails.org/api/v1/details/relation/156553",
        "license_status": "open_license_share_alike",
        "source_license": "ODbL",
        "license_source": "OpenStreetMap ODbL",
        "attribution": "OpenStreetMap contributors",
        "last_checked": "2026-05-13",
        "last_generated": "2026-05-14",
        "ai_answer_rule": "Generated mile based on Scout MVP1 open route geometry, not an official ATC mile. Use for source-aware planning only."
      },
      "geometry": {
        "type": "Point",
        "coordinates": [
          -83.625504,
          35.344827
        ]
      }
    },
    {
      "type": "Feature",
      "properties": {
        "trail": "Appalachian Trail",
        "route_id": "at-mvp1-springer-davenport-open-2026",
        "mile_nobo": 137,
        "mile_sobo": 97.7,
        "milepoint_type": "generated",
        "official": false,
        "confidence": "estimated_from_open_route_geometry_with_known_length_gap",
        "candidate_status": "mvp1_source_aware_planning_candidate",
        "source_route_id": "at-main-osm-2026-open",
        "source_id": "osm",
        "source_url": "https://www.openstreetmap.org/relation/156553",
        "source_access_url": "https://hiking.waymarkedtrails.org/api/v1/details/relation/156553",
        "license_status": "open_license_share_alike",
        "source_license": "ODbL",
        "license_source": "OpenStreetMap ODbL",
        "attribution": "OpenStreetMap contributors",
        "last_checked": "2026-05-13",
        "last_generated": "2026-05-14",
        "ai_answer_rule": "Generated mile based on Scout MVP1 open route geometry, not an official ATC mile. Use for source-aware planning only."
      },
      "geometry": {
        "type": "Point",
        "coordinates": [
          -83.639194,
          35.341047
        ]
      }
    },
    {
      "type": "Feature",
      "properties": {
        "trail": "Appalachian Trail",
        "route_id": "at-mvp1-springer-davenport-open-2026",
        "mile_nobo": 138,
        "mile_sobo": 96.7,
        "milepoint_type": "generated",
        "official": false,
        "confidence": "estimated_from_open_route_geometry_with_known_length_gap",
        "candidate_status": "mvp1_source_aware_planning_candidate",
        "source_route_id": "at-main-osm-2026-open",
        "source_id": "osm",
        "source_url": "https://www.openstreetmap.org/relation/156553",
        "source_access_url": "https://hiking.waymarkedtrails.org/api/v1/details/relation/156553",
        "license_status": "open_license_share_alike",
        "source_license": "ODbL",
        "license_source": "OpenStreetMap ODbL",
        "attribution": "OpenStreetMap contributors",
        "last_checked": "2026-05-13",
        "last_generated": "2026-05-14",
        "ai_answer_rule": "Generated mile based on Scout MVP1 open route geometry, not an official ATC mile. Use for source-aware planning only."
      },
      "geometry": {
        "type": "Point",
        "coordinates": [
          -83.643707,
          35.340056
        ]
      }
    },
    {
      "type": "Feature",
      "properties": {
        "trail": "Appalachian Trail",
        "route_id": "at-mvp1-springer-davenport-open-2026",
        "mile_nobo": 139,
        "mile_sobo": 95.7,
        "milepoint_type": "generated",
        "official": false,
        "confidence": "estimated_from_open_route_geometry_with_known_length_gap",
        "candidate_status": "mvp1_source_aware_planning_candidate",
        "source_route_id": "at-main-osm-2026-open",
        "source_id": "osm",
        "source_url": "https://www.openstreetmap.org/relation/156553",
        "source_access_url": "https://hiking.waymarkedtrails.org/api/v1/details/relation/156553",
        "license_status": "open_license_share_alike",
        "source_license": "ODbL",
        "license_source": "OpenStreetMap ODbL",
        "attribution": "OpenStreetMap contributors",
        "last_checked": "2026-05-13",
        "last_generated": "2026-05-14",
        "ai_answer_rule": "Generated mile based on Scout MVP1 open route geometry, not an official ATC mile. Use for source-aware planning only."
      },
      "geometry": {
        "type": "Point",
        "coordinates": [
          -83.657153,
          35.335743
        ]
      }
    },
    {
      "type": "Feature",
      "properties": {
        "trail": "Appalachian Trail",
        "route_id": "at-mvp1-springer-davenport-open-2026",
        "mile_nobo": 140,
        "mile_sobo": 94.7,
        "milepoint_type": "generated",
        "official": false,
        "confidence": "estimated_from_open_route_geometry_with_known_length_gap",
        "candidate_status": "mvp1_source_aware_planning_candidate",
        "source_route_id": "at-main-osm-2026-open",
        "source_id": "osm",
        "source_url": "https://www.openstreetmap.org/relation/156553",
        "source_access_url": "https://hiking.waymarkedtrails.org/api/v1/details/relation/156553",
        "license_status": "open_license_share_alike",
        "source_license": "ODbL",
        "license_source": "OpenStreetMap ODbL",
        "attribution": "OpenStreetMap contributors",
        "last_checked": "2026-05-13",
        "last_generated": "2026-05-14",
        "ai_answer_rule": "Generated mile based on Scout MVP1 open route geometry, not an official ATC mile. Use for source-aware planning only."
      },
      "geometry": {
        "type": "Point",
        "coordinates": [
          -83.668653,
          35.327456
        ]
      }
    },
    {
      "type": "Feature",
      "properties": {
        "trail": "Appalachian Trail",
        "route_id": "at-mvp1-springer-davenport-open-2026",
        "mile_nobo": 141,
        "mile_sobo": 93.7,
        "milepoint_type": "generated",
        "official": false,
        "confidence": "estimated_from_open_route_geometry_with_known_length_gap",
        "candidate_status": "mvp1_source_aware_planning_candidate",
        "source_route_id": "at-main-osm-2026-open",
        "source_id": "osm",
        "source_url": "https://www.openstreetmap.org/relation/156553",
        "source_access_url": "https://hiking.waymarkedtrails.org/api/v1/details/relation/156553",
        "license_status": "open_license_share_alike",
        "source_license": "ODbL",
        "license_source": "OpenStreetMap ODbL",
        "attribution": "OpenStreetMap contributors",
        "last_checked": "2026-05-13",
        "last_generated": "2026-05-14",
        "ai_answer_rule": "Generated mile based on Scout MVP1 open route geometry, not an official ATC mile. Use for source-aware planning only."
      },
      "geometry": {
        "type": "Point",
        "coordinates": [
          -83.683909,
          35.32432
        ]
      }
    },
    {
      "type": "Feature",
      "properties": {
        "trail": "Appalachian Trail",
        "route_id": "at-mvp1-springer-davenport-open-2026",
        "mile_nobo": 142,
        "mile_sobo": 92.7,
        "milepoint_type": "generated",
        "official": false,
        "confidence": "estimated_from_open_route_geometry_with_known_length_gap",
        "candidate_status": "mvp1_source_aware_planning_candidate",
        "source_route_id": "at-main-osm-2026-open",
        "source_id": "osm",
        "source_url": "https://www.openstreetmap.org/relation/156553",
        "source_access_url": "https://hiking.waymarkedtrails.org/api/v1/details/relation/156553",
        "license_status": "open_license_share_alike",
        "source_license": "ODbL",
        "license_source": "OpenStreetMap ODbL",
        "attribution": "OpenStreetMap contributors",
        "last_checked": "2026-05-13",
        "last_generated": "2026-05-14",
        "ai_answer_rule": "Generated mile based on Scout MVP1 open route geometry, not an official ATC mile. Use for source-aware planning only."
      },
      "geometry": {
        "type": "Point",
        "coordinates": [
          -83.6937,
          35.32899
        ]
      }
    },
    {
      "type": "Feature",
      "properties": {
        "trail": "Appalachian Trail",
        "route_id": "at-mvp1-springer-davenport-open-2026",
        "mile_nobo": 143,
        "mile_sobo": 91.7,
        "milepoint_type": "generated",
        "official": false,
        "confidence": "estimated_from_open_route_geometry_with_known_length_gap",
        "candidate_status": "mvp1_source_aware_planning_candidate",
        "source_route_id": "at-main-osm-2026-open",
        "source_id": "osm",
        "source_url": "https://www.openstreetmap.org/relation/156553",
        "source_access_url": "https://hiking.waymarkedtrails.org/api/v1/details/relation/156553",
        "license_status": "open_license_share_alike",
        "source_license": "ODbL",
        "license_source": "OpenStreetMap ODbL",
        "attribution": "OpenStreetMap contributors",
        "last_checked": "2026-05-13",
        "last_generated": "2026-05-14",
        "ai_answer_rule": "Generated mile based on Scout MVP1 open route geometry, not an official ATC mile. Use for source-aware planning only."
      },
      "geometry": {
        "type": "Point",
        "coordinates": [
          -83.705927,
          35.33201
        ]
      }
    },
    {
      "type": "Feature",
      "properties": {
        "trail": "Appalachian Trail",
        "route_id": "at-mvp1-springer-davenport-open-2026",
        "mile_nobo": 144,
        "mile_sobo": 90.7,
        "milepoint_type": "generated",
        "official": false,
        "confidence": "estimated_from_open_route_geometry_with_known_length_gap",
        "candidate_status": "mvp1_source_aware_planning_candidate",
        "source_route_id": "at-main-osm-2026-open",
        "source_id": "osm",
        "source_url": "https://www.openstreetmap.org/relation/156553",
        "source_access_url": "https://hiking.waymarkedtrails.org/api/v1/details/relation/156553",
        "license_status": "open_license_share_alike",
        "source_license": "ODbL",
        "license_source": "OpenStreetMap ODbL",
        "attribution": "OpenStreetMap contributors",
        "last_checked": "2026-05-13",
        "last_generated": "2026-05-14",
        "ai_answer_rule": "Generated mile based on Scout MVP1 open route geometry, not an official ATC mile. Use for source-aware planning only."
      },
      "geometry": {
        "type": "Point",
        "coordinates": [
          -83.709142,
          35.339058
        ]
      }
    },
    {
      "type": "Feature",
      "properties": {
        "trail": "Appalachian Trail",
        "route_id": "at-mvp1-springer-davenport-open-2026",
        "mile_nobo": 145,
        "mile_sobo": 89.7,
        "milepoint_type": "generated",
        "official": false,
        "confidence": "estimated_from_open_route_geometry_with_known_length_gap",
        "candidate_status": "mvp1_source_aware_planning_candidate",
        "source_route_id": "at-main-osm-2026-open",
        "source_id": "osm",
        "source_url": "https://www.openstreetmap.org/relation/156553",
        "source_access_url": "https://hiking.waymarkedtrails.org/api/v1/details/relation/156553",
        "license_status": "open_license_share_alike",
        "source_license": "ODbL",
        "license_source": "OpenStreetMap ODbL",
        "attribution": "OpenStreetMap contributors",
        "last_checked": "2026-05-13",
        "last_generated": "2026-05-14",
        "ai_answer_rule": "Generated mile based on Scout MVP1 open route geometry, not an official ATC mile. Use for source-aware planning only."
      },
      "geometry": {
        "type": "Point",
        "coordinates": [
          -83.713394,
          35.351734
        ]
      }
    },
    {
      "type": "Feature",
      "properties": {
        "trail": "Appalachian Trail",
        "route_id": "at-mvp1-springer-davenport-open-2026",
        "mile_nobo": 146,
        "mile_sobo": 88.7,
        "milepoint_type": "generated",
        "official": false,
        "confidence": "estimated_from_open_route_geometry_with_known_length_gap",
        "candidate_status": "mvp1_source_aware_planning_candidate",
        "source_route_id": "at-main-osm-2026-open",
        "source_id": "osm",
        "source_url": "https://www.openstreetmap.org/relation/156553",
        "source_access_url": "https://hiking.waymarkedtrails.org/api/v1/details/relation/156553",
        "license_status": "open_license_share_alike",
        "source_license": "ODbL",
        "license_source": "OpenStreetMap ODbL",
        "attribution": "OpenStreetMap contributors",
        "last_checked": "2026-05-13",
        "last_generated": "2026-05-14",
        "ai_answer_rule": "Generated mile based on Scout MVP1 open route geometry, not an official ATC mile. Use for source-aware planning only."
      },
      "geometry": {
        "type": "Point",
        "coordinates": [
          -83.719017,
          35.35507
        ]
      }
    },
    {
      "type": "Feature",
      "properties": {
        "trail": "Appalachian Trail",
        "route_id": "at-mvp1-springer-davenport-open-2026",
        "mile_nobo": 147,
        "mile_sobo": 87.7,
        "milepoint_type": "generated",
        "official": false,
        "confidence": "estimated_from_open_route_geometry_with_known_length_gap",
        "candidate_status": "mvp1_source_aware_planning_candidate",
        "source_route_id": "at-main-osm-2026-open",
        "source_id": "osm",
        "source_url": "https://www.openstreetmap.org/relation/156553",
        "source_access_url": "https://hiking.waymarkedtrails.org/api/v1/details/relation/156553",
        "license_status": "open_license_share_alike",
        "source_license": "ODbL",
        "license_source": "OpenStreetMap ODbL",
        "attribution": "OpenStreetMap contributors",
        "last_checked": "2026-05-13",
        "last_generated": "2026-05-14",
        "ai_answer_rule": "Generated mile based on Scout MVP1 open route geometry, not an official ATC mile. Use for source-aware planning only."
      },
      "geometry": {
        "type": "Point",
        "coordinates": [
          -83.715133,
          35.366207
        ]
      }
    },
    {
      "type": "Feature",
      "properties": {
        "trail": "Appalachian Trail",
        "route_id": "at-mvp1-springer-davenport-open-2026",
        "mile_nobo": 148,
        "mile_sobo": 86.7,
        "milepoint_type": "generated",
        "official": false,
        "confidence": "estimated_from_open_route_geometry_with_known_length_gap",
        "candidate_status": "mvp1_source_aware_planning_candidate",
        "source_route_id": "at-main-osm-2026-open",
        "source_id": "osm",
        "source_url": "https://www.openstreetmap.org/relation/156553",
        "source_access_url": "https://hiking.waymarkedtrails.org/api/v1/details/relation/156553",
        "license_status": "open_license_share_alike",
        "source_license": "ODbL",
        "license_source": "OpenStreetMap ODbL",
        "attribution": "OpenStreetMap contributors",
        "last_checked": "2026-05-13",
        "last_generated": "2026-05-14",
        "ai_answer_rule": "Generated mile based on Scout MVP1 open route geometry, not an official ATC mile. Use for source-aware planning only."
      },
      "geometry": {
        "type": "Point",
        "coordinates": [
          -83.723028,
          35.373874
        ]
      }
    },
    {
      "type": "Feature",
      "properties": {
        "trail": "Appalachian Trail",
        "route_id": "at-mvp1-springer-davenport-open-2026",
        "mile_nobo": 149,
        "mile_sobo": 85.7,
        "milepoint_type": "generated",
        "official": false,
        "confidence": "estimated_from_open_route_geometry_with_known_length_gap",
        "candidate_status": "mvp1_source_aware_planning_candidate",
        "source_route_id": "at-main-osm-2026-open",
        "source_id": "osm",
        "source_url": "https://www.openstreetmap.org/relation/156553",
        "source_access_url": "https://hiking.waymarkedtrails.org/api/v1/details/relation/156553",
        "license_status": "open_license_share_alike",
        "source_license": "ODbL",
        "license_source": "OpenStreetMap ODbL",
        "attribution": "OpenStreetMap contributors",
        "last_checked": "2026-05-13",
        "last_generated": "2026-05-14",
        "ai_answer_rule": "Generated mile based on Scout MVP1 open route geometry, not an official ATC mile. Use for source-aware planning only."
      },
      "geometry": {
        "type": "Point",
        "coordinates": [
          -83.737953,
          35.37063
        ]
      }
    },
    {
      "type": "Feature",
      "properties": {
        "trail": "Appalachian Trail",
        "route_id": "at-mvp1-springer-davenport-open-2026",
        "mile_nobo": 150,
        "mile_sobo": 84.7,
        "milepoint_type": "generated",
        "official": false,
        "confidence": "estimated_from_open_route_geometry_with_known_length_gap",
        "candidate_status": "mvp1_source_aware_planning_candidate",
        "source_route_id": "at-main-osm-2026-open",
        "source_id": "osm",
        "source_url": "https://www.openstreetmap.org/relation/156553",
        "source_access_url": "https://hiking.waymarkedtrails.org/api/v1/details/relation/156553",
        "license_status": "open_license_share_alike",
        "source_license": "ODbL",
        "license_source": "OpenStreetMap ODbL",
        "attribution": "OpenStreetMap contributors",
        "last_checked": "2026-05-13",
        "last_generated": "2026-05-14",
        "ai_answer_rule": "Generated mile based on Scout MVP1 open route geometry, not an official ATC mile. Use for source-aware planning only."
      },
      "geometry": {
        "type": "Point",
        "coordinates": [
          -83.752771,
          35.375662
        ]
      }
    },
    {
      "type": "Feature",
      "properties": {
        "trail": "Appalachian Trail",
        "route_id": "at-mvp1-springer-davenport-open-2026",
        "mile_nobo": 151,
        "mile_sobo": 83.7,
        "milepoint_type": "generated",
        "official": false,
        "confidence": "estimated_from_open_route_geometry_with_known_length_gap",
        "candidate_status": "mvp1_source_aware_planning_candidate",
        "source_route_id": "at-main-osm-2026-open",
        "source_id": "osm",
        "source_url": "https://www.openstreetmap.org/relation/156553",
        "source_access_url": "https://hiking.waymarkedtrails.org/api/v1/details/relation/156553",
        "license_status": "open_license_share_alike",
        "source_license": "ODbL",
        "license_source": "OpenStreetMap ODbL",
        "attribution": "OpenStreetMap contributors",
        "last_checked": "2026-05-13",
        "last_generated": "2026-05-14",
        "ai_answer_rule": "Generated mile based on Scout MVP1 open route geometry, not an official ATC mile. Use for source-aware planning only."
      },
      "geometry": {
        "type": "Point",
        "coordinates": [
          -83.759155,
          35.386661
        ]
      }
    },
    {
      "type": "Feature",
      "properties": {
        "trail": "Appalachian Trail",
        "route_id": "at-mvp1-springer-davenport-open-2026",
        "mile_nobo": 152,
        "mile_sobo": 82.7,
        "milepoint_type": "generated",
        "official": false,
        "confidence": "estimated_from_open_route_geometry_with_known_length_gap",
        "candidate_status": "mvp1_source_aware_planning_candidate",
        "source_route_id": "at-main-osm-2026-open",
        "source_id": "osm",
        "source_url": "https://www.openstreetmap.org/relation/156553",
        "source_access_url": "https://hiking.waymarkedtrails.org/api/v1/details/relation/156553",
        "license_status": "open_license_share_alike",
        "source_license": "ODbL",
        "license_source": "OpenStreetMap ODbL",
        "attribution": "OpenStreetMap contributors",
        "last_checked": "2026-05-13",
        "last_generated": "2026-05-14",
        "ai_answer_rule": "Generated mile based on Scout MVP1 open route geometry, not an official ATC mile. Use for source-aware planning only."
      },
      "geometry": {
        "type": "Point",
        "coordinates": [
          -83.765413,
          35.396618
        ]
      }
    },
    {
      "type": "Feature",
      "properties": {
        "trail": "Appalachian Trail",
        "route_id": "at-mvp1-springer-davenport-open-2026",
        "mile_nobo": 153,
        "mile_sobo": 81.7,
        "milepoint_type": "generated",
        "official": false,
        "confidence": "estimated_from_open_route_geometry_with_known_length_gap",
        "candidate_status": "mvp1_source_aware_planning_candidate",
        "source_route_id": "at-main-osm-2026-open",
        "source_id": "osm",
        "source_url": "https://www.openstreetmap.org/relation/156553",
        "source_access_url": "https://hiking.waymarkedtrails.org/api/v1/details/relation/156553",
        "license_status": "open_license_share_alike",
        "source_license": "ODbL",
        "license_source": "OpenStreetMap ODbL",
        "attribution": "OpenStreetMap contributors",
        "last_checked": "2026-05-13",
        "last_generated": "2026-05-14",
        "ai_answer_rule": "Generated mile based on Scout MVP1 open route geometry, not an official ATC mile. Use for source-aware planning only."
      },
      "geometry": {
        "type": "Point",
        "coordinates": [
          -83.765866,
          35.405323
        ]
      }
    },
    {
      "type": "Feature",
      "properties": {
        "trail": "Appalachian Trail",
        "route_id": "at-mvp1-springer-davenport-open-2026",
        "mile_nobo": 154,
        "mile_sobo": 80.7,
        "milepoint_type": "generated",
        "official": false,
        "confidence": "estimated_from_open_route_geometry_with_known_length_gap",
        "candidate_status": "mvp1_source_aware_planning_candidate",
        "source_route_id": "at-main-osm-2026-open",
        "source_id": "osm",
        "source_url": "https://www.openstreetmap.org/relation/156553",
        "source_access_url": "https://hiking.waymarkedtrails.org/api/v1/details/relation/156553",
        "license_status": "open_license_share_alike",
        "source_license": "ODbL",
        "license_source": "OpenStreetMap ODbL",
        "attribution": "OpenStreetMap contributors",
        "last_checked": "2026-05-13",
        "last_generated": "2026-05-14",
        "ai_answer_rule": "Generated mile based on Scout MVP1 open route geometry, not an official ATC mile. Use for source-aware planning only."
      },
      "geometry": {
        "type": "Point",
        "coordinates": [
          -83.767305,
          35.411768
        ]
      }
    },
    {
      "type": "Feature",
      "properties": {
        "trail": "Appalachian Trail",
        "route_id": "at-mvp1-springer-davenport-open-2026",
        "mile_nobo": 155,
        "mile_sobo": 79.7,
        "milepoint_type": "generated",
        "official": false,
        "confidence": "estimated_from_open_route_geometry_with_known_length_gap",
        "candidate_status": "mvp1_source_aware_planning_candidate",
        "source_route_id": "at-main-osm-2026-open",
        "source_id": "osm",
        "source_url": "https://www.openstreetmap.org/relation/156553",
        "source_access_url": "https://hiking.waymarkedtrails.org/api/v1/details/relation/156553",
        "license_status": "open_license_share_alike",
        "source_license": "ODbL",
        "license_source": "OpenStreetMap ODbL",
        "attribution": "OpenStreetMap contributors",
        "last_checked": "2026-05-13",
        "last_generated": "2026-05-14",
        "ai_answer_rule": "Generated mile based on Scout MVP1 open route geometry, not an official ATC mile. Use for source-aware planning only."
      },
      "geometry": {
        "type": "Point",
        "coordinates": [
          -83.772928,
          35.417325
        ]
      }
    },
    {
      "type": "Feature",
      "properties": {
        "trail": "Appalachian Trail",
        "route_id": "at-mvp1-springer-davenport-open-2026",
        "mile_nobo": 156,
        "mile_sobo": 78.7,
        "milepoint_type": "generated",
        "official": false,
        "confidence": "estimated_from_open_route_geometry_with_known_length_gap",
        "candidate_status": "mvp1_source_aware_planning_candidate",
        "source_route_id": "at-main-osm-2026-open",
        "source_id": "osm",
        "source_url": "https://www.openstreetmap.org/relation/156553",
        "source_access_url": "https://hiking.waymarkedtrails.org/api/v1/details/relation/156553",
        "license_status": "open_license_share_alike",
        "source_license": "ODbL",
        "license_source": "OpenStreetMap ODbL",
        "attribution": "OpenStreetMap contributors",
        "last_checked": "2026-05-13",
        "last_generated": "2026-05-14",
        "ai_answer_rule": "Generated mile based on Scout MVP1 open route geometry, not an official ATC mile. Use for source-aware planning only."
      },
      "geometry": {
        "type": "Point",
        "coordinates": [
          -83.782222,
          35.420383
        ]
      }
    },
    {
      "type": "Feature",
      "properties": {
        "trail": "Appalachian Trail",
        "route_id": "at-mvp1-springer-davenport-open-2026",
        "mile_nobo": 157,
        "mile_sobo": 77.7,
        "milepoint_type": "generated",
        "official": false,
        "confidence": "estimated_from_open_route_geometry_with_known_length_gap",
        "candidate_status": "mvp1_source_aware_planning_candidate",
        "source_route_id": "at-main-osm-2026-open",
        "source_id": "osm",
        "source_url": "https://www.openstreetmap.org/relation/156553",
        "source_access_url": "https://hiking.waymarkedtrails.org/api/v1/details/relation/156553",
        "license_status": "open_license_share_alike",
        "source_license": "ODbL",
        "license_source": "OpenStreetMap ODbL",
        "attribution": "OpenStreetMap contributors",
        "last_checked": "2026-05-13",
        "last_generated": "2026-05-14",
        "ai_answer_rule": "Generated mile based on Scout MVP1 open route geometry, not an official ATC mile. Use for source-aware planning only."
      },
      "geometry": {
        "type": "Point",
        "coordinates": [
          -83.79789,
          35.423018
        ]
      }
    },
    {
      "type": "Feature",
      "properties": {
        "trail": "Appalachian Trail",
        "route_id": "at-mvp1-springer-davenport-open-2026",
        "mile_nobo": 158,
        "mile_sobo": 76.7,
        "milepoint_type": "generated",
        "official": false,
        "confidence": "estimated_from_open_route_geometry_with_known_length_gap",
        "candidate_status": "mvp1_source_aware_planning_candidate",
        "source_route_id": "at-main-osm-2026-open",
        "source_id": "osm",
        "source_url": "https://www.openstreetmap.org/relation/156553",
        "source_access_url": "https://hiking.waymarkedtrails.org/api/v1/details/relation/156553",
        "license_status": "open_license_share_alike",
        "source_license": "ODbL",
        "license_source": "OpenStreetMap ODbL",
        "attribution": "OpenStreetMap contributors",
        "last_checked": "2026-05-13",
        "last_generated": "2026-05-14",
        "ai_answer_rule": "Generated mile based on Scout MVP1 open route geometry, not an official ATC mile. Use for source-aware planning only."
      },
      "geometry": {
        "type": "Point",
        "coordinates": [
          -83.79919,
          35.429346
        ]
      }
    },
    {
      "type": "Feature",
      "properties": {
        "trail": "Appalachian Trail",
        "route_id": "at-mvp1-springer-davenport-open-2026",
        "mile_nobo": 159,
        "mile_sobo": 75.7,
        "milepoint_type": "generated",
        "official": false,
        "confidence": "estimated_from_open_route_geometry_with_known_length_gap",
        "candidate_status": "mvp1_source_aware_planning_candidate",
        "source_route_id": "at-main-osm-2026-open",
        "source_id": "osm",
        "source_url": "https://www.openstreetmap.org/relation/156553",
        "source_access_url": "https://hiking.waymarkedtrails.org/api/v1/details/relation/156553",
        "license_status": "open_license_share_alike",
        "source_license": "ODbL",
        "license_source": "OpenStreetMap ODbL",
        "attribution": "OpenStreetMap contributors",
        "last_checked": "2026-05-13",
        "last_generated": "2026-05-14",
        "ai_answer_rule": "Generated mile based on Scout MVP1 open route geometry, not an official ATC mile. Use for source-aware planning only."
      },
      "geometry": {
        "type": "Point",
        "coordinates": [
          -83.799251,
          35.435403
        ]
      }
    },
    {
      "type": "Feature",
      "properties": {
        "trail": "Appalachian Trail",
        "route_id": "at-mvp1-springer-davenport-open-2026",
        "mile_nobo": 160,
        "mile_sobo": 74.7,
        "milepoint_type": "generated",
        "official": false,
        "confidence": "estimated_from_open_route_geometry_with_known_length_gap",
        "candidate_status": "mvp1_source_aware_planning_candidate",
        "source_route_id": "at-main-osm-2026-open",
        "source_id": "osm",
        "source_url": "https://www.openstreetmap.org/relation/156553",
        "source_access_url": "https://hiking.waymarkedtrails.org/api/v1/details/relation/156553",
        "license_status": "open_license_share_alike",
        "source_license": "ODbL",
        "license_source": "OpenStreetMap ODbL",
        "attribution": "OpenStreetMap contributors",
        "last_checked": "2026-05-13",
        "last_generated": "2026-05-14",
        "ai_answer_rule": "Generated mile based on Scout MVP1 open route geometry, not an official ATC mile. Use for source-aware planning only."
      },
      "geometry": {
        "type": "Point",
        "coordinates": [
          -83.7958,
          35.44165
        ]
      }
    },
    {
      "type": "Feature",
      "properties": {
        "trail": "Appalachian Trail",
        "route_id": "at-mvp1-springer-davenport-open-2026",
        "mile_nobo": 161,
        "mile_sobo": 73.7,
        "milepoint_type": "generated",
        "official": false,
        "confidence": "estimated_from_open_route_geometry_with_known_length_gap",
        "candidate_status": "mvp1_source_aware_planning_candidate",
        "source_route_id": "at-main-osm-2026-open",
        "source_id": "osm",
        "source_url": "https://www.openstreetmap.org/relation/156553",
        "source_access_url": "https://hiking.waymarkedtrails.org/api/v1/details/relation/156553",
        "license_status": "open_license_share_alike",
        "source_license": "ODbL",
        "license_source": "OpenStreetMap ODbL",
        "attribution": "OpenStreetMap contributors",
        "last_checked": "2026-05-13",
        "last_generated": "2026-05-14",
        "ai_answer_rule": "Generated mile based on Scout MVP1 open route geometry, not an official ATC mile. Use for source-aware planning only."
      },
      "geometry": {
        "type": "Point",
        "coordinates": [
          -83.790807,
          35.447287
        ]
      }
    },
    {
      "type": "Feature",
      "properties": {
        "trail": "Appalachian Trail",
        "route_id": "at-mvp1-springer-davenport-open-2026",
        "mile_nobo": 162,
        "mile_sobo": 72.7,
        "milepoint_type": "generated",
        "official": false,
        "confidence": "estimated_from_open_route_geometry_with_known_length_gap",
        "candidate_status": "mvp1_source_aware_planning_candidate",
        "source_route_id": "at-main-osm-2026-open",
        "source_id": "osm",
        "source_url": "https://www.openstreetmap.org/relation/156553",
        "source_access_url": "https://hiking.waymarkedtrails.org/api/v1/details/relation/156553",
        "license_status": "open_license_share_alike",
        "source_license": "ODbL",
        "license_source": "OpenStreetMap ODbL",
        "attribution": "OpenStreetMap contributors",
        "last_checked": "2026-05-13",
        "last_generated": "2026-05-14",
        "ai_answer_rule": "Generated mile based on Scout MVP1 open route geometry, not an official ATC mile. Use for source-aware planning only."
      },
      "geometry": {
        "type": "Point",
        "coordinates": [
          -83.802059,
          35.452496
        ]
      }
    },
    {
      "type": "Feature",
      "properties": {
        "trail": "Appalachian Trail",
        "route_id": "at-mvp1-springer-davenport-open-2026",
        "mile_nobo": 163,
        "mile_sobo": 71.7,
        "milepoint_type": "generated",
        "official": false,
        "confidence": "estimated_from_open_route_geometry_with_known_length_gap",
        "candidate_status": "mvp1_source_aware_planning_candidate",
        "source_route_id": "at-main-osm-2026-open",
        "source_id": "osm",
        "source_url": "https://www.openstreetmap.org/relation/156553",
        "source_access_url": "https://hiking.waymarkedtrails.org/api/v1/details/relation/156553",
        "license_status": "open_license_share_alike",
        "source_license": "ODbL",
        "license_source": "OpenStreetMap ODbL",
        "attribution": "OpenStreetMap contributors",
        "last_checked": "2026-05-13",
        "last_generated": "2026-05-14",
        "ai_answer_rule": "Generated mile based on Scout MVP1 open route geometry, not an official ATC mile. Use for source-aware planning only."
      },
      "geometry": {
        "type": "Point",
        "coordinates": [
          -83.811,
          35.459985
        ]
      }
    },
    {
      "type": "Feature",
      "properties": {
        "trail": "Appalachian Trail",
        "route_id": "at-mvp1-springer-davenport-open-2026",
        "mile_nobo": 164,
        "mile_sobo": 70.7,
        "milepoint_type": "generated",
        "official": false,
        "confidence": "estimated_from_open_route_geometry_with_known_length_gap",
        "candidate_status": "mvp1_source_aware_planning_candidate",
        "source_route_id": "at-main-osm-2026-open",
        "source_id": "osm",
        "source_url": "https://www.openstreetmap.org/relation/156553",
        "source_access_url": "https://hiking.waymarkedtrails.org/api/v1/details/relation/156553",
        "license_status": "open_license_share_alike",
        "source_license": "ODbL",
        "license_source": "OpenStreetMap ODbL",
        "attribution": "OpenStreetMap contributors",
        "last_checked": "2026-05-13",
        "last_generated": "2026-05-14",
        "ai_answer_rule": "Generated mile based on Scout MVP1 open route geometry, not an official ATC mile. Use for source-aware planning only."
      },
      "geometry": {
        "type": "Point",
        "coordinates": [
          -83.812673,
          35.467446
        ]
      }
    },
    {
      "type": "Feature",
      "properties": {
        "trail": "Appalachian Trail",
        "route_id": "at-mvp1-springer-davenport-open-2026",
        "mile_nobo": 165,
        "mile_sobo": 69.7,
        "milepoint_type": "generated",
        "official": false,
        "confidence": "estimated_from_open_route_geometry_with_known_length_gap",
        "candidate_status": "mvp1_source_aware_planning_candidate",
        "source_route_id": "at-main-osm-2026-open",
        "source_id": "osm",
        "source_url": "https://www.openstreetmap.org/relation/156553",
        "source_access_url": "https://hiking.waymarkedtrails.org/api/v1/details/relation/156553",
        "license_status": "open_license_share_alike",
        "source_license": "ODbL",
        "license_source": "OpenStreetMap ODbL",
        "attribution": "OpenStreetMap contributors",
        "last_checked": "2026-05-13",
        "last_generated": "2026-05-14",
        "ai_answer_rule": "Generated mile based on Scout MVP1 open route geometry, not an official ATC mile. Use for source-aware planning only."
      },
      "geometry": {
        "type": "Point",
        "coordinates": [
          -83.809038,
          35.478224
        ]
      }
    },
    {
      "type": "Feature",
      "properties": {
        "trail": "Appalachian Trail",
        "route_id": "at-mvp1-springer-davenport-open-2026",
        "mile_nobo": 166,
        "mile_sobo": 68.7,
        "milepoint_type": "generated",
        "official": false,
        "confidence": "estimated_from_open_route_geometry_with_known_length_gap",
        "candidate_status": "mvp1_source_aware_planning_candidate",
        "source_route_id": "at-main-osm-2026-open",
        "source_id": "osm",
        "source_url": "https://www.openstreetmap.org/relation/156553",
        "source_access_url": "https://hiking.waymarkedtrails.org/api/v1/details/relation/156553",
        "license_status": "open_license_share_alike",
        "source_license": "ODbL",
        "license_source": "OpenStreetMap ODbL",
        "attribution": "OpenStreetMap contributors",
        "last_checked": "2026-05-13",
        "last_generated": "2026-05-14",
        "ai_answer_rule": "Generated mile based on Scout MVP1 open route geometry, not an official ATC mile. Use for source-aware planning only."
      },
      "geometry": {
        "type": "Point",
        "coordinates": [
          -83.815193,
          35.483692
        ]
      }
    },
    {
      "type": "Feature",
      "properties": {
        "trail": "Appalachian Trail",
        "route_id": "at-mvp1-springer-davenport-open-2026",
        "mile_nobo": 167,
        "mile_sobo": 67.7,
        "milepoint_type": "generated",
        "official": false,
        "confidence": "estimated_from_open_route_geometry_with_known_length_gap",
        "candidate_status": "mvp1_source_aware_planning_candidate",
        "source_route_id": "at-main-osm-2026-open",
        "source_id": "osm",
        "source_url": "https://www.openstreetmap.org/relation/156553",
        "source_access_url": "https://hiking.waymarkedtrails.org/api/v1/details/relation/156553",
        "license_status": "open_license_share_alike",
        "source_license": "ODbL",
        "license_source": "OpenStreetMap ODbL",
        "attribution": "OpenStreetMap contributors",
        "last_checked": "2026-05-13",
        "last_generated": "2026-05-14",
        "ai_answer_rule": "Generated mile based on Scout MVP1 open route geometry, not an official ATC mile. Use for source-aware planning only."
      },
      "geometry": {
        "type": "Point",
        "coordinates": [
          -83.814338,
          35.493233
        ]
      }
    },
    {
      "type": "Feature",
      "properties": {
        "trail": "Appalachian Trail",
        "route_id": "at-mvp1-springer-davenport-open-2026",
        "mile_nobo": 168,
        "mile_sobo": 66.7,
        "milepoint_type": "generated",
        "official": false,
        "confidence": "estimated_from_open_route_geometry_with_known_length_gap",
        "candidate_status": "mvp1_source_aware_planning_candidate",
        "source_route_id": "at-main-osm-2026-open",
        "source_id": "osm",
        "source_url": "https://www.openstreetmap.org/relation/156553",
        "source_access_url": "https://hiking.waymarkedtrails.org/api/v1/details/relation/156553",
        "license_status": "open_license_share_alike",
        "source_license": "ODbL",
        "license_source": "OpenStreetMap ODbL",
        "attribution": "OpenStreetMap contributors",
        "last_checked": "2026-05-13",
        "last_generated": "2026-05-14",
        "ai_answer_rule": "Generated mile based on Scout MVP1 open route geometry, not an official ATC mile. Use for source-aware planning only."
      },
      "geometry": {
        "type": "Point",
        "coordinates": [
          -83.810717,
          35.506336
        ]
      }
    },
    {
      "type": "Feature",
      "properties": {
        "trail": "Appalachian Trail",
        "route_id": "at-mvp1-springer-davenport-open-2026",
        "mile_nobo": 169,
        "mile_sobo": 65.7,
        "milepoint_type": "generated",
        "official": false,
        "confidence": "estimated_from_open_route_geometry_with_known_length_gap",
        "candidate_status": "mvp1_source_aware_planning_candidate",
        "source_route_id": "at-main-osm-2026-open",
        "source_id": "osm",
        "source_url": "https://www.openstreetmap.org/relation/156553",
        "source_access_url": "https://hiking.waymarkedtrails.org/api/v1/details/relation/156553",
        "license_status": "open_license_share_alike",
        "source_license": "ODbL",
        "license_source": "OpenStreetMap ODbL",
        "attribution": "OpenStreetMap contributors",
        "last_checked": "2026-05-13",
        "last_generated": "2026-05-14",
        "ai_answer_rule": "Generated mile based on Scout MVP1 open route geometry, not an official ATC mile. Use for source-aware planning only."
      },
      "geometry": {
        "type": "Point",
        "coordinates": [
          -83.814274,
          35.518383
        ]
      }
    },
    {
      "type": "Feature",
      "properties": {
        "trail": "Appalachian Trail",
        "route_id": "at-mvp1-springer-davenport-open-2026",
        "mile_nobo": 170,
        "mile_sobo": 64.7,
        "milepoint_type": "generated",
        "official": false,
        "confidence": "estimated_from_open_route_geometry_with_known_length_gap",
        "candidate_status": "mvp1_source_aware_planning_candidate",
        "source_route_id": "at-main-osm-2026-open",
        "source_id": "osm",
        "source_url": "https://www.openstreetmap.org/relation/156553",
        "source_access_url": "https://hiking.waymarkedtrails.org/api/v1/details/relation/156553",
        "license_status": "open_license_share_alike",
        "source_license": "ODbL",
        "license_source": "OpenStreetMap ODbL",
        "attribution": "OpenStreetMap contributors",
        "last_checked": "2026-05-13",
        "last_generated": "2026-05-14",
        "ai_answer_rule": "Generated mile based on Scout MVP1 open route geometry, not an official ATC mile. Use for source-aware planning only."
      },
      "geometry": {
        "type": "Point",
        "coordinates": [
          -83.818052,
          35.527997
        ]
      }
    },
    {
      "type": "Feature",
      "properties": {
        "trail": "Appalachian Trail",
        "route_id": "at-mvp1-springer-davenport-open-2026",
        "mile_nobo": 171,
        "mile_sobo": 63.7,
        "milepoint_type": "generated",
        "official": false,
        "confidence": "estimated_from_open_route_geometry_with_known_length_gap",
        "candidate_status": "mvp1_source_aware_planning_candidate",
        "source_route_id": "at-main-osm-2026-open",
        "source_id": "osm",
        "source_url": "https://www.openstreetmap.org/relation/156553",
        "source_access_url": "https://hiking.waymarkedtrails.org/api/v1/details/relation/156553",
        "license_status": "open_license_share_alike",
        "source_license": "ODbL",
        "license_source": "OpenStreetMap ODbL",
        "attribution": "OpenStreetMap contributors",
        "last_checked": "2026-05-13",
        "last_generated": "2026-05-14",
        "ai_answer_rule": "Generated mile based on Scout MVP1 open route geometry, not an official ATC mile. Use for source-aware planning only."
      },
      "geometry": {
        "type": "Point",
        "coordinates": [
          -83.808084,
          35.537931
        ]
      }
    },
    {
      "type": "Feature",
      "properties": {
        "trail": "Appalachian Trail",
        "route_id": "at-mvp1-springer-davenport-open-2026",
        "mile_nobo": 172,
        "mile_sobo": 62.7,
        "milepoint_type": "generated",
        "official": false,
        "confidence": "estimated_from_open_route_geometry_with_known_length_gap",
        "candidate_status": "mvp1_source_aware_planning_candidate",
        "source_route_id": "at-main-osm-2026-open",
        "source_id": "osm",
        "source_url": "https://www.openstreetmap.org/relation/156553",
        "source_access_url": "https://hiking.waymarkedtrails.org/api/v1/details/relation/156553",
        "license_status": "open_license_share_alike",
        "source_license": "ODbL",
        "license_source": "OpenStreetMap ODbL",
        "attribution": "OpenStreetMap contributors",
        "last_checked": "2026-05-13",
        "last_generated": "2026-05-14",
        "ai_answer_rule": "Generated mile based on Scout MVP1 open route geometry, not an official ATC mile. Use for source-aware planning only."
      },
      "geometry": {
        "type": "Point",
        "coordinates": [
          -83.798534,
          35.538253
        ]
      }
    },
    {
      "type": "Feature",
      "properties": {
        "trail": "Appalachian Trail",
        "route_id": "at-mvp1-springer-davenport-open-2026",
        "mile_nobo": 173,
        "mile_sobo": 61.7,
        "milepoint_type": "generated",
        "official": false,
        "confidence": "estimated_from_open_route_geometry_with_known_length_gap",
        "candidate_status": "mvp1_source_aware_planning_candidate",
        "source_route_id": "at-main-osm-2026-open",
        "source_id": "osm",
        "source_url": "https://www.openstreetmap.org/relation/156553",
        "source_access_url": "https://hiking.waymarkedtrails.org/api/v1/details/relation/156553",
        "license_status": "open_license_share_alike",
        "source_license": "ODbL",
        "license_source": "OpenStreetMap ODbL",
        "attribution": "OpenStreetMap contributors",
        "last_checked": "2026-05-13",
        "last_generated": "2026-05-14",
        "ai_answer_rule": "Generated mile based on Scout MVP1 open route geometry, not an official ATC mile. Use for source-aware planning only."
      },
      "geometry": {
        "type": "Point",
        "coordinates": [
          -83.790841,
          35.54673
        ]
      }
    },
    {
      "type": "Feature",
      "properties": {
        "trail": "Appalachian Trail",
        "route_id": "at-mvp1-springer-davenport-open-2026",
        "mile_nobo": 174,
        "mile_sobo": 60.7,
        "milepoint_type": "generated",
        "official": false,
        "confidence": "estimated_from_open_route_geometry_with_known_length_gap",
        "candidate_status": "mvp1_source_aware_planning_candidate",
        "source_route_id": "at-main-osm-2026-open",
        "source_id": "osm",
        "source_url": "https://www.openstreetmap.org/relation/156553",
        "source_access_url": "https://hiking.waymarkedtrails.org/api/v1/details/relation/156553",
        "license_status": "open_license_share_alike",
        "source_license": "ODbL",
        "license_source": "OpenStreetMap ODbL",
        "attribution": "OpenStreetMap contributors",
        "last_checked": "2026-05-13",
        "last_generated": "2026-05-14",
        "ai_answer_rule": "Generated mile based on Scout MVP1 open route geometry, not an official ATC mile. Use for source-aware planning only."
      },
      "geometry": {
        "type": "Point",
        "coordinates": [
          -83.778489,
          35.552711
        ]
      }
    },
    {
      "type": "Feature",
      "properties": {
        "trail": "Appalachian Trail",
        "route_id": "at-mvp1-springer-davenport-open-2026",
        "mile_nobo": 175,
        "mile_sobo": 59.7,
        "milepoint_type": "generated",
        "official": false,
        "confidence": "estimated_from_open_route_geometry_with_known_length_gap",
        "candidate_status": "mvp1_source_aware_planning_candidate",
        "source_route_id": "at-main-osm-2026-open",
        "source_id": "osm",
        "source_url": "https://www.openstreetmap.org/relation/156553",
        "source_access_url": "https://hiking.waymarkedtrails.org/api/v1/details/relation/156553",
        "license_status": "open_license_share_alike",
        "source_license": "ODbL",
        "license_source": "OpenStreetMap ODbL",
        "attribution": "OpenStreetMap contributors",
        "last_checked": "2026-05-13",
        "last_generated": "2026-05-14",
        "ai_answer_rule": "Generated mile based on Scout MVP1 open route geometry, not an official ATC mile. Use for source-aware planning only."
      },
      "geometry": {
        "type": "Point",
        "coordinates": [
          -83.773527,
          35.559616
        ]
      }
    },
    {
      "type": "Feature",
      "properties": {
        "trail": "Appalachian Trail",
        "route_id": "at-mvp1-springer-davenport-open-2026",
        "mile_nobo": 176,
        "mile_sobo": 58.7,
        "milepoint_type": "generated",
        "official": false,
        "confidence": "estimated_from_open_route_geometry_with_known_length_gap",
        "candidate_status": "mvp1_source_aware_planning_candidate",
        "source_route_id": "at-main-osm-2026-open",
        "source_id": "osm",
        "source_url": "https://www.openstreetmap.org/relation/156553",
        "source_access_url": "https://hiking.waymarkedtrails.org/api/v1/details/relation/156553",
        "license_status": "open_license_share_alike",
        "source_license": "ODbL",
        "license_source": "OpenStreetMap ODbL",
        "attribution": "OpenStreetMap contributors",
        "last_checked": "2026-05-13",
        "last_generated": "2026-05-14",
        "ai_answer_rule": "Generated mile based on Scout MVP1 open route geometry, not an official ATC mile. Use for source-aware planning only."
      },
      "geometry": {
        "type": "Point",
        "coordinates": [
          -83.765807,
          35.561438
        ]
      }
    },
    {
      "type": "Feature",
      "properties": {
        "trail": "Appalachian Trail",
        "route_id": "at-mvp1-springer-davenport-open-2026",
        "mile_nobo": 177,
        "mile_sobo": 57.7,
        "milepoint_type": "generated",
        "official": false,
        "confidence": "estimated_from_open_route_geometry_with_known_length_gap",
        "candidate_status": "mvp1_source_aware_planning_candidate",
        "source_route_id": "at-main-osm-2026-open",
        "source_id": "osm",
        "source_url": "https://www.openstreetmap.org/relation/156553",
        "source_access_url": "https://hiking.waymarkedtrails.org/api/v1/details/relation/156553",
        "license_status": "open_license_share_alike",
        "source_license": "ODbL",
        "license_source": "OpenStreetMap ODbL",
        "attribution": "OpenStreetMap contributors",
        "last_checked": "2026-05-13",
        "last_generated": "2026-05-14",
        "ai_answer_rule": "Generated mile based on Scout MVP1 open route geometry, not an official ATC mile. Use for source-aware planning only."
      },
      "geometry": {
        "type": "Point",
        "coordinates": [
          -83.752642,
          35.563579
        ]
      }
    },
    {
      "type": "Feature",
      "properties": {
        "trail": "Appalachian Trail",
        "route_id": "at-mvp1-springer-davenport-open-2026",
        "mile_nobo": 178,
        "mile_sobo": 56.7,
        "milepoint_type": "generated",
        "official": false,
        "confidence": "estimated_from_open_route_geometry_with_known_length_gap",
        "candidate_status": "mvp1_source_aware_planning_candidate",
        "source_route_id": "at-main-osm-2026-open",
        "source_id": "osm",
        "source_url": "https://www.openstreetmap.org/relation/156553",
        "source_access_url": "https://hiking.waymarkedtrails.org/api/v1/details/relation/156553",
        "license_status": "open_license_share_alike",
        "source_license": "ODbL",
        "license_source": "OpenStreetMap ODbL",
        "attribution": "OpenStreetMap contributors",
        "last_checked": "2026-05-13",
        "last_generated": "2026-05-14",
        "ai_answer_rule": "Generated mile based on Scout MVP1 open route geometry, not an official ATC mile. Use for source-aware planning only."
      },
      "geometry": {
        "type": "Point",
        "coordinates": [
          -83.743298,
          35.562754
        ]
      }
    },
    {
      "type": "Feature",
      "properties": {
        "trail": "Appalachian Trail",
        "route_id": "at-mvp1-springer-davenport-open-2026",
        "mile_nobo": 179,
        "mile_sobo": 55.7,
        "milepoint_type": "generated",
        "official": false,
        "confidence": "estimated_from_open_route_geometry_with_known_length_gap",
        "candidate_status": "mvp1_source_aware_planning_candidate",
        "source_route_id": "at-main-osm-2026-open",
        "source_id": "osm",
        "source_url": "https://www.openstreetmap.org/relation/156553",
        "source_access_url": "https://hiking.waymarkedtrails.org/api/v1/details/relation/156553",
        "license_status": "open_license_share_alike",
        "source_license": "ODbL",
        "license_source": "OpenStreetMap ODbL",
        "attribution": "OpenStreetMap contributors",
        "last_checked": "2026-05-13",
        "last_generated": "2026-05-14",
        "ai_answer_rule": "Generated mile based on Scout MVP1 open route geometry, not an official ATC mile. Use for source-aware planning only."
      },
      "geometry": {
        "type": "Point",
        "coordinates": [
          -83.727592,
          35.563142
        ]
      }
    },
    {
      "type": "Feature",
      "properties": {
        "trail": "Appalachian Trail",
        "route_id": "at-mvp1-springer-davenport-open-2026",
        "mile_nobo": 180,
        "mile_sobo": 54.7,
        "milepoint_type": "generated",
        "official": false,
        "confidence": "estimated_from_open_route_geometry_with_known_length_gap",
        "candidate_status": "mvp1_source_aware_planning_candidate",
        "source_route_id": "at-main-osm-2026-open",
        "source_id": "osm",
        "source_url": "https://www.openstreetmap.org/relation/156553",
        "source_access_url": "https://hiking.waymarkedtrails.org/api/v1/details/relation/156553",
        "license_status": "open_license_share_alike",
        "source_license": "ODbL",
        "license_source": "OpenStreetMap ODbL",
        "attribution": "OpenStreetMap contributors",
        "last_checked": "2026-05-13",
        "last_generated": "2026-05-14",
        "ai_answer_rule": "Generated mile based on Scout MVP1 open route geometry, not an official ATC mile. Use for source-aware planning only."
      },
      "geometry": {
        "type": "Point",
        "coordinates": [
          -83.712876,
          35.565783
        ]
      }
    },
    {
      "type": "Feature",
      "properties": {
        "trail": "Appalachian Trail",
        "route_id": "at-mvp1-springer-davenport-open-2026",
        "mile_nobo": 181,
        "mile_sobo": 53.7,
        "milepoint_type": "generated",
        "official": false,
        "confidence": "estimated_from_open_route_geometry_with_known_length_gap",
        "candidate_status": "mvp1_source_aware_planning_candidate",
        "source_route_id": "at-main-osm-2026-open",
        "source_id": "osm",
        "source_url": "https://www.openstreetmap.org/relation/156553",
        "source_access_url": "https://hiking.waymarkedtrails.org/api/v1/details/relation/156553",
        "license_status": "open_license_share_alike",
        "source_license": "ODbL",
        "license_source": "OpenStreetMap ODbL",
        "attribution": "OpenStreetMap contributors",
        "last_checked": "2026-05-13",
        "last_generated": "2026-05-14",
        "ai_answer_rule": "Generated mile based on Scout MVP1 open route geometry, not an official ATC mile. Use for source-aware planning only."
      },
      "geometry": {
        "type": "Point",
        "coordinates": [
          -83.699909,
          35.569135
        ]
      }
    },
    {
      "type": "Feature",
      "properties": {
        "trail": "Appalachian Trail",
        "route_id": "at-mvp1-springer-davenport-open-2026",
        "mile_nobo": 182,
        "mile_sobo": 52.7,
        "milepoint_type": "generated",
        "official": false,
        "confidence": "estimated_from_open_route_geometry_with_known_length_gap",
        "candidate_status": "mvp1_source_aware_planning_candidate",
        "source_route_id": "at-main-osm-2026-open",
        "source_id": "osm",
        "source_url": "https://www.openstreetmap.org/relation/156553",
        "source_access_url": "https://hiking.waymarkedtrails.org/api/v1/details/relation/156553",
        "license_status": "open_license_share_alike",
        "source_license": "ODbL",
        "license_source": "OpenStreetMap ODbL",
        "attribution": "OpenStreetMap contributors",
        "last_checked": "2026-05-13",
        "last_generated": "2026-05-14",
        "ai_answer_rule": "Generated mile based on Scout MVP1 open route geometry, not an official ATC mile. Use for source-aware planning only."
      },
      "geometry": {
        "type": "Point",
        "coordinates": [
          -83.685433,
          35.568536
        ]
      }
    },
    {
      "type": "Feature",
      "properties": {
        "trail": "Appalachian Trail",
        "route_id": "at-mvp1-springer-davenport-open-2026",
        "mile_nobo": 183,
        "mile_sobo": 51.7,
        "milepoint_type": "generated",
        "official": false,
        "confidence": "estimated_from_open_route_geometry_with_known_length_gap",
        "candidate_status": "mvp1_source_aware_planning_candidate",
        "source_route_id": "at-main-osm-2026-open",
        "source_id": "osm",
        "source_url": "https://www.openstreetmap.org/relation/156553",
        "source_access_url": "https://hiking.waymarkedtrails.org/api/v1/details/relation/156553",
        "license_status": "open_license_share_alike",
        "source_license": "ODbL",
        "license_source": "OpenStreetMap ODbL",
        "attribution": "OpenStreetMap contributors",
        "last_checked": "2026-05-13",
        "last_generated": "2026-05-14",
        "ai_answer_rule": "Generated mile based on Scout MVP1 open route geometry, not an official ATC mile. Use for source-aware planning only."
      },
      "geometry": {
        "type": "Point",
        "coordinates": [
          -83.669482,
          35.569373
        ]
      }
    },
    {
      "type": "Feature",
      "properties": {
        "trail": "Appalachian Trail",
        "route_id": "at-mvp1-springer-davenport-open-2026",
        "mile_nobo": 184,
        "mile_sobo": 50.7,
        "milepoint_type": "generated",
        "official": false,
        "confidence": "estimated_from_open_route_geometry_with_known_length_gap",
        "candidate_status": "mvp1_source_aware_planning_candidate",
        "source_route_id": "at-main-osm-2026-open",
        "source_id": "osm",
        "source_url": "https://www.openstreetmap.org/relation/156553",
        "source_access_url": "https://hiking.waymarkedtrails.org/api/v1/details/relation/156553",
        "license_status": "open_license_share_alike",
        "source_license": "ODbL",
        "license_source": "OpenStreetMap ODbL",
        "attribution": "OpenStreetMap contributors",
        "last_checked": "2026-05-13",
        "last_generated": "2026-05-14",
        "ai_answer_rule": "Generated mile based on Scout MVP1 open route geometry, not an official ATC mile. Use for source-aware planning only."
      },
      "geometry": {
        "type": "Point",
        "coordinates": [
          -83.653348,
          35.569099
        ]
      }
    },
    {
      "type": "Feature",
      "properties": {
        "trail": "Appalachian Trail",
        "route_id": "at-mvp1-springer-davenport-open-2026",
        "mile_nobo": 185,
        "mile_sobo": 49.7,
        "milepoint_type": "generated",
        "official": false,
        "confidence": "estimated_from_open_route_geometry_with_known_length_gap",
        "candidate_status": "mvp1_source_aware_planning_candidate",
        "source_route_id": "at-main-osm-2026-open",
        "source_id": "osm",
        "source_url": "https://www.openstreetmap.org/relation/156553",
        "source_access_url": "https://hiking.waymarkedtrails.org/api/v1/details/relation/156553",
        "license_status": "open_license_share_alike",
        "source_license": "ODbL",
        "license_source": "OpenStreetMap ODbL",
        "attribution": "OpenStreetMap contributors",
        "last_checked": "2026-05-13",
        "last_generated": "2026-05-14",
        "ai_answer_rule": "Generated mile based on Scout MVP1 open route geometry, not an official ATC mile. Use for source-aware planning only."
      },
      "geometry": {
        "type": "Point",
        "coordinates": [
          -83.63768,
          35.567499
        ]
      }
    },
    {
      "type": "Feature",
      "properties": {
        "trail": "Appalachian Trail",
        "route_id": "at-mvp1-springer-davenport-open-2026",
        "mile_nobo": 186,
        "mile_sobo": 48.7,
        "milepoint_type": "generated",
        "official": false,
        "confidence": "estimated_from_open_route_geometry_with_known_length_gap",
        "candidate_status": "mvp1_source_aware_planning_candidate",
        "source_route_id": "at-main-osm-2026-open",
        "source_id": "osm",
        "source_url": "https://www.openstreetmap.org/relation/156553",
        "source_access_url": "https://hiking.waymarkedtrails.org/api/v1/details/relation/156553",
        "license_status": "open_license_share_alike",
        "source_license": "ODbL",
        "license_source": "OpenStreetMap ODbL",
        "attribution": "OpenStreetMap contributors",
        "last_checked": "2026-05-13",
        "last_generated": "2026-05-14",
        "ai_answer_rule": "Generated mile based on Scout MVP1 open route geometry, not an official ATC mile. Use for source-aware planning only."
      },
      "geometry": {
        "type": "Point",
        "coordinates": [
          -83.622995,
          35.571753
        ]
      }
    },
    {
      "type": "Feature",
      "properties": {
        "trail": "Appalachian Trail",
        "route_id": "at-mvp1-springer-davenport-open-2026",
        "mile_nobo": 187,
        "mile_sobo": 47.7,
        "milepoint_type": "generated",
        "official": false,
        "confidence": "estimated_from_open_route_geometry_with_known_length_gap",
        "candidate_status": "mvp1_source_aware_planning_candidate",
        "source_route_id": "at-main-osm-2026-open",
        "source_id": "osm",
        "source_url": "https://www.openstreetmap.org/relation/156553",
        "source_access_url": "https://hiking.waymarkedtrails.org/api/v1/details/relation/156553",
        "license_status": "open_license_share_alike",
        "source_license": "ODbL",
        "license_source": "OpenStreetMap ODbL",
        "attribution": "OpenStreetMap contributors",
        "last_checked": "2026-05-13",
        "last_generated": "2026-05-14",
        "ai_answer_rule": "Generated mile based on Scout MVP1 open route geometry, not an official ATC mile. Use for source-aware planning only."
      },
      "geometry": {
        "type": "Point",
        "coordinates": [
          -83.609353,
          35.579025
        ]
      }
    },
    {
      "type": "Feature",
      "properties": {
        "trail": "Appalachian Trail",
        "route_id": "at-mvp1-springer-davenport-open-2026",
        "mile_nobo": 188,
        "mile_sobo": 46.7,
        "milepoint_type": "generated",
        "official": false,
        "confidence": "estimated_from_open_route_geometry_with_known_length_gap",
        "candidate_status": "mvp1_source_aware_planning_candidate",
        "source_route_id": "at-main-osm-2026-open",
        "source_id": "osm",
        "source_url": "https://www.openstreetmap.org/relation/156553",
        "source_access_url": "https://hiking.waymarkedtrails.org/api/v1/details/relation/156553",
        "license_status": "open_license_share_alike",
        "source_license": "ODbL",
        "license_source": "OpenStreetMap ODbL",
        "attribution": "OpenStreetMap contributors",
        "last_checked": "2026-05-13",
        "last_generated": "2026-05-14",
        "ai_answer_rule": "Generated mile based on Scout MVP1 open route geometry, not an official ATC mile. Use for source-aware planning only."
      },
      "geometry": {
        "type": "Point",
        "coordinates": [
          -83.598169,
          35.574364
        ]
      }
    },
    {
      "type": "Feature",
      "properties": {
        "trail": "Appalachian Trail",
        "route_id": "at-mvp1-springer-davenport-open-2026",
        "mile_nobo": 189,
        "mile_sobo": 45.7,
        "milepoint_type": "generated",
        "official": false,
        "confidence": "estimated_from_open_route_geometry_with_known_length_gap",
        "candidate_status": "mvp1_source_aware_planning_candidate",
        "source_route_id": "at-main-osm-2026-open",
        "source_id": "osm",
        "source_url": "https://www.openstreetmap.org/relation/156553",
        "source_access_url": "https://hiking.waymarkedtrails.org/api/v1/details/relation/156553",
        "license_status": "open_license_share_alike",
        "source_license": "ODbL",
        "license_source": "OpenStreetMap ODbL",
        "attribution": "OpenStreetMap contributors",
        "last_checked": "2026-05-13",
        "last_generated": "2026-05-14",
        "ai_answer_rule": "Generated mile based on Scout MVP1 open route geometry, not an official ATC mile. Use for source-aware planning only."
      },
      "geometry": {
        "type": "Point",
        "coordinates": [
          -83.587065,
          35.566091
        ]
      }
    },
    {
      "type": "Feature",
      "properties": {
        "trail": "Appalachian Trail",
        "route_id": "at-mvp1-springer-davenport-open-2026",
        "mile_nobo": 190,
        "mile_sobo": 44.7,
        "milepoint_type": "generated",
        "official": false,
        "confidence": "estimated_from_open_route_geometry_with_known_length_gap",
        "candidate_status": "mvp1_source_aware_planning_candidate",
        "source_route_id": "at-main-osm-2026-open",
        "source_id": "osm",
        "source_url": "https://www.openstreetmap.org/relation/156553",
        "source_access_url": "https://hiking.waymarkedtrails.org/api/v1/details/relation/156553",
        "license_status": "open_license_share_alike",
        "source_license": "ODbL",
        "license_source": "OpenStreetMap ODbL",
        "attribution": "OpenStreetMap contributors",
        "last_checked": "2026-05-13",
        "last_generated": "2026-05-14",
        "ai_answer_rule": "Generated mile based on Scout MVP1 open route geometry, not an official ATC mile. Use for source-aware planning only."
      },
      "geometry": {
        "type": "Point",
        "coordinates": [
          -83.573859,
          35.564718
        ]
      }
    },
    {
      "type": "Feature",
      "properties": {
        "trail": "Appalachian Trail",
        "route_id": "at-mvp1-springer-davenport-open-2026",
        "mile_nobo": 191,
        "mile_sobo": 43.7,
        "milepoint_type": "generated",
        "official": false,
        "confidence": "estimated_from_open_route_geometry_with_known_length_gap",
        "candidate_status": "mvp1_source_aware_planning_candidate",
        "source_route_id": "at-main-osm-2026-open",
        "source_id": "osm",
        "source_url": "https://www.openstreetmap.org/relation/156553",
        "source_access_url": "https://hiking.waymarkedtrails.org/api/v1/details/relation/156553",
        "license_status": "open_license_share_alike",
        "source_license": "ODbL",
        "license_source": "OpenStreetMap ODbL",
        "attribution": "OpenStreetMap contributors",
        "last_checked": "2026-05-13",
        "last_generated": "2026-05-14",
        "ai_answer_rule": "Generated mile based on Scout MVP1 open route geometry, not an official ATC mile. Use for source-aware planning only."
      },
      "geometry": {
        "type": "Point",
        "coordinates": [
          -83.559657,
          35.56459
        ]
      }
    },
    {
      "type": "Feature",
      "properties": {
        "trail": "Appalachian Trail",
        "route_id": "at-mvp1-springer-davenport-open-2026",
        "mile_nobo": 192,
        "mile_sobo": 42.7,
        "milepoint_type": "generated",
        "official": false,
        "confidence": "estimated_from_open_route_geometry_with_known_length_gap",
        "candidate_status": "mvp1_source_aware_planning_candidate",
        "source_route_id": "at-main-osm-2026-open",
        "source_id": "osm",
        "source_url": "https://www.openstreetmap.org/relation/156553",
        "source_access_url": "https://hiking.waymarkedtrails.org/api/v1/details/relation/156553",
        "license_status": "open_license_share_alike",
        "source_license": "ODbL",
        "license_source": "OpenStreetMap ODbL",
        "attribution": "OpenStreetMap contributors",
        "last_checked": "2026-05-13",
        "last_generated": "2026-05-14",
        "ai_answer_rule": "Generated mile based on Scout MVP1 open route geometry, not an official ATC mile. Use for source-aware planning only."
      },
      "geometry": {
        "type": "Point",
        "coordinates": [
          -83.543408,
          35.565103
        ]
      }
    },
    {
      "type": "Feature",
      "properties": {
        "trail": "Appalachian Trail",
        "route_id": "at-mvp1-springer-davenport-open-2026",
        "mile_nobo": 193,
        "mile_sobo": 41.7,
        "milepoint_type": "generated",
        "official": false,
        "confidence": "estimated_from_open_route_geometry_with_known_length_gap",
        "candidate_status": "mvp1_source_aware_planning_candidate",
        "source_route_id": "at-main-osm-2026-open",
        "source_id": "osm",
        "source_url": "https://www.openstreetmap.org/relation/156553",
        "source_access_url": "https://hiking.waymarkedtrails.org/api/v1/details/relation/156553",
        "license_status": "open_license_share_alike",
        "source_license": "ODbL",
        "license_source": "OpenStreetMap ODbL",
        "attribution": "OpenStreetMap contributors",
        "last_checked": "2026-05-13",
        "last_generated": "2026-05-14",
        "ai_answer_rule": "Generated mile based on Scout MVP1 open route geometry, not an official ATC mile. Use for source-aware planning only."
      },
      "geometry": {
        "type": "Point",
        "coordinates": [
          -83.527339,
          35.564959
        ]
      }
    },
    {
      "type": "Feature",
      "properties": {
        "trail": "Appalachian Trail",
        "route_id": "at-mvp1-springer-davenport-open-2026",
        "mile_nobo": 194,
        "mile_sobo": 40.7,
        "milepoint_type": "generated",
        "official": false,
        "confidence": "estimated_from_open_route_geometry_with_known_length_gap",
        "candidate_status": "mvp1_source_aware_planning_candidate",
        "source_route_id": "at-main-osm-2026-open",
        "source_id": "osm",
        "source_url": "https://www.openstreetmap.org/relation/156553",
        "source_access_url": "https://hiking.waymarkedtrails.org/api/v1/details/relation/156553",
        "license_status": "open_license_share_alike",
        "source_license": "ODbL",
        "license_source": "OpenStreetMap ODbL",
        "attribution": "OpenStreetMap contributors",
        "last_checked": "2026-05-13",
        "last_generated": "2026-05-14",
        "ai_answer_rule": "Generated mile based on Scout MVP1 open route geometry, not an official ATC mile. Use for source-aware planning only."
      },
      "geometry": {
        "type": "Point",
        "coordinates": [
          -83.512212,
          35.562912
        ]
      }
    },
    {
      "type": "Feature",
      "properties": {
        "trail": "Appalachian Trail",
        "route_id": "at-mvp1-springer-davenport-open-2026",
        "mile_nobo": 195,
        "mile_sobo": 39.7,
        "milepoint_type": "generated",
        "official": false,
        "confidence": "estimated_from_open_route_geometry_with_known_length_gap",
        "candidate_status": "mvp1_source_aware_planning_candidate",
        "source_route_id": "at-main-osm-2026-open",
        "source_id": "osm",
        "source_url": "https://www.openstreetmap.org/relation/156553",
        "source_access_url": "https://hiking.waymarkedtrails.org/api/v1/details/relation/156553",
        "license_status": "open_license_share_alike",
        "source_license": "ODbL",
        "license_source": "OpenStreetMap ODbL",
        "attribution": "OpenStreetMap contributors",
        "last_checked": "2026-05-13",
        "last_generated": "2026-05-14",
        "ai_answer_rule": "Generated mile based on Scout MVP1 open route geometry, not an official ATC mile. Use for source-aware planning only."
      },
      "geometry": {
        "type": "Point",
        "coordinates": [
          -83.496916,
          35.563927
        ]
      }
    },
    {
      "type": "Feature",
      "properties": {
        "trail": "Appalachian Trail",
        "route_id": "at-mvp1-springer-davenport-open-2026",
        "mile_nobo": 196,
        "mile_sobo": 38.7,
        "milepoint_type": "generated",
        "official": false,
        "confidence": "estimated_from_open_route_geometry_with_known_length_gap",
        "candidate_status": "mvp1_source_aware_planning_candidate",
        "source_route_id": "at-main-osm-2026-open",
        "source_id": "osm",
        "source_url": "https://www.openstreetmap.org/relation/156553",
        "source_access_url": "https://hiking.waymarkedtrails.org/api/v1/details/relation/156553",
        "license_status": "open_license_share_alike",
        "source_license": "ODbL",
        "license_source": "OpenStreetMap ODbL",
        "attribution": "OpenStreetMap contributors",
        "last_checked": "2026-05-13",
        "last_generated": "2026-05-14",
        "ai_answer_rule": "Generated mile based on Scout MVP1 open route geometry, not an official ATC mile. Use for source-aware planning only."
      },
      "geometry": {
        "type": "Point",
        "coordinates": [
          -83.483992,
          35.570722
        ]
      }
    },
    {
      "type": "Feature",
      "properties": {
        "trail": "Appalachian Trail",
        "route_id": "at-mvp1-springer-davenport-open-2026",
        "mile_nobo": 197,
        "mile_sobo": 37.7,
        "milepoint_type": "generated",
        "official": false,
        "confidence": "estimated_from_open_route_geometry_with_known_length_gap",
        "candidate_status": "mvp1_source_aware_planning_candidate",
        "source_route_id": "at-main-osm-2026-open",
        "source_id": "osm",
        "source_url": "https://www.openstreetmap.org/relation/156553",
        "source_access_url": "https://hiking.waymarkedtrails.org/api/v1/details/relation/156553",
        "license_status": "open_license_share_alike",
        "source_license": "ODbL",
        "license_source": "OpenStreetMap ODbL",
        "attribution": "OpenStreetMap contributors",
        "last_checked": "2026-05-13",
        "last_generated": "2026-05-14",
        "ai_answer_rule": "Generated mile based on Scout MVP1 open route geometry, not an official ATC mile. Use for source-aware planning only."
      },
      "geometry": {
        "type": "Point",
        "coordinates": [
          -83.479149,
          35.582096
        ]
      }
    },
    {
      "type": "Feature",
      "properties": {
        "trail": "Appalachian Trail",
        "route_id": "at-mvp1-springer-davenport-open-2026",
        "mile_nobo": 198,
        "mile_sobo": 36.7,
        "milepoint_type": "generated",
        "official": false,
        "confidence": "estimated_from_open_route_geometry_with_known_length_gap",
        "candidate_status": "mvp1_source_aware_planning_candidate",
        "source_route_id": "at-main-osm-2026-open",
        "source_id": "osm",
        "source_url": "https://www.openstreetmap.org/relation/156553",
        "source_access_url": "https://hiking.waymarkedtrails.org/api/v1/details/relation/156553",
        "license_status": "open_license_share_alike",
        "source_license": "ODbL",
        "license_source": "OpenStreetMap ODbL",
        "attribution": "OpenStreetMap contributors",
        "last_checked": "2026-05-13",
        "last_generated": "2026-05-14",
        "ai_answer_rule": "Generated mile based on Scout MVP1 open route geometry, not an official ATC mile. Use for source-aware planning only."
      },
      "geometry": {
        "type": "Point",
        "coordinates": [
          -83.472495,
          35.590415
        ]
      }
    },
    {
      "type": "Feature",
      "properties": {
        "trail": "Appalachian Trail",
        "route_id": "at-mvp1-springer-davenport-open-2026",
        "mile_nobo": 199,
        "mile_sobo": 35.7,
        "milepoint_type": "generated",
        "official": false,
        "confidence": "estimated_from_open_route_geometry_with_known_length_gap",
        "candidate_status": "mvp1_source_aware_planning_candidate",
        "source_route_id": "at-main-osm-2026-open",
        "source_id": "osm",
        "source_url": "https://www.openstreetmap.org/relation/156553",
        "source_access_url": "https://hiking.waymarkedtrails.org/api/v1/details/relation/156553",
        "license_status": "open_license_share_alike",
        "source_license": "ODbL",
        "license_source": "OpenStreetMap ODbL",
        "attribution": "OpenStreetMap contributors",
        "last_checked": "2026-05-13",
        "last_generated": "2026-05-14",
        "ai_answer_rule": "Generated mile based on Scout MVP1 open route geometry, not an official ATC mile. Use for source-aware planning only."
      },
      "geometry": {
        "type": "Point",
        "coordinates": [
          -83.460213,
          35.596298
        ]
      }
    },
    {
      "type": "Feature",
      "properties": {
        "trail": "Appalachian Trail",
        "route_id": "at-mvp1-springer-davenport-open-2026",
        "mile_nobo": 200,
        "mile_sobo": 34.7,
        "milepoint_type": "generated",
        "official": false,
        "confidence": "estimated_from_open_route_geometry_with_known_length_gap",
        "candidate_status": "mvp1_source_aware_planning_candidate",
        "source_route_id": "at-main-osm-2026-open",
        "source_id": "osm",
        "source_url": "https://www.openstreetmap.org/relation/156553",
        "source_access_url": "https://hiking.waymarkedtrails.org/api/v1/details/relation/156553",
        "license_status": "open_license_share_alike",
        "source_license": "ODbL",
        "license_source": "OpenStreetMap ODbL",
        "attribution": "OpenStreetMap contributors",
        "last_checked": "2026-05-13",
        "last_generated": "2026-05-14",
        "ai_answer_rule": "Generated mile based on Scout MVP1 open route geometry, not an official ATC mile. Use for source-aware planning only."
      },
      "geometry": {
        "type": "Point",
        "coordinates": [
          -83.451163,
          35.604111
        ]
      }
    },
    {
      "type": "Feature",
      "properties": {
        "trail": "Appalachian Trail",
        "route_id": "at-mvp1-springer-davenport-open-2026",
        "mile_nobo": 201,
        "mile_sobo": 33.7,
        "milepoint_type": "generated",
        "official": false,
        "confidence": "estimated_from_open_route_geometry_with_known_length_gap",
        "candidate_status": "mvp1_source_aware_planning_candidate",
        "source_route_id": "at-main-osm-2026-open",
        "source_id": "osm",
        "source_url": "https://www.openstreetmap.org/relation/156553",
        "source_access_url": "https://hiking.waymarkedtrails.org/api/v1/details/relation/156553",
        "license_status": "open_license_share_alike",
        "source_license": "ODbL",
        "license_source": "OpenStreetMap ODbL",
        "attribution": "OpenStreetMap contributors",
        "last_checked": "2026-05-13",
        "last_generated": "2026-05-14",
        "ai_answer_rule": "Generated mile based on Scout MVP1 open route geometry, not an official ATC mile. Use for source-aware planning only."
      },
      "geometry": {
        "type": "Point",
        "coordinates": [
          -83.442871,
          35.611756
        ]
      }
    },
    {
      "type": "Feature",
      "properties": {
        "trail": "Appalachian Trail",
        "route_id": "at-mvp1-springer-davenport-open-2026",
        "mile_nobo": 202,
        "mile_sobo": 32.7,
        "milepoint_type": "generated",
        "official": false,
        "confidence": "estimated_from_open_route_geometry_with_known_length_gap",
        "candidate_status": "mvp1_source_aware_planning_candidate",
        "source_route_id": "at-main-osm-2026-open",
        "source_id": "osm",
        "source_url": "https://www.openstreetmap.org/relation/156553",
        "source_access_url": "https://hiking.waymarkedtrails.org/api/v1/details/relation/156553",
        "license_status": "open_license_share_alike",
        "source_license": "ODbL",
        "license_source": "OpenStreetMap ODbL",
        "attribution": "OpenStreetMap contributors",
        "last_checked": "2026-05-13",
        "last_generated": "2026-05-14",
        "ai_answer_rule": "Generated mile based on Scout MVP1 open route geometry, not an official ATC mile. Use for source-aware planning only."
      },
      "geometry": {
        "type": "Point",
        "coordinates": [
          -83.427772,
          35.611469
        ]
      }
    },
    {
      "type": "Feature",
      "properties": {
        "trail": "Appalachian Trail",
        "route_id": "at-mvp1-springer-davenport-open-2026",
        "mile_nobo": 203,
        "mile_sobo": 31.7,
        "milepoint_type": "generated",
        "official": false,
        "confidence": "estimated_from_open_route_geometry_with_known_length_gap",
        "candidate_status": "mvp1_source_aware_planning_candidate",
        "source_route_id": "at-main-osm-2026-open",
        "source_id": "osm",
        "source_url": "https://www.openstreetmap.org/relation/156553",
        "source_access_url": "https://hiking.waymarkedtrails.org/api/v1/details/relation/156553",
        "license_status": "open_license_share_alike",
        "source_license": "ODbL",
        "license_source": "OpenStreetMap ODbL",
        "attribution": "OpenStreetMap contributors",
        "last_checked": "2026-05-13",
        "last_generated": "2026-05-14",
        "ai_answer_rule": "Generated mile based on Scout MVP1 open route geometry, not an official ATC mile. Use for source-aware planning only."
      },
      "geometry": {
        "type": "Point",
        "coordinates": [
          -83.415393,
          35.615159
        ]
      }
    },
    {
      "type": "Feature",
      "properties": {
        "trail": "Appalachian Trail",
        "route_id": "at-mvp1-springer-davenport-open-2026",
        "mile_nobo": 204,
        "mile_sobo": 30.7,
        "milepoint_type": "generated",
        "official": false,
        "confidence": "estimated_from_open_route_geometry_with_known_length_gap",
        "candidate_status": "mvp1_source_aware_planning_candidate",
        "source_route_id": "at-main-osm-2026-open",
        "source_id": "osm",
        "source_url": "https://www.openstreetmap.org/relation/156553",
        "source_access_url": "https://hiking.waymarkedtrails.org/api/v1/details/relation/156553",
        "license_status": "open_license_share_alike",
        "source_license": "ODbL",
        "license_source": "OpenStreetMap ODbL",
        "attribution": "OpenStreetMap contributors",
        "last_checked": "2026-05-13",
        "last_generated": "2026-05-14",
        "ai_answer_rule": "Generated mile based on Scout MVP1 open route geometry, not an official ATC mile. Use for source-aware planning only."
      },
      "geometry": {
        "type": "Point",
        "coordinates": [
          -83.402613,
          35.621293
        ]
      }
    },
    {
      "type": "Feature",
      "properties": {
        "trail": "Appalachian Trail",
        "route_id": "at-mvp1-springer-davenport-open-2026",
        "mile_nobo": 205,
        "mile_sobo": 29.7,
        "milepoint_type": "generated",
        "official": false,
        "confidence": "estimated_from_open_route_geometry_with_known_length_gap",
        "candidate_status": "mvp1_source_aware_planning_candidate",
        "source_route_id": "at-main-osm-2026-open",
        "source_id": "osm",
        "source_url": "https://www.openstreetmap.org/relation/156553",
        "source_access_url": "https://hiking.waymarkedtrails.org/api/v1/details/relation/156553",
        "license_status": "open_license_share_alike",
        "source_license": "ODbL",
        "license_source": "OpenStreetMap ODbL",
        "attribution": "OpenStreetMap contributors",
        "last_checked": "2026-05-13",
        "last_generated": "2026-05-14",
        "ai_answer_rule": "Generated mile based on Scout MVP1 open route geometry, not an official ATC mile. Use for source-aware planning only."
      },
      "geometry": {
        "type": "Point",
        "coordinates": [
          -83.389798,
          35.628415
        ]
      }
    },
    {
      "type": "Feature",
      "properties": {
        "trail": "Appalachian Trail",
        "route_id": "at-mvp1-springer-davenport-open-2026",
        "mile_nobo": 206,
        "mile_sobo": 28.7,
        "milepoint_type": "generated",
        "official": false,
        "confidence": "estimated_from_open_route_geometry_with_known_length_gap",
        "candidate_status": "mvp1_source_aware_planning_candidate",
        "source_route_id": "at-main-osm-2026-open",
        "source_id": "osm",
        "source_url": "https://www.openstreetmap.org/relation/156553",
        "source_access_url": "https://hiking.waymarkedtrails.org/api/v1/details/relation/156553",
        "license_status": "open_license_share_alike",
        "source_license": "ODbL",
        "license_source": "OpenStreetMap ODbL",
        "attribution": "OpenStreetMap contributors",
        "last_checked": "2026-05-13",
        "last_generated": "2026-05-14",
        "ai_answer_rule": "Generated mile based on Scout MVP1 open route geometry, not an official ATC mile. Use for source-aware planning only."
      },
      "geometry": {
        "type": "Point",
        "coordinates": [
          -83.37846,
          35.635072
        ]
      }
    },
    {
      "type": "Feature",
      "properties": {
        "trail": "Appalachian Trail",
        "route_id": "at-mvp1-springer-davenport-open-2026",
        "mile_nobo": 207,
        "mile_sobo": 27.7,
        "milepoint_type": "generated",
        "official": false,
        "confidence": "estimated_from_open_route_geometry_with_known_length_gap",
        "candidate_status": "mvp1_source_aware_planning_candidate",
        "source_route_id": "at-main-osm-2026-open",
        "source_id": "osm",
        "source_url": "https://www.openstreetmap.org/relation/156553",
        "source_access_url": "https://hiking.waymarkedtrails.org/api/v1/details/relation/156553",
        "license_status": "open_license_share_alike",
        "source_license": "ODbL",
        "license_source": "OpenStreetMap ODbL",
        "attribution": "OpenStreetMap contributors",
        "last_checked": "2026-05-13",
        "last_generated": "2026-05-14",
        "ai_answer_rule": "Generated mile based on Scout MVP1 open route geometry, not an official ATC mile. Use for source-aware planning only."
      },
      "geometry": {
        "type": "Point",
        "coordinates": [
          -83.365115,
          35.641647
        ]
      }
    },
    {
      "type": "Feature",
      "properties": {
        "trail": "Appalachian Trail",
        "route_id": "at-mvp1-springer-davenport-open-2026",
        "mile_nobo": 208,
        "mile_sobo": 26.7,
        "milepoint_type": "generated",
        "official": false,
        "confidence": "estimated_from_open_route_geometry_with_known_length_gap",
        "candidate_status": "mvp1_source_aware_planning_candidate",
        "source_route_id": "at-main-osm-2026-open",
        "source_id": "osm",
        "source_url": "https://www.openstreetmap.org/relation/156553",
        "source_access_url": "https://hiking.waymarkedtrails.org/api/v1/details/relation/156553",
        "license_status": "open_license_share_alike",
        "source_license": "ODbL",
        "license_source": "OpenStreetMap ODbL",
        "attribution": "OpenStreetMap contributors",
        "last_checked": "2026-05-13",
        "last_generated": "2026-05-14",
        "ai_answer_rule": "Generated mile based on Scout MVP1 open route geometry, not an official ATC mile. Use for source-aware planning only."
      },
      "geometry": {
        "type": "Point",
        "coordinates": [
          -83.356107,
          35.651133
        ]
      }
    },
    {
      "type": "Feature",
      "properties": {
        "trail": "Appalachian Trail",
        "route_id": "at-mvp1-springer-davenport-open-2026",
        "mile_nobo": 209,
        "mile_sobo": 25.7,
        "milepoint_type": "generated",
        "official": false,
        "confidence": "estimated_from_open_route_geometry_with_known_length_gap",
        "candidate_status": "mvp1_source_aware_planning_candidate",
        "source_route_id": "at-main-osm-2026-open",
        "source_id": "osm",
        "source_url": "https://www.openstreetmap.org/relation/156553",
        "source_access_url": "https://hiking.waymarkedtrails.org/api/v1/details/relation/156553",
        "license_status": "open_license_share_alike",
        "source_license": "ODbL",
        "license_source": "OpenStreetMap ODbL",
        "attribution": "OpenStreetMap contributors",
        "last_checked": "2026-05-13",
        "last_generated": "2026-05-14",
        "ai_answer_rule": "Generated mile based on Scout MVP1 open route geometry, not an official ATC mile. Use for source-aware planning only."
      },
      "geometry": {
        "type": "Point",
        "coordinates": [
          -83.351542,
          35.660626
        ]
      }
    },
    {
      "type": "Feature",
      "properties": {
        "trail": "Appalachian Trail",
        "route_id": "at-mvp1-springer-davenport-open-2026",
        "mile_nobo": 210,
        "mile_sobo": 24.7,
        "milepoint_type": "generated",
        "official": false,
        "confidence": "estimated_from_open_route_geometry_with_known_length_gap",
        "candidate_status": "mvp1_source_aware_planning_candidate",
        "source_route_id": "at-main-osm-2026-open",
        "source_id": "osm",
        "source_url": "https://www.openstreetmap.org/relation/156553",
        "source_access_url": "https://hiking.waymarkedtrails.org/api/v1/details/relation/156553",
        "license_status": "open_license_share_alike",
        "source_license": "ODbL",
        "license_source": "OpenStreetMap ODbL",
        "attribution": "OpenStreetMap contributors",
        "last_checked": "2026-05-13",
        "last_generated": "2026-05-14",
        "ai_answer_rule": "Generated mile based on Scout MVP1 open route geometry, not an official ATC mile. Use for source-aware planning only."
      },
      "geometry": {
        "type": "Point",
        "coordinates": [
          -83.340527,
          35.66527
        ]
      }
    },
    {
      "type": "Feature",
      "properties": {
        "trail": "Appalachian Trail",
        "route_id": "at-mvp1-springer-davenport-open-2026",
        "mile_nobo": 211,
        "mile_sobo": 23.7,
        "milepoint_type": "generated",
        "official": false,
        "confidence": "estimated_from_open_route_geometry_with_known_length_gap",
        "candidate_status": "mvp1_source_aware_planning_candidate",
        "source_route_id": "at-main-osm-2026-open",
        "source_id": "osm",
        "source_url": "https://www.openstreetmap.org/relation/156553",
        "source_access_url": "https://hiking.waymarkedtrails.org/api/v1/details/relation/156553",
        "license_status": "open_license_share_alike",
        "source_license": "ODbL",
        "license_source": "OpenStreetMap ODbL",
        "attribution": "OpenStreetMap contributors",
        "last_checked": "2026-05-13",
        "last_generated": "2026-05-14",
        "ai_answer_rule": "Generated mile based on Scout MVP1 open route geometry, not an official ATC mile. Use for source-aware planning only."
      },
      "geometry": {
        "type": "Point",
        "coordinates": [
          -83.325264,
          35.663241
        ]
      }
    },
    {
      "type": "Feature",
      "properties": {
        "trail": "Appalachian Trail",
        "route_id": "at-mvp1-springer-davenport-open-2026",
        "mile_nobo": 212,
        "mile_sobo": 22.7,
        "milepoint_type": "generated",
        "official": false,
        "confidence": "estimated_from_open_route_geometry_with_known_length_gap",
        "candidate_status": "mvp1_source_aware_planning_candidate",
        "source_route_id": "at-main-osm-2026-open",
        "source_id": "osm",
        "source_url": "https://www.openstreetmap.org/relation/156553",
        "source_access_url": "https://hiking.waymarkedtrails.org/api/v1/details/relation/156553",
        "license_status": "open_license_share_alike",
        "source_license": "ODbL",
        "license_source": "OpenStreetMap ODbL",
        "attribution": "OpenStreetMap contributors",
        "last_checked": "2026-05-13",
        "last_generated": "2026-05-14",
        "ai_answer_rule": "Generated mile based on Scout MVP1 open route geometry, not an official ATC mile. Use for source-aware planning only."
      },
      "geometry": {
        "type": "Point",
        "coordinates": [
          -83.31325,
          35.654953
        ]
      }
    },
    {
      "type": "Feature",
      "properties": {
        "trail": "Appalachian Trail",
        "route_id": "at-mvp1-springer-davenport-open-2026",
        "mile_nobo": 213,
        "mile_sobo": 21.7,
        "milepoint_type": "generated",
        "official": false,
        "confidence": "estimated_from_open_route_geometry_with_known_length_gap",
        "candidate_status": "mvp1_source_aware_planning_candidate",
        "source_route_id": "at-main-osm-2026-open",
        "source_id": "osm",
        "source_url": "https://www.openstreetmap.org/relation/156553",
        "source_access_url": "https://hiking.waymarkedtrails.org/api/v1/details/relation/156553",
        "license_status": "open_license_share_alike",
        "source_license": "ODbL",
        "license_source": "OpenStreetMap ODbL",
        "attribution": "OpenStreetMap contributors",
        "last_checked": "2026-05-13",
        "last_generated": "2026-05-14",
        "ai_answer_rule": "Generated mile based on Scout MVP1 open route geometry, not an official ATC mile. Use for source-aware planning only."
      },
      "geometry": {
        "type": "Point",
        "coordinates": [
          -83.300779,
          35.65697
        ]
      }
    },
    {
      "type": "Feature",
      "properties": {
        "trail": "Appalachian Trail",
        "route_id": "at-mvp1-springer-davenport-open-2026",
        "mile_nobo": 214,
        "mile_sobo": 20.7,
        "milepoint_type": "generated",
        "official": false,
        "confidence": "estimated_from_open_route_geometry_with_known_length_gap",
        "candidate_status": "mvp1_source_aware_planning_candidate",
        "source_route_id": "at-main-osm-2026-open",
        "source_id": "osm",
        "source_url": "https://www.openstreetmap.org/relation/156553",
        "source_access_url": "https://hiking.waymarkedtrails.org/api/v1/details/relation/156553",
        "license_status": "open_license_share_alike",
        "source_license": "ODbL",
        "license_source": "OpenStreetMap ODbL",
        "attribution": "OpenStreetMap contributors",
        "last_checked": "2026-05-13",
        "last_generated": "2026-05-14",
        "ai_answer_rule": "Generated mile based on Scout MVP1 open route geometry, not an official ATC mile. Use for source-aware planning only."
      },
      "geometry": {
        "type": "Point",
        "coordinates": [
          -83.292472,
          35.666023
        ]
      }
    },
    {
      "type": "Feature",
      "properties": {
        "trail": "Appalachian Trail",
        "route_id": "at-mvp1-springer-davenport-open-2026",
        "mile_nobo": 215,
        "mile_sobo": 19.7,
        "milepoint_type": "generated",
        "official": false,
        "confidence": "estimated_from_open_route_geometry_with_known_length_gap",
        "candidate_status": "mvp1_source_aware_planning_candidate",
        "source_route_id": "at-main-osm-2026-open",
        "source_id": "osm",
        "source_url": "https://www.openstreetmap.org/relation/156553",
        "source_access_url": "https://hiking.waymarkedtrails.org/api/v1/details/relation/156553",
        "license_status": "open_license_share_alike",
        "source_license": "ODbL",
        "license_source": "OpenStreetMap ODbL",
        "attribution": "OpenStreetMap contributors",
        "last_checked": "2026-05-13",
        "last_generated": "2026-05-14",
        "ai_answer_rule": "Generated mile based on Scout MVP1 open route geometry, not an official ATC mile. Use for source-aware planning only."
      },
      "geometry": {
        "type": "Point",
        "coordinates": [
          -83.286376,
          35.674445
        ]
      }
    },
    {
      "type": "Feature",
      "properties": {
        "trail": "Appalachian Trail",
        "route_id": "at-mvp1-springer-davenport-open-2026",
        "mile_nobo": 216,
        "mile_sobo": 18.7,
        "milepoint_type": "generated",
        "official": false,
        "confidence": "estimated_from_open_route_geometry_with_known_length_gap",
        "candidate_status": "mvp1_source_aware_planning_candidate",
        "source_route_id": "at-main-osm-2026-open",
        "source_id": "osm",
        "source_url": "https://www.openstreetmap.org/relation/156553",
        "source_access_url": "https://hiking.waymarkedtrails.org/api/v1/details/relation/156553",
        "license_status": "open_license_share_alike",
        "source_license": "ODbL",
        "license_source": "OpenStreetMap ODbL",
        "attribution": "OpenStreetMap contributors",
        "last_checked": "2026-05-13",
        "last_generated": "2026-05-14",
        "ai_answer_rule": "Generated mile based on Scout MVP1 open route geometry, not an official ATC mile. Use for source-aware planning only."
      },
      "geometry": {
        "type": "Point",
        "coordinates": [
          -83.272114,
          35.680813
        ]
      }
    },
    {
      "type": "Feature",
      "properties": {
        "trail": "Appalachian Trail",
        "route_id": "at-mvp1-springer-davenport-open-2026",
        "mile_nobo": 217,
        "mile_sobo": 17.7,
        "milepoint_type": "generated",
        "official": false,
        "confidence": "estimated_from_open_route_geometry_with_known_length_gap",
        "candidate_status": "mvp1_source_aware_planning_candidate",
        "source_route_id": "at-main-osm-2026-open",
        "source_id": "osm",
        "source_url": "https://www.openstreetmap.org/relation/156553",
        "source_access_url": "https://hiking.waymarkedtrails.org/api/v1/details/relation/156553",
        "license_status": "open_license_share_alike",
        "source_license": "ODbL",
        "license_source": "OpenStreetMap ODbL",
        "attribution": "OpenStreetMap contributors",
        "last_checked": "2026-05-13",
        "last_generated": "2026-05-14",
        "ai_answer_rule": "Generated mile based on Scout MVP1 open route geometry, not an official ATC mile. Use for source-aware planning only."
      },
      "geometry": {
        "type": "Point",
        "coordinates": [
          -83.262781,
          35.687908
        ]
      }
    },
    {
      "type": "Feature",
      "properties": {
        "trail": "Appalachian Trail",
        "route_id": "at-mvp1-springer-davenport-open-2026",
        "mile_nobo": 218,
        "mile_sobo": 16.7,
        "milepoint_type": "generated",
        "official": false,
        "confidence": "estimated_from_open_route_geometry_with_known_length_gap",
        "candidate_status": "mvp1_source_aware_planning_candidate",
        "source_route_id": "at-main-osm-2026-open",
        "source_id": "osm",
        "source_url": "https://www.openstreetmap.org/relation/156553",
        "source_access_url": "https://hiking.waymarkedtrails.org/api/v1/details/relation/156553",
        "license_status": "open_license_share_alike",
        "source_license": "ODbL",
        "license_source": "OpenStreetMap ODbL",
        "attribution": "OpenStreetMap contributors",
        "last_checked": "2026-05-13",
        "last_generated": "2026-05-14",
        "ai_answer_rule": "Generated mile based on Scout MVP1 open route geometry, not an official ATC mile. Use for source-aware planning only."
      },
      "geometry": {
        "type": "Point",
        "coordinates": [
          -83.255606,
          35.698719
        ]
      }
    },
    {
      "type": "Feature",
      "properties": {
        "trail": "Appalachian Trail",
        "route_id": "at-mvp1-springer-davenport-open-2026",
        "mile_nobo": 219,
        "mile_sobo": 15.7,
        "milepoint_type": "generated",
        "official": false,
        "confidence": "estimated_from_open_route_geometry_with_known_length_gap",
        "candidate_status": "mvp1_source_aware_planning_candidate",
        "source_route_id": "at-main-osm-2026-open",
        "source_id": "osm",
        "source_url": "https://www.openstreetmap.org/relation/156553",
        "source_access_url": "https://hiking.waymarkedtrails.org/api/v1/details/relation/156553",
        "license_status": "open_license_share_alike",
        "source_license": "ODbL",
        "license_source": "OpenStreetMap ODbL",
        "attribution": "OpenStreetMap contributors",
        "last_checked": "2026-05-13",
        "last_generated": "2026-05-14",
        "ai_answer_rule": "Generated mile based on Scout MVP1 open route geometry, not an official ATC mile. Use for source-aware planning only."
      },
      "geometry": {
        "type": "Point",
        "coordinates": [
          -83.260615,
          35.706902
        ]
      }
    },
    {
      "type": "Feature",
      "properties": {
        "trail": "Appalachian Trail",
        "route_id": "at-mvp1-springer-davenport-open-2026",
        "mile_nobo": 220,
        "mile_sobo": 14.7,
        "milepoint_type": "generated",
        "official": false,
        "confidence": "estimated_from_open_route_geometry_with_known_length_gap",
        "candidate_status": "mvp1_source_aware_planning_candidate",
        "source_route_id": "at-main-osm-2026-open",
        "source_id": "osm",
        "source_url": "https://www.openstreetmap.org/relation/156553",
        "source_access_url": "https://hiking.waymarkedtrails.org/api/v1/details/relation/156553",
        "license_status": "open_license_share_alike",
        "source_license": "ODbL",
        "license_source": "OpenStreetMap ODbL",
        "attribution": "OpenStreetMap contributors",
        "last_checked": "2026-05-13",
        "last_generated": "2026-05-14",
        "ai_answer_rule": "Generated mile based on Scout MVP1 open route geometry, not an official ATC mile. Use for source-aware planning only."
      },
      "geometry": {
        "type": "Point",
        "coordinates": [
          -83.256342,
          35.71613
        ]
      }
    },
    {
      "type": "Feature",
      "properties": {
        "trail": "Appalachian Trail",
        "route_id": "at-mvp1-springer-davenport-open-2026",
        "mile_nobo": 221,
        "mile_sobo": 13.7,
        "milepoint_type": "generated",
        "official": false,
        "confidence": "estimated_from_open_route_geometry_with_known_length_gap",
        "candidate_status": "mvp1_source_aware_planning_candidate",
        "source_route_id": "at-main-osm-2026-open",
        "source_id": "osm",
        "source_url": "https://www.openstreetmap.org/relation/156553",
        "source_access_url": "https://hiking.waymarkedtrails.org/api/v1/details/relation/156553",
        "license_status": "open_license_share_alike",
        "source_license": "ODbL",
        "license_source": "OpenStreetMap ODbL",
        "attribution": "OpenStreetMap contributors",
        "last_checked": "2026-05-13",
        "last_generated": "2026-05-14",
        "ai_answer_rule": "Generated mile based on Scout MVP1 open route geometry, not an official ATC mile. Use for source-aware planning only."
      },
      "geometry": {
        "type": "Point",
        "coordinates": [
          -83.24238,
          35.724175
        ]
      }
    },
    {
      "type": "Feature",
      "properties": {
        "trail": "Appalachian Trail",
        "route_id": "at-mvp1-springer-davenport-open-2026",
        "mile_nobo": 222,
        "mile_sobo": 12.7,
        "milepoint_type": "generated",
        "official": false,
        "confidence": "estimated_from_open_route_geometry_with_known_length_gap",
        "candidate_status": "mvp1_source_aware_planning_candidate",
        "source_route_id": "at-main-osm-2026-open",
        "source_id": "osm",
        "source_url": "https://www.openstreetmap.org/relation/156553",
        "source_access_url": "https://hiking.waymarkedtrails.org/api/v1/details/relation/156553",
        "license_status": "open_license_share_alike",
        "source_license": "ODbL",
        "license_source": "OpenStreetMap ODbL",
        "attribution": "OpenStreetMap contributors",
        "last_checked": "2026-05-13",
        "last_generated": "2026-05-14",
        "ai_answer_rule": "Generated mile based on Scout MVP1 open route geometry, not an official ATC mile. Use for source-aware planning only."
      },
      "geometry": {
        "type": "Point",
        "coordinates": [
          -83.226824,
          35.725792
        ]
      }
    },
    {
      "type": "Feature",
      "properties": {
        "trail": "Appalachian Trail",
        "route_id": "at-mvp1-springer-davenport-open-2026",
        "mile_nobo": 223,
        "mile_sobo": 11.7,
        "milepoint_type": "generated",
        "official": false,
        "confidence": "estimated_from_open_route_geometry_with_known_length_gap",
        "candidate_status": "mvp1_source_aware_planning_candidate",
        "source_route_id": "at-main-osm-2026-open",
        "source_id": "osm",
        "source_url": "https://www.openstreetmap.org/relation/156553",
        "source_access_url": "https://hiking.waymarkedtrails.org/api/v1/details/relation/156553",
        "license_status": "open_license_share_alike",
        "source_license": "ODbL",
        "license_source": "OpenStreetMap ODbL",
        "attribution": "OpenStreetMap contributors",
        "last_checked": "2026-05-13",
        "last_generated": "2026-05-14",
        "ai_answer_rule": "Generated mile based on Scout MVP1 open route geometry, not an official ATC mile. Use for source-aware planning only."
      },
      "geometry": {
        "type": "Point",
        "coordinates": [
          -83.213985,
          35.723529
        ]
      }
    },
    {
      "type": "Feature",
      "properties": {
        "trail": "Appalachian Trail",
        "route_id": "at-mvp1-springer-davenport-open-2026",
        "mile_nobo": 224,
        "mile_sobo": 10.7,
        "milepoint_type": "generated",
        "official": false,
        "confidence": "estimated_from_open_route_geometry_with_known_length_gap",
        "candidate_status": "mvp1_source_aware_planning_candidate",
        "source_route_id": "at-main-osm-2026-open",
        "source_id": "osm",
        "source_url": "https://www.openstreetmap.org/relation/156553",
        "source_access_url": "https://hiking.waymarkedtrails.org/api/v1/details/relation/156553",
        "license_status": "open_license_share_alike",
        "source_license": "ODbL",
        "license_source": "OpenStreetMap ODbL",
        "attribution": "OpenStreetMap contributors",
        "last_checked": "2026-05-13",
        "last_generated": "2026-05-14",
        "ai_answer_rule": "Generated mile based on Scout MVP1 open route geometry, not an official ATC mile. Use for source-aware planning only."
      },
      "geometry": {
        "type": "Point",
        "coordinates": [
          -83.198373,
          35.726187
        ]
      }
    },
    {
      "type": "Feature",
      "properties": {
        "trail": "Appalachian Trail",
        "route_id": "at-mvp1-springer-davenport-open-2026",
        "mile_nobo": 225,
        "mile_sobo": 9.7,
        "milepoint_type": "generated",
        "official": false,
        "confidence": "estimated_from_open_route_geometry_with_known_length_gap",
        "candidate_status": "mvp1_source_aware_planning_candidate",
        "source_route_id": "at-main-osm-2026-open",
        "source_id": "osm",
        "source_url": "https://www.openstreetmap.org/relation/156553",
        "source_access_url": "https://hiking.waymarkedtrails.org/api/v1/details/relation/156553",
        "license_status": "open_license_share_alike",
        "source_license": "ODbL",
        "license_source": "OpenStreetMap ODbL",
        "attribution": "OpenStreetMap contributors",
        "last_checked": "2026-05-13",
        "last_generated": "2026-05-14",
        "ai_answer_rule": "Generated mile based on Scout MVP1 open route geometry, not an official ATC mile. Use for source-aware planning only."
      },
      "geometry": {
        "type": "Point",
        "coordinates": [
          -83.183973,
          35.72727
        ]
      }
    },
    {
      "type": "Feature",
      "properties": {
        "trail": "Appalachian Trail",
        "route_id": "at-mvp1-springer-davenport-open-2026",
        "mile_nobo": 226,
        "mile_sobo": 8.7,
        "milepoint_type": "generated",
        "official": false,
        "confidence": "estimated_from_open_route_geometry_with_known_length_gap",
        "candidate_status": "mvp1_source_aware_planning_candidate",
        "source_route_id": "at-main-osm-2026-open",
        "source_id": "osm",
        "source_url": "https://www.openstreetmap.org/relation/156553",
        "source_access_url": "https://hiking.waymarkedtrails.org/api/v1/details/relation/156553",
        "license_status": "open_license_share_alike",
        "source_license": "ODbL",
        "license_source": "OpenStreetMap ODbL",
        "attribution": "OpenStreetMap contributors",
        "last_checked": "2026-05-13",
        "last_generated": "2026-05-14",
        "ai_answer_rule": "Generated mile based on Scout MVP1 open route geometry, not an official ATC mile. Use for source-aware planning only."
      },
      "geometry": {
        "type": "Point",
        "coordinates": [
          -83.181751,
          35.738956
        ]
      }
    },
    {
      "type": "Feature",
      "properties": {
        "trail": "Appalachian Trail",
        "route_id": "at-mvp1-springer-davenport-open-2026",
        "mile_nobo": 227,
        "mile_sobo": 7.7,
        "milepoint_type": "generated",
        "official": false,
        "confidence": "estimated_from_open_route_geometry_with_known_length_gap",
        "candidate_status": "mvp1_source_aware_planning_candidate",
        "source_route_id": "at-main-osm-2026-open",
        "source_id": "osm",
        "source_url": "https://www.openstreetmap.org/relation/156553",
        "source_access_url": "https://hiking.waymarkedtrails.org/api/v1/details/relation/156553",
        "license_status": "open_license_share_alike",
        "source_license": "ODbL",
        "license_source": "OpenStreetMap ODbL",
        "attribution": "OpenStreetMap contributors",
        "last_checked": "2026-05-13",
        "last_generated": "2026-05-14",
        "ai_answer_rule": "Generated mile based on Scout MVP1 open route geometry, not an official ATC mile. Use for source-aware planning only."
      },
      "geometry": {
        "type": "Point",
        "coordinates": [
          -83.172453,
          35.746548
        ]
      }
    },
    {
      "type": "Feature",
      "properties": {
        "trail": "Appalachian Trail",
        "route_id": "at-mvp1-springer-davenport-open-2026",
        "mile_nobo": 228,
        "mile_sobo": 6.7,
        "milepoint_type": "generated",
        "official": false,
        "confidence": "estimated_from_open_route_geometry_with_known_length_gap",
        "candidate_status": "mvp1_source_aware_planning_candidate",
        "source_route_id": "at-main-osm-2026-open",
        "source_id": "osm",
        "source_url": "https://www.openstreetmap.org/relation/156553",
        "source_access_url": "https://hiking.waymarkedtrails.org/api/v1/details/relation/156553",
        "license_status": "open_license_share_alike",
        "source_license": "ODbL",
        "license_source": "OpenStreetMap ODbL",
        "attribution": "OpenStreetMap contributors",
        "last_checked": "2026-05-13",
        "last_generated": "2026-05-14",
        "ai_answer_rule": "Generated mile based on Scout MVP1 open route geometry, not an official ATC mile. Use for source-aware planning only."
      },
      "geometry": {
        "type": "Point",
        "coordinates": [
          -83.164938,
          35.757793
        ]
      }
    },
    {
      "type": "Feature",
      "properties": {
        "trail": "Appalachian Trail",
        "route_id": "at-mvp1-springer-davenport-open-2026",
        "mile_nobo": 229,
        "mile_sobo": 5.7,
        "milepoint_type": "generated",
        "official": false,
        "confidence": "estimated_from_open_route_geometry_with_known_length_gap",
        "candidate_status": "mvp1_source_aware_planning_candidate",
        "source_route_id": "at-main-osm-2026-open",
        "source_id": "osm",
        "source_url": "https://www.openstreetmap.org/relation/156553",
        "source_access_url": "https://hiking.waymarkedtrails.org/api/v1/details/relation/156553",
        "license_status": "open_license_share_alike",
        "source_license": "ODbL",
        "license_source": "OpenStreetMap ODbL",
        "attribution": "OpenStreetMap contributors",
        "last_checked": "2026-05-13",
        "last_generated": "2026-05-14",
        "ai_answer_rule": "Generated mile based on Scout MVP1 open route geometry, not an official ATC mile. Use for source-aware planning only."
      },
      "geometry": {
        "type": "Point",
        "coordinates": [
          -83.157826,
          35.764393
        ]
      }
    },
    {
      "type": "Feature",
      "properties": {
        "trail": "Appalachian Trail",
        "route_id": "at-mvp1-springer-davenport-open-2026",
        "mile_nobo": 230,
        "mile_sobo": 4.7,
        "milepoint_type": "generated",
        "official": false,
        "confidence": "estimated_from_open_route_geometry_with_known_length_gap",
        "candidate_status": "mvp1_source_aware_planning_candidate",
        "source_route_id": "at-main-osm-2026-open",
        "source_id": "osm",
        "source_url": "https://www.openstreetmap.org/relation/156553",
        "source_access_url": "https://hiking.waymarkedtrails.org/api/v1/details/relation/156553",
        "license_status": "open_license_share_alike",
        "source_license": "ODbL",
        "license_source": "OpenStreetMap ODbL",
        "attribution": "OpenStreetMap contributors",
        "last_checked": "2026-05-13",
        "last_generated": "2026-05-14",
        "ai_answer_rule": "Generated mile based on Scout MVP1 open route geometry, not an official ATC mile. Use for source-aware planning only."
      },
      "geometry": {
        "type": "Point",
        "coordinates": [
          -83.144942,
          35.763304
        ]
      }
    },
    {
      "type": "Feature",
      "properties": {
        "trail": "Appalachian Trail",
        "route_id": "at-mvp1-springer-davenport-open-2026",
        "mile_nobo": 231,
        "mile_sobo": 3.7,
        "milepoint_type": "generated",
        "official": false,
        "confidence": "estimated_from_open_route_geometry_with_known_length_gap",
        "candidate_status": "mvp1_source_aware_planning_candidate",
        "source_route_id": "at-main-osm-2026-open",
        "source_id": "osm",
        "source_url": "https://www.openstreetmap.org/relation/156553",
        "source_access_url": "https://hiking.waymarkedtrails.org/api/v1/details/relation/156553",
        "license_status": "open_license_share_alike",
        "source_license": "ODbL",
        "license_source": "OpenStreetMap ODbL",
        "attribution": "OpenStreetMap contributors",
        "last_checked": "2026-05-13",
        "last_generated": "2026-05-14",
        "ai_answer_rule": "Generated mile based on Scout MVP1 open route geometry, not an official ATC mile. Use for source-aware planning only."
      },
      "geometry": {
        "type": "Point",
        "coordinates": [
          -83.134767,
          35.766315
        ]
      }
    },
    {
      "type": "Feature",
      "properties": {
        "trail": "Appalachian Trail",
        "route_id": "at-mvp1-springer-davenport-open-2026",
        "mile_nobo": 232,
        "mile_sobo": 2.7,
        "milepoint_type": "generated",
        "official": false,
        "confidence": "estimated_from_open_route_geometry_with_known_length_gap",
        "candidate_status": "mvp1_source_aware_planning_candidate",
        "source_route_id": "at-main-osm-2026-open",
        "source_id": "osm",
        "source_url": "https://www.openstreetmap.org/relation/156553",
        "source_access_url": "https://hiking.waymarkedtrails.org/api/v1/details/relation/156553",
        "license_status": "open_license_share_alike",
        "source_license": "ODbL",
        "license_source": "OpenStreetMap ODbL",
        "attribution": "OpenStreetMap contributors",
        "last_checked": "2026-05-13",
        "last_generated": "2026-05-14",
        "ai_answer_rule": "Generated mile based on Scout MVP1 open route geometry, not an official ATC mile. Use for source-aware planning only."
      },
      "geometry": {
        "type": "Point",
        "coordinates": [
          -83.124193,
          35.768908
        ]
      }
    },
    {
      "type": "Feature",
      "properties": {
        "trail": "Appalachian Trail",
        "route_id": "at-mvp1-springer-davenport-open-2026",
        "mile_nobo": 233,
        "mile_sobo": 1.7,
        "milepoint_type": "generated",
        "official": false,
        "confidence": "estimated_from_open_route_geometry_with_known_length_gap",
        "candidate_status": "mvp1_source_aware_planning_candidate",
        "source_route_id": "at-main-osm-2026-open",
        "source_id": "osm",
        "source_url": "https://www.openstreetmap.org/relation/156553",
        "source_access_url": "https://hiking.waymarkedtrails.org/api/v1/details/relation/156553",
        "license_status": "open_license_share_alike",
        "source_license": "ODbL",
        "license_source": "OpenStreetMap ODbL",
        "attribution": "OpenStreetMap contributors",
        "last_checked": "2026-05-13",
        "last_generated": "2026-05-14",
        "ai_answer_rule": "Generated mile based on Scout MVP1 open route geometry, not an official ATC mile. Use for source-aware planning only."
      },
      "geometry": {
        "type": "Point",
        "coordinates": [
          -83.111019,
          35.770653
        ]
      }
    },
    {
      "type": "Feature",
      "properties": {
        "trail": "Appalachian Trail",
        "route_id": "at-mvp1-springer-davenport-open-2026",
        "mile_nobo": 234,
        "mile_sobo": 0.7,
        "milepoint_type": "generated",
        "official": false,
        "confidence": "estimated_from_open_route_geometry_with_known_length_gap",
        "candidate_status": "mvp1_source_aware_planning_candidate",
        "source_route_id": "at-main-osm-2026-open",
        "source_id": "osm",
        "source_url": "https://www.openstreetmap.org/relation/156553",
        "source_access_url": "https://hiking.waymarkedtrails.org/api/v1/details/relation/156553",
        "license_status": "open_license_share_alike",
        "source_license": "ODbL",
        "license_source": "OpenStreetMap ODbL",
        "attribution": "OpenStreetMap contributors",
        "last_checked": "2026-05-13",
        "last_generated": "2026-05-14",
        "ai_answer_rule": "Generated mile based on Scout MVP1 open route geometry, not an official ATC mile. Use for source-aware planning only."
      },
      "geometry": {
        "type": "Point",
        "coordinates": [
          -83.113968,
          35.780599
        ]
      }
    },
    {
      "type": "Feature",
      "properties": {
        "trail": "Appalachian Trail",
        "route_id": "at-mvp1-springer-davenport-open-2026",
        "mile_nobo": 234.7,
        "mile_sobo": 0,
        "milepoint_type": "generated",
        "official": false,
        "confidence": "estimated_from_open_route_geometry_with_known_length_gap",
        "candidate_status": "mvp1_source_aware_planning_candidate",
        "source_route_id": "at-main-osm-2026-open",
        "source_id": "osm",
        "source_url": "https://www.openstreetmap.org/relation/156553",
        "source_access_url": "https://hiking.waymarkedtrails.org/api/v1/details/relation/156553",
        "license_status": "open_license_share_alike",
        "source_license": "ODbL",
        "license_source": "OpenStreetMap ODbL",
        "attribution": "OpenStreetMap contributors",
        "last_checked": "2026-05-13",
        "last_generated": "2026-05-14",
        "ai_answer_rule": "Generated mile based on Scout MVP1 open route geometry, not an official ATC mile. Use for source-aware planning only."
      },
      "geometry": {
        "type": "Point",
        "coordinates": [
          -83.109563,
          35.783581
        ]
      }
    }
  ]
}
