{"type":"FeatureCollection","features":[{"type":"Feature","properties":{"sample_id":"elev-open-5mi-0001","trail":"Appalachian Trail","route_id":"at-main-osm-2026-open","mile_nobo":0,"mile_sobo":2106.2,"lat":34.627338,"lon":-84.193984,"interval_miles":5,"elevation_ft":3759.5,"epqs":{"raster_id":59350,"resolution":1},"source_id":"usgs_3dep","source_url":"https://epqs.nationalmap.gov/v1/json","source":"USGS Elevation Point Query Service, interpolated from 3DEP dynamic elevation service","source_license":"public_domain","license_status":"public_domain","attribution":"Data available from U.S. Geological Survey, 3D Elevation Program.","confidence":"model_derived_topographic_estimate","last_checked":"2026-05-13","ai_answer_rule":"Describe as model-derived USGS 3DEP elevation sampled along Scout open route geometry; values may differ from guidebook profiles or surveyed summits."},"geometry":{"type":"Point","coordinates":[-84.193984,34.627338]}},{"type":"Feature","properties":{"sample_id":"elev-open-5mi-0002","trail":"Appalachian Trail","route_id":"at-main-osm-2026-open","mile_nobo":5,"mile_sobo":2101.2,"lat":34.667177,"lon":-84.172472,"interval_miles":5,"elevation_ft":2780.2,"epqs":{"raster_id":59350,"resolution":1},"source_id":"usgs_3dep","source_url":"https://epqs.nationalmap.gov/v1/json","source":"USGS Elevation Point Query Service, interpolated from 3DEP dynamic elevation service","source_license":"public_domain","license_status":"public_domain","attribution":"Data available from U.S. Geological Survey, 3D Elevation Program.","confidence":"model_derived_topographic_estimate","last_checked":"2026-05-13","ai_answer_rule":"Describe as model-derived USGS 3DEP elevation sampled along Scout open route geometry; values may differ from guidebook profiles or surveyed summits."},"geometry":{"type":"Point","coordinates":[-84.172472,34.667177]}},{"type":"Feature","properties":{"sample_id":"elev-open-5mi-0003","trail":"Appalachian Trail","route_id":"at-main-osm-2026-open","mile_nobo":10,"mile_sobo":2096.2,"lat":34.656204,"lon":-84.106562,"interval_miles":5,"elevation_ft":2775.6,"epqs":{"raster_id":77268,"resolution":1},"source_id":"usgs_3dep","source_url":"https://epqs.nationalmap.gov/v1/json","source":"USGS Elevation Point Query Service, interpolated from 3DEP dynamic elevation service","source_license":"public_domain","license_status":"public_domain","attribution":"Data available from U.S. Geological Survey, 3D Elevation Program.","confidence":"model_derived_topographic_estimate","last_checked":"2026-05-13","ai_answer_rule":"Describe as model-derived USGS 3DEP elevation sampled along Scout open route geometry; values may differ from guidebook profiles or surveyed summits."},"geometry":{"type":"Point","coordinates":[-84.106562,34.656204]}},{"type":"Feature","properties":{"sample_id":"elev-open-5mi-0004","trail":"Appalachian Trail","route_id":"at-main-osm-2026-open","mile_nobo":15,"mile_sobo":2091.2,"lat":34.655065,"lon":-84.050479,"interval_miles":5,"elevation_ft":2743.8,"epqs":{"raster_id":27802,"resolution":1},"source_id":"usgs_3dep","source_url":"https://epqs.nationalmap.gov/v1/json","source":"USGS Elevation Point Query Service, interpolated from 3DEP dynamic elevation service","source_license":"public_domain","license_status":"public_domain","attribution":"Data available from U.S. Geological Survey, 3D Elevation Program.","confidence":"model_derived_topographic_estimate","last_checked":"2026-05-13","ai_answer_rule":"Describe as model-derived USGS 3DEP elevation sampled along Scout open route geometry; values may differ from guidebook profiles or surveyed summits."},"geometry":{"type":"Point","coordinates":[-84.050479,34.655065]}},{"type":"Feature","properties":{"sample_id":"elev-open-5mi-0005","trail":"Appalachian Trail","route_id":"at-main-osm-2026-open","mile_nobo":20,"mile_sobo":2086.2,"lat":34.678411,"lon":-83.998985,"interval_miles":5,"elevation_ft":3188.9,"epqs":{"raster_id":39790,"resolution":1},"source_id":"usgs_3dep","source_url":"https://epqs.nationalmap.gov/v1/json","source":"USGS Elevation Point Query Service, interpolated from 3DEP dynamic elevation service","source_license":"public_domain","license_status":"public_domain","attribution":"Data available from U.S. Geological Survey, 3D Elevation Program.","confidence":"model_derived_topographic_estimate","last_checked":"2026-05-13","ai_answer_rule":"Describe as model-derived USGS 3DEP elevation sampled along Scout open route geometry; values may differ from guidebook profiles or surveyed summits."},"geometry":{"type":"Point","coordinates":[-83.998985,34.678411]}},{"type":"Feature","properties":{"sample_id":"elev-open-5mi-0006","trail":"Appalachian Trail","route_id":"at-main-osm-2026-open","mile_nobo":25,"mile_sobo":2081.2,"lat":34.723478,"lon":-83.969873,"interval_miles":5,"elevation_ft":3414.6,"epqs":{"raster_id":39790,"resolution":1},"source_id":"usgs_3dep","source_url":"https://epqs.nationalmap.gov/v1/json","source":"USGS Elevation Point Query Service, interpolated from 3DEP dynamic elevation service","source_license":"public_domain","license_status":"public_domain","attribution":"Data available from U.S. Geological Survey, 3D Elevation Program.","confidence":"model_derived_topographic_estimate","last_checked":"2026-05-13","ai_answer_rule":"Describe as model-derived USGS 3DEP elevation sampled along Scout open route geometry; values may differ from guidebook profiles or surveyed summits."},"geometry":{"type":"Point","coordinates":[-83.969873,34.723478]}},{"type":"Feature","properties":{"sample_id":"elev-open-5mi-0007","trail":"Appalachian Trail","route_id":"at-main-osm-2026-open","mile_nobo":30,"mile_sobo":2076.2,"lat":34.738768,"lon":-83.921928,"interval_miles":5,"elevation_ft":3255.4,"epqs":{"raster_id":88915,"resolution":1},"source_id":"usgs_3dep","source_url":"https://epqs.nationalmap.gov/v1/json","source":"USGS Elevation Point Query Service, interpolated from 3DEP dynamic elevation service","source_license":"public_domain","license_status":"public_domain","attribution":"Data available from U.S. Geological Survey, 3D Elevation Program.","confidence":"model_derived_topographic_estimate","last_checked":"2026-05-13","ai_answer_rule":"Describe as model-derived USGS 3DEP elevation sampled along Scout open route geometry; values may differ from guidebook profiles or surveyed summits."},"geometry":{"type":"Point","coordinates":[-83.921928,34.738768]}},{"type":"Feature","properties":{"sample_id":"elev-open-5mi-0008","trail":"Appalachian Trail","route_id":"at-main-osm-2026-open","mile_nobo":35,"mile_sobo":2071.2,"lat":34.723146,"lon":-83.858201,"interval_miles":5,"elevation_ft":3800.6,"epqs":{"raster_id":88915,"resolution":1},"source_id":"usgs_3dep","source_url":"https://epqs.nationalmap.gov/v1/json","source":"USGS Elevation Point Query Service, interpolated from 3DEP dynamic elevation service","source_license":"public_domain","license_status":"public_domain","attribution":"Data available from U.S. Geological Survey, 3D Elevation Program.","confidence":"model_derived_topographic_estimate","last_checked":"2026-05-13","ai_answer_rule":"Describe as model-derived USGS 3DEP elevation sampled along Scout open route geometry; values may differ from guidebook profiles or surveyed summits."},"geometry":{"type":"Point","coordinates":[-83.858201,34.723146]}},{"type":"Feature","properties":{"sample_id":"elev-open-5mi-0009","trail":"Appalachian Trail","route_id":"at-main-osm-2026-open","mile_nobo":40,"mile_sobo":2066.2,"lat":34.763516,"lon":-83.829325,"interval_miles":5,"elevation_ft":3400.4,"epqs":{"raster_id":49162,"resolution":1},"source_id":"usgs_3dep","source_url":"https://epqs.nationalmap.gov/v1/json","source":"USGS Elevation Point Query Service, interpolated from 3DEP dynamic elevation service","source_license":"public_domain","license_status":"public_domain","attribution":"Data available from U.S. Geological Survey, 3D Elevation Program.","confidence":"model_derived_topographic_estimate","last_checked":"2026-05-13","ai_answer_rule":"Describe as model-derived USGS 3DEP elevation sampled along Scout open route geometry; values may differ from guidebook profiles or surveyed summits."},"geometry":{"type":"Point","coordinates":[-83.829325,34.763516]}},{"type":"Feature","properties":{"sample_id":"elev-open-5mi-0010","trail":"Appalachian Trail","route_id":"at-main-osm-2026-open","mile_nobo":45,"mile_sobo":2061.2,"lat":34.809946,"lon":-83.810644,"interval_miles":5,"elevation_ft":3446.1,"epqs":{"raster_id":49162,"resolution":1},"source_id":"usgs_3dep","source_url":"https://epqs.nationalmap.gov/v1/json","source":"USGS Elevation Point Query Service, interpolated from 3DEP dynamic elevation service","source_license":"public_domain","license_status":"public_domain","attribution":"Data available from U.S. Geological Survey, 3D Elevation Program.","confidence":"model_derived_topographic_estimate","last_checked":"2026-05-13","ai_answer_rule":"Describe as model-derived USGS 3DEP elevation sampled along Scout open route geometry; values may differ from guidebook profiles or surveyed summits."},"geometry":{"type":"Point","coordinates":[-83.810644,34.809946]}},{"type":"Feature","properties":{"sample_id":"elev-open-5mi-0011","trail":"Appalachian Trail","route_id":"at-main-osm-2026-open","mile_nobo":50,"mile_sobo":2056.2,"lat":34.805403,"lon":-83.746648,"interval_miles":5,"elevation_ft":3417.2,"epqs":{"raster_id":49162,"resolution":1},"source_id":"usgs_3dep","source_url":"https://epqs.nationalmap.gov/v1/json","source":"USGS Elevation Point Query Service, interpolated from 3DEP dynamic elevation service","source_license":"public_domain","license_status":"public_domain","attribution":"Data available from U.S. Geological Survey, 3D Elevation Program.","confidence":"model_derived_topographic_estimate","last_checked":"2026-05-13","ai_answer_rule":"Describe as model-derived USGS 3DEP elevation sampled along Scout open route geometry; values may differ from guidebook profiles or surveyed summits."},"geometry":{"type":"Point","coordinates":[-83.746648,34.805403]}},{"type":"Feature","properties":{"sample_id":"elev-open-5mi-0012","trail":"Appalachian Trail","route_id":"at-main-osm-2026-open","mile_nobo":55,"mile_sobo":2051.2,"lat":34.800256,"lon":-83.689131,"interval_miles":5,"elevation_ft":3989,"epqs":{"raster_id":106562,"resolution":1},"source_id":"usgs_3dep","source_url":"https://epqs.nationalmap.gov/v1/json","source":"USGS Elevation Point Query Service, interpolated from 3DEP dynamic elevation service","source_license":"public_domain","license_status":"public_domain","attribution":"Data available from U.S. Geological Survey, 3D Elevation Program.","confidence":"model_derived_topographic_estimate","last_checked":"2026-05-13","ai_answer_rule":"Describe as model-derived USGS 3DEP elevation sampled along Scout open route geometry; values may differ from guidebook profiles or surveyed summits."},"geometry":{"type":"Point","coordinates":[-83.689131,34.800256]}},{"type":"Feature","properties":{"sample_id":"elev-open-5mi-0013","trail":"Appalachian Trail","route_id":"at-main-osm-2026-open","mile_nobo":60,"mile_sobo":2046.2,"lat":34.846131,"lon":-83.660617,"interval_miles":5,"elevation_ft":3693.5,"epqs":{"raster_id":106562,"resolution":1},"source_id":"usgs_3dep","source_url":"https://epqs.nationalmap.gov/v1/json","source":"USGS Elevation Point Query Service, interpolated from 3DEP dynamic elevation service","source_license":"public_domain","license_status":"public_domain","attribution":"Data available from U.S. Geological Survey, 3D Elevation Program.","confidence":"model_derived_topographic_estimate","last_checked":"2026-05-13","ai_answer_rule":"Describe as model-derived USGS 3DEP elevation sampled along Scout open route geometry; values may differ from guidebook profiles or surveyed summits."},"geometry":{"type":"Point","coordinates":[-83.660617,34.846131]}},{"type":"Feature","properties":{"sample_id":"elev-open-5mi-0014","trail":"Appalachian Trail","route_id":"at-main-osm-2026-open","mile_nobo":65,"mile_sobo":2041.2,"lat":34.897063,"lon":-83.628515,"interval_miles":5,"elevation_ft":3465.6,"epqs":{"raster_id":68782,"resolution":1},"source_id":"usgs_3dep","source_url":"https://epqs.nationalmap.gov/v1/json","source":"USGS Elevation Point Query Service, interpolated from 3DEP dynamic elevation service","source_license":"public_domain","license_status":"public_domain","attribution":"Data available from U.S. Geological Survey, 3D Elevation Program.","confidence":"model_derived_topographic_estimate","last_checked":"2026-05-13","ai_answer_rule":"Describe as model-derived USGS 3DEP elevation sampled along Scout open route geometry; values may differ from guidebook profiles or surveyed summits."},"geometry":{"type":"Point","coordinates":[-83.628515,34.897063]}},{"type":"Feature","properties":{"sample_id":"elev-open-5mi-0015","trail":"Appalachian Trail","route_id":"at-main-osm-2026-open","mile_nobo":70,"mile_sobo":2036.2,"lat":34.93866,"lon":-83.601487,"interval_miles":5,"elevation_ft":3660.7,"epqs":{"raster_id":83385,"resolution":0.9999999999999986},"source_id":"usgs_3dep","source_url":"https://epqs.nationalmap.gov/v1/json","source":"USGS Elevation Point Query Service, interpolated from 3DEP dynamic elevation service","source_license":"public_domain","license_status":"public_domain","attribution":"Data available from U.S. Geological Survey, 3D Elevation Program.","confidence":"model_derived_topographic_estimate","last_checked":"2026-05-13","ai_answer_rule":"Describe as model-derived USGS 3DEP elevation sampled along Scout open route geometry; values may differ from guidebook profiles or surveyed summits."},"geometry":{"type":"Point","coordinates":[-83.601487,34.93866]}},{"type":"Feature","properties":{"sample_id":"elev-open-5mi-0016","trail":"Appalachian Trail","route_id":"at-main-osm-2026-open","mile_nobo":75,"mile_sobo":2031.2,"lat":34.990033,"lon":-83.599305,"interval_miles":5,"elevation_ft":3721.9,"epqs":{"raster_id":31733,"resolution":1},"source_id":"usgs_3dep","source_url":"https://epqs.nationalmap.gov/v1/json","source":"USGS Elevation Point Query Service, interpolated from 3DEP dynamic elevation service","source_license":"public_domain","license_status":"public_domain","attribution":"Data available from U.S. Geological Survey, 3D Elevation Program.","confidence":"model_derived_topographic_estimate","last_checked":"2026-05-13","ai_answer_rule":"Describe as model-derived USGS 3DEP elevation sampled along Scout open route geometry; values may differ from guidebook profiles or surveyed summits."},"geometry":{"type":"Point","coordinates":[-83.599305,34.990033]}},{"type":"Feature","properties":{"sample_id":"elev-open-5mi-0017","trail":"Appalachian Trail","route_id":"at-main-osm-2026-open","mile_nobo":80,"mile_sobo":2026.2,"lat":35.037311,"lon":-83.56156,"interval_miles":5,"elevation_ft":4462.5,"epqs":{"raster_id":66435,"resolution":1},"source_id":"usgs_3dep","source_url":"https://epqs.nationalmap.gov/v1/json","source":"USGS Elevation Point Query Service, interpolated from 3DEP dynamic elevation service","source_license":"public_domain","license_status":"public_domain","attribution":"Data available from U.S. Geological Survey, 3D Elevation Program.","confidence":"model_derived_topographic_estimate","last_checked":"2026-05-13","ai_answer_rule":"Describe as model-derived USGS 3DEP elevation sampled along Scout open route geometry; values may differ from guidebook profiles or surveyed summits."},"geometry":{"type":"Point","coordinates":[-83.56156,35.037311]}},{"type":"Feature","properties":{"sample_id":"elev-open-5mi-0018","trail":"Appalachian Trail","route_id":"at-main-osm-2026-open","mile_nobo":85,"mile_sobo":2021.2,"lat":35.028881,"lon":-83.533325,"interval_miles":5,"elevation_ft":5256.1,"epqs":{"raster_id":104529,"resolution":1},"source_id":"usgs_3dep","source_url":"https://epqs.nationalmap.gov/v1/json","source":"USGS Elevation Point Query Service, interpolated from 3DEP dynamic elevation service","source_license":"public_domain","license_status":"public_domain","attribution":"Data available from U.S. Geological Survey, 3D Elevation Program.","confidence":"model_derived_topographic_estimate","last_checked":"2026-05-13","ai_answer_rule":"Describe as model-derived USGS 3DEP elevation sampled along Scout open route geometry; values may differ from guidebook profiles or surveyed summits."},"geometry":{"type":"Point","coordinates":[-83.533325,35.028881]}},{"type":"Feature","properties":{"sample_id":"elev-open-5mi-0019","trail":"Appalachian Trail","route_id":"at-main-osm-2026-open","mile_nobo":90,"mile_sobo":2016.2,"lat":35.001507,"lon":-83.498093,"interval_miles":5,"elevation_ft":4624.1,"epqs":{"raster_id":75345,"resolution":1},"source_id":"usgs_3dep","source_url":"https://epqs.nationalmap.gov/v1/json","source":"USGS Elevation Point Query Service, interpolated from 3DEP dynamic elevation service","source_license":"public_domain","license_status":"public_domain","attribution":"Data available from U.S. Geological Survey, 3D Elevation Program.","confidence":"model_derived_topographic_estimate","last_checked":"2026-05-13","ai_answer_rule":"Describe as model-derived USGS 3DEP elevation sampled along Scout open route geometry; values may differ from guidebook profiles or surveyed summits."},"geometry":{"type":"Point","coordinates":[-83.498093,35.001507]}},{"type":"Feature","properties":{"sample_id":"elev-open-5mi-0020","trail":"Appalachian Trail","route_id":"at-main-osm-2026-open","mile_nobo":95,"mile_sobo":2011.2,"lat":35.039164,"lon":-83.471702,"interval_miles":5,"elevation_ft":4689.9,"epqs":{"raster_id":89949,"resolution":1},"source_id":"usgs_3dep","source_url":"https://epqs.nationalmap.gov/v1/json","source":"USGS Elevation Point Query Service, interpolated from 3DEP dynamic elevation service","source_license":"public_domain","license_status":"public_domain","attribution":"Data available from U.S. Geological Survey, 3D Elevation Program.","confidence":"model_derived_topographic_estimate","last_checked":"2026-05-13","ai_answer_rule":"Describe as model-derived USGS 3DEP elevation sampled along Scout open route geometry; values may differ from guidebook profiles or surveyed summits."},"geometry":{"type":"Point","coordinates":[-83.471702,35.039164]}},{"type":"Feature","properties":{"sample_id":"elev-open-5mi-0021","trail":"Appalachian Trail","route_id":"at-main-osm-2026-open","mile_nobo":100,"mile_sobo":2006.2,"lat":35.079639,"lon":-83.507862,"interval_miles":5,"elevation_ft":4205.2,"epqs":{"raster_id":89949,"resolution":1},"source_id":"usgs_3dep","source_url":"https://epqs.nationalmap.gov/v1/json","source":"USGS Elevation Point Query Service, interpolated from 3DEP dynamic elevation service","source_license":"public_domain","license_status":"public_domain","attribution":"Data available from U.S. Geological Survey, 3D Elevation Program.","confidence":"model_derived_topographic_estimate","last_checked":"2026-05-13","ai_answer_rule":"Describe as model-derived USGS 3DEP elevation sampled along Scout open route geometry; values may differ from guidebook profiles or surveyed summits."},"geometry":{"type":"Point","coordinates":[-83.507862,35.079639]}},{"type":"Feature","properties":{"sample_id":"elev-open-5mi-0022","trail":"Appalachian Trail","route_id":"at-main-osm-2026-open","mile_nobo":105,"mile_sobo":2001.2,"lat":35.115777,"lon":-83.546556,"interval_miles":5,"elevation_ft":4106.1,"epqs":{"raster_id":66435,"resolution":1},"source_id":"usgs_3dep","source_url":"https://epqs.nationalmap.gov/v1/json","source":"USGS Elevation Point Query Service, interpolated from 3DEP dynamic elevation service","source_license":"public_domain","license_status":"public_domain","attribution":"Data available from U.S. Geological Survey, 3D Elevation Program.","confidence":"model_derived_topographic_estimate","last_checked":"2026-05-13","ai_answer_rule":"Describe as model-derived USGS 3DEP elevation sampled along Scout open route geometry; values may differ from guidebook profiles or surveyed summits."},"geometry":{"type":"Point","coordinates":[-83.546556,35.115777]}},{"type":"Feature","properties":{"sample_id":"elev-open-5mi-0023","trail":"Appalachian Trail","route_id":"at-main-osm-2026-open","mile_nobo":110,"mile_sobo":1996.2,"lat":35.142437,"lon":-83.576655,"interval_miles":5,"elevation_ft":4974.3,"epqs":{"raster_id":118648,"resolution":0.9999999999999986},"source_id":"usgs_3dep","source_url":"https://epqs.nationalmap.gov/v1/json","source":"USGS Elevation Point Query Service, interpolated from 3DEP dynamic elevation service","source_license":"public_domain","license_status":"public_domain","attribution":"Data available from U.S. Geological Survey, 3D Elevation Program.","confidence":"model_derived_topographic_estimate","last_checked":"2026-05-13","ai_answer_rule":"Describe as model-derived USGS 3DEP elevation sampled along Scout open route geometry; values may differ from guidebook profiles or surveyed summits."},"geometry":{"type":"Point","coordinates":[-83.576655,35.142437]}},{"type":"Feature","properties":{"sample_id":"elev-open-5mi-0024","trail":"Appalachian Trail","route_id":"at-main-osm-2026-open","mile_nobo":115,"mile_sobo":1991.2,"lat":35.176151,"lon":-83.570639,"interval_miles":5,"elevation_ft":5007.4,"epqs":{"raster_id":118648,"resolution":0.9999999999999986},"source_id":"usgs_3dep","source_url":"https://epqs.nationalmap.gov/v1/json","source":"USGS Elevation Point Query Service, interpolated from 3DEP dynamic elevation service","source_license":"public_domain","license_status":"public_domain","attribution":"Data available from U.S. Geological Survey, 3D Elevation Program.","confidence":"model_derived_topographic_estimate","last_checked":"2026-05-13","ai_answer_rule":"Describe as model-derived USGS 3DEP elevation sampled along Scout open route geometry; values may differ from guidebook profiles or surveyed summits."},"geometry":{"type":"Point","coordinates":[-83.570639,35.176151]}},{"type":"Feature","properties":{"sample_id":"elev-open-5mi-0025","trail":"Appalachian Trail","route_id":"at-main-osm-2026-open","mile_nobo":120,"mile_sobo":1986.2,"lat":35.219415,"lon":-83.562542,"interval_miles":5,"elevation_ft":4267.5,"epqs":{"raster_id":63959,"resolution":1.0000000000000013},"source_id":"usgs_3dep","source_url":"https://epqs.nationalmap.gov/v1/json","source":"USGS Elevation Point Query Service, interpolated from 3DEP dynamic elevation service","source_license":"public_domain","license_status":"public_domain","attribution":"Data available from U.S. Geological Survey, 3D Elevation Program.","confidence":"model_derived_topographic_estimate","last_checked":"2026-05-13","ai_answer_rule":"Describe as model-derived USGS 3DEP elevation sampled along Scout open route geometry; values may differ from guidebook profiles or surveyed summits."},"geometry":{"type":"Point","coordinates":[-83.562542,35.219415]}},{"type":"Feature","properties":{"sample_id":"elev-open-5mi-0026","trail":"Appalachian Trail","route_id":"at-main-osm-2026-open","mile_nobo":125,"mile_sobo":1981.2,"lat":35.267859,"lon":-83.572296,"interval_miles":5,"elevation_ft":3870.2,"epqs":{"raster_id":63959,"resolution":1.0000000000000013},"source_id":"usgs_3dep","source_url":"https://epqs.nationalmap.gov/v1/json","source":"USGS Elevation Point Query Service, interpolated from 3DEP dynamic elevation service","source_license":"public_domain","license_status":"public_domain","attribution":"Data available from U.S. Geological Survey, 3D Elevation Program.","confidence":"model_derived_topographic_estimate","last_checked":"2026-05-13","ai_answer_rule":"Describe as model-derived USGS 3DEP elevation sampled along Scout open route geometry; values may differ from guidebook profiles or surveyed summits."},"geometry":{"type":"Point","coordinates":[-83.572296,35.267859]}},{"type":"Feature","properties":{"sample_id":"elev-open-5mi-0027","trail":"Appalachian Trail","route_id":"at-main-osm-2026-open","mile_nobo":130,"mile_sobo":1976.2,"lat":35.30502,"lon":-83.589211,"interval_miles":5,"elevation_ft":3149.2,"epqs":{"raster_id":63959,"resolution":1.0000000000000013},"source_id":"usgs_3dep","source_url":"https://epqs.nationalmap.gov/v1/json","source":"USGS Elevation Point Query Service, interpolated from 3DEP dynamic elevation service","source_license":"public_domain","license_status":"public_domain","attribution":"Data available from U.S. Geological Survey, 3D Elevation Program.","confidence":"model_derived_topographic_estimate","last_checked":"2026-05-13","ai_answer_rule":"Describe as model-derived USGS 3DEP elevation sampled along Scout open route geometry; values may differ from guidebook profiles or surveyed summits."},"geometry":{"type":"Point","coordinates":[-83.589211,35.30502]}},{"type":"Feature","properties":{"sample_id":"elev-open-5mi-0028","trail":"Appalachian Trail","route_id":"at-main-osm-2026-open","mile_nobo":135,"mile_sobo":1971.2,"lat":35.341643,"lon":-83.611365,"interval_miles":5,"elevation_ft":2889.3,"epqs":{"raster_id":109345,"resolution":1.0000000000000013},"source_id":"usgs_3dep","source_url":"https://epqs.nationalmap.gov/v1/json","source":"USGS Elevation Point Query Service, interpolated from 3DEP dynamic elevation service","source_license":"public_domain","license_status":"public_domain","attribution":"Data available from U.S. Geological Survey, 3D Elevation Program.","confidence":"model_derived_topographic_estimate","last_checked":"2026-05-13","ai_answer_rule":"Describe as model-derived USGS 3DEP elevation sampled along Scout open route geometry; values may differ from guidebook profiles or surveyed summits."},"geometry":{"type":"Point","coordinates":[-83.611365,35.341643]}},{"type":"Feature","properties":{"sample_id":"elev-open-5mi-0029","trail":"Appalachian Trail","route_id":"at-main-osm-2026-open","mile_nobo":140,"mile_sobo":1966.2,"lat":35.327468,"lon":-83.668633,"interval_miles":5,"elevation_ft":4589.2,"epqs":{"raster_id":93278,"resolution":1},"source_id":"usgs_3dep","source_url":"https://epqs.nationalmap.gov/v1/json","source":"USGS Elevation Point Query Service, interpolated from 3DEP dynamic elevation service","source_license":"public_domain","license_status":"public_domain","attribution":"Data available from U.S. Geological Survey, 3D Elevation Program.","confidence":"model_derived_topographic_estimate","last_checked":"2026-05-13","ai_answer_rule":"Describe as model-derived USGS 3DEP elevation sampled along Scout open route geometry; values may differ from guidebook profiles or surveyed summits."},"geometry":{"type":"Point","coordinates":[-83.668633,35.327468]}},{"type":"Feature","properties":{"sample_id":"elev-open-5mi-0030","trail":"Appalachian Trail","route_id":"at-main-osm-2026-open","mile_nobo":145,"mile_sobo":1961.2,"lat":35.351714,"lon":-83.713399,"interval_miles":5,"elevation_ft":3756.6,"epqs":{"raster_id":93278,"resolution":1},"source_id":"usgs_3dep","source_url":"https://epqs.nationalmap.gov/v1/json","source":"USGS Elevation Point Query Service, interpolated from 3DEP dynamic elevation service","source_license":"public_domain","license_status":"public_domain","attribution":"Data available from U.S. Geological Survey, 3D Elevation Program.","confidence":"model_derived_topographic_estimate","last_checked":"2026-05-13","ai_answer_rule":"Describe as model-derived USGS 3DEP elevation sampled along Scout open route geometry; values may differ from guidebook profiles or surveyed summits."},"geometry":{"type":"Point","coordinates":[-83.713399,35.351714]}},{"type":"Feature","properties":{"sample_id":"elev-open-5mi-0031","trail":"Appalachian Trail","route_id":"at-main-osm-2026-open","mile_nobo":150,"mile_sobo":1956.2,"lat":35.37566,"lon":-83.752745,"interval_miles":5,"elevation_ft":3672.5,"epqs":{"raster_id":83903,"resolution":1},"source_id":"usgs_3dep","source_url":"https://epqs.nationalmap.gov/v1/json","source":"USGS Elevation Point Query Service, interpolated from 3DEP dynamic elevation service","source_license":"public_domain","license_status":"public_domain","attribution":"Data available from U.S. Geological Survey, 3D Elevation Program.","confidence":"model_derived_topographic_estimate","last_checked":"2026-05-13","ai_answer_rule":"Describe as model-derived USGS 3DEP elevation sampled along Scout open route geometry; values may differ from guidebook profiles or surveyed summits."},"geometry":{"type":"Point","coordinates":[-83.752745,35.37566]}},{"type":"Feature","properties":{"sample_id":"elev-open-5mi-0032","trail":"Appalachian Trail","route_id":"at-main-osm-2026-open","mile_nobo":155,"mile_sobo":1951.2,"lat":35.417314,"lon":-83.772904,"interval_miles":5,"elevation_ft":3120.5,"epqs":{"raster_id":70669,"resolution":1},"source_id":"usgs_3dep","source_url":"https://epqs.nationalmap.gov/v1/json","source":"USGS Elevation Point Query Service, interpolated from 3DEP dynamic elevation service","source_license":"public_domain","license_status":"public_domain","attribution":"Data available from U.S. Geological Survey, 3D Elevation Program.","confidence":"model_derived_topographic_estimate","last_checked":"2026-05-13","ai_answer_rule":"Describe as model-derived USGS 3DEP elevation sampled along Scout open route geometry; values may differ from guidebook profiles or surveyed summits."},"geometry":{"type":"Point","coordinates":[-83.772904,35.417314]}},{"type":"Feature","properties":{"sample_id":"elev-open-5mi-0033","trail":"Appalachian Trail","route_id":"at-main-osm-2026-open","mile_nobo":160,"mile_sobo":1946.2,"lat":35.441644,"lon":-83.795773,"interval_miles":5,"elevation_ft":1727.6,"epqs":{"raster_id":70669,"resolution":1},"source_id":"usgs_3dep","source_url":"https://epqs.nationalmap.gov/v1/json","source":"USGS Elevation Point Query Service, interpolated from 3DEP dynamic elevation service","source_license":"public_domain","license_status":"public_domain","attribution":"Data available from U.S. Geological Survey, 3D Elevation Program.","confidence":"model_derived_topographic_estimate","last_checked":"2026-05-13","ai_answer_rule":"Describe as model-derived USGS 3DEP elevation sampled along Scout open route geometry; values may differ from guidebook profiles or surveyed summits."},"geometry":{"type":"Point","coordinates":[-83.795773,35.441644]}},{"type":"Feature","properties":{"sample_id":"elev-open-5mi-0034","trail":"Appalachian Trail","route_id":"at-main-osm-2026-open","mile_nobo":165,"mile_sobo":1941.2,"lat":35.478209,"lon":-83.80906,"interval_miles":5,"elevation_ft":3319,"epqs":{"raster_id":70669,"resolution":1},"source_id":"usgs_3dep","source_url":"https://epqs.nationalmap.gov/v1/json","source":"USGS Elevation Point Query Service, interpolated from 3DEP dynamic elevation service","source_license":"public_domain","license_status":"public_domain","attribution":"Data available from U.S. Geological Survey, 3D Elevation Program.","confidence":"model_derived_topographic_estimate","last_checked":"2026-05-13","ai_answer_rule":"Describe as model-derived USGS 3DEP elevation sampled along Scout open route geometry; values may differ from guidebook profiles or surveyed summits."},"geometry":{"type":"Point","coordinates":[-83.80906,35.478209]}},{"type":"Feature","properties":{"sample_id":"elev-open-5mi-0035","trail":"Appalachian Trail","route_id":"at-main-osm-2026-open","mile_nobo":170,"mile_sobo":1936.2,"lat":35.527979,"lon":-83.818072,"interval_miles":5,"elevation_ft":4496.9,"epqs":{"raster_id":92010,"resolution":1},"source_id":"usgs_3dep","source_url":"https://epqs.nationalmap.gov/v1/json","source":"USGS Elevation Point Query Service, interpolated from 3DEP dynamic elevation service","source_license":"public_domain","license_status":"public_domain","attribution":"Data available from U.S. Geological Survey, 3D Elevation Program.","confidence":"model_derived_topographic_estimate","last_checked":"2026-05-13","ai_answer_rule":"Describe as model-derived USGS 3DEP elevation sampled along Scout open route geometry; values may differ from guidebook profiles or surveyed summits."},"geometry":{"type":"Point","coordinates":[-83.818072,35.527979]}},{"type":"Feature","properties":{"sample_id":"elev-open-5mi-0036","trail":"Appalachian Trail","route_id":"at-main-osm-2026-open","mile_nobo":175,"mile_sobo":1931.2,"lat":35.559592,"lon":-83.773523,"interval_miles":5,"elevation_ft":4135.2,"epqs":{"raster_id":92010,"resolution":1},"source_id":"usgs_3dep","source_url":"https://epqs.nationalmap.gov/v1/json","source":"USGS Elevation Point Query Service, interpolated from 3DEP dynamic elevation service","source_license":"public_domain","license_status":"public_domain","attribution":"Data available from U.S. Geological Survey, 3D Elevation Program.","confidence":"model_derived_topographic_estimate","last_checked":"2026-05-13","ai_answer_rule":"Describe as model-derived USGS 3DEP elevation sampled along Scout open route geometry; values may differ from guidebook profiles or surveyed summits."},"geometry":{"type":"Point","coordinates":[-83.773523,35.559592]}},{"type":"Feature","properties":{"sample_id":"elev-open-5mi-0037","trail":"Appalachian Trail","route_id":"at-main-osm-2026-open","mile_nobo":180,"mile_sobo":1926.2,"lat":35.565758,"lon":-83.712882,"interval_miles":5,"elevation_ft":5399.6,"epqs":{"raster_id":101054,"resolution":1},"source_id":"usgs_3dep","source_url":"https://epqs.nationalmap.gov/v1/json","source":"USGS Elevation Point Query Service, interpolated from 3DEP dynamic elevation service","source_license":"public_domain","license_status":"public_domain","attribution":"Data available from U.S. Geological Survey, 3D Elevation Program.","confidence":"model_derived_topographic_estimate","last_checked":"2026-05-13","ai_answer_rule":"Describe as model-derived USGS 3DEP elevation sampled along Scout open route geometry; values may differ from guidebook profiles or surveyed summits."},"geometry":{"type":"Point","coordinates":[-83.712882,35.565758]}},{"type":"Feature","properties":{"sample_id":"elev-open-5mi-0038","trail":"Appalachian Trail","route_id":"at-main-osm-2026-open","mile_nobo":185,"mile_sobo":1921.2,"lat":35.567489,"lon":-83.63771,"interval_miles":5,"elevation_ft":4793.6,"epqs":{"raster_id":41999,"resolution":1},"source_id":"usgs_3dep","source_url":"https://epqs.nationalmap.gov/v1/json","source":"USGS Elevation Point Query Service, interpolated from 3DEP dynamic elevation service","source_license":"public_domain","license_status":"public_domain","attribution":"Data available from U.S. Geological Survey, 3D Elevation Program.","confidence":"model_derived_topographic_estimate","last_checked":"2026-05-13","ai_answer_rule":"Describe as model-derived USGS 3DEP elevation sampled along Scout open route geometry; values may differ from guidebook profiles or surveyed summits."},"geometry":{"type":"Point","coordinates":[-83.63771,35.567489]}},{"type":"Feature","properties":{"sample_id":"elev-open-5mi-0039","trail":"Appalachian Trail","route_id":"at-main-osm-2026-open","mile_nobo":190,"mile_sobo":1916.2,"lat":35.564694,"lon":-83.573875,"interval_miles":5,"elevation_ft":5191.2,"epqs":{"raster_id":41999,"resolution":1},"source_id":"usgs_3dep","source_url":"https://epqs.nationalmap.gov/v1/json","source":"USGS Elevation Point Query Service, interpolated from 3DEP dynamic elevation service","source_license":"public_domain","license_status":"public_domain","attribution":"Data available from U.S. Geological Survey, 3D Elevation Program.","confidence":"model_derived_topographic_estimate","last_checked":"2026-05-13","ai_answer_rule":"Describe as model-derived USGS 3DEP elevation sampled along Scout open route geometry; values may differ from guidebook profiles or surveyed summits."},"geometry":{"type":"Point","coordinates":[-83.573875,35.564694]}},{"type":"Feature","properties":{"sample_id":"elev-open-5mi-0040","trail":"Appalachian Trail","route_id":"at-main-osm-2026-open","mile_nobo":195,"mile_sobo":1911.2,"lat":35.563931,"lon":-83.49695,"interval_miles":5,"elevation_ft":6514.1,"epqs":{"raster_id":116536,"resolution":1},"source_id":"usgs_3dep","source_url":"https://epqs.nationalmap.gov/v1/json","source":"USGS Elevation Point Query Service, interpolated from 3DEP dynamic elevation service","source_license":"public_domain","license_status":"public_domain","attribution":"Data available from U.S. Geological Survey, 3D Elevation Program.","confidence":"model_derived_topographic_estimate","last_checked":"2026-05-13","ai_answer_rule":"Describe as model-derived USGS 3DEP elevation sampled along Scout open route geometry; values may differ from guidebook profiles or surveyed summits."},"geometry":{"type":"Point","coordinates":[-83.49695,35.563931]}},{"type":"Feature","properties":{"sample_id":"elev-open-5mi-0041","trail":"Appalachian Trail","route_id":"at-main-osm-2026-open","mile_nobo":200,"mile_sobo":1906.2,"lat":35.604094,"lon":-83.451191,"interval_miles":5,"elevation_ft":5507,"epqs":{"raster_id":106136,"resolution":1},"source_id":"usgs_3dep","source_url":"https://epqs.nationalmap.gov/v1/json","source":"USGS Elevation Point Query Service, interpolated from 3DEP dynamic elevation service","source_license":"public_domain","license_status":"public_domain","attribution":"Data available from U.S. Geological Survey, 3D Elevation Program.","confidence":"model_derived_topographic_estimate","last_checked":"2026-05-13","ai_answer_rule":"Describe as model-derived USGS 3DEP elevation sampled along Scout open route geometry; values may differ from guidebook profiles or surveyed summits."},"geometry":{"type":"Point","coordinates":[-83.451191,35.604094]}},{"type":"Feature","properties":{"sample_id":"elev-open-5mi-0042","trail":"Appalachian Trail","route_id":"at-main-osm-2026-open","mile_nobo":205,"mile_sobo":1901.2,"lat":35.628402,"lon":-83.389829,"interval_miles":5,"elevation_ft":6021.6,"epqs":{"raster_id":133260,"resolution":1},"source_id":"usgs_3dep","source_url":"https://epqs.nationalmap.gov/v1/json","source":"USGS Elevation Point Query Service, interpolated from 3DEP dynamic elevation service","source_license":"public_domain","license_status":"public_domain","attribution":"Data available from U.S. Geological Survey, 3D Elevation Program.","confidence":"model_derived_topographic_estimate","last_checked":"2026-05-13","ai_answer_rule":"Describe as model-derived USGS 3DEP elevation sampled along Scout open route geometry; values may differ from guidebook profiles or surveyed summits."},"geometry":{"type":"Point","coordinates":[-83.389829,35.628402]}},{"type":"Feature","properties":{"sample_id":"elev-open-5mi-0043","trail":"Appalachian Trail","route_id":"at-main-osm-2026-open","mile_nobo":210,"mile_sobo":1896.2,"lat":35.665299,"lon":-83.34053,"interval_miles":5,"elevation_ft":5749,"epqs":{"raster_id":133260,"resolution":1},"source_id":"usgs_3dep","source_url":"https://epqs.nationalmap.gov/v1/json","source":"USGS Elevation Point Query Service, interpolated from 3DEP dynamic elevation service","source_license":"public_domain","license_status":"public_domain","attribution":"Data available from U.S. Geological Survey, 3D Elevation Program.","confidence":"model_derived_topographic_estimate","last_checked":"2026-05-13","ai_answer_rule":"Describe as model-derived USGS 3DEP elevation sampled along Scout open route geometry; values may differ from guidebook profiles or surveyed summits."},"geometry":{"type":"Point","coordinates":[-83.34053,35.665299]}},{"type":"Feature","properties":{"sample_id":"elev-open-5mi-0044","trail":"Appalachian Trail","route_id":"at-main-osm-2026-open","mile_nobo":215,"mile_sobo":1891.2,"lat":35.674447,"lon":-83.286413,"interval_miles":5,"elevation_ft":5931.1,"epqs":{"raster_id":73938,"resolution":1},"source_id":"usgs_3dep","source_url":"https://epqs.nationalmap.gov/v1/json","source":"USGS Elevation Point Query Service, interpolated from 3DEP dynamic elevation service","source_license":"public_domain","license_status":"public_domain","attribution":"Data available from U.S. Geological Survey, 3D Elevation Program.","confidence":"model_derived_topographic_estimate","last_checked":"2026-05-13","ai_answer_rule":"Describe as model-derived USGS 3DEP elevation sampled along Scout open route geometry; values may differ from guidebook profiles or surveyed summits."},"geometry":{"type":"Point","coordinates":[-83.286413,35.674447]}},{"type":"Feature","properties":{"sample_id":"elev-open-5mi-0045","trail":"Appalachian Trail","route_id":"at-main-osm-2026-open","mile_nobo":220,"mile_sobo":1886.2,"lat":35.7161,"lon":-83.256351,"interval_miles":5,"elevation_ft":6235.9,"epqs":{"raster_id":73938,"resolution":1},"source_id":"usgs_3dep","source_url":"https://epqs.nationalmap.gov/v1/json","source":"USGS Elevation Point Query Service, interpolated from 3DEP dynamic elevation service","source_license":"public_domain","license_status":"public_domain","attribution":"Data available from U.S. Geological Survey, 3D Elevation Program.","confidence":"model_derived_topographic_estimate","last_checked":"2026-05-13","ai_answer_rule":"Describe as model-derived USGS 3DEP elevation sampled along Scout open route geometry; values may differ from guidebook profiles or surveyed summits."},"geometry":{"type":"Point","coordinates":[-83.256351,35.7161]}},{"type":"Feature","properties":{"sample_id":"elev-open-5mi-0046","trail":"Appalachian Trail","route_id":"at-main-osm-2026-open","mile_nobo":225,"mile_sobo":1881.2,"lat":35.727259,"lon":-83.18401,"interval_miles":5,"elevation_ft":4861.5,"epqs":{"raster_id":62707,"resolution":1},"source_id":"usgs_3dep","source_url":"https://epqs.nationalmap.gov/v1/json","source":"USGS Elevation Point Query Service, interpolated from 3DEP dynamic elevation service","source_license":"public_domain","license_status":"public_domain","attribution":"Data available from U.S. Geological Survey, 3D Elevation Program.","confidence":"model_derived_topographic_estimate","last_checked":"2026-05-13","ai_answer_rule":"Describe as model-derived USGS 3DEP elevation sampled along Scout open route geometry; values may differ from guidebook profiles or surveyed summits."},"geometry":{"type":"Point","coordinates":[-83.18401,35.727259]}},{"type":"Feature","properties":{"sample_id":"elev-open-5mi-0047","trail":"Appalachian Trail","route_id":"at-main-osm-2026-open","mile_nobo":230,"mile_sobo":1876.2,"lat":35.763272,"lon":-83.144939,"interval_miles":5,"elevation_ft":3576.9,"epqs":{"raster_id":62707,"resolution":1},"source_id":"usgs_3dep","source_url":"https://epqs.nationalmap.gov/v1/json","source":"USGS Elevation Point Query Service, interpolated from 3DEP dynamic elevation service","source_license":"public_domain","license_status":"public_domain","attribution":"Data available from U.S. Geological Survey, 3D Elevation Program.","confidence":"model_derived_topographic_estimate","last_checked":"2026-05-13","ai_answer_rule":"Describe as model-derived USGS 3DEP elevation sampled along Scout open route geometry; values may differ from guidebook profiles or surveyed summits."},"geometry":{"type":"Point","coordinates":[-83.144939,35.763272]}},{"type":"Feature","properties":{"sample_id":"elev-open-5mi-0048","trail":"Appalachian Trail","route_id":"at-main-osm-2026-open","mile_nobo":235,"mile_sobo":1871.2,"lat":35.782074,"lon":-83.106788,"interval_miles":5,"elevation_ft":1698.6,"epqs":{"raster_id":47246,"resolution":1},"source_id":"usgs_3dep","source_url":"https://epqs.nationalmap.gov/v1/json","source":"USGS Elevation Point Query Service, interpolated from 3DEP dynamic elevation service","source_license":"public_domain","license_status":"public_domain","attribution":"Data available from U.S. Geological Survey, 3D Elevation Program.","confidence":"model_derived_topographic_estimate","last_checked":"2026-05-13","ai_answer_rule":"Describe as model-derived USGS 3DEP elevation sampled along Scout open route geometry; values may differ from guidebook profiles or surveyed summits."},"geometry":{"type":"Point","coordinates":[-83.106788,35.782074]}},{"type":"Feature","properties":{"sample_id":"elev-open-5mi-0049","trail":"Appalachian Trail","route_id":"at-main-osm-2026-open","mile_nobo":240,"mile_sobo":1866.2,"lat":35.789346,"lon":-83.052022,"interval_miles":5,"elevation_ft":4240.8,"epqs":{"raster_id":19917,"resolution":1},"source_id":"usgs_3dep","source_url":"https://epqs.nationalmap.gov/v1/json","source":"USGS Elevation Point Query Service, interpolated from 3DEP dynamic elevation service","source_license":"public_domain","license_status":"public_domain","attribution":"Data available from U.S. Geological Survey, 3D Elevation Program.","confidence":"model_derived_topographic_estimate","last_checked":"2026-05-13","ai_answer_rule":"Describe as model-derived USGS 3DEP elevation sampled along Scout open route geometry; values may differ from guidebook profiles or surveyed summits."},"geometry":{"type":"Point","coordinates":[-83.052022,35.789346]}},{"type":"Feature","properties":{"sample_id":"elev-open-5mi-0050","trail":"Appalachian Trail","route_id":"at-main-osm-2026-open","mile_nobo":245,"mile_sobo":1861.2,"lat":35.772325,"lon":-82.998701,"interval_miles":5,"elevation_ft":3578.8,"epqs":{"raster_id":19917,"resolution":1},"source_id":"usgs_3dep","source_url":"https://epqs.nationalmap.gov/v1/json","source":"USGS Elevation Point Query Service, interpolated from 3DEP dynamic elevation service","source_license":"public_domain","license_status":"public_domain","attribution":"Data available from U.S. Geological Survey, 3D Elevation Program.","confidence":"model_derived_topographic_estimate","last_checked":"2026-05-13","ai_answer_rule":"Describe as model-derived USGS 3DEP elevation sampled along Scout open route geometry; values may differ from guidebook profiles or surveyed summits."},"geometry":{"type":"Point","coordinates":[-82.998701,35.772325]}},{"type":"Feature","properties":{"sample_id":"elev-open-5mi-0051","trail":"Appalachian Trail","route_id":"at-main-osm-2026-open","mile_nobo":250,"mile_sobo":1856.2,"lat":35.801705,"lon":-82.946037,"interval_miles":5,"elevation_ft":4148.8,"epqs":{"raster_id":129971,"resolution":1},"source_id":"usgs_3dep","source_url":"https://epqs.nationalmap.gov/v1/json","source":"USGS Elevation Point Query Service, interpolated from 3DEP dynamic elevation service","source_license":"public_domain","license_status":"public_domain","attribution":"Data available from U.S. Geological Survey, 3D Elevation Program.","confidence":"model_derived_topographic_estimate","last_checked":"2026-05-13","ai_answer_rule":"Describe as model-derived USGS 3DEP elevation sampled along Scout open route geometry; values may differ from guidebook profiles or surveyed summits."},"geometry":{"type":"Point","coordinates":[-82.946037,35.801705]}},{"type":"Feature","properties":{"sample_id":"elev-open-5mi-0052","trail":"Appalachian Trail","route_id":"at-main-osm-2026-open","mile_nobo":255,"mile_sobo":1851.2,"lat":35.836903,"lon":-82.938168,"interval_miles":5,"elevation_ft":4296.2,"epqs":{"raster_id":129971,"resolution":1},"source_id":"usgs_3dep","source_url":"https://epqs.nationalmap.gov/v1/json","source":"USGS Elevation Point Query Service, interpolated from 3DEP dynamic elevation service","source_license":"public_domain","license_status":"public_domain","attribution":"Data available from U.S. Geological Survey, 3D Elevation Program.","confidence":"model_derived_topographic_estimate","last_checked":"2026-05-13","ai_answer_rule":"Describe as model-derived USGS 3DEP elevation sampled along Scout open route geometry; values may differ from guidebook profiles or surveyed summits."},"geometry":{"type":"Point","coordinates":[-82.938168,35.836903]}},{"type":"Feature","properties":{"sample_id":"elev-open-5mi-0053","trail":"Appalachian Trail","route_id":"at-main-osm-2026-open","mile_nobo":260,"mile_sobo":1846.2,"lat":35.852742,"lon":-82.893274,"interval_miles":5,"elevation_ft":3197.2,"epqs":{"raster_id":129971,"resolution":1},"source_id":"usgs_3dep","source_url":"https://epqs.nationalmap.gov/v1/json","source":"USGS Elevation Point Query Service, interpolated from 3DEP dynamic elevation service","source_license":"public_domain","license_status":"public_domain","attribution":"Data available from U.S. Geological Survey, 3D Elevation Program.","confidence":"model_derived_topographic_estimate","last_checked":"2026-05-13","ai_answer_rule":"Describe as model-derived USGS 3DEP elevation sampled along Scout open route geometry; values may differ from guidebook profiles or surveyed summits."},"geometry":{"type":"Point","coordinates":[-82.893274,35.852742]}},{"type":"Feature","properties":{"sample_id":"elev-open-5mi-0054","trail":"Appalachian Trail","route_id":"at-main-osm-2026-open","mile_nobo":265,"mile_sobo":1841.2,"lat":35.876296,"lon":-82.862549,"interval_miles":5,"elevation_ft":2317.4,"epqs":{"raster_id":33205,"resolution":1},"source_id":"usgs_3dep","source_url":"https://epqs.nationalmap.gov/v1/json","source":"USGS Elevation Point Query Service, interpolated from 3DEP dynamic elevation service","source_license":"public_domain","license_status":"public_domain","attribution":"Data available from U.S. Geological Survey, 3D Elevation Program.","confidence":"model_derived_topographic_estimate","last_checked":"2026-05-13","ai_answer_rule":"Describe as model-derived USGS 3DEP elevation sampled along Scout open route geometry; values may differ from guidebook profiles or surveyed summits."},"geometry":{"type":"Point","coordinates":[-82.862549,35.876296]}},{"type":"Feature","properties":{"sample_id":"elev-open-5mi-0055","trail":"Appalachian Trail","route_id":"at-main-osm-2026-open","mile_nobo":270,"mile_sobo":1836.2,"lat":35.88692,"lon":-82.815736,"interval_miles":5,"elevation_ft":2136,"epqs":{"raster_id":33205,"resolution":1},"source_id":"usgs_3dep","source_url":"https://epqs.nationalmap.gov/v1/json","source":"USGS Elevation Point Query Service, interpolated from 3DEP dynamic elevation service","source_license":"public_domain","license_status":"public_domain","attribution":"Data available from U.S. Geological Survey, 3D Elevation Program.","confidence":"model_derived_topographic_estimate","last_checked":"2026-05-13","ai_answer_rule":"Describe as model-derived USGS 3DEP elevation sampled along Scout open route geometry; values may differ from guidebook profiles or surveyed summits."},"geometry":{"type":"Point","coordinates":[-82.815736,35.88692]}},{"type":"Feature","properties":{"sample_id":"elev-open-5mi-0056","trail":"Appalachian Trail","route_id":"at-main-osm-2026-open","mile_nobo":275,"mile_sobo":1831.2,"lat":35.913851,"lon":-82.797648,"interval_miles":5,"elevation_ft":2791.6,"epqs":{"raster_id":33205,"resolution":1},"source_id":"usgs_3dep","source_url":"https://epqs.nationalmap.gov/v1/json","source":"USGS Elevation Point Query Service, interpolated from 3DEP dynamic elevation service","source_license":"public_domain","license_status":"public_domain","attribution":"Data available from U.S. Geological Survey, 3D Elevation Program.","confidence":"model_derived_topographic_estimate","last_checked":"2026-05-13","ai_answer_rule":"Describe as model-derived USGS 3DEP elevation sampled along Scout open route geometry; values may differ from guidebook profiles or surveyed summits."},"geometry":{"type":"Point","coordinates":[-82.797648,35.913851]}},{"type":"Feature","properties":{"sample_id":"elev-open-5mi-0057","trail":"Appalachian Trail","route_id":"at-main-osm-2026-open","mile_nobo":280,"mile_sobo":1826.2,"lat":35.962243,"lon":-82.785772,"interval_miles":5,"elevation_ft":3428,"epqs":{"raster_id":107928,"resolution":1},"source_id":"usgs_3dep","source_url":"https://epqs.nationalmap.gov/v1/json","source":"USGS Elevation Point Query Service, interpolated from 3DEP dynamic elevation service","source_license":"public_domain","license_status":"public_domain","attribution":"Data available from U.S. Geological Survey, 3D Elevation Program.","confidence":"model_derived_topographic_estimate","last_checked":"2026-05-13","ai_answer_rule":"Describe as model-derived USGS 3DEP elevation sampled along Scout open route geometry; values may differ from guidebook profiles or surveyed summits."},"geometry":{"type":"Point","coordinates":[-82.785772,35.962243]}},{"type":"Feature","properties":{"sample_id":"elev-open-5mi-0058","trail":"Appalachian Trail","route_id":"at-main-osm-2026-open","mile_nobo":285,"mile_sobo":1821.2,"lat":36.001565,"lon":-82.765668,"interval_miles":5,"elevation_ft":2896.6,"epqs":{"raster_id":23955,"resolution":1},"source_id":"usgs_3dep","source_url":"https://epqs.nationalmap.gov/v1/json","source":"USGS Elevation Point Query Service, interpolated from 3DEP dynamic elevation service","source_license":"public_domain","license_status":"public_domain","attribution":"Data available from U.S. Geological Survey, 3D Elevation Program.","confidence":"model_derived_topographic_estimate","last_checked":"2026-05-13","ai_answer_rule":"Describe as model-derived USGS 3DEP elevation sampled along Scout open route geometry; values may differ from guidebook profiles or surveyed summits."},"geometry":{"type":"Point","coordinates":[-82.765668,36.001565]}},{"type":"Feature","properties":{"sample_id":"elev-open-5mi-0059","trail":"Appalachian Trail","route_id":"at-main-osm-2026-open","mile_nobo":290,"mile_sobo":1816.2,"lat":36.027823,"lon":-82.710947,"interval_miles":5,"elevation_ft":4399.2,"epqs":{"raster_id":23955,"resolution":1},"source_id":"usgs_3dep","source_url":"https://epqs.nationalmap.gov/v1/json","source":"USGS Elevation Point Query Service, interpolated from 3DEP dynamic elevation service","source_license":"public_domain","license_status":"public_domain","attribution":"Data available from U.S. Geological Survey, 3D Elevation Program.","confidence":"model_derived_topographic_estimate","last_checked":"2026-05-13","ai_answer_rule":"Describe as model-derived USGS 3DEP elevation sampled along Scout open route geometry; values may differ from guidebook profiles or surveyed summits."},"geometry":{"type":"Point","coordinates":[-82.710947,36.027823]}},{"type":"Feature","properties":{"sample_id":"elev-open-5mi-0060","trail":"Appalachian Trail","route_id":"at-main-osm-2026-open","mile_nobo":295,"mile_sobo":1811.2,"lat":36.058311,"lon":-82.650191,"interval_miles":5,"elevation_ft":4394.8,"epqs":{"raster_id":24604,"resolution":1},"source_id":"usgs_3dep","source_url":"https://epqs.nationalmap.gov/v1/json","source":"USGS Elevation Point Query Service, interpolated from 3DEP dynamic elevation service","source_license":"public_domain","license_status":"public_domain","attribution":"Data available from U.S. Geological Survey, 3D Elevation Program.","confidence":"model_derived_topographic_estimate","last_checked":"2026-05-13","ai_answer_rule":"Describe as model-derived USGS 3DEP elevation sampled along Scout open route geometry; values may differ from guidebook profiles or surveyed summits."},"geometry":{"type":"Point","coordinates":[-82.650191,36.058311]}},{"type":"Feature","properties":{"sample_id":"elev-open-5mi-0061","trail":"Appalachian Trail","route_id":"at-main-osm-2026-open","mile_nobo":300,"mile_sobo":1806.2,"lat":36.040037,"lon":-82.605255,"interval_miles":5,"elevation_ft":3666.8,"epqs":{"raster_id":108092,"resolution":1},"source_id":"usgs_3dep","source_url":"https://epqs.nationalmap.gov/v1/json","source":"USGS Elevation Point Query Service, interpolated from 3DEP dynamic elevation service","source_license":"public_domain","license_status":"public_domain","attribution":"Data available from U.S. Geological Survey, 3D Elevation Program.","confidence":"model_derived_topographic_estimate","last_checked":"2026-05-13","ai_answer_rule":"Describe as model-derived USGS 3DEP elevation sampled along Scout open route geometry; values may differ from guidebook profiles or surveyed summits."},"geometry":{"type":"Point","coordinates":[-82.605255,36.040037]}},{"type":"Feature","properties":{"sample_id":"elev-open-5mi-0062","trail":"Appalachian Trail","route_id":"at-main-osm-2026-open","mile_nobo":305,"mile_sobo":1801.2,"lat":35.997969,"lon":-82.606706,"interval_miles":5,"elevation_ft":3505.4,"epqs":{"raster_id":54762,"resolution":1},"source_id":"usgs_3dep","source_url":"https://epqs.nationalmap.gov/v1/json","source":"USGS Elevation Point Query Service, interpolated from 3DEP dynamic elevation service","source_license":"public_domain","license_status":"public_domain","attribution":"Data available from U.S. Geological Survey, 3D Elevation Program.","confidence":"model_derived_topographic_estimate","last_checked":"2026-05-13","ai_answer_rule":"Describe as model-derived USGS 3DEP elevation sampled along Scout open route geometry; values may differ from guidebook profiles or surveyed summits."},"geometry":{"type":"Point","coordinates":[-82.606706,35.997969]}},{"type":"Feature","properties":{"sample_id":"elev-open-5mi-0063","trail":"Appalachian Trail","route_id":"at-main-osm-2026-open","mile_nobo":310,"mile_sobo":1796.2,"lat":35.966137,"lon":-82.59089,"interval_miles":5,"elevation_ft":4228.1,"epqs":{"raster_id":108092,"resolution":1},"source_id":"usgs_3dep","source_url":"https://epqs.nationalmap.gov/v1/json","source":"USGS Elevation Point Query Service, interpolated from 3DEP dynamic elevation service","source_license":"public_domain","license_status":"public_domain","attribution":"Data available from U.S. Geological Survey, 3D Elevation Program.","confidence":"model_derived_topographic_estimate","last_checked":"2026-05-13","ai_answer_rule":"Describe as model-derived USGS 3DEP elevation sampled along Scout open route geometry; values may differ from guidebook profiles or surveyed summits."},"geometry":{"type":"Point","coordinates":[-82.59089,35.966137]}},{"type":"Feature","properties":{"sample_id":"elev-open-5mi-0064","trail":"Appalachian Trail","route_id":"at-main-osm-2026-open","mile_nobo":315,"mile_sobo":1791.2,"lat":35.969074,"lon":-82.53783,"interval_miles":5,"elevation_ft":4184.3,"epqs":{"raster_id":129282,"resolution":1},"source_id":"usgs_3dep","source_url":"https://epqs.nationalmap.gov/v1/json","source":"USGS Elevation Point Query Service, interpolated from 3DEP dynamic elevation service","source_license":"public_domain","license_status":"public_domain","attribution":"Data available from U.S. Geological Survey, 3D Elevation Program.","confidence":"model_derived_topographic_estimate","last_checked":"2026-05-13","ai_answer_rule":"Describe as model-derived USGS 3DEP elevation sampled along Scout open route geometry; values may differ from guidebook profiles or surveyed summits."},"geometry":{"type":"Point","coordinates":[-82.53783,35.969074]}},{"type":"Feature","properties":{"sample_id":"elev-open-5mi-0065","trail":"Appalachian Trail","route_id":"at-main-osm-2026-open","mile_nobo":320,"mile_sobo":1786.2,"lat":35.999612,"lon":-82.480617,"interval_miles":5,"elevation_ft":5110.2,"epqs":{"raster_id":129282,"resolution":1},"source_id":"usgs_3dep","source_url":"https://epqs.nationalmap.gov/v1/json","source":"USGS Elevation Point Query Service, interpolated from 3DEP dynamic elevation service","source_license":"public_domain","license_status":"public_domain","attribution":"Data available from U.S. Geological Survey, 3D Elevation Program.","confidence":"model_derived_topographic_estimate","last_checked":"2026-05-13","ai_answer_rule":"Describe as model-derived USGS 3DEP elevation sampled along Scout open route geometry; values may differ from guidebook profiles or surveyed summits."},"geometry":{"type":"Point","coordinates":[-82.480617,35.999612]}},{"type":"Feature","properties":{"sample_id":"elev-open-5mi-0066","trail":"Appalachian Trail","route_id":"at-main-osm-2026-open","mile_nobo":325,"mile_sobo":1781.2,"lat":36.026005,"lon":-82.425346,"interval_miles":5,"elevation_ft":3668,"epqs":{"raster_id":100791,"resolution":1},"source_id":"usgs_3dep","source_url":"https://epqs.nationalmap.gov/v1/json","source":"USGS Elevation Point Query Service, interpolated from 3DEP dynamic elevation service","source_license":"public_domain","license_status":"public_domain","attribution":"Data available from U.S. Geological Survey, 3D Elevation Program.","confidence":"model_derived_topographic_estimate","last_checked":"2026-05-13","ai_answer_rule":"Describe as model-derived USGS 3DEP elevation sampled along Scout open route geometry; values may differ from guidebook profiles or surveyed summits."},"geometry":{"type":"Point","coordinates":[-82.425346,36.026005]}},{"type":"Feature","properties":{"sample_id":"elev-open-5mi-0067","trail":"Appalachian Trail","route_id":"at-main-osm-2026-open","mile_nobo":330,"mile_sobo":1776.2,"lat":36.061812,"lon":-82.433956,"interval_miles":5,"elevation_ft":2915.1,"epqs":{"raster_id":131649,"resolution":1},"source_id":"usgs_3dep","source_url":"https://epqs.nationalmap.gov/v1/json","source":"USGS Elevation Point Query Service, interpolated from 3DEP dynamic elevation service","source_license":"public_domain","license_status":"public_domain","attribution":"Data available from U.S. Geological Survey, 3D Elevation Program.","confidence":"model_derived_topographic_estimate","last_checked":"2026-05-13","ai_answer_rule":"Describe as model-derived USGS 3DEP elevation sampled along Scout open route geometry; values may differ from guidebook profiles or surveyed summits."},"geometry":{"type":"Point","coordinates":[-82.433956,36.061812]}},{"type":"Feature","properties":{"sample_id":"elev-open-5mi-0068","trail":"Appalachian Trail","route_id":"at-main-osm-2026-open","mile_nobo":335,"mile_sobo":1771.2,"lat":36.097844,"lon":-82.449802,"interval_miles":5,"elevation_ft":2587.9,"epqs":{"raster_id":32971,"resolution":1},"source_id":"usgs_3dep","source_url":"https://epqs.nationalmap.gov/v1/json","source":"USGS Elevation Point Query Service, interpolated from 3DEP dynamic elevation service","source_license":"public_domain","license_status":"public_domain","attribution":"Data available from U.S. Geological Survey, 3D Elevation Program.","confidence":"model_derived_topographic_estimate","last_checked":"2026-05-13","ai_answer_rule":"Describe as model-derived USGS 3DEP elevation sampled along Scout open route geometry; values may differ from guidebook profiles or surveyed summits."},"geometry":{"type":"Point","coordinates":[-82.449802,36.097844]}},{"type":"Feature","properties":{"sample_id":"elev-open-5mi-0069","trail":"Appalachian Trail","route_id":"at-main-osm-2026-open","mile_nobo":340,"mile_sobo":1766.2,"lat":36.103885,"lon":-82.404299,"interval_miles":5,"elevation_ft":2868.7,"epqs":{"raster_id":55888,"resolution":1},"source_id":"usgs_3dep","source_url":"https://epqs.nationalmap.gov/v1/json","source":"USGS Elevation Point Query Service, interpolated from 3DEP dynamic elevation service","source_license":"public_domain","license_status":"public_domain","attribution":"Data available from U.S. Geological Survey, 3D Elevation Program.","confidence":"model_derived_topographic_estimate","last_checked":"2026-05-13","ai_answer_rule":"Describe as model-derived USGS 3DEP elevation sampled along Scout open route geometry; values may differ from guidebook profiles or surveyed summits."},"geometry":{"type":"Point","coordinates":[-82.404299,36.103885]}},{"type":"Feature","properties":{"sample_id":"elev-open-5mi-0070","trail":"Appalachian Trail","route_id":"at-main-osm-2026-open","mile_nobo":345,"mile_sobo":1761.2,"lat":36.11552,"lon":-82.35487,"interval_miles":5,"elevation_ft":3737.2,"epqs":{"raster_id":131649,"resolution":1},"source_id":"usgs_3dep","source_url":"https://epqs.nationalmap.gov/v1/json","source":"USGS Elevation Point Query Service, interpolated from 3DEP dynamic elevation service","source_license":"public_domain","license_status":"public_domain","attribution":"Data available from U.S. Geological Survey, 3D Elevation Program.","confidence":"model_derived_topographic_estimate","last_checked":"2026-05-13","ai_answer_rule":"Describe as model-derived USGS 3DEP elevation sampled along Scout open route geometry; values may differ from guidebook profiles or surveyed summits."},"geometry":{"type":"Point","coordinates":[-82.35487,36.11552]}},{"type":"Feature","properties":{"sample_id":"elev-open-5mi-0071","trail":"Appalachian Trail","route_id":"at-main-osm-2026-open","mile_nobo":350,"mile_sobo":1756.2,"lat":36.135443,"lon":-82.291271,"interval_miles":5,"elevation_ft":4971.5,"epqs":{"raster_id":42210,"resolution":1},"source_id":"usgs_3dep","source_url":"https://epqs.nationalmap.gov/v1/json","source":"USGS Elevation Point Query Service, interpolated from 3DEP dynamic elevation service","source_license":"public_domain","license_status":"public_domain","attribution":"Data available from U.S. Geological Survey, 3D Elevation Program.","confidence":"model_derived_topographic_estimate","last_checked":"2026-05-13","ai_answer_rule":"Describe as model-derived USGS 3DEP elevation sampled along Scout open route geometry; values may differ from guidebook profiles or surveyed summits."},"geometry":{"type":"Point","coordinates":[-82.291271,36.135443]}},{"type":"Feature","properties":{"sample_id":"elev-open-5mi-0072","trail":"Appalachian Trail","route_id":"at-main-osm-2026-open","mile_nobo":355,"mile_sobo":1751.2,"lat":36.137207,"lon":-82.242149,"interval_miles":5,"elevation_ft":3961.3,"epqs":{"raster_id":42210,"resolution":1},"source_id":"usgs_3dep","source_url":"https://epqs.nationalmap.gov/v1/json","source":"USGS Elevation Point Query Service, interpolated from 3DEP dynamic elevation service","source_license":"public_domain","license_status":"public_domain","attribution":"Data available from U.S. Geological Survey, 3D Elevation Program.","confidence":"model_derived_topographic_estimate","last_checked":"2026-05-13","ai_answer_rule":"Describe as model-derived USGS 3DEP elevation sampled along Scout open route geometry; values may differ from guidebook profiles or surveyed summits."},"geometry":{"type":"Point","coordinates":[-82.242149,36.137207]}},{"type":"Feature","properties":{"sample_id":"elev-open-5mi-0073","trail":"Appalachian Trail","route_id":"at-main-osm-2026-open","mile_nobo":360,"mile_sobo":1746.2,"lat":36.145715,"lon":-82.183768,"interval_miles":5,"elevation_ft":4075.1,"epqs":{"raster_id":91976,"resolution":1},"source_id":"usgs_3dep","source_url":"https://epqs.nationalmap.gov/v1/json","source":"USGS Elevation Point Query Service, interpolated from 3DEP dynamic elevation service","source_license":"public_domain","license_status":"public_domain","attribution":"Data available from U.S. Geological Survey, 3D Elevation Program.","confidence":"model_derived_topographic_estimate","last_checked":"2026-05-13","ai_answer_rule":"Describe as model-derived USGS 3DEP elevation sampled along Scout open route geometry; values may differ from guidebook profiles or surveyed summits."},"geometry":{"type":"Point","coordinates":[-82.183768,36.145715]}},{"type":"Feature","properties":{"sample_id":"elev-open-5mi-0074","trail":"Appalachian Trail","route_id":"at-main-osm-2026-open","mile_nobo":365,"mile_sobo":1741.2,"lat":36.13687,"lon":-82.141045,"interval_miles":5,"elevation_ft":4060.1,"epqs":{"raster_id":19858,"resolution":1},"source_id":"usgs_3dep","source_url":"https://epqs.nationalmap.gov/v1/json","source":"USGS Elevation Point Query Service, interpolated from 3DEP dynamic elevation service","source_license":"public_domain","license_status":"public_domain","attribution":"Data available from U.S. Geological Survey, 3D Elevation Program.","confidence":"model_derived_topographic_estimate","last_checked":"2026-05-13","ai_answer_rule":"Describe as model-derived USGS 3DEP elevation sampled along Scout open route geometry; values may differ from guidebook profiles or surveyed summits."},"geometry":{"type":"Point","coordinates":[-82.141045,36.13687]}},{"type":"Feature","properties":{"sample_id":"elev-open-5mi-0075","trail":"Appalachian Trail","route_id":"at-main-osm-2026-open","mile_nobo":370,"mile_sobo":1736.2,"lat":36.104295,"lon":-82.115405,"interval_miles":5,"elevation_ft":5904.5,"epqs":{"raster_id":19858,"resolution":1},"source_id":"usgs_3dep","source_url":"https://epqs.nationalmap.gov/v1/json","source":"USGS Elevation Point Query Service, interpolated from 3DEP dynamic elevation service","source_license":"public_domain","license_status":"public_domain","attribution":"Data available from U.S. Geological Survey, 3D Elevation Program.","confidence":"model_derived_topographic_estimate","last_checked":"2026-05-13","ai_answer_rule":"Describe as model-derived USGS 3DEP elevation sampled along Scout open route geometry; values may differ from guidebook profiles or surveyed summits."},"geometry":{"type":"Point","coordinates":[-82.115405,36.104295]}},{"type":"Feature","properties":{"sample_id":"elev-open-5mi-0076","trail":"Appalachian Trail","route_id":"at-main-osm-2026-open","mile_nobo":375,"mile_sobo":1731.2,"lat":36.114117,"lon":-82.060793,"interval_miles":5,"elevation_ft":4988.1,"epqs":{"raster_id":134199,"resolution":1},"source_id":"usgs_3dep","source_url":"https://epqs.nationalmap.gov/v1/json","source":"USGS Elevation Point Query Service, interpolated from 3DEP dynamic elevation service","source_license":"public_domain","license_status":"public_domain","attribution":"Data available from U.S. Geological Survey, 3D Elevation Program.","confidence":"model_derived_topographic_estimate","last_checked":"2026-05-13","ai_answer_rule":"Describe as model-derived USGS 3DEP elevation sampled along Scout open route geometry; values may differ from guidebook profiles or surveyed summits."},"geometry":{"type":"Point","coordinates":[-82.060793,36.114117]}},{"type":"Feature","properties":{"sample_id":"elev-open-5mi-0077","trail":"Appalachian Trail","route_id":"at-main-osm-2026-open","mile_nobo":380,"mile_sobo":1726.2,"lat":36.138182,"lon":-82.009116,"interval_miles":5,"elevation_ft":5423.3,"epqs":{"raster_id":134199,"resolution":1},"source_id":"usgs_3dep","source_url":"https://epqs.nationalmap.gov/v1/json","source":"USGS Elevation Point Query Service, interpolated from 3DEP dynamic elevation service","source_license":"public_domain","license_status":"public_domain","attribution":"Data available from U.S. Geological Survey, 3D Elevation Program.","confidence":"model_derived_topographic_estimate","last_checked":"2026-05-13","ai_answer_rule":"Describe as model-derived USGS 3DEP elevation sampled along Scout open route geometry; values may differ from guidebook profiles or surveyed summits."},"geometry":{"type":"Point","coordinates":[-82.009116,36.138182]}},{"type":"Feature","properties":{"sample_id":"elev-open-5mi-0078","trail":"Appalachian Trail","route_id":"at-main-osm-2026-open","mile_nobo":385,"mile_sobo":1721.2,"lat":36.176525,"lon":-82.011263,"interval_miles":5,"elevation_ft":2865.9,"epqs":{"raster_id":83373,"resolution":1},"source_id":"usgs_3dep","source_url":"https://epqs.nationalmap.gov/v1/json","source":"USGS Elevation Point Query Service, interpolated from 3DEP dynamic elevation service","source_license":"public_domain","license_status":"public_domain","attribution":"Data available from U.S. Geological Survey, 3D Elevation Program.","confidence":"model_derived_topographic_estimate","last_checked":"2026-05-13","ai_answer_rule":"Describe as model-derived USGS 3DEP elevation sampled along Scout open route geometry; values may differ from guidebook profiles or surveyed summits."},"geometry":{"type":"Point","coordinates":[-82.011263,36.176525]}},{"type":"Feature","properties":{"sample_id":"elev-open-5mi-0079","trail":"Appalachian Trail","route_id":"at-main-osm-2026-open","mile_nobo":390,"mile_sobo":1716.2,"lat":36.205472,"lon":-81.984686,"interval_miles":5,"elevation_ft":3275.7,"epqs":{"raster_id":83807,"resolution":1},"source_id":"usgs_3dep","source_url":"https://epqs.nationalmap.gov/v1/json","source":"USGS Elevation Point Query Service, interpolated from 3DEP dynamic elevation service","source_license":"public_domain","license_status":"public_domain","attribution":"Data available from U.S. Geological Survey, 3D Elevation Program.","confidence":"model_derived_topographic_estimate","last_checked":"2026-05-13","ai_answer_rule":"Describe as model-derived USGS 3DEP elevation sampled along Scout open route geometry; values may differ from guidebook profiles or surveyed summits."},"geometry":{"type":"Point","coordinates":[-81.984686,36.205472]}},{"type":"Feature","properties":{"sample_id":"elev-open-5mi-0080","trail":"Appalachian Trail","route_id":"at-main-osm-2026-open","mile_nobo":395,"mile_sobo":1711.2,"lat":36.220231,"lon":-82.001934,"interval_miles":5,"elevation_ft":3473.8,"epqs":{"raster_id":83373,"resolution":1},"source_id":"usgs_3dep","source_url":"https://epqs.nationalmap.gov/v1/json","source":"USGS Elevation Point Query Service, interpolated from 3DEP dynamic elevation service","source_license":"public_domain","license_status":"public_domain","attribution":"Data available from U.S. Geological Survey, 3D Elevation Program.","confidence":"model_derived_topographic_estimate","last_checked":"2026-05-13","ai_answer_rule":"Describe as model-derived USGS 3DEP elevation sampled along Scout open route geometry; values may differ from guidebook profiles or surveyed summits."},"geometry":{"type":"Point","coordinates":[-82.001934,36.220231]}},{"type":"Feature","properties":{"sample_id":"elev-open-5mi-0081","trail":"Appalachian Trail","route_id":"at-main-osm-2026-open","mile_nobo":400,"mile_sobo":1706.2,"lat":36.220623,"lon":-82.051018,"interval_miles":5,"elevation_ft":3381.5,"epqs":{"raster_id":83373,"resolution":1},"source_id":"usgs_3dep","source_url":"https://epqs.nationalmap.gov/v1/json","source":"USGS Elevation Point Query Service, interpolated from 3DEP dynamic elevation service","source_license":"public_domain","license_status":"public_domain","attribution":"Data available from U.S. Geological Survey, 3D Elevation Program.","confidence":"model_derived_topographic_estimate","last_checked":"2026-05-13","ai_answer_rule":"Describe as model-derived USGS 3DEP elevation sampled along Scout open route geometry; values may differ from guidebook profiles or surveyed summits."},"geometry":{"type":"Point","coordinates":[-82.051018,36.220623]}},{"type":"Feature","properties":{"sample_id":"elev-open-5mi-0082","trail":"Appalachian Trail","route_id":"at-main-osm-2026-open","mile_nobo":405,"mile_sobo":1701.2,"lat":36.228684,"lon":-82.112299,"interval_miles":5,"elevation_ft":3816.5,"epqs":{"raster_id":83373,"resolution":1},"source_id":"usgs_3dep","source_url":"https://epqs.nationalmap.gov/v1/json","source":"USGS Elevation Point Query Service, interpolated from 3DEP dynamic elevation service","source_license":"public_domain","license_status":"public_domain","attribution":"Data available from U.S. Geological Survey, 3D Elevation Program.","confidence":"model_derived_topographic_estimate","last_checked":"2026-05-13","ai_answer_rule":"Describe as model-derived USGS 3DEP elevation sampled along Scout open route geometry; values may differ from guidebook profiles or surveyed summits."},"geometry":{"type":"Point","coordinates":[-82.112299,36.228684]}},{"type":"Feature","properties":{"sample_id":"elev-open-5mi-0083","trail":"Appalachian Trail","route_id":"at-main-osm-2026-open","mile_nobo":410,"mile_sobo":1696.2,"lat":36.270618,"lon":-82.131629,"interval_miles":5,"elevation_ft":2463.5,"epqs":{"raster_id":26007,"resolution":1},"source_id":"usgs_3dep","source_url":"https://epqs.nationalmap.gov/v1/json","source":"USGS Elevation Point Query Service, interpolated from 3DEP dynamic elevation service","source_license":"public_domain","license_status":"public_domain","attribution":"Data available from U.S. Geological Survey, 3D Elevation Program.","confidence":"model_derived_topographic_estimate","last_checked":"2026-05-13","ai_answer_rule":"Describe as model-derived USGS 3DEP elevation sampled along Scout open route geometry; values may differ from guidebook profiles or surveyed summits."},"geometry":{"type":"Point","coordinates":[-82.131629,36.270618]}},{"type":"Feature","properties":{"sample_id":"elev-open-5mi-0084","trail":"Appalachian Trail","route_id":"at-main-osm-2026-open","mile_nobo":415,"mile_sobo":1691.2,"lat":36.283388,"lon":-82.117518,"interval_miles":5,"elevation_ft":3681.2,"epqs":{"raster_id":26007,"resolution":1},"source_id":"usgs_3dep","source_url":"https://epqs.nationalmap.gov/v1/json","source":"USGS Elevation Point Query Service, interpolated from 3DEP dynamic elevation service","source_license":"public_domain","license_status":"public_domain","attribution":"Data available from U.S. Geological Survey, 3D Elevation Program.","confidence":"model_derived_topographic_estimate","last_checked":"2026-05-13","ai_answer_rule":"Describe as model-derived USGS 3DEP elevation sampled along Scout open route geometry; values may differ from guidebook profiles or surveyed summits."},"geometry":{"type":"Point","coordinates":[-82.117518,36.283388]}},{"type":"Feature","properties":{"sample_id":"elev-open-5mi-0085","trail":"Appalachian Trail","route_id":"at-main-osm-2026-open","mile_nobo":420,"mile_sobo":1686.2,"lat":36.315977,"lon":-82.127013,"interval_miles":5,"elevation_ft":2146.1,"epqs":{"raster_id":26007,"resolution":1},"source_id":"usgs_3dep","source_url":"https://epqs.nationalmap.gov/v1/json","source":"USGS Elevation Point Query Service, interpolated from 3DEP dynamic elevation service","source_license":"public_domain","license_status":"public_domain","attribution":"Data available from U.S. Geological Survey, 3D Elevation Program.","confidence":"model_derived_topographic_estimate","last_checked":"2026-05-13","ai_answer_rule":"Describe as model-derived USGS 3DEP elevation sampled along Scout open route geometry; values may differ from guidebook profiles or surveyed summits."},"geometry":{"type":"Point","coordinates":[-82.127013,36.315977]}},{"type":"Feature","properties":{"sample_id":"elev-open-5mi-0086","trail":"Appalachian Trail","route_id":"at-main-osm-2026-open","mile_nobo":425,"mile_sobo":1681.2,"lat":36.349163,"lon":-82.077494,"interval_miles":5,"elevation_ft":3334.5,"epqs":{"raster_id":19044,"resolution":1},"source_id":"usgs_3dep","source_url":"https://epqs.nationalmap.gov/v1/json","source":"USGS Elevation Point Query Service, interpolated from 3DEP dynamic elevation service","source_license":"public_domain","license_status":"public_domain","attribution":"Data available from U.S. Geological Survey, 3D Elevation Program.","confidence":"model_derived_topographic_estimate","last_checked":"2026-05-13","ai_answer_rule":"Describe as model-derived USGS 3DEP elevation sampled along Scout open route geometry; values may differ from guidebook profiles or surveyed summits."},"geometry":{"type":"Point","coordinates":[-82.077494,36.349163]}},{"type":"Feature","properties":{"sample_id":"elev-open-5mi-0087","trail":"Appalachian Trail","route_id":"at-main-osm-2026-open","mile_nobo":430,"mile_sobo":1676.2,"lat":36.400899,"lon":-82.023934,"interval_miles":5,"elevation_ft":4013.8,"epqs":{"raster_id":19044,"resolution":1},"source_id":"usgs_3dep","source_url":"https://epqs.nationalmap.gov/v1/json","source":"USGS Elevation Point Query Service, interpolated from 3DEP dynamic elevation service","source_license":"public_domain","license_status":"public_domain","attribution":"Data available from U.S. Geological Survey, 3D Elevation Program.","confidence":"model_derived_topographic_estimate","last_checked":"2026-05-13","ai_answer_rule":"Describe as model-derived USGS 3DEP elevation sampled along Scout open route geometry; values may differ from guidebook profiles or surveyed summits."},"geometry":{"type":"Point","coordinates":[-82.023934,36.400899]}},{"type":"Feature","properties":{"sample_id":"elev-open-5mi-0088","trail":"Appalachian Trail","route_id":"at-main-osm-2026-open","mile_nobo":435,"mile_sobo":1671.2,"lat":36.452932,"lon":-81.975334,"interval_miles":5,"elevation_ft":4082.3,"epqs":{"raster_id":25948,"resolution":1},"source_id":"usgs_3dep","source_url":"https://epqs.nationalmap.gov/v1/json","source":"USGS Elevation Point Query Service, interpolated from 3DEP dynamic elevation service","source_license":"public_domain","license_status":"public_domain","attribution":"Data available from U.S. Geological Survey, 3D Elevation Program.","confidence":"model_derived_topographic_estimate","last_checked":"2026-05-13","ai_answer_rule":"Describe as model-derived USGS 3DEP elevation sampled along Scout open route geometry; values may differ from guidebook profiles or surveyed summits."},"geometry":{"type":"Point","coordinates":[-81.975334,36.452932]}},{"type":"Feature","properties":{"sample_id":"elev-open-5mi-0089","trail":"Appalachian Trail","route_id":"at-main-osm-2026-open","mile_nobo":440,"mile_sobo":1666.2,"lat":36.499732,"lon":-81.983717,"interval_miles":5,"elevation_ft":3872.2,"epqs":{"raster_id":25948,"resolution":1},"source_id":"usgs_3dep","source_url":"https://epqs.nationalmap.gov/v1/json","source":"USGS Elevation Point Query Service, interpolated from 3DEP dynamic elevation service","source_license":"public_domain","license_status":"public_domain","attribution":"Data available from U.S. Geological Survey, 3D Elevation Program.","confidence":"model_derived_topographic_estimate","last_checked":"2026-05-13","ai_answer_rule":"Describe as model-derived USGS 3DEP elevation sampled along Scout open route geometry; values may differ from guidebook profiles or surveyed summits."},"geometry":{"type":"Point","coordinates":[-81.983717,36.499732]}},{"type":"Feature","properties":{"sample_id":"elev-open-5mi-0090","trail":"Appalachian Trail","route_id":"at-main-osm-2026-open","mile_nobo":445,"mile_sobo":1661.2,"lat":36.545079,"lon":-81.942751,"interval_miles":5,"elevation_ft":3604.7,"epqs":{"raster_id":24696,"resolution":1},"source_id":"usgs_3dep","source_url":"https://epqs.nationalmap.gov/v1/json","source":"USGS Elevation Point Query Service, interpolated from 3DEP dynamic elevation service","source_license":"public_domain","license_status":"public_domain","attribution":"Data available from U.S. Geological Survey, 3D Elevation Program.","confidence":"model_derived_topographic_estimate","last_checked":"2026-05-13","ai_answer_rule":"Describe as model-derived USGS 3DEP elevation sampled along Scout open route geometry; values may differ from guidebook profiles or surveyed summits."},"geometry":{"type":"Point","coordinates":[-81.942751,36.545079]}},{"type":"Feature","properties":{"sample_id":"elev-open-5mi-0091","trail":"Appalachian Trail","route_id":"at-main-osm-2026-open","mile_nobo":450,"mile_sobo":1656.2,"lat":36.581554,"lon":-81.886668,"interval_miles":5,"elevation_ft":3658.3,"epqs":{"raster_id":45705,"resolution":1},"source_id":"usgs_3dep","source_url":"https://epqs.nationalmap.gov/v1/json","source":"USGS Elevation Point Query Service, interpolated from 3DEP dynamic elevation service","source_license":"public_domain","license_status":"public_domain","attribution":"Data available from U.S. Geological Survey, 3D Elevation Program.","confidence":"model_derived_topographic_estimate","last_checked":"2026-05-13","ai_answer_rule":"Describe as model-derived USGS 3DEP elevation sampled along Scout open route geometry; values may differ from guidebook profiles or surveyed summits."},"geometry":{"type":"Point","coordinates":[-81.886668,36.581554]}},{"type":"Feature","properties":{"sample_id":"elev-open-5mi-0092","trail":"Appalachian Trail","route_id":"at-main-osm-2026-open","mile_nobo":455,"mile_sobo":1651.2,"lat":36.611094,"lon":-81.828255,"interval_miles":5,"elevation_ft":3356,"epqs":{"raster_id":116841,"resolution":1},"source_id":"usgs_3dep","source_url":"https://epqs.nationalmap.gov/v1/json","source":"USGS Elevation Point Query Service, interpolated from 3DEP dynamic elevation service","source_license":"public_domain","license_status":"public_domain","attribution":"Data available from U.S. Geological Survey, 3D Elevation Program.","confidence":"model_derived_topographic_estimate","last_checked":"2026-05-13","ai_answer_rule":"Describe as model-derived USGS 3DEP elevation sampled along Scout open route geometry; values may differ from guidebook profiles or surveyed summits."},"geometry":{"type":"Point","coordinates":[-81.828255,36.611094]}},{"type":"Feature","properties":{"sample_id":"elev-open-5mi-0093","trail":"Appalachian Trail","route_id":"at-main-osm-2026-open","mile_nobo":460,"mile_sobo":1646.2,"lat":36.628634,"lon":-81.776971,"interval_miles":5,"elevation_ft":1969.6,"epqs":{"raster_id":20378,"resolution":1},"source_id":"usgs_3dep","source_url":"https://epqs.nationalmap.gov/v1/json","source":"USGS Elevation Point Query Service, interpolated from 3DEP dynamic elevation service","source_license":"public_domain","license_status":"public_domain","attribution":"Data available from U.S. Geological Survey, 3D Elevation Program.","confidence":"model_derived_topographic_estimate","last_checked":"2026-05-13","ai_answer_rule":"Describe as model-derived USGS 3DEP elevation sampled along Scout open route geometry; values may differ from guidebook profiles or surveyed summits."},"geometry":{"type":"Point","coordinates":[-81.776971,36.628634]}},{"type":"Feature","properties":{"sample_id":"elev-open-5mi-0094","trail":"Appalachian Trail","route_id":"at-main-osm-2026-open","mile_nobo":465,"mile_sobo":1641.2,"lat":36.641568,"lon":-81.735044,"interval_miles":5,"elevation_ft":2329.2,"epqs":{"raster_id":20378,"resolution":1},"source_id":"usgs_3dep","source_url":"https://epqs.nationalmap.gov/v1/json","source":"USGS Elevation Point Query Service, interpolated from 3DEP dynamic elevation service","source_license":"public_domain","license_status":"public_domain","attribution":"Data available from U.S. Geological Survey, 3D Elevation Program.","confidence":"model_derived_topographic_estimate","last_checked":"2026-05-13","ai_answer_rule":"Describe as model-derived USGS 3DEP elevation sampled along Scout open route geometry; values may differ from guidebook profiles or surveyed summits."},"geometry":{"type":"Point","coordinates":[-81.735044,36.641568]}},{"type":"Feature","properties":{"sample_id":"elev-open-5mi-0095","trail":"Appalachian Trail","route_id":"at-main-osm-2026-open","mile_nobo":470,"mile_sobo":1636.2,"lat":36.651196,"lon":-81.693665,"interval_miles":5,"elevation_ft":3217.6,"epqs":{"raster_id":20378,"resolution":1},"source_id":"usgs_3dep","source_url":"https://epqs.nationalmap.gov/v1/json","source":"USGS Elevation Point Query Service, interpolated from 3DEP dynamic elevation service","source_license":"public_domain","license_status":"public_domain","attribution":"Data available from U.S. Geological Survey, 3D Elevation Program.","confidence":"model_derived_topographic_estimate","last_checked":"2026-05-13","ai_answer_rule":"Describe as model-derived USGS 3DEP elevation sampled along Scout open route geometry; values may differ from guidebook profiles or surveyed summits."},"geometry":{"type":"Point","coordinates":[-81.693665,36.651196]}},{"type":"Feature","properties":{"sample_id":"elev-open-5mi-0096","trail":"Appalachian Trail","route_id":"at-main-osm-2026-open","mile_nobo":475,"mile_sobo":1631.2,"lat":36.64546,"lon":-81.654707,"interval_miles":5,"elevation_ft":3344.4,"epqs":{"raster_id":47875,"resolution":1},"source_id":"usgs_3dep","source_url":"https://epqs.nationalmap.gov/v1/json","source":"USGS Elevation Point Query Service, interpolated from 3DEP dynamic elevation service","source_license":"public_domain","license_status":"public_domain","attribution":"Data available from U.S. Geological Survey, 3D Elevation Program.","confidence":"model_derived_topographic_estimate","last_checked":"2026-05-13","ai_answer_rule":"Describe as model-derived USGS 3DEP elevation sampled along Scout open route geometry; values may differ from guidebook profiles or surveyed summits."},"geometry":{"type":"Point","coordinates":[-81.654707,36.64546]}},{"type":"Feature","properties":{"sample_id":"elev-open-5mi-0097","trail":"Appalachian Trail","route_id":"at-main-osm-2026-open","mile_nobo":480,"mile_sobo":1626.2,"lat":36.633744,"lon":-81.610115,"interval_miles":5,"elevation_ft":5020.4,"epqs":{"raster_id":47875,"resolution":1},"source_id":"usgs_3dep","source_url":"https://epqs.nationalmap.gov/v1/json","source":"USGS Elevation Point Query Service, interpolated from 3DEP dynamic elevation service","source_license":"public_domain","license_status":"public_domain","attribution":"Data available from U.S. Geological Survey, 3D Elevation Program.","confidence":"model_derived_topographic_estimate","last_checked":"2026-05-13","ai_answer_rule":"Describe as model-derived USGS 3DEP elevation sampled along Scout open route geometry; values may differ from guidebook profiles or surveyed summits."},"geometry":{"type":"Point","coordinates":[-81.610115,36.633744]}},{"type":"Feature","properties":{"sample_id":"elev-open-5mi-0098","trail":"Appalachian Trail","route_id":"at-main-osm-2026-open","mile_nobo":485,"mile_sobo":1621.2,"lat":36.657998,"lon":-81.554858,"interval_miles":5,"elevation_ft":5052.5,"epqs":{"raster_id":112680,"resolution":1},"source_id":"usgs_3dep","source_url":"https://epqs.nationalmap.gov/v1/json","source":"USGS Elevation Point Query Service, interpolated from 3DEP dynamic elevation service","source_license":"public_domain","license_status":"public_domain","attribution":"Data available from U.S. Geological Survey, 3D Elevation Program.","confidence":"model_derived_topographic_estimate","last_checked":"2026-05-13","ai_answer_rule":"Describe as model-derived USGS 3DEP elevation sampled along Scout open route geometry; values may differ from guidebook profiles or surveyed summits."},"geometry":{"type":"Point","coordinates":[-81.554858,36.657998]}},{"type":"Feature","properties":{"sample_id":"elev-open-5mi-0099","trail":"Appalachian Trail","route_id":"at-main-osm-2026-open","mile_nobo":490,"mile_sobo":1616.2,"lat":36.640583,"lon":-81.507512,"interval_miles":5,"elevation_ft":4864.7,"epqs":{"raster_id":112680,"resolution":1},"source_id":"usgs_3dep","source_url":"https://epqs.nationalmap.gov/v1/json","source":"USGS Elevation Point Query Service, interpolated from 3DEP dynamic elevation service","source_license":"public_domain","license_status":"public_domain","attribution":"Data available from U.S. Geological Survey, 3D Elevation Program.","confidence":"model_derived_topographic_estimate","last_checked":"2026-05-13","ai_answer_rule":"Describe as model-derived USGS 3DEP elevation sampled along Scout open route geometry; values may differ from guidebook profiles or surveyed summits."},"geometry":{"type":"Point","coordinates":[-81.507512,36.640583]}},{"type":"Feature","properties":{"sample_id":"elev-open-5mi-0100","trail":"Appalachian Trail","route_id":"at-main-osm-2026-open","mile_nobo":495,"mile_sobo":1611.2,"lat":36.673208,"lon":-81.488852,"interval_miles":5,"elevation_ft":4652.6,"epqs":{"raster_id":112680,"resolution":1},"source_id":"usgs_3dep","source_url":"https://epqs.nationalmap.gov/v1/json","source":"USGS Elevation Point Query Service, interpolated from 3DEP dynamic elevation service","source_license":"public_domain","license_status":"public_domain","attribution":"Data available from U.S. Geological Survey, 3D Elevation Program.","confidence":"model_derived_topographic_estimate","last_checked":"2026-05-13","ai_answer_rule":"Describe as model-derived USGS 3DEP elevation sampled along Scout open route geometry; values may differ from guidebook profiles or surveyed summits."},"geometry":{"type":"Point","coordinates":[-81.488852,36.673208]}},{"type":"Feature","properties":{"sample_id":"elev-open-5mi-0101","trail":"Appalachian Trail","route_id":"at-main-osm-2026-open","mile_nobo":500,"mile_sobo":1606.2,"lat":36.699356,"lon":-81.513243,"interval_miles":5,"elevation_ft":3835.2,"epqs":{"raster_id":19951,"resolution":1},"source_id":"usgs_3dep","source_url":"https://epqs.nationalmap.gov/v1/json","source":"USGS Elevation Point Query Service, interpolated from 3DEP dynamic elevation service","source_license":"public_domain","license_status":"public_domain","attribution":"Data available from U.S. Geological Survey, 3D Elevation Program.","confidence":"model_derived_topographic_estimate","last_checked":"2026-05-13","ai_answer_rule":"Describe as model-derived USGS 3DEP elevation sampled along Scout open route geometry; values may differ from guidebook profiles or surveyed summits."},"geometry":{"type":"Point","coordinates":[-81.513243,36.699356]}},{"type":"Feature","properties":{"sample_id":"elev-open-5mi-0102","trail":"Appalachian Trail","route_id":"at-main-osm-2026-open","mile_nobo":505,"mile_sobo":1601.2,"lat":36.717011,"lon":-81.48746,"interval_miles":5,"elevation_ft":3038.6,"epqs":{"raster_id":19951,"resolution":1},"source_id":"usgs_3dep","source_url":"https://epqs.nationalmap.gov/v1/json","source":"USGS Elevation Point Query Service, interpolated from 3DEP dynamic elevation service","source_license":"public_domain","license_status":"public_domain","attribution":"Data available from U.S. Geological Survey, 3D Elevation Program.","confidence":"model_derived_topographic_estimate","last_checked":"2026-05-13","ai_answer_rule":"Describe as model-derived USGS 3DEP elevation sampled along Scout open route geometry; values may differ from guidebook profiles or surveyed summits."},"geometry":{"type":"Point","coordinates":[-81.48746,36.717011]}},{"type":"Feature","properties":{"sample_id":"elev-open-5mi-0103","trail":"Appalachian Trail","route_id":"at-main-osm-2026-open","mile_nobo":510,"mile_sobo":1596.2,"lat":36.736034,"lon":-81.473579,"interval_miles":5,"elevation_ft":3657,"epqs":{"raster_id":19951,"resolution":1},"source_id":"usgs_3dep","source_url":"https://epqs.nationalmap.gov/v1/json","source":"USGS Elevation Point Query Service, interpolated from 3DEP dynamic elevation service","source_license":"public_domain","license_status":"public_domain","attribution":"Data available from U.S. Geological Survey, 3D Elevation Program.","confidence":"model_derived_topographic_estimate","last_checked":"2026-05-13","ai_answer_rule":"Describe as model-derived USGS 3DEP elevation sampled along Scout open route geometry; values may differ from guidebook profiles or surveyed summits."},"geometry":{"type":"Point","coordinates":[-81.473579,36.736034]}},{"type":"Feature","properties":{"sample_id":"elev-open-5mi-0104","trail":"Appalachian Trail","route_id":"at-main-osm-2026-open","mile_nobo":515,"mile_sobo":1591.2,"lat":36.77176,"lon":-81.49059,"interval_miles":5,"elevation_ft":2845.2,"epqs":{"raster_id":19951,"resolution":1},"source_id":"usgs_3dep","source_url":"https://epqs.nationalmap.gov/v1/json","source":"USGS Elevation Point Query Service, interpolated from 3DEP dynamic elevation service","source_license":"public_domain","license_status":"public_domain","attribution":"Data available from U.S. Geological Survey, 3D Elevation Program.","confidence":"model_derived_topographic_estimate","last_checked":"2026-05-13","ai_answer_rule":"Describe as model-derived USGS 3DEP elevation sampled along Scout open route geometry; values may differ from guidebook profiles or surveyed summits."},"geometry":{"type":"Point","coordinates":[-81.49059,36.77176]}},{"type":"Feature","properties":{"sample_id":"elev-open-5mi-0105","trail":"Appalachian Trail","route_id":"at-main-osm-2026-open","mile_nobo":520,"mile_sobo":1586.2,"lat":36.802314,"lon":-81.439783,"interval_miles":5,"elevation_ft":3027.2,"epqs":{"raster_id":51559,"resolution":1},"source_id":"usgs_3dep","source_url":"https://epqs.nationalmap.gov/v1/json","source":"USGS Elevation Point Query Service, interpolated from 3DEP dynamic elevation service","source_license":"public_domain","license_status":"public_domain","attribution":"Data available from U.S. Geological Survey, 3D Elevation Program.","confidence":"model_derived_topographic_estimate","last_checked":"2026-05-13","ai_answer_rule":"Describe as model-derived USGS 3DEP elevation sampled along Scout open route geometry; values may differ from guidebook profiles or surveyed summits."},"geometry":{"type":"Point","coordinates":[-81.439783,36.802314]}},{"type":"Feature","properties":{"sample_id":"elev-open-5mi-0106","trail":"Appalachian Trail","route_id":"at-main-osm-2026-open","mile_nobo":525,"mile_sobo":1581.2,"lat":36.830643,"lon":-81.372114,"interval_miles":5,"elevation_ft":3840.3,"epqs":{"raster_id":51559,"resolution":1},"source_id":"usgs_3dep","source_url":"https://epqs.nationalmap.gov/v1/json","source":"USGS Elevation Point Query Service, interpolated from 3DEP dynamic elevation service","source_license":"public_domain","license_status":"public_domain","attribution":"Data available from U.S. Geological Survey, 3D Elevation Program.","confidence":"model_derived_topographic_estimate","last_checked":"2026-05-13","ai_answer_rule":"Describe as model-derived USGS 3DEP elevation sampled along Scout open route geometry; values may differ from guidebook profiles or surveyed summits."},"geometry":{"type":"Point","coordinates":[-81.372114,36.830643]}},{"type":"Feature","properties":{"sample_id":"elev-open-5mi-0107","trail":"Appalachian Trail","route_id":"at-main-osm-2026-open","mile_nobo":530,"mile_sobo":1576.2,"lat":36.872217,"lon":-81.356847,"interval_miles":5,"elevation_ft":2605.3,"epqs":{"raster_id":66551,"resolution":1},"source_id":"usgs_3dep","source_url":"https://epqs.nationalmap.gov/v1/json","source":"USGS Elevation Point Query Service, interpolated from 3DEP dynamic elevation service","source_license":"public_domain","license_status":"public_domain","attribution":"Data available from U.S. Geological Survey, 3D Elevation Program.","confidence":"model_derived_topographic_estimate","last_checked":"2026-05-13","ai_answer_rule":"Describe as model-derived USGS 3DEP elevation sampled along Scout open route geometry; values may differ from guidebook profiles or surveyed summits."},"geometry":{"type":"Point","coordinates":[-81.356847,36.872217]}},{"type":"Feature","properties":{"sample_id":"elev-open-5mi-0108","trail":"Appalachian Trail","route_id":"at-main-osm-2026-open","mile_nobo":535,"mile_sobo":1571.2,"lat":36.91183,"lon":-81.374549,"interval_miles":5,"elevation_ft":2880.3,"epqs":{"raster_id":66551,"resolution":1},"source_id":"usgs_3dep","source_url":"https://epqs.nationalmap.gov/v1/json","source":"USGS Elevation Point Query Service, interpolated from 3DEP dynamic elevation service","source_license":"public_domain","license_status":"public_domain","attribution":"Data available from U.S. Geological Survey, 3D Elevation Program.","confidence":"model_derived_topographic_estimate","last_checked":"2026-05-13","ai_answer_rule":"Describe as model-derived USGS 3DEP elevation sampled along Scout open route geometry; values may differ from guidebook profiles or surveyed summits."},"geometry":{"type":"Point","coordinates":[-81.374549,36.91183]}},{"type":"Feature","properties":{"sample_id":"elev-open-5mi-0109","trail":"Appalachian Trail","route_id":"at-main-osm-2026-open","mile_nobo":540,"mile_sobo":1566.2,"lat":36.955175,"lon":-81.370192,"interval_miles":5,"elevation_ft":3006,"epqs":{"raster_id":66551,"resolution":1},"source_id":"usgs_3dep","source_url":"https://epqs.nationalmap.gov/v1/json","source":"USGS Elevation Point Query Service, interpolated from 3DEP dynamic elevation service","source_license":"public_domain","license_status":"public_domain","attribution":"Data available from U.S. Geological Survey, 3D Elevation Program.","confidence":"model_derived_topographic_estimate","last_checked":"2026-05-13","ai_answer_rule":"Describe as model-derived USGS 3DEP elevation sampled along Scout open route geometry; values may differ from guidebook profiles or surveyed summits."},"geometry":{"type":"Point","coordinates":[-81.370192,36.955175]}},{"type":"Feature","properties":{"sample_id":"elev-open-5mi-0110","trail":"Appalachian Trail","route_id":"at-main-osm-2026-open","mile_nobo":545,"mile_sobo":1561.2,"lat":36.98236,"lon":-81.406692,"interval_miles":5,"elevation_ft":2512.7,"epqs":{"raster_id":19177,"resolution":1},"source_id":"usgs_3dep","source_url":"https://epqs.nationalmap.gov/v1/json","source":"USGS Elevation Point Query Service, interpolated from 3DEP dynamic elevation service","source_license":"public_domain","license_status":"public_domain","attribution":"Data available from U.S. Geological Survey, 3D Elevation Program.","confidence":"model_derived_topographic_estimate","last_checked":"2026-05-13","ai_answer_rule":"Describe as model-derived USGS 3DEP elevation sampled along Scout open route geometry; values may differ from guidebook profiles or surveyed summits."},"geometry":{"type":"Point","coordinates":[-81.406692,36.98236]}},{"type":"Feature","properties":{"sample_id":"elev-open-5mi-0111","trail":"Appalachian Trail","route_id":"at-main-osm-2026-open","mile_nobo":550,"mile_sobo":1556.2,"lat":37.011432,"lon":-81.418186,"interval_miles":5,"elevation_ft":2508.1,"epqs":{"raster_id":19177,"resolution":1},"source_id":"usgs_3dep","source_url":"https://epqs.nationalmap.gov/v1/json","source":"USGS Elevation Point Query Service, interpolated from 3DEP dynamic elevation service","source_license":"public_domain","license_status":"public_domain","attribution":"Data available from U.S. Geological Survey, 3D Elevation Program.","confidence":"model_derived_topographic_estimate","last_checked":"2026-05-13","ai_answer_rule":"Describe as model-derived USGS 3DEP elevation sampled along Scout open route geometry; values may differ from guidebook profiles or surveyed summits."},"geometry":{"type":"Point","coordinates":[-81.418186,37.011432]}},{"type":"Feature","properties":{"sample_id":"elev-open-5mi-0112","trail":"Appalachian Trail","route_id":"at-main-osm-2026-open","mile_nobo":555,"mile_sobo":1551.2,"lat":37.048297,"lon":-81.419772,"interval_miles":5,"elevation_ft":4079,"epqs":{"raster_id":116140,"resolution":1},"source_id":"usgs_3dep","source_url":"https://epqs.nationalmap.gov/v1/json","source":"USGS Elevation Point Query Service, interpolated from 3DEP dynamic elevation service","source_license":"public_domain","license_status":"public_domain","attribution":"Data available from U.S. Geological Survey, 3D Elevation Program.","confidence":"model_derived_topographic_estimate","last_checked":"2026-05-13","ai_answer_rule":"Describe as model-derived USGS 3DEP elevation sampled along Scout open route geometry; values may differ from guidebook profiles or surveyed summits."},"geometry":{"type":"Point","coordinates":[-81.419772,37.048297]}},{"type":"Feature","properties":{"sample_id":"elev-open-5mi-0113","trail":"Appalachian Trail","route_id":"at-main-osm-2026-open","mile_nobo":560,"mile_sobo":1546.2,"lat":37.062459,"lon":-81.343459,"interval_miles":5,"elevation_ft":4015.1,"epqs":{"raster_id":116140,"resolution":1},"source_id":"usgs_3dep","source_url":"https://epqs.nationalmap.gov/v1/json","source":"USGS Elevation Point Query Service, interpolated from 3DEP dynamic elevation service","source_license":"public_domain","license_status":"public_domain","attribution":"Data available from U.S. Geological Survey, 3D Elevation Program.","confidence":"model_derived_topographic_estimate","last_checked":"2026-05-13","ai_answer_rule":"Describe as model-derived USGS 3DEP elevation sampled along Scout open route geometry; values may differ from guidebook profiles or surveyed summits."},"geometry":{"type":"Point","coordinates":[-81.343459,37.062459]}},{"type":"Feature","properties":{"sample_id":"elev-open-5mi-0114","trail":"Appalachian Trail","route_id":"at-main-osm-2026-open","mile_nobo":565,"mile_sobo":1541.2,"lat":37.087339,"lon":-81.269819,"interval_miles":5,"elevation_ft":3217.3,"epqs":{"raster_id":106902,"resolution":1},"source_id":"usgs_3dep","source_url":"https://epqs.nationalmap.gov/v1/json","source":"USGS Elevation Point Query Service, interpolated from 3DEP dynamic elevation service","source_license":"public_domain","license_status":"public_domain","attribution":"Data available from U.S. Geological Survey, 3D Elevation Program.","confidence":"model_derived_topographic_estimate","last_checked":"2026-05-13","ai_answer_rule":"Describe as model-derived USGS 3DEP elevation sampled along Scout open route geometry; values may differ from guidebook profiles or surveyed summits."},"geometry":{"type":"Point","coordinates":[-81.269819,37.087339]}},{"type":"Feature","properties":{"sample_id":"elev-open-5mi-0115","trail":"Appalachian Trail","route_id":"at-main-osm-2026-open","mile_nobo":570,"mile_sobo":1536.2,"lat":37.105828,"lon":-81.211478,"interval_miles":5,"elevation_ft":3032.2,"epqs":{"raster_id":104816,"resolution":1},"source_id":"usgs_3dep","source_url":"https://epqs.nationalmap.gov/v1/json","source":"USGS Elevation Point Query Service, interpolated from 3DEP dynamic elevation service","source_license":"public_domain","license_status":"public_domain","attribution":"Data available from U.S. Geological Survey, 3D Elevation Program.","confidence":"model_derived_topographic_estimate","last_checked":"2026-05-13","ai_answer_rule":"Describe as model-derived USGS 3DEP elevation sampled along Scout open route geometry; values may differ from guidebook profiles or surveyed summits."},"geometry":{"type":"Point","coordinates":[-81.211478,37.105828]}},{"type":"Feature","properties":{"sample_id":"elev-open-5mi-0116","trail":"Appalachian Trail","route_id":"at-main-osm-2026-open","mile_nobo":575,"mile_sobo":1531.2,"lat":37.124984,"lon":-81.167775,"interval_miles":5,"elevation_ft":3056,"epqs":{"raster_id":104816,"resolution":1},"source_id":"usgs_3dep","source_url":"https://epqs.nationalmap.gov/v1/json","source":"USGS Elevation Point Query Service, interpolated from 3DEP dynamic elevation service","source_license":"public_domain","license_status":"public_domain","attribution":"Data available from U.S. Geological Survey, 3D Elevation Program.","confidence":"model_derived_topographic_estimate","last_checked":"2026-05-13","ai_answer_rule":"Describe as model-derived USGS 3DEP elevation sampled along Scout open route geometry; values may differ from guidebook profiles or surveyed summits."},"geometry":{"type":"Point","coordinates":[-81.167775,37.124984]}},{"type":"Feature","properties":{"sample_id":"elev-open-5mi-0117","trail":"Appalachian Trail","route_id":"at-main-osm-2026-open","mile_nobo":580,"mile_sobo":1526.2,"lat":37.134866,"lon":-81.106848,"interval_miles":5,"elevation_ft":3159,"epqs":{"raster_id":56803,"resolution":1},"source_id":"usgs_3dep","source_url":"https://epqs.nationalmap.gov/v1/json","source":"USGS Elevation Point Query Service, interpolated from 3DEP dynamic elevation service","source_license":"public_domain","license_status":"public_domain","attribution":"Data available from U.S. Geological Survey, 3D Elevation Program.","confidence":"model_derived_topographic_estimate","last_checked":"2026-05-13","ai_answer_rule":"Describe as model-derived USGS 3DEP elevation sampled along Scout open route geometry; values may differ from guidebook profiles or surveyed summits."},"geometry":{"type":"Point","coordinates":[-81.106848,37.134866]}},{"type":"Feature","properties":{"sample_id":"elev-open-5mi-0118","trail":"Appalachian Trail","route_id":"at-main-osm-2026-open","mile_nobo":585,"mile_sobo":1521.2,"lat":37.13917,"lon":-81.032949,"interval_miles":5,"elevation_ft":2975.9,"epqs":{"raster_id":127436,"resolution":1},"source_id":"usgs_3dep","source_url":"https://epqs.nationalmap.gov/v1/json","source":"USGS Elevation Point Query Service, interpolated from 3DEP dynamic elevation service","source_license":"public_domain","license_status":"public_domain","attribution":"Data available from U.S. Geological Survey, 3D Elevation Program.","confidence":"model_derived_topographic_estimate","last_checked":"2026-05-13","ai_answer_rule":"Describe as model-derived USGS 3DEP elevation sampled along Scout open route geometry; values may differ from guidebook profiles or surveyed summits."},"geometry":{"type":"Point","coordinates":[-81.032949,37.13917]}},{"type":"Feature","properties":{"sample_id":"elev-open-5mi-0119","trail":"Appalachian Trail","route_id":"at-main-osm-2026-open","mile_nobo":590,"mile_sobo":1516.2,"lat":37.153192,"lon":-80.975902,"interval_miles":5,"elevation_ft":2585.6,"epqs":{"raster_id":101437,"resolution":1},"source_id":"usgs_3dep","source_url":"https://epqs.nationalmap.gov/v1/json","source":"USGS Elevation Point Query Service, interpolated from 3DEP dynamic elevation service","source_license":"public_domain","license_status":"public_domain","attribution":"Data available from U.S. Geological Survey, 3D Elevation Program.","confidence":"model_derived_topographic_estimate","last_checked":"2026-05-13","ai_answer_rule":"Describe as model-derived USGS 3DEP elevation sampled along Scout open route geometry; values may differ from guidebook profiles or surveyed summits."},"geometry":{"type":"Point","coordinates":[-80.975902,37.153192]}},{"type":"Feature","properties":{"sample_id":"elev-open-5mi-0120","trail":"Appalachian Trail","route_id":"at-main-osm-2026-open","mile_nobo":595,"mile_sobo":1511.2,"lat":37.167322,"lon":-80.910402,"interval_miles":5,"elevation_ft":2413.1,"epqs":{"raster_id":101437,"resolution":1},"source_id":"usgs_3dep","source_url":"https://epqs.nationalmap.gov/v1/json","source":"USGS Elevation Point Query Service, interpolated from 3DEP dynamic elevation service","source_license":"public_domain","license_status":"public_domain","attribution":"Data available from U.S. Geological Survey, 3D Elevation Program.","confidence":"model_derived_topographic_estimate","last_checked":"2026-05-13","ai_answer_rule":"Describe as model-derived USGS 3DEP elevation sampled along Scout open route geometry; values may differ from guidebook profiles or surveyed summits."},"geometry":{"type":"Point","coordinates":[-80.910402,37.167322]}},{"type":"Feature","properties":{"sample_id":"elev-open-5mi-0121","trail":"Appalachian Trail","route_id":"at-main-osm-2026-open","mile_nobo":600,"mile_sobo":1506.2,"lat":37.200795,"lon":-80.876826,"interval_miles":5,"elevation_ft":2431,"epqs":{"raster_id":43130,"resolution":1},"source_id":"usgs_3dep","source_url":"https://epqs.nationalmap.gov/v1/json","source":"USGS Elevation Point Query Service, interpolated from 3DEP dynamic elevation service","source_license":"public_domain","license_status":"public_domain","attribution":"Data available from U.S. Geological Survey, 3D Elevation Program.","confidence":"model_derived_topographic_estimate","last_checked":"2026-05-13","ai_answer_rule":"Describe as model-derived USGS 3DEP elevation sampled along Scout open route geometry; values may differ from guidebook profiles or surveyed summits."},"geometry":{"type":"Point","coordinates":[-80.876826,37.200795]}},{"type":"Feature","properties":{"sample_id":"elev-open-5mi-0122","trail":"Appalachian Trail","route_id":"at-main-osm-2026-open","mile_nobo":605,"mile_sobo":1501.2,"lat":37.231909,"lon":-80.809961,"interval_miles":5,"elevation_ft":3198.4,"epqs":{"raster_id":111555,"resolution":1},"source_id":"usgs_3dep","source_url":"https://epqs.nationalmap.gov/v1/json","source":"USGS Elevation Point Query Service, interpolated from 3DEP dynamic elevation service","source_license":"public_domain","license_status":"public_domain","attribution":"Data available from U.S. Geological Survey, 3D Elevation Program.","confidence":"model_derived_topographic_estimate","last_checked":"2026-05-13","ai_answer_rule":"Describe as model-derived USGS 3DEP elevation sampled along Scout open route geometry; values may differ from guidebook profiles or surveyed summits."},"geometry":{"type":"Point","coordinates":[-80.809961,37.231909]}},{"type":"Feature","properties":{"sample_id":"elev-open-5mi-0123","trail":"Appalachian Trail","route_id":"at-main-osm-2026-open","mile_nobo":610,"mile_sobo":1496.2,"lat":37.248599,"lon":-80.864714,"interval_miles":5,"elevation_ft":3700.2,"epqs":{"raster_id":111555,"resolution":1},"source_id":"usgs_3dep","source_url":"https://epqs.nationalmap.gov/v1/json","source":"USGS Elevation Point Query Service, interpolated from 3DEP dynamic elevation service","source_license":"public_domain","license_status":"public_domain","attribution":"Data available from U.S. Geological Survey, 3D Elevation Program.","confidence":"model_derived_topographic_estimate","last_checked":"2026-05-13","ai_answer_rule":"Describe as model-derived USGS 3DEP elevation sampled along Scout open route geometry; values may differ from guidebook profiles or surveyed summits."},"geometry":{"type":"Point","coordinates":[-80.864714,37.248599]}},{"type":"Feature","properties":{"sample_id":"elev-open-5mi-0124","trail":"Appalachian Trail","route_id":"at-main-osm-2026-open","mile_nobo":615,"mile_sobo":1491.2,"lat":37.282935,"lon":-80.810736,"interval_miles":5,"elevation_ft":3312.2,"epqs":{"raster_id":111555,"resolution":1},"source_id":"usgs_3dep","source_url":"https://epqs.nationalmap.gov/v1/json","source":"USGS Elevation Point Query Service, interpolated from 3DEP dynamic elevation service","source_license":"public_domain","license_status":"public_domain","attribution":"Data available from U.S. Geological Survey, 3D Elevation Program.","confidence":"model_derived_topographic_estimate","last_checked":"2026-05-13","ai_answer_rule":"Describe as model-derived USGS 3DEP elevation sampled along Scout open route geometry; values may differ from guidebook profiles or surveyed summits."},"geometry":{"type":"Point","coordinates":[-80.810736,37.282935]}},{"type":"Feature","properties":{"sample_id":"elev-open-5mi-0125","trail":"Appalachian Trail","route_id":"at-main-osm-2026-open","mile_nobo":620,"mile_sobo":1486.2,"lat":37.320444,"lon":-80.755977,"interval_miles":5,"elevation_ft":2963.1,"epqs":{"raster_id":48440,"resolution":1},"source_id":"usgs_3dep","source_url":"https://epqs.nationalmap.gov/v1/json","source":"USGS Elevation Point Query Service, interpolated from 3DEP dynamic elevation service","source_license":"public_domain","license_status":"public_domain","attribution":"Data available from U.S. Geological Survey, 3D Elevation Program.","confidence":"model_derived_topographic_estimate","last_checked":"2026-05-13","ai_answer_rule":"Describe as model-derived USGS 3DEP elevation sampled along Scout open route geometry; values may differ from guidebook profiles or surveyed summits."},"geometry":{"type":"Point","coordinates":[-80.755977,37.320444]}},{"type":"Feature","properties":{"sample_id":"elev-open-5mi-0126","trail":"Appalachian Trail","route_id":"at-main-osm-2026-open","mile_nobo":625,"mile_sobo":1481.2,"lat":37.356704,"lon":-80.751479,"interval_miles":5,"elevation_ft":2033.4,"epqs":{"raster_id":48440,"resolution":1},"source_id":"usgs_3dep","source_url":"https://epqs.nationalmap.gov/v1/json","source":"USGS Elevation Point Query Service, interpolated from 3DEP dynamic elevation service","source_license":"public_domain","license_status":"public_domain","attribution":"Data available from U.S. Geological Survey, 3D Elevation Program.","confidence":"model_derived_topographic_estimate","last_checked":"2026-05-13","ai_answer_rule":"Describe as model-derived USGS 3DEP elevation sampled along Scout open route geometry; values may differ from guidebook profiles or surveyed summits."},"geometry":{"type":"Point","coordinates":[-80.751479,37.356704]}},{"type":"Feature","properties":{"sample_id":"elev-open-5mi-0127","trail":"Appalachian Trail","route_id":"at-main-osm-2026-open","mile_nobo":630,"mile_sobo":1476.2,"lat":37.379832,"lon":-80.74782,"interval_miles":5,"elevation_ft":3358.9,"epqs":{"raster_id":48440,"resolution":1},"source_id":"usgs_3dep","source_url":"https://epqs.nationalmap.gov/v1/json","source":"USGS Elevation Point Query Service, interpolated from 3DEP dynamic elevation service","source_license":"public_domain","license_status":"public_domain","attribution":"Data available from U.S. Geological Survey, 3D Elevation Program.","confidence":"model_derived_topographic_estimate","last_checked":"2026-05-13","ai_answer_rule":"Describe as model-derived USGS 3DEP elevation sampled along Scout open route geometry; values may differ from guidebook profiles or surveyed summits."},"geometry":{"type":"Point","coordinates":[-80.74782,37.379832]}},{"type":"Feature","properties":{"sample_id":"elev-open-5mi-0128","trail":"Appalachian Trail","route_id":"at-main-osm-2026-open","mile_nobo":635,"mile_sobo":1471.2,"lat":37.410363,"lon":-80.672952,"interval_miles":5,"elevation_ft":3364.1,"epqs":{"raster_id":76667,"resolution":1},"source_id":"usgs_3dep","source_url":"https://epqs.nationalmap.gov/v1/json","source":"USGS Elevation Point Query Service, interpolated from 3DEP dynamic elevation service","source_license":"public_domain","license_status":"public_domain","attribution":"Data available from U.S. Geological Survey, 3D Elevation Program.","confidence":"model_derived_topographic_estimate","last_checked":"2026-05-13","ai_answer_rule":"Describe as model-derived USGS 3DEP elevation sampled along Scout open route geometry; values may differ from guidebook profiles or surveyed summits."},"geometry":{"type":"Point","coordinates":[-80.672952,37.410363]}},{"type":"Feature","properties":{"sample_id":"elev-open-5mi-0129","trail":"Appalachian Trail","route_id":"at-main-osm-2026-open","mile_nobo":640,"mile_sobo":1466.2,"lat":37.430644,"lon":-80.614448,"interval_miles":5,"elevation_ft":3313.2,"epqs":{"raster_id":123742,"resolution":1},"source_id":"usgs_3dep","source_url":"https://epqs.nationalmap.gov/v1/json","source":"USGS Elevation Point Query Service, interpolated from 3DEP dynamic elevation service","source_license":"public_domain","license_status":"public_domain","attribution":"Data available from U.S. Geological Survey, 3D Elevation Program.","confidence":"model_derived_topographic_estimate","last_checked":"2026-05-13","ai_answer_rule":"Describe as model-derived USGS 3DEP elevation sampled along Scout open route geometry; values may differ from guidebook profiles or surveyed summits."},"geometry":{"type":"Point","coordinates":[-80.614448,37.430644]}},{"type":"Feature","properties":{"sample_id":"elev-open-5mi-0130","trail":"Appalachian Trail","route_id":"at-main-osm-2026-open","mile_nobo":645,"mile_sobo":1461.2,"lat":37.400224,"lon":-80.579369,"interval_miles":5,"elevation_ft":3434.9,"epqs":{"raster_id":42605,"resolution":1},"source_id":"usgs_3dep","source_url":"https://epqs.nationalmap.gov/v1/json","source":"USGS Elevation Point Query Service, interpolated from 3DEP dynamic elevation service","source_license":"public_domain","license_status":"public_domain","attribution":"Data available from U.S. Geological Survey, 3D Elevation Program.","confidence":"model_derived_topographic_estimate","last_checked":"2026-05-13","ai_answer_rule":"Describe as model-derived USGS 3DEP elevation sampled along Scout open route geometry; values may differ from guidebook profiles or surveyed summits."},"geometry":{"type":"Point","coordinates":[-80.579369,37.400224]}},{"type":"Feature","properties":{"sample_id":"elev-open-5mi-0131","trail":"Appalachian Trail","route_id":"at-main-osm-2026-open","mile_nobo":650,"mile_sobo":1456.2,"lat":37.416235,"lon":-80.501417,"interval_miles":5,"elevation_ft":4063.8,"epqs":{"raster_id":89988,"resolution":1},"source_id":"usgs_3dep","source_url":"https://epqs.nationalmap.gov/v1/json","source":"USGS Elevation Point Query Service, interpolated from 3DEP dynamic elevation service","source_license":"public_domain","license_status":"public_domain","attribution":"Data available from U.S. Geological Survey, 3D Elevation Program.","confidence":"model_derived_topographic_estimate","last_checked":"2026-05-13","ai_answer_rule":"Describe as model-derived USGS 3DEP elevation sampled along Scout open route geometry; values may differ from guidebook profiles or surveyed summits."},"geometry":{"type":"Point","coordinates":[-80.501417,37.416235]}},{"type":"Feature","properties":{"sample_id":"elev-open-5mi-0132","trail":"Appalachian Trail","route_id":"at-main-osm-2026-open","mile_nobo":655,"mile_sobo":1451.2,"lat":37.385527,"lon":-80.467132,"interval_miles":5,"elevation_ft":2194.7,"epqs":{"raster_id":115160,"resolution":1},"source_id":"usgs_3dep","source_url":"https://epqs.nationalmap.gov/v1/json","source":"USGS Elevation Point Query Service, interpolated from 3DEP dynamic elevation service","source_license":"public_domain","license_status":"public_domain","attribution":"Data available from U.S. Geological Survey, 3D Elevation Program.","confidence":"model_derived_topographic_estimate","last_checked":"2026-05-13","ai_answer_rule":"Describe as model-derived USGS 3DEP elevation sampled along Scout open route geometry; values may differ from guidebook profiles or surveyed summits."},"geometry":{"type":"Point","coordinates":[-80.467132,37.385527]}},{"type":"Feature","properties":{"sample_id":"elev-open-5mi-0133","trail":"Appalachian Trail","route_id":"at-main-osm-2026-open","mile_nobo":660,"mile_sobo":1446.2,"lat":37.358558,"lon":-80.421686,"interval_miles":5,"elevation_ft":2810.1,"epqs":{"raster_id":109436,"resolution":1},"source_id":"usgs_3dep","source_url":"https://epqs.nationalmap.gov/v1/json","source":"USGS Elevation Point Query Service, interpolated from 3DEP dynamic elevation service","source_license":"public_domain","license_status":"public_domain","attribution":"Data available from U.S. Geological Survey, 3D Elevation Program.","confidence":"model_derived_topographic_estimate","last_checked":"2026-05-13","ai_answer_rule":"Describe as model-derived USGS 3DEP elevation sampled along Scout open route geometry; values may differ from guidebook profiles or surveyed summits."},"geometry":{"type":"Point","coordinates":[-80.421686,37.358558]}},{"type":"Feature","properties":{"sample_id":"elev-open-5mi-0134","trail":"Appalachian Trail","route_id":"at-main-osm-2026-open","mile_nobo":665,"mile_sobo":1441.2,"lat":37.343539,"lon":-80.366055,"interval_miles":5,"elevation_ft":3154.2,"epqs":{"raster_id":106653,"resolution":1},"source_id":"usgs_3dep","source_url":"https://epqs.nationalmap.gov/v1/json","source":"USGS Elevation Point Query Service, interpolated from 3DEP dynamic elevation service","source_license":"public_domain","license_status":"public_domain","attribution":"Data available from U.S. Geological Survey, 3D Elevation Program.","confidence":"model_derived_topographic_estimate","last_checked":"2026-05-13","ai_answer_rule":"Describe as model-derived USGS 3DEP elevation sampled along Scout open route geometry; values may differ from guidebook profiles or surveyed summits."},"geometry":{"type":"Point","coordinates":[-80.366055,37.343539]}},{"type":"Feature","properties":{"sample_id":"elev-open-5mi-0135","trail":"Appalachian Trail","route_id":"at-main-osm-2026-open","mile_nobo":670,"mile_sobo":1436.2,"lat":37.385146,"lon":-80.296462,"interval_miles":5,"elevation_ft":3319.2,"epqs":{"raster_id":34981,"resolution":1},"source_id":"usgs_3dep","source_url":"https://epqs.nationalmap.gov/v1/json","source":"USGS Elevation Point Query Service, interpolated from 3DEP dynamic elevation service","source_license":"public_domain","license_status":"public_domain","attribution":"Data available from U.S. Geological Survey, 3D Elevation Program.","confidence":"model_derived_topographic_estimate","last_checked":"2026-05-13","ai_answer_rule":"Describe as model-derived USGS 3DEP elevation sampled along Scout open route geometry; values may differ from guidebook profiles or surveyed summits."},"geometry":{"type":"Point","coordinates":[-80.296462,37.385146]}},{"type":"Feature","properties":{"sample_id":"elev-open-5mi-0136","trail":"Appalachian Trail","route_id":"at-main-osm-2026-open","mile_nobo":675,"mile_sobo":1431.2,"lat":37.374699,"lon":-80.248004,"interval_miles":5,"elevation_ft":1690.2,"epqs":{"raster_id":34981,"resolution":1},"source_id":"usgs_3dep","source_url":"https://epqs.nationalmap.gov/v1/json","source":"USGS Elevation Point Query Service, interpolated from 3DEP dynamic elevation service","source_license":"public_domain","license_status":"public_domain","attribution":"Data available from U.S. Geological Survey, 3D Elevation Program.","confidence":"model_derived_topographic_estimate","last_checked":"2026-05-13","ai_answer_rule":"Describe as model-derived USGS 3DEP elevation sampled along Scout open route geometry; values may differ from guidebook profiles or surveyed summits."},"geometry":{"type":"Point","coordinates":[-80.248004,37.374699]}},{"type":"Feature","properties":{"sample_id":"elev-open-5mi-0137","trail":"Appalachian Trail","route_id":"at-main-osm-2026-open","mile_nobo":680,"mile_sobo":1426.2,"lat":37.382349,"lon":-80.200123,"interval_miles":5,"elevation_ft":2508.3,"epqs":{"raster_id":130471,"resolution":1},"source_id":"usgs_3dep","source_url":"https://epqs.nationalmap.gov/v1/json","source":"USGS Elevation Point Query Service, interpolated from 3DEP dynamic elevation service","source_license":"public_domain","license_status":"public_domain","attribution":"Data available from U.S. Geological Survey, 3D Elevation Program.","confidence":"model_derived_topographic_estimate","last_checked":"2026-05-13","ai_answer_rule":"Describe as model-derived USGS 3DEP elevation sampled along Scout open route geometry; values may differ from guidebook profiles or surveyed summits."},"geometry":{"type":"Point","coordinates":[-80.200123,37.382349]}},{"type":"Feature","properties":{"sample_id":"elev-open-5mi-0138","trail":"Appalachian Trail","route_id":"at-main-osm-2026-open","mile_nobo":685,"mile_sobo":1421.2,"lat":37.38588,"lon":-80.164813,"interval_miles":5,"elevation_ft":2517.6,"epqs":{"raster_id":31990,"resolution":1},"source_id":"usgs_3dep","source_url":"https://epqs.nationalmap.gov/v1/json","source":"USGS Elevation Point Query Service, interpolated from 3DEP dynamic elevation service","source_license":"public_domain","license_status":"public_domain","attribution":"Data available from U.S. Geological Survey, 3D Elevation Program.","confidence":"model_derived_topographic_estimate","last_checked":"2026-05-13","ai_answer_rule":"Describe as model-derived USGS 3DEP elevation sampled along Scout open route geometry; values may differ from guidebook profiles or surveyed summits."},"geometry":{"type":"Point","coordinates":[-80.164813,37.38588]}},{"type":"Feature","properties":{"sample_id":"elev-open-5mi-0139","trail":"Appalachian Trail","route_id":"at-main-osm-2026-open","mile_nobo":690,"mile_sobo":1416.2,"lat":37.365746,"lon":-80.145083,"interval_miles":5,"elevation_ft":1811.8,"epqs":{"raster_id":48474,"resolution":1},"source_id":"usgs_3dep","source_url":"https://epqs.nationalmap.gov/v1/json","source":"USGS Elevation Point Query Service, interpolated from 3DEP dynamic elevation service","source_license":"public_domain","license_status":"public_domain","attribution":"Data available from U.S. Geological Survey, 3D Elevation Program.","confidence":"model_derived_topographic_estimate","last_checked":"2026-05-13","ai_answer_rule":"Describe as model-derived USGS 3DEP elevation sampled along Scout open route geometry; values may differ from guidebook profiles or surveyed summits."},"geometry":{"type":"Point","coordinates":[-80.145083,37.365746]}},{"type":"Feature","properties":{"sample_id":"elev-open-5mi-0140","trail":"Appalachian Trail","route_id":"at-main-osm-2026-open","mile_nobo":695,"mile_sobo":1411.2,"lat":37.382165,"lon":-80.086951,"interval_miles":5,"elevation_ft":2117.1,"epqs":{"raster_id":106895,"resolution":1},"source_id":"usgs_3dep","source_url":"https://epqs.nationalmap.gov/v1/json","source":"USGS Elevation Point Query Service, interpolated from 3DEP dynamic elevation service","source_license":"public_domain","license_status":"public_domain","attribution":"Data available from U.S. Geological Survey, 3D Elevation Program.","confidence":"model_derived_topographic_estimate","last_checked":"2026-05-13","ai_answer_rule":"Describe as model-derived USGS 3DEP elevation sampled along Scout open route geometry; values may differ from guidebook profiles or surveyed summits."},"geometry":{"type":"Point","coordinates":[-80.086951,37.382165]}},{"type":"Feature","properties":{"sample_id":"elev-open-5mi-0141","trail":"Appalachian Trail","route_id":"at-main-osm-2026-open","mile_nobo":700,"mile_sobo":1406.2,"lat":37.391626,"lon":-80.020512,"interval_miles":5,"elevation_ft":2406.7,"epqs":{"raster_id":106895,"resolution":1},"source_id":"usgs_3dep","source_url":"https://epqs.nationalmap.gov/v1/json","source":"USGS Elevation Point Query Service, interpolated from 3DEP dynamic elevation service","source_license":"public_domain","license_status":"public_domain","attribution":"Data available from U.S. Geological Survey, 3D Elevation Program.","confidence":"model_derived_topographic_estimate","last_checked":"2026-05-13","ai_answer_rule":"Describe as model-derived USGS 3DEP elevation sampled along Scout open route geometry; values may differ from guidebook profiles or surveyed summits."},"geometry":{"type":"Point","coordinates":[-80.020512,37.391626]}},{"type":"Feature","properties":{"sample_id":"elev-open-5mi-0142","trail":"Appalachian Trail","route_id":"at-main-osm-2026-open","mile_nobo":705,"mile_sobo":1401.2,"lat":37.439199,"lon":-79.993454,"interval_miles":5,"elevation_ft":2461,"epqs":{"raster_id":43234,"resolution":1},"source_id":"usgs_3dep","source_url":"https://epqs.nationalmap.gov/v1/json","source":"USGS Elevation Point Query Service, interpolated from 3DEP dynamic elevation service","source_license":"public_domain","license_status":"public_domain","attribution":"Data available from U.S. Geological Survey, 3D Elevation Program.","confidence":"model_derived_topographic_estimate","last_checked":"2026-05-13","ai_answer_rule":"Describe as model-derived USGS 3DEP elevation sampled along Scout open route geometry; values may differ from guidebook profiles or surveyed summits."},"geometry":{"type":"Point","coordinates":[-79.993454,37.439199]}},{"type":"Feature","properties":{"sample_id":"elev-open-5mi-0143","trail":"Appalachian Trail","route_id":"at-main-osm-2026-open","mile_nobo":710,"mile_sobo":1396.2,"lat":37.41384,"lon":-79.938981,"interval_miles":5,"elevation_ft":1735.1,"epqs":{"raster_id":75978,"resolution":1},"source_id":"usgs_3dep","source_url":"https://epqs.nationalmap.gov/v1/json","source":"USGS Elevation Point Query Service, interpolated from 3DEP dynamic elevation service","source_license":"public_domain","license_status":"public_domain","attribution":"Data available from U.S. Geological Survey, 3D Elevation Program.","confidence":"model_derived_topographic_estimate","last_checked":"2026-05-13","ai_answer_rule":"Describe as model-derived USGS 3DEP elevation sampled along Scout open route geometry; values may differ from guidebook profiles or surveyed summits."},"geometry":{"type":"Point","coordinates":[-79.938981,37.41384]}},{"type":"Feature","properties":{"sample_id":"elev-open-5mi-0144","trail":"Appalachian Trail","route_id":"at-main-osm-2026-open","mile_nobo":715,"mile_sobo":1391.2,"lat":37.394055,"lon":-79.905442,"interval_miles":5,"elevation_ft":1284.4,"epqs":{"raster_id":39434,"resolution":1},"source_id":"usgs_3dep","source_url":"https://epqs.nationalmap.gov/v1/json","source":"USGS Elevation Point Query Service, interpolated from 3DEP dynamic elevation service","source_license":"public_domain","license_status":"public_domain","attribution":"Data available from U.S. Geological Survey, 3D Elevation Program.","confidence":"model_derived_topographic_estimate","last_checked":"2026-05-13","ai_answer_rule":"Describe as model-derived USGS 3DEP elevation sampled along Scout open route geometry; values may differ from guidebook profiles or surveyed summits."},"geometry":{"type":"Point","coordinates":[-79.905442,37.394055]}},{"type":"Feature","properties":{"sample_id":"elev-open-5mi-0145","trail":"Appalachian Trail","route_id":"at-main-osm-2026-open","mile_nobo":720,"mile_sobo":1386.2,"lat":37.397559,"lon":-79.857909,"interval_miles":5,"elevation_ft":2534.3,"epqs":{"raster_id":114483,"resolution":1},"source_id":"usgs_3dep","source_url":"https://epqs.nationalmap.gov/v1/json","source":"USGS Elevation Point Query Service, interpolated from 3DEP dynamic elevation service","source_license":"public_domain","license_status":"public_domain","attribution":"Data available from U.S. Geological Survey, 3D Elevation Program.","confidence":"model_derived_topographic_estimate","last_checked":"2026-05-13","ai_answer_rule":"Describe as model-derived USGS 3DEP elevation sampled along Scout open route geometry; values may differ from guidebook profiles or surveyed summits."},"geometry":{"type":"Point","coordinates":[-79.857909,37.397559]}},{"type":"Feature","properties":{"sample_id":"elev-open-5mi-0146","trail":"Appalachian Trail","route_id":"at-main-osm-2026-open","mile_nobo":725,"mile_sobo":1381.2,"lat":37.421772,"lon":-79.796867,"interval_miles":5,"elevation_ft":1536.3,"epqs":{"raster_id":80105,"resolution":1},"source_id":"usgs_3dep","source_url":"https://epqs.nationalmap.gov/v1/json","source":"USGS Elevation Point Query Service, interpolated from 3DEP dynamic elevation service","source_license":"public_domain","license_status":"public_domain","attribution":"Data available from U.S. Geological Survey, 3D Elevation Program.","confidence":"model_derived_topographic_estimate","last_checked":"2026-05-13","ai_answer_rule":"Describe as model-derived USGS 3DEP elevation sampled along Scout open route geometry; values may differ from guidebook profiles or surveyed summits."},"geometry":{"type":"Point","coordinates":[-79.796867,37.421772]}},{"type":"Feature","properties":{"sample_id":"elev-open-5mi-0147","trail":"Appalachian Trail","route_id":"at-main-osm-2026-open","mile_nobo":730,"mile_sobo":1376.2,"lat":37.437303,"lon":-79.738567,"interval_miles":5,"elevation_ft":2385.8,"epqs":{"raster_id":79033,"resolution":1},"source_id":"usgs_3dep","source_url":"https://epqs.nationalmap.gov/v1/json","source":"USGS Elevation Point Query Service, interpolated from 3DEP dynamic elevation service","source_license":"public_domain","license_status":"public_domain","attribution":"Data available from U.S. Geological Survey, 3D Elevation Program.","confidence":"model_derived_topographic_estimate","last_checked":"2026-05-13","ai_answer_rule":"Describe as model-derived USGS 3DEP elevation sampled along Scout open route geometry; values may differ from guidebook profiles or surveyed summits."},"geometry":{"type":"Point","coordinates":[-79.738567,37.437303]}},{"type":"Feature","properties":{"sample_id":"elev-open-5mi-0148","trail":"Appalachian Trail","route_id":"at-main-osm-2026-open","mile_nobo":735,"mile_sobo":1371.2,"lat":37.480884,"lon":-79.679322,"interval_miles":5,"elevation_ft":2544.8,"epqs":{"raster_id":79033,"resolution":1},"source_id":"usgs_3dep","source_url":"https://epqs.nationalmap.gov/v1/json","source":"USGS Elevation Point Query Service, interpolated from 3DEP dynamic elevation service","source_license":"public_domain","license_status":"public_domain","attribution":"Data available from U.S. Geological Survey, 3D Elevation Program.","confidence":"model_derived_topographic_estimate","last_checked":"2026-05-13","ai_answer_rule":"Describe as model-derived USGS 3DEP elevation sampled along Scout open route geometry; values may differ from guidebook profiles or surveyed summits."},"geometry":{"type":"Point","coordinates":[-79.679322,37.480884]}},{"type":"Feature","properties":{"sample_id":"elev-open-5mi-0149","trail":"Appalachian Trail","route_id":"at-main-osm-2026-open","mile_nobo":740,"mile_sobo":1366.2,"lat":37.515848,"lon":-79.64831,"interval_miles":5,"elevation_ft":2007.6,"epqs":{"raster_id":64247,"resolution":1},"source_id":"usgs_3dep","source_url":"https://epqs.nationalmap.gov/v1/json","source":"USGS Elevation Point Query Service, interpolated from 3DEP dynamic elevation service","source_license":"public_domain","license_status":"public_domain","attribution":"Data available from U.S. Geological Survey, 3D Elevation Program.","confidence":"model_derived_topographic_estimate","last_checked":"2026-05-13","ai_answer_rule":"Describe as model-derived USGS 3DEP elevation sampled along Scout open route geometry; values may differ from guidebook profiles or surveyed summits."},"geometry":{"type":"Point","coordinates":[-79.64831,37.515848]}},{"type":"Feature","properties":{"sample_id":"elev-open-5mi-0150","trail":"Appalachian Trail","route_id":"at-main-osm-2026-open","mile_nobo":745,"mile_sobo":1361.2,"lat":37.533799,"lon":-79.595833,"interval_miles":5,"elevation_ft":1515.7,"epqs":{"raster_id":34927,"resolution":1},"source_id":"usgs_3dep","source_url":"https://epqs.nationalmap.gov/v1/json","source":"USGS Elevation Point Query Service, interpolated from 3DEP dynamic elevation service","source_license":"public_domain","license_status":"public_domain","attribution":"Data available from U.S. Geological Survey, 3D Elevation Program.","confidence":"model_derived_topographic_estimate","last_checked":"2026-05-13","ai_answer_rule":"Describe as model-derived USGS 3DEP elevation sampled along Scout open route geometry; values may differ from guidebook profiles or surveyed summits."},"geometry":{"type":"Point","coordinates":[-79.595833,37.533799]}},{"type":"Feature","properties":{"sample_id":"elev-open-5mi-0151","trail":"Appalachian Trail","route_id":"at-main-osm-2026-open","mile_nobo":750,"mile_sobo":1356.2,"lat":37.509201,"lon":-79.556111,"interval_miles":5,"elevation_ft":3152.7,"epqs":{"raster_id":34927,"resolution":1},"source_id":"usgs_3dep","source_url":"https://epqs.nationalmap.gov/v1/json","source":"USGS Elevation Point Query Service, interpolated from 3DEP dynamic elevation service","source_license":"public_domain","license_status":"public_domain","attribution":"Data available from U.S. Geological Survey, 3D Elevation Program.","confidence":"model_derived_topographic_estimate","last_checked":"2026-05-13","ai_answer_rule":"Describe as model-derived USGS 3DEP elevation sampled along Scout open route geometry; values may differ from guidebook profiles or surveyed summits."},"geometry":{"type":"Point","coordinates":[-79.556111,37.509201]}},{"type":"Feature","properties":{"sample_id":"elev-open-5mi-0152","trail":"Appalachian Trail","route_id":"at-main-osm-2026-open","mile_nobo":755,"mile_sobo":1351.2,"lat":37.514943,"lon":-79.515716,"interval_miles":5,"elevation_ft":4017.7,"epqs":{"raster_id":92075,"resolution":1},"source_id":"usgs_3dep","source_url":"https://epqs.nationalmap.gov/v1/json","source":"USGS Elevation Point Query Service, interpolated from 3DEP dynamic elevation service","source_license":"public_domain","license_status":"public_domain","attribution":"Data available from U.S. Geological Survey, 3D Elevation Program.","confidence":"model_derived_topographic_estimate","last_checked":"2026-05-13","ai_answer_rule":"Describe as model-derived USGS 3DEP elevation sampled along Scout open route geometry; values may differ from guidebook profiles or surveyed summits."},"geometry":{"type":"Point","coordinates":[-79.515716,37.514943]}},{"type":"Feature","properties":{"sample_id":"elev-open-5mi-0153","trail":"Appalachian Trail","route_id":"at-main-osm-2026-open","mile_nobo":760,"mile_sobo":1346.2,"lat":37.553623,"lon":-79.468095,"interval_miles":5,"elevation_ft":3137,"epqs":{"raster_id":92075,"resolution":1},"source_id":"usgs_3dep","source_url":"https://epqs.nationalmap.gov/v1/json","source":"USGS Elevation Point Query Service, interpolated from 3DEP dynamic elevation service","source_license":"public_domain","license_status":"public_domain","attribution":"Data available from U.S. Geological Survey, 3D Elevation Program.","confidence":"model_derived_topographic_estimate","last_checked":"2026-05-13","ai_answer_rule":"Describe as model-derived USGS 3DEP elevation sampled along Scout open route geometry; values may differ from guidebook profiles or surveyed summits."},"geometry":{"type":"Point","coordinates":[-79.468095,37.553623]}},{"type":"Feature","properties":{"sample_id":"elev-open-5mi-0154","trail":"Appalachian Trail","route_id":"at-main-osm-2026-open","mile_nobo":765,"mile_sobo":1341.2,"lat":37.57944,"lon":-79.449399,"interval_miles":5,"elevation_ft":2522.2,"epqs":{"raster_id":70753,"resolution":1},"source_id":"usgs_3dep","source_url":"https://epqs.nationalmap.gov/v1/json","source":"USGS Elevation Point Query Service, interpolated from 3DEP dynamic elevation service","source_license":"public_domain","license_status":"public_domain","attribution":"Data available from U.S. Geological Survey, 3D Elevation Program.","confidence":"model_derived_topographic_estimate","last_checked":"2026-05-13","ai_answer_rule":"Describe as model-derived USGS 3DEP elevation sampled along Scout open route geometry; values may differ from guidebook profiles or surveyed summits."},"geometry":{"type":"Point","coordinates":[-79.449399,37.57944]}},{"type":"Feature","properties":{"sample_id":"elev-open-5mi-0155","trail":"Appalachian Trail","route_id":"at-main-osm-2026-open","mile_nobo":770,"mile_sobo":1336.2,"lat":37.60108,"lon":-79.39936,"interval_miles":5,"elevation_ft":670.3,"epqs":{"raster_id":57651,"resolution":1},"source_id":"usgs_3dep","source_url":"https://epqs.nationalmap.gov/v1/json","source":"USGS Elevation Point Query Service, interpolated from 3DEP dynamic elevation service","source_license":"public_domain","license_status":"public_domain","attribution":"Data available from U.S. Geological Survey, 3D Elevation Program.","confidence":"model_derived_topographic_estimate","last_checked":"2026-05-13","ai_answer_rule":"Describe as model-derived USGS 3DEP elevation sampled along Scout open route geometry; values may differ from guidebook profiles or surveyed summits."},"geometry":{"type":"Point","coordinates":[-79.39936,37.60108]}},{"type":"Feature","properties":{"sample_id":"elev-open-5mi-0156","trail":"Appalachian Trail","route_id":"at-main-osm-2026-open","mile_nobo":775,"mile_sobo":1331.2,"lat":37.628261,"lon":-79.398607,"interval_miles":5,"elevation_ft":2372.9,"epqs":{"raster_id":57651,"resolution":1},"source_id":"usgs_3dep","source_url":"https://epqs.nationalmap.gov/v1/json","source":"USGS Elevation Point Query Service, interpolated from 3DEP dynamic elevation service","source_license":"public_domain","license_status":"public_domain","attribution":"Data available from U.S. Geological Survey, 3D Elevation Program.","confidence":"model_derived_topographic_estimate","last_checked":"2026-05-13","ai_answer_rule":"Describe as model-derived USGS 3DEP elevation sampled along Scout open route geometry; values may differ from guidebook profiles or surveyed summits."},"geometry":{"type":"Point","coordinates":[-79.398607,37.628261]}},{"type":"Feature","properties":{"sample_id":"elev-open-5mi-0157","trail":"Appalachian Trail","route_id":"at-main-osm-2026-open","mile_nobo":780,"mile_sobo":1326.2,"lat":37.661607,"lon":-79.345234,"interval_miles":5,"elevation_ft":3245.1,"epqs":{"raster_id":57651,"resolution":1},"source_id":"usgs_3dep","source_url":"https://epqs.nationalmap.gov/v1/json","source":"USGS Elevation Point Query Service, interpolated from 3DEP dynamic elevation service","source_license":"public_domain","license_status":"public_domain","attribution":"Data available from U.S. Geological Survey, 3D Elevation Program.","confidence":"model_derived_topographic_estimate","last_checked":"2026-05-13","ai_answer_rule":"Describe as model-derived USGS 3DEP elevation sampled along Scout open route geometry; values may differ from guidebook profiles or surveyed summits."},"geometry":{"type":"Point","coordinates":[-79.345234,37.661607]}},{"type":"Feature","properties":{"sample_id":"elev-open-5mi-0158","trail":"Appalachian Trail","route_id":"at-main-osm-2026-open","mile_nobo":785,"mile_sobo":1321.2,"lat":37.67639,"lon":-79.291008,"interval_miles":5,"elevation_ft":1280.2,"epqs":{"raster_id":46091,"resolution":1},"source_id":"usgs_3dep","source_url":"https://epqs.nationalmap.gov/v1/json","source":"USGS Elevation Point Query Service, interpolated from 3DEP dynamic elevation service","source_license":"public_domain","license_status":"public_domain","attribution":"Data available from U.S. Geological Survey, 3D Elevation Program.","confidence":"model_derived_topographic_estimate","last_checked":"2026-05-13","ai_answer_rule":"Describe as model-derived USGS 3DEP elevation sampled along Scout open route geometry; values may differ from guidebook profiles or surveyed summits."},"geometry":{"type":"Point","coordinates":[-79.291008,37.67639]}},{"type":"Feature","properties":{"sample_id":"elev-open-5mi-0159","trail":"Appalachian Trail","route_id":"at-main-osm-2026-open","mile_nobo":790,"mile_sobo":1316.2,"lat":37.70052,"lon":-79.269716,"interval_miles":5,"elevation_ft":1216.4,"epqs":{"raster_id":46091,"resolution":1},"source_id":"usgs_3dep","source_url":"https://epqs.nationalmap.gov/v1/json","source":"USGS Elevation Point Query Service, interpolated from 3DEP dynamic elevation service","source_license":"public_domain","license_status":"public_domain","attribution":"Data available from U.S. Geological Survey, 3D Elevation Program.","confidence":"model_derived_topographic_estimate","last_checked":"2026-05-13","ai_answer_rule":"Describe as model-derived USGS 3DEP elevation sampled along Scout open route geometry; values may differ from guidebook profiles or surveyed summits."},"geometry":{"type":"Point","coordinates":[-79.269716,37.70052]}},{"type":"Feature","properties":{"sample_id":"elev-open-5mi-0160","trail":"Appalachian Trail","route_id":"at-main-osm-2026-open","mile_nobo":795,"mile_sobo":1311.2,"lat":37.740319,"lon":-79.225836,"interval_miles":5,"elevation_ft":3987,"epqs":{"raster_id":46091,"resolution":1},"source_id":"usgs_3dep","source_url":"https://epqs.nationalmap.gov/v1/json","source":"USGS Elevation Point Query Service, interpolated from 3DEP dynamic elevation service","source_license":"public_domain","license_status":"public_domain","attribution":"Data available from U.S. Geological Survey, 3D Elevation Program.","confidence":"model_derived_topographic_estimate","last_checked":"2026-05-13","ai_answer_rule":"Describe as model-derived USGS 3DEP elevation sampled along Scout open route geometry; values may differ from guidebook profiles or surveyed summits."},"geometry":{"type":"Point","coordinates":[-79.225836,37.740319]}},{"type":"Feature","properties":{"sample_id":"elev-open-5mi-0161","trail":"Appalachian Trail","route_id":"at-main-osm-2026-open","mile_nobo":800,"mile_sobo":1306.2,"lat":37.772864,"lon":-79.184098,"interval_miles":5,"elevation_ft":3573.7,"epqs":{"raster_id":100684,"resolution":1},"source_id":"usgs_3dep","source_url":"https://epqs.nationalmap.gov/v1/json","source":"USGS Elevation Point Query Service, interpolated from 3DEP dynamic elevation service","source_license":"public_domain","license_status":"public_domain","attribution":"Data available from U.S. Geological Survey, 3D Elevation Program.","confidence":"model_derived_topographic_estimate","last_checked":"2026-05-13","ai_answer_rule":"Describe as model-derived USGS 3DEP elevation sampled along Scout open route geometry; values may differ from guidebook profiles or surveyed summits."},"geometry":{"type":"Point","coordinates":[-79.184098,37.772864]}},{"type":"Feature","properties":{"sample_id":"elev-open-5mi-0162","trail":"Appalachian Trail","route_id":"at-main-osm-2026-open","mile_nobo":805,"mile_sobo":1301.2,"lat":37.81274,"lon":-79.155614,"interval_miles":5,"elevation_ft":3640.6,"epqs":{"raster_id":109410,"resolution":1},"source_id":"usgs_3dep","source_url":"https://epqs.nationalmap.gov/v1/json","source":"USGS Elevation Point Query Service, interpolated from 3DEP dynamic elevation service","source_license":"public_domain","license_status":"public_domain","attribution":"Data available from U.S. Geological Survey, 3D Elevation Program.","confidence":"model_derived_topographic_estimate","last_checked":"2026-05-13","ai_answer_rule":"Describe as model-derived USGS 3DEP elevation sampled along Scout open route geometry; values may differ from guidebook profiles or surveyed summits."},"geometry":{"type":"Point","coordinates":[-79.155614,37.81274]}},{"type":"Feature","properties":{"sample_id":"elev-open-5mi-0163","trail":"Appalachian Trail","route_id":"at-main-osm-2026-open","mile_nobo":810,"mile_sobo":1296.2,"lat":37.82879,"lon":-79.103047,"interval_miles":5,"elevation_ft":3624.6,"epqs":{"raster_id":109410,"resolution":1},"source_id":"usgs_3dep","source_url":"https://epqs.nationalmap.gov/v1/json","source":"USGS Elevation Point Query Service, interpolated from 3DEP dynamic elevation service","source_license":"public_domain","license_status":"public_domain","attribution":"Data available from U.S. Geological Survey, 3D Elevation Program.","confidence":"model_derived_topographic_estimate","last_checked":"2026-05-13","ai_answer_rule":"Describe as model-derived USGS 3DEP elevation sampled along Scout open route geometry; values may differ from guidebook profiles or surveyed summits."},"geometry":{"type":"Point","coordinates":[-79.103047,37.82879]}},{"type":"Feature","properties":{"sample_id":"elev-open-5mi-0164","trail":"Appalachian Trail","route_id":"at-main-osm-2026-open","mile_nobo":815,"mile_sobo":1291.2,"lat":37.826601,"lon":-79.040159,"interval_miles":5,"elevation_ft":2562.6,"epqs":{"raster_id":113163,"resolution":1},"source_id":"usgs_3dep","source_url":"https://epqs.nationalmap.gov/v1/json","source":"USGS Elevation Point Query Service, interpolated from 3DEP dynamic elevation service","source_license":"public_domain","license_status":"public_domain","attribution":"Data available from U.S. Geological Survey, 3D Elevation Program.","confidence":"model_derived_topographic_estimate","last_checked":"2026-05-13","ai_answer_rule":"Describe as model-derived USGS 3DEP elevation sampled along Scout open route geometry; values may differ from guidebook profiles or surveyed summits."},"geometry":{"type":"Point","coordinates":[-79.040159,37.826601]}},{"type":"Feature","properties":{"sample_id":"elev-open-5mi-0165","trail":"Appalachian Trail","route_id":"at-main-osm-2026-open","mile_nobo":820,"mile_sobo":1286.2,"lat":37.855139,"lon":-78.999818,"interval_miles":5,"elevation_ft":1870.2,"epqs":{"raster_id":57028,"resolution":1},"source_id":"usgs_3dep","source_url":"https://epqs.nationalmap.gov/v1/json","source":"USGS Elevation Point Query Service, interpolated from 3DEP dynamic elevation service","source_license":"public_domain","license_status":"public_domain","attribution":"Data available from U.S. Geological Survey, 3D Elevation Program.","confidence":"model_derived_topographic_estimate","last_checked":"2026-05-13","ai_answer_rule":"Describe as model-derived USGS 3DEP elevation sampled along Scout open route geometry; values may differ from guidebook profiles or surveyed summits."},"geometry":{"type":"Point","coordinates":[-78.999818,37.855139]}},{"type":"Feature","properties":{"sample_id":"elev-open-5mi-0166","trail":"Appalachian Trail","route_id":"at-main-osm-2026-open","mile_nobo":825,"mile_sobo":1281.2,"lat":37.873425,"lon":-78.992593,"interval_miles":5,"elevation_ft":2978.5,"epqs":{"raster_id":57028,"resolution":1},"source_id":"usgs_3dep","source_url":"https://epqs.nationalmap.gov/v1/json","source":"USGS Elevation Point Query Service, interpolated from 3DEP dynamic elevation service","source_license":"public_domain","license_status":"public_domain","attribution":"Data available from U.S. Geological Survey, 3D Elevation Program.","confidence":"model_derived_topographic_estimate","last_checked":"2026-05-13","ai_answer_rule":"Describe as model-derived USGS 3DEP elevation sampled along Scout open route geometry; values may differ from guidebook profiles or surveyed summits."},"geometry":{"type":"Point","coordinates":[-78.992593,37.873425]}},{"type":"Feature","properties":{"sample_id":"elev-open-5mi-0167","trail":"Appalachian Trail","route_id":"at-main-osm-2026-open","mile_nobo":830,"mile_sobo":1276.2,"lat":37.928566,"lon":-78.96417,"interval_miles":5,"elevation_ft":2691.3,"epqs":{"raster_id":97643,"resolution":0.9999999999999767},"source_id":"usgs_3dep","source_url":"https://epqs.nationalmap.gov/v1/json","source":"USGS Elevation Point Query Service, interpolated from 3DEP dynamic elevation service","source_license":"public_domain","license_status":"public_domain","attribution":"Data available from U.S. Geological Survey, 3D Elevation Program.","confidence":"model_derived_topographic_estimate","last_checked":"2026-05-13","ai_answer_rule":"Describe as model-derived USGS 3DEP elevation sampled along Scout open route geometry; values may differ from guidebook profiles or surveyed summits."},"geometry":{"type":"Point","coordinates":[-78.96417,37.928566]}},{"type":"Feature","properties":{"sample_id":"elev-open-5mi-0168","trail":"Appalachian Trail","route_id":"at-main-osm-2026-open","mile_nobo":835,"mile_sobo":1271.2,"lat":37.948663,"lon":-78.899392,"interval_miles":5,"elevation_ft":3623.9,"epqs":{"raster_id":46989,"resolution":1},"source_id":"usgs_3dep","source_url":"https://epqs.nationalmap.gov/v1/json","source":"USGS Elevation Point Query Service, interpolated from 3DEP dynamic elevation service","source_license":"public_domain","license_status":"public_domain","attribution":"Data available from U.S. Geological Survey, 3D Elevation Program.","confidence":"model_derived_topographic_estimate","last_checked":"2026-05-13","ai_answer_rule":"Describe as model-derived USGS 3DEP elevation sampled along Scout open route geometry; values may differ from guidebook profiles or surveyed summits."},"geometry":{"type":"Point","coordinates":[-78.899392,37.948663]}},{"type":"Feature","properties":{"sample_id":"elev-open-5mi-0169","trail":"Appalachian Trail","route_id":"at-main-osm-2026-open","mile_nobo":840,"mile_sobo":1266.2,"lat":37.979273,"lon":-78.884133,"interval_miles":5,"elevation_ft":2210.4,"epqs":{"raster_id":118228,"resolution":1},"source_id":"usgs_3dep","source_url":"https://epqs.nationalmap.gov/v1/json","source":"USGS Elevation Point Query Service, interpolated from 3DEP dynamic elevation service","source_license":"public_domain","license_status":"public_domain","attribution":"Data available from U.S. Geological Survey, 3D Elevation Program.","confidence":"model_derived_topographic_estimate","last_checked":"2026-05-13","ai_answer_rule":"Describe as model-derived USGS 3DEP elevation sampled along Scout open route geometry; values may differ from guidebook profiles or surveyed summits."},"geometry":{"type":"Point","coordinates":[-78.884133,37.979273]}},{"type":"Feature","properties":{"sample_id":"elev-open-5mi-0170","trail":"Appalachian Trail","route_id":"at-main-osm-2026-open","mile_nobo":845,"mile_sobo":1261.2,"lat":38.019508,"lon":-78.866588,"interval_miles":5,"elevation_ft":1806.9,"epqs":{"raster_id":132460,"resolution":1},"source_id":"usgs_3dep","source_url":"https://epqs.nationalmap.gov/v1/json","source":"USGS Elevation Point Query Service, interpolated from 3DEP dynamic elevation service","source_license":"public_domain","license_status":"public_domain","attribution":"Data available from U.S. Geological Survey, 3D Elevation Program.","confidence":"model_derived_topographic_estimate","last_checked":"2026-05-13","ai_answer_rule":"Describe as model-derived USGS 3DEP elevation sampled along Scout open route geometry; values may differ from guidebook profiles or surveyed summits."},"geometry":{"type":"Point","coordinates":[-78.866588,38.019508]}},{"type":"Feature","properties":{"sample_id":"elev-open-5mi-0171","trail":"Appalachian Trail","route_id":"at-main-osm-2026-open","mile_nobo":850,"mile_sobo":1256.2,"lat":38.061176,"lon":-78.812119,"interval_miles":5,"elevation_ft":2711.8,"epqs":{"raster_id":131028,"resolution":1},"source_id":"usgs_3dep","source_url":"https://epqs.nationalmap.gov/v1/json","source":"USGS Elevation Point Query Service, interpolated from 3DEP dynamic elevation service","source_license":"public_domain","license_status":"public_domain","attribution":"Data available from U.S. Geological Survey, 3D Elevation Program.","confidence":"model_derived_topographic_estimate","last_checked":"2026-05-13","ai_answer_rule":"Describe as model-derived USGS 3DEP elevation sampled along Scout open route geometry; values may differ from guidebook profiles or surveyed summits."},"geometry":{"type":"Point","coordinates":[-78.812119,38.061176]}},{"type":"Feature","properties":{"sample_id":"elev-open-5mi-0172","trail":"Appalachian Trail","route_id":"at-main-osm-2026-open","mile_nobo":855,"mile_sobo":1251.2,"lat":38.100185,"lon":-78.77965,"interval_miles":5,"elevation_ft":1988.8,"epqs":{"raster_id":69671,"resolution":1},"source_id":"usgs_3dep","source_url":"https://epqs.nationalmap.gov/v1/json","source":"USGS Elevation Point Query Service, interpolated from 3DEP dynamic elevation service","source_license":"public_domain","license_status":"public_domain","attribution":"Data available from U.S. Geological Survey, 3D Elevation Program.","confidence":"model_derived_topographic_estimate","last_checked":"2026-05-13","ai_answer_rule":"Describe as model-derived USGS 3DEP elevation sampled along Scout open route geometry; values may differ from guidebook profiles or surveyed summits."},"geometry":{"type":"Point","coordinates":[-78.77965,38.100185]}},{"type":"Feature","properties":{"sample_id":"elev-open-5mi-0173","trail":"Appalachian Trail","route_id":"at-main-osm-2026-open","mile_nobo":860,"mile_sobo":1246.2,"lat":38.149092,"lon":-78.774878,"interval_miles":5,"elevation_ft":2987.9,"epqs":{"raster_id":111001,"resolution":1},"source_id":"usgs_3dep","source_url":"https://epqs.nationalmap.gov/v1/json","source":"USGS Elevation Point Query Service, interpolated from 3DEP dynamic elevation service","source_license":"public_domain","license_status":"public_domain","attribution":"Data available from U.S. Geological Survey, 3D Elevation Program.","confidence":"model_derived_topographic_estimate","last_checked":"2026-05-13","ai_answer_rule":"Describe as model-derived USGS 3DEP elevation sampled along Scout open route geometry; values may differ from guidebook profiles or surveyed summits."},"geometry":{"type":"Point","coordinates":[-78.774878,38.149092]}},{"type":"Feature","properties":{"sample_id":"elev-open-5mi-0174","trail":"Appalachian Trail","route_id":"at-main-osm-2026-open","mile_nobo":865,"mile_sobo":1241.2,"lat":38.197777,"lon":-78.752103,"interval_miles":5,"elevation_ft":2642.1,"epqs":{"raster_id":59940,"resolution":1},"source_id":"usgs_3dep","source_url":"https://epqs.nationalmap.gov/v1/json","source":"USGS Elevation Point Query Service, interpolated from 3DEP dynamic elevation service","source_license":"public_domain","license_status":"public_domain","attribution":"Data available from U.S. Geological Survey, 3D Elevation Program.","confidence":"model_derived_topographic_estimate","last_checked":"2026-05-13","ai_answer_rule":"Describe as model-derived USGS 3DEP elevation sampled along Scout open route geometry; values may differ from guidebook profiles or surveyed summits."},"geometry":{"type":"Point","coordinates":[-78.752103,38.197777]}},{"type":"Feature","properties":{"sample_id":"elev-open-5mi-0175","trail":"Appalachian Trail","route_id":"at-main-osm-2026-open","mile_nobo":870,"mile_sobo":1236.2,"lat":38.244376,"lon":-78.707698,"interval_miles":5,"elevation_ft":2802.6,"epqs":{"raster_id":110172,"resolution":1},"source_id":"usgs_3dep","source_url":"https://epqs.nationalmap.gov/v1/json","source":"USGS Elevation Point Query Service, interpolated from 3DEP dynamic elevation service","source_license":"public_domain","license_status":"public_domain","attribution":"Data available from U.S. Geological Survey, 3D Elevation Program.","confidence":"model_derived_topographic_estimate","last_checked":"2026-05-13","ai_answer_rule":"Describe as model-derived USGS 3DEP elevation sampled along Scout open route geometry; values may differ from guidebook profiles or surveyed summits."},"geometry":{"type":"Point","coordinates":[-78.707698,38.244376]}},{"type":"Feature","properties":{"sample_id":"elev-open-5mi-0176","trail":"Appalachian Trail","route_id":"at-main-osm-2026-open","mile_nobo":875,"mile_sobo":1231.2,"lat":38.260296,"lon":-78.655131,"interval_miles":5,"elevation_ft":3298.5,"epqs":{"raster_id":110172,"resolution":1},"source_id":"usgs_3dep","source_url":"https://epqs.nationalmap.gov/v1/json","source":"USGS Elevation Point Query Service, interpolated from 3DEP dynamic elevation service","source_license":"public_domain","license_status":"public_domain","attribution":"Data available from U.S. Geological Survey, 3D Elevation Program.","confidence":"model_derived_topographic_estimate","last_checked":"2026-05-13","ai_answer_rule":"Describe as model-derived USGS 3DEP elevation sampled along Scout open route geometry; values may differ from guidebook profiles or surveyed summits."},"geometry":{"type":"Point","coordinates":[-78.655131,38.260296]}},{"type":"Feature","properties":{"sample_id":"elev-open-5mi-0177","trail":"Appalachian Trail","route_id":"at-main-osm-2026-open","mile_nobo":880,"mile_sobo":1226.2,"lat":38.29061,"lon":-78.63764,"interval_miles":5,"elevation_ft":2652.7,"epqs":{"raster_id":72749,"resolution":1},"source_id":"usgs_3dep","source_url":"https://epqs.nationalmap.gov/v1/json","source":"USGS Elevation Point Query Service, interpolated from 3DEP dynamic elevation service","source_license":"public_domain","license_status":"public_domain","attribution":"Data available from U.S. Geological Survey, 3D Elevation Program.","confidence":"model_derived_topographic_estimate","last_checked":"2026-05-13","ai_answer_rule":"Describe as model-derived USGS 3DEP elevation sampled along Scout open route geometry; values may differ from guidebook profiles or surveyed summits."},"geometry":{"type":"Point","coordinates":[-78.63764,38.29061]}},{"type":"Feature","properties":{"sample_id":"elev-open-5mi-0178","trail":"Appalachian Trail","route_id":"at-main-osm-2026-open","mile_nobo":885,"mile_sobo":1221.2,"lat":38.323108,"lon":-78.590596,"interval_miles":5,"elevation_ft":2319.1,"epqs":{"raster_id":60972,"resolution":1},"source_id":"usgs_3dep","source_url":"https://epqs.nationalmap.gov/v1/json","source":"USGS Elevation Point Query Service, interpolated from 3DEP dynamic elevation service","source_license":"public_domain","license_status":"public_domain","attribution":"Data available from U.S. Geological Survey, 3D Elevation Program.","confidence":"model_derived_topographic_estimate","last_checked":"2026-05-13","ai_answer_rule":"Describe as model-derived USGS 3DEP elevation sampled along Scout open route geometry; values may differ from guidebook profiles or surveyed summits."},"geometry":{"type":"Point","coordinates":[-78.590596,38.323108]}},{"type":"Feature","properties":{"sample_id":"elev-open-5mi-0179","trail":"Appalachian Trail","route_id":"at-main-osm-2026-open","mile_nobo":890,"mile_sobo":1216.2,"lat":38.348129,"lon":-78.554752,"interval_miles":5,"elevation_ft":2743.1,"epqs":{"raster_id":60972,"resolution":1},"source_id":"usgs_3dep","source_url":"https://epqs.nationalmap.gov/v1/json","source":"USGS Elevation Point Query Service, interpolated from 3DEP dynamic elevation service","source_license":"public_domain","license_status":"public_domain","attribution":"Data available from U.S. Geological Survey, 3D Elevation Program.","confidence":"model_derived_topographic_estimate","last_checked":"2026-05-13","ai_answer_rule":"Describe as model-derived USGS 3DEP elevation sampled along Scout open route geometry; values may differ from guidebook profiles or surveyed summits."},"geometry":{"type":"Point","coordinates":[-78.554752,38.348129]}},{"type":"Feature","properties":{"sample_id":"elev-open-5mi-0180","trail":"Appalachian Trail","route_id":"at-main-osm-2026-open","mile_nobo":895,"mile_sobo":1211.2,"lat":38.386975,"lon":-78.507295,"interval_miles":5,"elevation_ft":3088.1,"epqs":{"raster_id":23230,"resolution":1},"source_id":"usgs_3dep","source_url":"https://epqs.nationalmap.gov/v1/json","source":"USGS Elevation Point Query Service, interpolated from 3DEP dynamic elevation service","source_license":"public_domain","license_status":"public_domain","attribution":"Data available from U.S. Geological Survey, 3D Elevation Program.","confidence":"model_derived_topographic_estimate","last_checked":"2026-05-13","ai_answer_rule":"Describe as model-derived USGS 3DEP elevation sampled along Scout open route geometry; values may differ from guidebook profiles or surveyed summits."},"geometry":{"type":"Point","coordinates":[-78.507295,38.386975]}},{"type":"Feature","properties":{"sample_id":"elev-open-5mi-0181","trail":"Appalachian Trail","route_id":"at-main-osm-2026-open","mile_nobo":900,"mile_sobo":1206.2,"lat":38.443606,"lon":-78.472435,"interval_miles":5,"elevation_ft":3224.8,"epqs":{"raster_id":78062,"resolution":1},"source_id":"usgs_3dep","source_url":"https://epqs.nationalmap.gov/v1/json","source":"USGS Elevation Point Query Service, interpolated from 3DEP dynamic elevation service","source_license":"public_domain","license_status":"public_domain","attribution":"Data available from U.S. Geological Survey, 3D Elevation Program.","confidence":"model_derived_topographic_estimate","last_checked":"2026-05-13","ai_answer_rule":"Describe as model-derived USGS 3DEP elevation sampled along Scout open route geometry; values may differ from guidebook profiles or surveyed summits."},"geometry":{"type":"Point","coordinates":[-78.472435,38.443606]}},{"type":"Feature","properties":{"sample_id":"elev-open-5mi-0182","trail":"Appalachian Trail","route_id":"at-main-osm-2026-open","mile_nobo":905,"mile_sobo":1201.2,"lat":38.496813,"lon":-78.440194,"interval_miles":5,"elevation_ft":3387.6,"epqs":{"raster_id":41786,"resolution":1},"source_id":"usgs_3dep","source_url":"https://epqs.nationalmap.gov/v1/json","source":"USGS Elevation Point Query Service, interpolated from 3DEP dynamic elevation service","source_license":"public_domain","license_status":"public_domain","attribution":"Data available from U.S. Geological Survey, 3D Elevation Program.","confidence":"model_derived_topographic_estimate","last_checked":"2026-05-13","ai_answer_rule":"Describe as model-derived USGS 3DEP elevation sampled along Scout open route geometry; values may differ from guidebook profiles or surveyed summits."},"geometry":{"type":"Point","coordinates":[-78.440194,38.496813]}},{"type":"Feature","properties":{"sample_id":"elev-open-5mi-0183","trail":"Appalachian Trail","route_id":"at-main-osm-2026-open","mile_nobo":910,"mile_sobo":1196.2,"lat":38.538669,"lon":-78.419515,"interval_miles":5,"elevation_ft":3046.2,"epqs":{"raster_id":107517,"resolution":1},"source_id":"usgs_3dep","source_url":"https://epqs.nationalmap.gov/v1/json","source":"USGS Elevation Point Query Service, interpolated from 3DEP dynamic elevation service","source_license":"public_domain","license_status":"public_domain","attribution":"Data available from U.S. Geological Survey, 3D Elevation Program.","confidence":"model_derived_topographic_estimate","last_checked":"2026-05-13","ai_answer_rule":"Describe as model-derived USGS 3DEP elevation sampled along Scout open route geometry; values may differ from guidebook profiles or surveyed summits."},"geometry":{"type":"Point","coordinates":[-78.419515,38.538669]}},{"type":"Feature","properties":{"sample_id":"elev-open-5mi-0184","trail":"Appalachian Trail","route_id":"at-main-osm-2026-open","mile_nobo":915,"mile_sobo":1191.2,"lat":38.583299,"lon":-78.386904,"interval_miles":5,"elevation_ft":3428.5,"epqs":{"raster_id":54355,"resolution":1},"source_id":"usgs_3dep","source_url":"https://epqs.nationalmap.gov/v1/json","source":"USGS Elevation Point Query Service, interpolated from 3DEP dynamic elevation service","source_license":"public_domain","license_status":"public_domain","attribution":"Data available from U.S. Geological Survey, 3D Elevation Program.","confidence":"model_derived_topographic_estimate","last_checked":"2026-05-13","ai_answer_rule":"Describe as model-derived USGS 3DEP elevation sampled along Scout open route geometry; values may differ from guidebook profiles or surveyed summits."},"geometry":{"type":"Point","coordinates":[-78.386904,38.583299]}},{"type":"Feature","properties":{"sample_id":"elev-open-5mi-0185","trail":"Appalachian Trail","route_id":"at-main-osm-2026-open","mile_nobo":920,"mile_sobo":1186.2,"lat":38.623482,"lon":-78.344602,"interval_miles":5,"elevation_ft":3381.5,"epqs":{"raster_id":125627,"resolution":1},"source_id":"usgs_3dep","source_url":"https://epqs.nationalmap.gov/v1/json","source":"USGS Elevation Point Query Service, interpolated from 3DEP dynamic elevation service","source_license":"public_domain","license_status":"public_domain","attribution":"Data available from U.S. Geological Survey, 3D Elevation Program.","confidence":"model_derived_topographic_estimate","last_checked":"2026-05-13","ai_answer_rule":"Describe as model-derived USGS 3DEP elevation sampled along Scout open route geometry; values may differ from guidebook profiles or surveyed summits."},"geometry":{"type":"Point","coordinates":[-78.344602,38.623482]}},{"type":"Feature","properties":{"sample_id":"elev-open-5mi-0186","trail":"Appalachian Trail","route_id":"at-main-osm-2026-open","mile_nobo":925,"mile_sobo":1181.2,"lat":38.657843,"lon":-78.319817,"interval_miles":5,"elevation_ft":2461.4,"epqs":{"raster_id":43111,"resolution":1},"source_id":"usgs_3dep","source_url":"https://epqs.nationalmap.gov/v1/json","source":"USGS Elevation Point Query Service, interpolated from 3DEP dynamic elevation service","source_license":"public_domain","license_status":"public_domain","attribution":"Data available from U.S. Geological Survey, 3D Elevation Program.","confidence":"model_derived_topographic_estimate","last_checked":"2026-05-13","ai_answer_rule":"Describe as model-derived USGS 3DEP elevation sampled along Scout open route geometry; values may differ from guidebook profiles or surveyed summits."},"geometry":{"type":"Point","coordinates":[-78.319817,38.657843]}},{"type":"Feature","properties":{"sample_id":"elev-open-5mi-0187","trail":"Appalachian Trail","route_id":"at-main-osm-2026-open","mile_nobo":930,"mile_sobo":1176.2,"lat":38.707146,"lon":-78.331654,"interval_miles":5,"elevation_ft":2423.5,"epqs":{"raster_id":43111,"resolution":1},"source_id":"usgs_3dep","source_url":"https://epqs.nationalmap.gov/v1/json","source":"USGS Elevation Point Query Service, interpolated from 3DEP dynamic elevation service","source_license":"public_domain","license_status":"public_domain","attribution":"Data available from U.S. Geological Survey, 3D Elevation Program.","confidence":"model_derived_topographic_estimate","last_checked":"2026-05-13","ai_answer_rule":"Describe as model-derived USGS 3DEP elevation sampled along Scout open route geometry; values may differ from guidebook profiles or surveyed summits."},"geometry":{"type":"Point","coordinates":[-78.331654,38.707146]}},{"type":"Feature","properties":{"sample_id":"elev-open-5mi-0188","trail":"Appalachian Trail","route_id":"at-main-osm-2026-open","mile_nobo":935,"mile_sobo":1171.2,"lat":38.747375,"lon":-78.294533,"interval_miles":5,"elevation_ft":2981.9,"epqs":{"raster_id":105465,"resolution":1},"source_id":"usgs_3dep","source_url":"https://epqs.nationalmap.gov/v1/json","source":"USGS Elevation Point Query Service, interpolated from 3DEP dynamic elevation service","source_license":"public_domain","license_status":"public_domain","attribution":"Data available from U.S. Geological Survey, 3D Elevation Program.","confidence":"model_derived_topographic_estimate","last_checked":"2026-05-13","ai_answer_rule":"Describe as model-derived USGS 3DEP elevation sampled along Scout open route geometry; values may differ from guidebook profiles or surveyed summits."},"geometry":{"type":"Point","coordinates":[-78.294533,38.747375]}},{"type":"Feature","properties":{"sample_id":"elev-open-5mi-0189","trail":"Appalachian Trail","route_id":"at-main-osm-2026-open","mile_nobo":940,"mile_sobo":1166.2,"lat":38.768322,"lon":-78.231788,"interval_miles":5,"elevation_ft":2711,"epqs":{"raster_id":57890,"resolution":1},"source_id":"usgs_3dep","source_url":"https://epqs.nationalmap.gov/v1/json","source":"USGS Elevation Point Query Service, interpolated from 3DEP dynamic elevation service","source_license":"public_domain","license_status":"public_domain","attribution":"Data available from U.S. Geological Survey, 3D Elevation Program.","confidence":"model_derived_topographic_estimate","last_checked":"2026-05-13","ai_answer_rule":"Describe as model-derived USGS 3DEP elevation sampled along Scout open route geometry; values may differ from guidebook profiles or surveyed summits."},"geometry":{"type":"Point","coordinates":[-78.231788,38.768322]}},{"type":"Feature","properties":{"sample_id":"elev-open-5mi-0190","trail":"Appalachian Trail","route_id":"at-main-osm-2026-open","mile_nobo":945,"mile_sobo":1161.2,"lat":38.803293,"lon":-78.180739,"interval_miles":5,"elevation_ft":2505.7,"epqs":{"raster_id":82774,"resolution":1},"source_id":"usgs_3dep","source_url":"https://epqs.nationalmap.gov/v1/json","source":"USGS Elevation Point Query Service, interpolated from 3DEP dynamic elevation service","source_license":"public_domain","license_status":"public_domain","attribution":"Data available from U.S. Geological Survey, 3D Elevation Program.","confidence":"model_derived_topographic_estimate","last_checked":"2026-05-13","ai_answer_rule":"Describe as model-derived USGS 3DEP elevation sampled along Scout open route geometry; values may differ from guidebook profiles or surveyed summits."},"geometry":{"type":"Point","coordinates":[-78.180739,38.803293]}},{"type":"Feature","properties":{"sample_id":"elev-open-5mi-0191","trail":"Appalachian Trail","route_id":"at-main-osm-2026-open","mile_nobo":950,"mile_sobo":1156.2,"lat":38.851364,"lon":-78.163474,"interval_miles":5,"elevation_ft":1886.4,"epqs":{"raster_id":38578,"resolution":1},"source_id":"usgs_3dep","source_url":"https://epqs.nationalmap.gov/v1/json","source":"USGS Elevation Point Query Service, interpolated from 3DEP dynamic elevation service","source_license":"public_domain","license_status":"public_domain","attribution":"Data available from U.S. Geological Survey, 3D Elevation Program.","confidence":"model_derived_topographic_estimate","last_checked":"2026-05-13","ai_answer_rule":"Describe as model-derived USGS 3DEP elevation sampled along Scout open route geometry; values may differ from guidebook profiles or surveyed summits."},"geometry":{"type":"Point","coordinates":[-78.163474,38.851364]}},{"type":"Feature","properties":{"sample_id":"elev-open-5mi-0192","trail":"Appalachian Trail","route_id":"at-main-osm-2026-open","mile_nobo":955,"mile_sobo":1151.2,"lat":38.881577,"lon":-78.119565,"interval_miles":5,"elevation_ft":1835.6,"epqs":{"raster_id":38578,"resolution":1},"source_id":"usgs_3dep","source_url":"https://epqs.nationalmap.gov/v1/json","source":"USGS Elevation Point Query Service, interpolated from 3DEP dynamic elevation service","source_license":"public_domain","license_status":"public_domain","attribution":"Data available from U.S. Geological Survey, 3D Elevation Program.","confidence":"model_derived_topographic_estimate","last_checked":"2026-05-13","ai_answer_rule":"Describe as model-derived USGS 3DEP elevation sampled along Scout open route geometry; values may differ from guidebook profiles or surveyed summits."},"geometry":{"type":"Point","coordinates":[-78.119565,38.881577]}},{"type":"Feature","properties":{"sample_id":"elev-open-5mi-0193","trail":"Appalachian Trail","route_id":"at-main-osm-2026-open","mile_nobo":960,"mile_sobo":1146.2,"lat":38.902068,"lon":-78.056011,"interval_miles":5,"elevation_ft":1351.6,"epqs":{"raster_id":102880,"resolution":1},"source_id":"usgs_3dep","source_url":"https://epqs.nationalmap.gov/v1/json","source":"USGS Elevation Point Query Service, interpolated from 3DEP dynamic elevation service","source_license":"public_domain","license_status":"public_domain","attribution":"Data available from U.S. Geological Survey, 3D Elevation Program.","confidence":"model_derived_topographic_estimate","last_checked":"2026-05-13","ai_answer_rule":"Describe as model-derived USGS 3DEP elevation sampled along Scout open route geometry; values may differ from guidebook profiles or surveyed summits."},"geometry":{"type":"Point","coordinates":[-78.056011,38.902068]}},{"type":"Feature","properties":{"sample_id":"elev-open-5mi-0194","trail":"Appalachian Trail","route_id":"at-main-osm-2026-open","mile_nobo":965,"mile_sobo":1141.2,"lat":38.94789,"lon":-78.028644,"interval_miles":5,"elevation_ft":1967.2,"epqs":{"raster_id":102880,"resolution":1},"source_id":"usgs_3dep","source_url":"https://epqs.nationalmap.gov/v1/json","source":"USGS Elevation Point Query Service, interpolated from 3DEP dynamic elevation service","source_license":"public_domain","license_status":"public_domain","attribution":"Data available from U.S. Geological Survey, 3D Elevation Program.","confidence":"model_derived_topographic_estimate","last_checked":"2026-05-13","ai_answer_rule":"Describe as model-derived USGS 3DEP elevation sampled along Scout open route geometry; values may differ from guidebook profiles or surveyed summits."},"geometry":{"type":"Point","coordinates":[-78.028644,38.94789]}},{"type":"Feature","properties":{"sample_id":"elev-open-5mi-0195","trail":"Appalachian Trail","route_id":"at-main-osm-2026-open","mile_nobo":970,"mile_sobo":1136.2,"lat":38.995715,"lon":-77.990451,"interval_miles":5,"elevation_ft":1792,"epqs":{"raster_id":59569,"resolution":1},"source_id":"usgs_3dep","source_url":"https://epqs.nationalmap.gov/v1/json","source":"USGS Elevation Point Query Service, interpolated from 3DEP dynamic elevation service","source_license":"public_domain","license_status":"public_domain","attribution":"Data available from U.S. Geological Survey, 3D Elevation Program.","confidence":"model_derived_topographic_estimate","last_checked":"2026-05-13","ai_answer_rule":"Describe as model-derived USGS 3DEP elevation sampled along Scout open route geometry; values may differ from guidebook profiles or surveyed summits."},"geometry":{"type":"Point","coordinates":[-77.990451,38.995715]}},{"type":"Feature","properties":{"sample_id":"elev-open-5mi-0196","trail":"Appalachian Trail","route_id":"at-main-osm-2026-open","mile_nobo":975,"mile_sobo":1131.2,"lat":39.038438,"lon":-77.947626,"interval_miles":5,"elevation_ft":1081.8,"epqs":{"raster_id":33867,"resolution":1},"source_id":"usgs_3dep","source_url":"https://epqs.nationalmap.gov/v1/json","source":"USGS Elevation Point Query Service, interpolated from 3DEP dynamic elevation service","source_license":"public_domain","license_status":"public_domain","attribution":"Data available from U.S. Geological Survey, 3D Elevation Program.","confidence":"model_derived_topographic_estimate","last_checked":"2026-05-13","ai_answer_rule":"Describe as model-derived USGS 3DEP elevation sampled along Scout open route geometry; values may differ from guidebook profiles or surveyed summits."},"geometry":{"type":"Point","coordinates":[-77.947626,39.038438]}},{"type":"Feature","properties":{"sample_id":"elev-open-5mi-0197","trail":"Appalachian Trail","route_id":"at-main-osm-2026-open","mile_nobo":980,"mile_sobo":1126.2,"lat":39.071887,"lon":-77.907227,"interval_miles":5,"elevation_ft":1103.5,"epqs":{"raster_id":33867,"resolution":1},"source_id":"usgs_3dep","source_url":"https://epqs.nationalmap.gov/v1/json","source":"USGS Elevation Point Query Service, interpolated from 3DEP dynamic elevation service","source_license":"public_domain","license_status":"public_domain","attribution":"Data available from U.S. Geological Survey, 3D Elevation Program.","confidence":"model_derived_topographic_estimate","last_checked":"2026-05-13","ai_answer_rule":"Describe as model-derived USGS 3DEP elevation sampled along Scout open route geometry; values may differ from guidebook profiles or surveyed summits."},"geometry":{"type":"Point","coordinates":[-77.907227,39.071887]}},{"type":"Feature","properties":{"sample_id":"elev-open-5mi-0198","trail":"Appalachian Trail","route_id":"at-main-osm-2026-open","mile_nobo":985,"mile_sobo":1121.2,"lat":39.112598,"lon":-77.861013,"interval_miles":5,"elevation_ft":880.1,"epqs":{"raster_id":62248,"resolution":1},"source_id":"usgs_3dep","source_url":"https://epqs.nationalmap.gov/v1/json","source":"USGS Elevation Point Query Service, interpolated from 3DEP dynamic elevation service","source_license":"public_domain","license_status":"public_domain","attribution":"Data available from U.S. Geological Survey, 3D Elevation Program.","confidence":"model_derived_topographic_estimate","last_checked":"2026-05-13","ai_answer_rule":"Describe as model-derived USGS 3DEP elevation sampled along Scout open route geometry; values may differ from guidebook profiles or surveyed summits."},"geometry":{"type":"Point","coordinates":[-77.861013,39.112598]}},{"type":"Feature","properties":{"sample_id":"elev-open-5mi-0199","trail":"Appalachian Trail","route_id":"at-main-osm-2026-open","mile_nobo":990,"mile_sobo":1116.2,"lat":39.146791,"lon":-77.823143,"interval_miles":5,"elevation_ft":1580,"epqs":{"raster_id":39268,"resolution":1},"source_id":"usgs_3dep","source_url":"https://epqs.nationalmap.gov/v1/json","source":"USGS Elevation Point Query Service, interpolated from 3DEP dynamic elevation service","source_license":"public_domain","license_status":"public_domain","attribution":"Data available from U.S. Geological Survey, 3D Elevation Program.","confidence":"model_derived_topographic_estimate","last_checked":"2026-05-13","ai_answer_rule":"Describe as model-derived USGS 3DEP elevation sampled along Scout open route geometry; values may differ from guidebook profiles or surveyed summits."},"geometry":{"type":"Point","coordinates":[-77.823143,39.146791]}},{"type":"Feature","properties":{"sample_id":"elev-open-5mi-0200","trail":"Appalachian Trail","route_id":"at-main-osm-2026-open","mile_nobo":995,"mile_sobo":1111.2,"lat":39.208608,"lon":-77.79159,"interval_miles":5,"elevation_ft":1418.6,"epqs":{"raster_id":22787,"resolution":1},"source_id":"usgs_3dep","source_url":"https://epqs.nationalmap.gov/v1/json","source":"USGS Elevation Point Query Service, interpolated from 3DEP dynamic elevation service","source_license":"public_domain","license_status":"public_domain","attribution":"Data available from U.S. Geological Survey, 3D Elevation Program.","confidence":"model_derived_topographic_estimate","last_checked":"2026-05-13","ai_answer_rule":"Describe as model-derived USGS 3DEP elevation sampled along Scout open route geometry; values may differ from guidebook profiles or surveyed summits."},"geometry":{"type":"Point","coordinates":[-77.79159,39.208608]}},{"type":"Feature","properties":{"sample_id":"elev-open-5mi-0201","trail":"Appalachian Trail","route_id":"at-main-osm-2026-open","mile_nobo":1000,"mile_sobo":1106.2,"lat":39.266477,"lon":-77.759328,"interval_miles":5,"elevation_ft":919.7,"epqs":{"raster_id":19414,"resolution":1.0000000000000013},"source_id":"usgs_3dep","source_url":"https://epqs.nationalmap.gov/v1/json","source":"USGS Elevation Point Query Service, interpolated from 3DEP dynamic elevation service","source_license":"public_domain","license_status":"public_domain","attribution":"Data available from U.S. Geological Survey, 3D Elevation Program.","confidence":"model_derived_topographic_estimate","last_checked":"2026-05-13","ai_answer_rule":"Describe as model-derived USGS 3DEP elevation sampled along Scout open route geometry; values may differ from guidebook profiles or surveyed summits."},"geometry":{"type":"Point","coordinates":[-77.759328,39.266477]}},{"type":"Feature","properties":{"sample_id":"elev-open-5mi-0202","trail":"Appalachian Trail","route_id":"at-main-osm-2026-open","mile_nobo":1005,"mile_sobo":1101.2,"lat":39.319141,"lon":-77.739947,"interval_miles":5,"elevation_ft":272.6,"epqs":{"raster_id":92997,"resolution":1.0000000000000013},"source_id":"usgs_3dep","source_url":"https://epqs.nationalmap.gov/v1/json","source":"USGS Elevation Point Query Service, interpolated from 3DEP dynamic elevation service","source_license":"public_domain","license_status":"public_domain","attribution":"Data available from U.S. Geological Survey, 3D Elevation Program.","confidence":"model_derived_topographic_estimate","last_checked":"2026-05-13","ai_answer_rule":"Describe as model-derived USGS 3DEP elevation sampled along Scout open route geometry; values may differ from guidebook profiles or surveyed summits."},"geometry":{"type":"Point","coordinates":[-77.739947,39.319141]}},{"type":"Feature","properties":{"sample_id":"elev-open-5mi-0203","trail":"Appalachian Trail","route_id":"at-main-osm-2026-open","mile_nobo":1010,"mile_sobo":1096.2,"lat":39.332021,"lon":-77.678095,"interval_miles":5,"elevation_ft":590.7,"epqs":{"raster_id":92997,"resolution":1.0000000000000013},"source_id":"usgs_3dep","source_url":"https://epqs.nationalmap.gov/v1/json","source":"USGS Elevation Point Query Service, interpolated from 3DEP dynamic elevation service","source_license":"public_domain","license_status":"public_domain","attribution":"Data available from U.S. Geological Survey, 3D Elevation Program.","confidence":"model_derived_topographic_estimate","last_checked":"2026-05-13","ai_answer_rule":"Describe as model-derived USGS 3DEP elevation sampled along Scout open route geometry; values may differ from guidebook profiles or surveyed summits."},"geometry":{"type":"Point","coordinates":[-77.678095,39.332021]}},{"type":"Feature","properties":{"sample_id":"elev-open-5mi-0204","trail":"Appalachian Trail","route_id":"at-main-osm-2026-open","mile_nobo":1015,"mile_sobo":1091.2,"lat":39.393483,"lon":-77.645317,"interval_miles":5,"elevation_ft":1123.8,"epqs":{"raster_id":94935,"resolution":1},"source_id":"usgs_3dep","source_url":"https://epqs.nationalmap.gov/v1/json","source":"USGS Elevation Point Query Service, interpolated from 3DEP dynamic elevation service","source_license":"public_domain","license_status":"public_domain","attribution":"Data available from U.S. Geological Survey, 3D Elevation Program.","confidence":"model_derived_topographic_estimate","last_checked":"2026-05-13","ai_answer_rule":"Describe as model-derived USGS 3DEP elevation sampled along Scout open route geometry; values may differ from guidebook profiles or surveyed summits."},"geometry":{"type":"Point","coordinates":[-77.645317,39.393483]}},{"type":"Feature","properties":{"sample_id":"elev-open-5mi-0205","trail":"Appalachian Trail","route_id":"at-main-osm-2026-open","mile_nobo":1020,"mile_sobo":1086.2,"lat":39.449281,"lon":-77.622544,"interval_miles":5,"elevation_ft":1607.2,"epqs":{"raster_id":94935,"resolution":1},"source_id":"usgs_3dep","source_url":"https://epqs.nationalmap.gov/v1/json","source":"USGS Elevation Point Query Service, interpolated from 3DEP dynamic elevation service","source_license":"public_domain","license_status":"public_domain","attribution":"Data available from U.S. Geological Survey, 3D Elevation Program.","confidence":"model_derived_topographic_estimate","last_checked":"2026-05-13","ai_answer_rule":"Describe as model-derived USGS 3DEP elevation sampled along Scout open route geometry; values may differ from guidebook profiles or surveyed summits."},"geometry":{"type":"Point","coordinates":[-77.622544,39.449281]}},{"type":"Feature","properties":{"sample_id":"elev-open-5mi-0206","trail":"Appalachian Trail","route_id":"at-main-osm-2026-open","mile_nobo":1025,"mile_sobo":1081.2,"lat":39.499882,"lon":-77.622698,"interval_miles":5,"elevation_ft":1487.2,"epqs":{"raster_id":134998,"resolution":1},"source_id":"usgs_3dep","source_url":"https://epqs.nationalmap.gov/v1/json","source":"USGS Elevation Point Query Service, interpolated from 3DEP dynamic elevation service","source_license":"public_domain","license_status":"public_domain","attribution":"Data available from U.S. Geological Survey, 3D Elevation Program.","confidence":"model_derived_topographic_estimate","last_checked":"2026-05-13","ai_answer_rule":"Describe as model-derived USGS 3DEP elevation sampled along Scout open route geometry; values may differ from guidebook profiles or surveyed summits."},"geometry":{"type":"Point","coordinates":[-77.622698,39.499882]}},{"type":"Feature","properties":{"sample_id":"elev-open-5mi-0207","trail":"Appalachian Trail","route_id":"at-main-osm-2026-open","mile_nobo":1030,"mile_sobo":1076.2,"lat":39.557331,"lon":-77.594483,"interval_miles":5,"elevation_ft":1726,"epqs":{"raster_id":36099,"resolution":1},"source_id":"usgs_3dep","source_url":"https://epqs.nationalmap.gov/v1/json","source":"USGS Elevation Point Query Service, interpolated from 3DEP dynamic elevation service","source_license":"public_domain","license_status":"public_domain","attribution":"Data available from U.S. Geological Survey, 3D Elevation Program.","confidence":"model_derived_topographic_estimate","last_checked":"2026-05-13","ai_answer_rule":"Describe as model-derived USGS 3DEP elevation sampled along Scout open route geometry; values may differ from guidebook profiles or surveyed summits."},"geometry":{"type":"Point","coordinates":[-77.594483,39.557331]}},{"type":"Feature","properties":{"sample_id":"elev-open-5mi-0208","trail":"Appalachian Trail","route_id":"at-main-osm-2026-open","mile_nobo":1035,"mile_sobo":1071.2,"lat":39.616701,"lon":-77.572068,"interval_miles":5,"elevation_ft":1800.2,"epqs":{"raster_id":36099,"resolution":1},"source_id":"usgs_3dep","source_url":"https://epqs.nationalmap.gov/v1/json","source":"USGS Elevation Point Query Service, interpolated from 3DEP dynamic elevation service","source_license":"public_domain","license_status":"public_domain","attribution":"Data available from U.S. Geological Survey, 3D Elevation Program.","confidence":"model_derived_topographic_estimate","last_checked":"2026-05-13","ai_answer_rule":"Describe as model-derived USGS 3DEP elevation sampled along Scout open route geometry; values may differ from guidebook profiles or surveyed summits."},"geometry":{"type":"Point","coordinates":[-77.572068,39.616701]}},{"type":"Feature","properties":{"sample_id":"elev-open-5mi-0209","trail":"Appalachian Trail","route_id":"at-main-osm-2026-open","mile_nobo":1040,"mile_sobo":1066.2,"lat":39.661241,"lon":-77.534911,"interval_miles":5,"elevation_ft":1276.6,"epqs":{"raster_id":115252,"resolution":1},"source_id":"usgs_3dep","source_url":"https://epqs.nationalmap.gov/v1/json","source":"USGS Elevation Point Query Service, interpolated from 3DEP dynamic elevation service","source_license":"public_domain","license_status":"public_domain","attribution":"Data available from U.S. Geological Survey, 3D Elevation Program.","confidence":"model_derived_topographic_estimate","last_checked":"2026-05-13","ai_answer_rule":"Describe as model-derived USGS 3DEP elevation sampled along Scout open route geometry; values may differ from guidebook profiles or surveyed summits."},"geometry":{"type":"Point","coordinates":[-77.534911,39.661241]}},{"type":"Feature","properties":{"sample_id":"elev-open-5mi-0210","trail":"Appalachian Trail","route_id":"at-main-osm-2026-open","mile_nobo":1045,"mile_sobo":1061.2,"lat":39.709156,"lon":-77.517023,"interval_miles":5,"elevation_ft":1367,"epqs":{"raster_id":115252,"resolution":1},"source_id":"usgs_3dep","source_url":"https://epqs.nationalmap.gov/v1/json","source":"USGS Elevation Point Query Service, interpolated from 3DEP dynamic elevation service","source_license":"public_domain","license_status":"public_domain","attribution":"Data available from U.S. Geological Survey, 3D Elevation Program.","confidence":"model_derived_topographic_estimate","last_checked":"2026-05-13","ai_answer_rule":"Describe as model-derived USGS 3DEP elevation sampled along Scout open route geometry; values may differ from guidebook profiles or surveyed summits."},"geometry":{"type":"Point","coordinates":[-77.517023,39.709156]}},{"type":"Feature","properties":{"sample_id":"elev-open-5mi-0211","trail":"Appalachian Trail","route_id":"at-main-osm-2026-open","mile_nobo":1050,"mile_sobo":1056.2,"lat":39.760821,"lon":-77.488876,"interval_miles":5,"elevation_ft":1363.2,"epqs":{"raster_id":128948,"resolution":1},"source_id":"usgs_3dep","source_url":"https://epqs.nationalmap.gov/v1/json","source":"USGS Elevation Point Query Service, interpolated from 3DEP dynamic elevation service","source_license":"public_domain","license_status":"public_domain","attribution":"Data available from U.S. Geological Survey, 3D Elevation Program.","confidence":"model_derived_topographic_estimate","last_checked":"2026-05-13","ai_answer_rule":"Describe as model-derived USGS 3DEP elevation sampled along Scout open route geometry; values may differ from guidebook profiles or surveyed summits."},"geometry":{"type":"Point","coordinates":[-77.488876,39.760821]}},{"type":"Feature","properties":{"sample_id":"elev-open-5mi-0212","trail":"Appalachian Trail","route_id":"at-main-osm-2026-open","mile_nobo":1055,"mile_sobo":1051.2,"lat":39.820991,"lon":-77.472172,"interval_miles":5,"elevation_ft":1864.8,"epqs":{"raster_id":31045,"resolution":1},"source_id":"usgs_3dep","source_url":"https://epqs.nationalmap.gov/v1/json","source":"USGS Elevation Point Query Service, interpolated from 3DEP dynamic elevation service","source_license":"public_domain","license_status":"public_domain","attribution":"Data available from U.S. Geological Survey, 3D Elevation Program.","confidence":"model_derived_topographic_estimate","last_checked":"2026-05-13","ai_answer_rule":"Describe as model-derived USGS 3DEP elevation sampled along Scout open route geometry; values may differ from guidebook profiles or surveyed summits."},"geometry":{"type":"Point","coordinates":[-77.472172,39.820991]}},{"type":"Feature","properties":{"sample_id":"elev-open-5mi-0213","trail":"Appalachian Trail","route_id":"at-main-osm-2026-open","mile_nobo":1060,"mile_sobo":1046.2,"lat":39.8679,"lon":-77.502186,"interval_miles":5,"elevation_ft":1702.6,"epqs":{"raster_id":31045,"resolution":1},"source_id":"usgs_3dep","source_url":"https://epqs.nationalmap.gov/v1/json","source":"USGS Elevation Point Query Service, interpolated from 3DEP dynamic elevation service","source_license":"public_domain","license_status":"public_domain","attribution":"Data available from U.S. Geological Survey, 3D Elevation Program.","confidence":"model_derived_topographic_estimate","last_checked":"2026-05-13","ai_answer_rule":"Describe as model-derived USGS 3DEP elevation sampled along Scout open route geometry; values may differ from guidebook profiles or surveyed summits."},"geometry":{"type":"Point","coordinates":[-77.502186,39.8679]}},{"type":"Feature","properties":{"sample_id":"elev-open-5mi-0214","trail":"Appalachian Trail","route_id":"at-main-osm-2026-open","mile_nobo":1065,"mile_sobo":1041.2,"lat":39.926921,"lon":-77.482457,"interval_miles":5,"elevation_ft":1291.1,"epqs":{"raster_id":17618,"resolution":1},"source_id":"usgs_3dep","source_url":"https://epqs.nationalmap.gov/v1/json","source":"USGS Elevation Point Query Service, interpolated from 3DEP dynamic elevation service","source_license":"public_domain","license_status":"public_domain","attribution":"Data available from U.S. Geological Survey, 3D Elevation Program.","confidence":"model_derived_topographic_estimate","last_checked":"2026-05-13","ai_answer_rule":"Describe as model-derived USGS 3DEP elevation sampled along Scout open route geometry; values may differ from guidebook profiles or surveyed summits."},"geometry":{"type":"Point","coordinates":[-77.482457,39.926921]}},{"type":"Feature","properties":{"sample_id":"elev-open-5mi-0215","trail":"Appalachian Trail","route_id":"at-main-osm-2026-open","mile_nobo":1070,"mile_sobo":1036.2,"lat":39.976413,"lon":-77.456684,"interval_miles":5,"elevation_ft":1890.6,"epqs":{"raster_id":134747,"resolution":1},"source_id":"usgs_3dep","source_url":"https://epqs.nationalmap.gov/v1/json","source":"USGS Elevation Point Query Service, interpolated from 3DEP dynamic elevation service","source_license":"public_domain","license_status":"public_domain","attribution":"Data available from U.S. Geological Survey, 3D Elevation Program.","confidence":"model_derived_topographic_estimate","last_checked":"2026-05-13","ai_answer_rule":"Describe as model-derived USGS 3DEP elevation sampled along Scout open route geometry; values may differ from guidebook profiles or surveyed summits."},"geometry":{"type":"Point","coordinates":[-77.456684,39.976413]}},{"type":"Feature","properties":{"sample_id":"elev-open-5mi-0216","trail":"Appalachian Trail","route_id":"at-main-osm-2026-open","mile_nobo":1075,"mile_sobo":1031.2,"lat":40.009182,"lon":-77.393213,"interval_miles":5,"elevation_ft":1991.3,"epqs":{"raster_id":38865,"resolution":1},"source_id":"usgs_3dep","source_url":"https://epqs.nationalmap.gov/v1/json","source":"USGS Elevation Point Query Service, interpolated from 3DEP dynamic elevation service","source_license":"public_domain","license_status":"public_domain","attribution":"Data available from U.S. Geological Survey, 3D Elevation Program.","confidence":"model_derived_topographic_estimate","last_checked":"2026-05-13","ai_answer_rule":"Describe as model-derived USGS 3DEP elevation sampled along Scout open route geometry; values may differ from guidebook profiles or surveyed summits."},"geometry":{"type":"Point","coordinates":[-77.393213,40.009182]}},{"type":"Feature","properties":{"sample_id":"elev-open-5mi-0217","trail":"Appalachian Trail","route_id":"at-main-osm-2026-open","mile_nobo":1080,"mile_sobo":1026.2,"lat":40.039408,"lon":-77.336174,"interval_miles":5,"elevation_ft":1329.6,"epqs":{"raster_id":108691,"resolution":1},"source_id":"usgs_3dep","source_url":"https://epqs.nationalmap.gov/v1/json","source":"USGS Elevation Point Query Service, interpolated from 3DEP dynamic elevation service","source_license":"public_domain","license_status":"public_domain","attribution":"Data available from U.S. Geological Survey, 3D Elevation Program.","confidence":"model_derived_topographic_estimate","last_checked":"2026-05-13","ai_answer_rule":"Describe as model-derived USGS 3DEP elevation sampled along Scout open route geometry; values may differ from guidebook profiles or surveyed summits."},"geometry":{"type":"Point","coordinates":[-77.336174,40.039408]}},{"type":"Feature","properties":{"sample_id":"elev-open-5mi-0218","trail":"Appalachian Trail","route_id":"at-main-osm-2026-open","mile_nobo":1085,"mile_sobo":1021.2,"lat":40.029739,"lon":-77.261229,"interval_miles":5,"elevation_ft":1379.2,"epqs":{"raster_id":108691,"resolution":1},"source_id":"usgs_3dep","source_url":"https://epqs.nationalmap.gov/v1/json","source":"USGS Elevation Point Query Service, interpolated from 3DEP dynamic elevation service","source_license":"public_domain","license_status":"public_domain","attribution":"Data available from U.S. Geological Survey, 3D Elevation Program.","confidence":"model_derived_topographic_estimate","last_checked":"2026-05-13","ai_answer_rule":"Describe as model-derived USGS 3DEP elevation sampled along Scout open route geometry; values may differ from guidebook profiles or surveyed summits."},"geometry":{"type":"Point","coordinates":[-77.261229,40.029739]}},{"type":"Feature","properties":{"sample_id":"elev-open-5mi-0219","trail":"Appalachian Trail","route_id":"at-main-osm-2026-open","mile_nobo":1090,"mile_sobo":1016.2,"lat":40.073334,"lon":-77.202104,"interval_miles":5,"elevation_ft":639.8,"epqs":{"raster_id":105504,"resolution":1},"source_id":"usgs_3dep","source_url":"https://epqs.nationalmap.gov/v1/json","source":"USGS Elevation Point Query Service, interpolated from 3DEP dynamic elevation service","source_license":"public_domain","license_status":"public_domain","attribution":"Data available from U.S. Geological Survey, 3D Elevation Program.","confidence":"model_derived_topographic_estimate","last_checked":"2026-05-13","ai_answer_rule":"Describe as model-derived USGS 3DEP elevation sampled along Scout open route geometry; values may differ from guidebook profiles or surveyed summits."},"geometry":{"type":"Point","coordinates":[-77.202104,40.073334]}},{"type":"Feature","properties":{"sample_id":"elev-open-5mi-0220","trail":"Appalachian Trail","route_id":"at-main-osm-2026-open","mile_nobo":1095,"mile_sobo":1011.2,"lat":40.095432,"lon":-77.134099,"interval_miles":5,"elevation_ft":1086.5,"epqs":{"raster_id":93636,"resolution":1},"source_id":"usgs_3dep","source_url":"https://epqs.nationalmap.gov/v1/json","source":"USGS Elevation Point Query Service, interpolated from 3DEP dynamic elevation service","source_license":"public_domain","license_status":"public_domain","attribution":"Data available from U.S. Geological Survey, 3D Elevation Program.","confidence":"model_derived_topographic_estimate","last_checked":"2026-05-13","ai_answer_rule":"Describe as model-derived USGS 3DEP elevation sampled along Scout open route geometry; values may differ from guidebook profiles or surveyed summits."},"geometry":{"type":"Point","coordinates":[-77.134099,40.095432]}},{"type":"Feature","properties":{"sample_id":"elev-open-5mi-0221","trail":"Appalachian Trail","route_id":"at-main-osm-2026-open","mile_nobo":1100,"mile_sobo":1006.2,"lat":40.139474,"lon":-77.115329,"interval_miles":5,"elevation_ft":528.9,"epqs":{"raster_id":93636,"resolution":1},"source_id":"usgs_3dep","source_url":"https://epqs.nationalmap.gov/v1/json","source":"USGS Elevation Point Query Service, interpolated from 3DEP dynamic elevation service","source_license":"public_domain","license_status":"public_domain","attribution":"Data available from U.S. Geological Survey, 3D Elevation Program.","confidence":"model_derived_topographic_estimate","last_checked":"2026-05-13","ai_answer_rule":"Describe as model-derived USGS 3DEP elevation sampled along Scout open route geometry; values may differ from guidebook profiles or surveyed summits."},"geometry":{"type":"Point","coordinates":[-77.115329,40.139474]}},{"type":"Feature","properties":{"sample_id":"elev-open-5mi-0222","trail":"Appalachian Trail","route_id":"at-main-osm-2026-open","mile_nobo":1105,"mile_sobo":1001.2,"lat":40.192609,"lon":-77.106153,"interval_miles":5,"elevation_ft":506.9,"epqs":{"raster_id":61426,"resolution":1},"source_id":"usgs_3dep","source_url":"https://epqs.nationalmap.gov/v1/json","source":"USGS Elevation Point Query Service, interpolated from 3DEP dynamic elevation service","source_license":"public_domain","license_status":"public_domain","attribution":"Data available from U.S. Geological Survey, 3D Elevation Program.","confidence":"model_derived_topographic_estimate","last_checked":"2026-05-13","ai_answer_rule":"Describe as model-derived USGS 3DEP elevation sampled along Scout open route geometry; values may differ from guidebook profiles or surveyed summits."},"geometry":{"type":"Point","coordinates":[-77.106153,40.192609]}},{"type":"Feature","properties":{"sample_id":"elev-open-5mi-0223","trail":"Appalachian Trail","route_id":"at-main-osm-2026-open","mile_nobo":1110,"mile_sobo":996.2,"lat":40.245859,"lon":-77.101102,"interval_miles":5,"elevation_ft":437.6,"epqs":{"raster_id":61426,"resolution":1},"source_id":"usgs_3dep","source_url":"https://epqs.nationalmap.gov/v1/json","source":"USGS Elevation Point Query Service, interpolated from 3DEP dynamic elevation service","source_license":"public_domain","license_status":"public_domain","attribution":"Data available from U.S. Geological Survey, 3D Elevation Program.","confidence":"model_derived_topographic_estimate","last_checked":"2026-05-13","ai_answer_rule":"Describe as model-derived USGS 3DEP elevation sampled along Scout open route geometry; values may differ from guidebook profiles or surveyed summits."},"geometry":{"type":"Point","coordinates":[-77.101102,40.245859]}},{"type":"Feature","properties":{"sample_id":"elev-open-5mi-0224","trail":"Appalachian Trail","route_id":"at-main-osm-2026-open","mile_nobo":1115,"mile_sobo":991.2,"lat":40.301867,"lon":-77.088589,"interval_miles":5,"elevation_ft":1226.4,"epqs":{"raster_id":89127,"resolution":1},"source_id":"usgs_3dep","source_url":"https://epqs.nationalmap.gov/v1/json","source":"USGS Elevation Point Query Service, interpolated from 3DEP dynamic elevation service","source_license":"public_domain","license_status":"public_domain","attribution":"Data available from U.S. Geological Survey, 3D Elevation Program.","confidence":"model_derived_topographic_estimate","last_checked":"2026-05-13","ai_answer_rule":"Describe as model-derived USGS 3DEP elevation sampled along Scout open route geometry; values may differ from guidebook profiles or surveyed summits."},"geometry":{"type":"Point","coordinates":[-77.088589,40.301867]}},{"type":"Feature","properties":{"sample_id":"elev-open-5mi-0225","trail":"Appalachian Trail","route_id":"at-main-osm-2026-open","mile_nobo":1120,"mile_sobo":986.2,"lat":40.347046,"lon":-77.097857,"interval_miles":5,"elevation_ft":1334.6,"epqs":{"raster_id":89127,"resolution":1},"source_id":"usgs_3dep","source_url":"https://epqs.nationalmap.gov/v1/json","source":"USGS Elevation Point Query Service, interpolated from 3DEP dynamic elevation service","source_license":"public_domain","license_status":"public_domain","attribution":"Data available from U.S. Geological Survey, 3D Elevation Program.","confidence":"model_derived_topographic_estimate","last_checked":"2026-05-13","ai_answer_rule":"Describe as model-derived USGS 3DEP elevation sampled along Scout open route geometry; values may differ from guidebook profiles or surveyed summits."},"geometry":{"type":"Point","coordinates":[-77.097857,40.347046]}},{"type":"Feature","properties":{"sample_id":"elev-open-5mi-0226","trail":"Appalachian Trail","route_id":"at-main-osm-2026-open","mile_nobo":1125,"mile_sobo":981.2,"lat":40.384873,"lon":-77.031416,"interval_miles":5,"elevation_ft":355.2,"epqs":{"raster_id":84225,"resolution":1},"source_id":"usgs_3dep","source_url":"https://epqs.nationalmap.gov/v1/json","source":"USGS Elevation Point Query Service, interpolated from 3DEP dynamic elevation service","source_license":"public_domain","license_status":"public_domain","attribution":"Data available from U.S. Geological Survey, 3D Elevation Program.","confidence":"model_derived_topographic_estimate","last_checked":"2026-05-13","ai_answer_rule":"Describe as model-derived USGS 3DEP elevation sampled along Scout open route geometry; values may differ from guidebook profiles or surveyed summits."},"geometry":{"type":"Point","coordinates":[-77.031416,40.384873]}},{"type":"Feature","properties":{"sample_id":"elev-open-5mi-0227","trail":"Appalachian Trail","route_id":"at-main-osm-2026-open","mile_nobo":1130,"mile_sobo":976.2,"lat":40.391686,"lon":-76.996003,"interval_miles":5,"elevation_ft":1178.2,"epqs":{"raster_id":60671,"resolution":1},"source_id":"usgs_3dep","source_url":"https://epqs.nationalmap.gov/v1/json","source":"USGS Elevation Point Query Service, interpolated from 3DEP dynamic elevation service","source_license":"public_domain","license_status":"public_domain","attribution":"Data available from U.S. Geological Survey, 3D Elevation Program.","confidence":"model_derived_topographic_estimate","last_checked":"2026-05-13","ai_answer_rule":"Describe as model-derived USGS 3DEP elevation sampled along Scout open route geometry; values may differ from guidebook profiles or surveyed summits."},"geometry":{"type":"Point","coordinates":[-76.996003,40.391686]}},{"type":"Feature","properties":{"sample_id":"elev-open-5mi-0228","trail":"Appalachian Trail","route_id":"at-main-osm-2026-open","mile_nobo":1135,"mile_sobo":971.2,"lat":40.416703,"lon":-76.911874,"interval_miles":5,"elevation_ft":1277.6,"epqs":{"raster_id":60671,"resolution":1},"source_id":"usgs_3dep","source_url":"https://epqs.nationalmap.gov/v1/json","source":"USGS Elevation Point Query Service, interpolated from 3DEP dynamic elevation service","source_license":"public_domain","license_status":"public_domain","attribution":"Data available from U.S. Geological Survey, 3D Elevation Program.","confidence":"model_derived_topographic_estimate","last_checked":"2026-05-13","ai_answer_rule":"Describe as model-derived USGS 3DEP elevation sampled along Scout open route geometry; values may differ from guidebook profiles or surveyed summits."},"geometry":{"type":"Point","coordinates":[-76.911874,40.416703]}},{"type":"Feature","properties":{"sample_id":"elev-open-5mi-0229","trail":"Appalachian Trail","route_id":"at-main-osm-2026-open","mile_nobo":1140,"mile_sobo":966.2,"lat":40.443331,"lon":-76.825553,"interval_miles":5,"elevation_ft":1242.6,"epqs":{"raster_id":104289,"resolution":1},"source_id":"usgs_3dep","source_url":"https://epqs.nationalmap.gov/v1/json","source":"USGS Elevation Point Query Service, interpolated from 3DEP dynamic elevation service","source_license":"public_domain","license_status":"public_domain","attribution":"Data available from U.S. Geological Survey, 3D Elevation Program.","confidence":"model_derived_topographic_estimate","last_checked":"2026-05-13","ai_answer_rule":"Describe as model-derived USGS 3DEP elevation sampled along Scout open route geometry; values may differ from guidebook profiles or surveyed summits."},"geometry":{"type":"Point","coordinates":[-76.825553,40.443331]}},{"type":"Feature","properties":{"sample_id":"elev-open-5mi-0230","trail":"Appalachian Trail","route_id":"at-main-osm-2026-open","mile_nobo":1145,"mile_sobo":961.2,"lat":40.447562,"lon":-76.752553,"interval_miles":5,"elevation_ft":1147.5,"epqs":{"raster_id":41125,"resolution":1},"source_id":"usgs_3dep","source_url":"https://epqs.nationalmap.gov/v1/json","source":"USGS Elevation Point Query Service, interpolated from 3DEP dynamic elevation service","source_license":"public_domain","license_status":"public_domain","attribution":"Data available from U.S. Geological Survey, 3D Elevation Program.","confidence":"model_derived_topographic_estimate","last_checked":"2026-05-13","ai_answer_rule":"Describe as model-derived USGS 3DEP elevation sampled along Scout open route geometry; values may differ from guidebook profiles or surveyed summits."},"geometry":{"type":"Point","coordinates":[-76.752553,40.447562]}},{"type":"Feature","properties":{"sample_id":"elev-open-5mi-0231","trail":"Appalachian Trail","route_id":"at-main-osm-2026-open","mile_nobo":1150,"mile_sobo":956.2,"lat":40.471779,"lon":-76.671614,"interval_miles":5,"elevation_ft":1403.6,"epqs":{"raster_id":112607,"resolution":1},"source_id":"usgs_3dep","source_url":"https://epqs.nationalmap.gov/v1/json","source":"USGS Elevation Point Query Service, interpolated from 3DEP dynamic elevation service","source_license":"public_domain","license_status":"public_domain","attribution":"Data available from U.S. Geological Survey, 3D Elevation Program.","confidence":"model_derived_topographic_estimate","last_checked":"2026-05-13","ai_answer_rule":"Describe as model-derived USGS 3DEP elevation sampled along Scout open route geometry; values may differ from guidebook profiles or surveyed summits."},"geometry":{"type":"Point","coordinates":[-76.671614,40.471779]}},{"type":"Feature","properties":{"sample_id":"elev-open-5mi-0232","trail":"Appalachian Trail","route_id":"at-main-osm-2026-open","mile_nobo":1155,"mile_sobo":951.2,"lat":40.496897,"lon":-76.59727,"interval_miles":5,"elevation_ft":912.2,"epqs":{"raster_id":79933,"resolution":1},"source_id":"usgs_3dep","source_url":"https://epqs.nationalmap.gov/v1/json","source":"USGS Elevation Point Query Service, interpolated from 3DEP dynamic elevation service","source_license":"public_domain","license_status":"public_domain","attribution":"Data available from U.S. Geological Survey, 3D Elevation Program.","confidence":"model_derived_topographic_estimate","last_checked":"2026-05-13","ai_answer_rule":"Describe as model-derived USGS 3DEP elevation sampled along Scout open route geometry; values may differ from guidebook profiles or surveyed summits."},"geometry":{"type":"Point","coordinates":[-76.59727,40.496897]}},{"type":"Feature","properties":{"sample_id":"elev-open-5mi-0233","trail":"Appalachian Trail","route_id":"at-main-osm-2026-open","mile_nobo":1160,"mile_sobo":946.2,"lat":40.478627,"lon":-76.540091,"interval_miles":5,"elevation_ft":673.3,"epqs":{"raster_id":79933,"resolution":1},"source_id":"usgs_3dep","source_url":"https://epqs.nationalmap.gov/v1/json","source":"USGS Elevation Point Query Service, interpolated from 3DEP dynamic elevation service","source_license":"public_domain","license_status":"public_domain","attribution":"Data available from U.S. Geological Survey, 3D Elevation Program.","confidence":"model_derived_topographic_estimate","last_checked":"2026-05-13","ai_answer_rule":"Describe as model-derived USGS 3DEP elevation sampled along Scout open route geometry; values may differ from guidebook profiles or surveyed summits."},"geometry":{"type":"Point","coordinates":[-76.540091,40.478627]}},{"type":"Feature","properties":{"sample_id":"elev-open-5mi-0234","trail":"Appalachian Trail","route_id":"at-main-osm-2026-open","mile_nobo":1165,"mile_sobo":941.2,"lat":40.495957,"lon":-76.466702,"interval_miles":5,"elevation_ft":1348,"epqs":{"raster_id":130674,"resolution":1},"source_id":"usgs_3dep","source_url":"https://epqs.nationalmap.gov/v1/json","source":"USGS Elevation Point Query Service, interpolated from 3DEP dynamic elevation service","source_license":"public_domain","license_status":"public_domain","attribution":"Data available from U.S. Geological Survey, 3D Elevation Program.","confidence":"model_derived_topographic_estimate","last_checked":"2026-05-13","ai_answer_rule":"Describe as model-derived USGS 3DEP elevation sampled along Scout open route geometry; values may differ from guidebook profiles or surveyed summits."},"geometry":{"type":"Point","coordinates":[-76.466702,40.495957]}},{"type":"Feature","properties":{"sample_id":"elev-open-5mi-0235","trail":"Appalachian Trail","route_id":"at-main-osm-2026-open","mile_nobo":1170,"mile_sobo":936.2,"lat":40.506968,"lon":-76.377077,"interval_miles":5,"elevation_ft":1219.7,"epqs":{"raster_id":62116,"resolution":1},"source_id":"usgs_3dep","source_url":"https://epqs.nationalmap.gov/v1/json","source":"USGS Elevation Point Query Service, interpolated from 3DEP dynamic elevation service","source_license":"public_domain","license_status":"public_domain","attribution":"Data available from U.S. Geological Survey, 3D Elevation Program.","confidence":"model_derived_topographic_estimate","last_checked":"2026-05-13","ai_answer_rule":"Describe as model-derived USGS 3DEP elevation sampled along Scout open route geometry; values may differ from guidebook profiles or surveyed summits."},"geometry":{"type":"Point","coordinates":[-76.377077,40.506968]}},{"type":"Feature","properties":{"sample_id":"elev-open-5mi-0236","trail":"Appalachian Trail","route_id":"at-main-osm-2026-open","mile_nobo":1175,"mile_sobo":931.2,"lat":40.508207,"lon":-76.309394,"interval_miles":5,"elevation_ft":1498.4,"epqs":{"raster_id":62116,"resolution":1},"source_id":"usgs_3dep","source_url":"https://epqs.nationalmap.gov/v1/json","source":"USGS Elevation Point Query Service, interpolated from 3DEP dynamic elevation service","source_license":"public_domain","license_status":"public_domain","attribution":"Data available from U.S. Geological Survey, 3D Elevation Program.","confidence":"model_derived_topographic_estimate","last_checked":"2026-05-13","ai_answer_rule":"Describe as model-derived USGS 3DEP elevation sampled along Scout open route geometry; values may differ from guidebook profiles or surveyed summits."},"geometry":{"type":"Point","coordinates":[-76.309394,40.508207]}},{"type":"Feature","properties":{"sample_id":"elev-open-5mi-0237","trail":"Appalachian Trail","route_id":"at-main-osm-2026-open","mile_nobo":1180,"mile_sobo":926.2,"lat":40.525706,"lon":-76.234803,"interval_miles":5,"elevation_ft":1500.9,"epqs":{"raster_id":126459,"resolution":1},"source_id":"usgs_3dep","source_url":"https://epqs.nationalmap.gov/v1/json","source":"USGS Elevation Point Query Service, interpolated from 3DEP dynamic elevation service","source_license":"public_domain","license_status":"public_domain","attribution":"Data available from U.S. Geological Survey, 3D Elevation Program.","confidence":"model_derived_topographic_estimate","last_checked":"2026-05-13","ai_answer_rule":"Describe as model-derived USGS 3DEP elevation sampled along Scout open route geometry; values may differ from guidebook profiles or surveyed summits."},"geometry":{"type":"Point","coordinates":[-76.234803,40.525706]}},{"type":"Feature","properties":{"sample_id":"elev-open-5mi-0238","trail":"Appalachian Trail","route_id":"at-main-osm-2026-open","mile_nobo":1185,"mile_sobo":921.2,"lat":40.538346,"lon":-76.15872,"interval_miles":5,"elevation_ft":1573.1,"epqs":{"raster_id":94266,"resolution":1},"source_id":"usgs_3dep","source_url":"https://epqs.nationalmap.gov/v1/json","source":"USGS Elevation Point Query Service, interpolated from 3DEP dynamic elevation service","source_license":"public_domain","license_status":"public_domain","attribution":"Data available from U.S. Geological Survey, 3D Elevation Program.","confidence":"model_derived_topographic_estimate","last_checked":"2026-05-13","ai_answer_rule":"Describe as model-derived USGS 3DEP elevation sampled along Scout open route geometry; values may differ from guidebook profiles or surveyed summits."},"geometry":{"type":"Point","coordinates":[-76.15872,40.538346]}},{"type":"Feature","properties":{"sample_id":"elev-open-5mi-0239","trail":"Appalachian Trail","route_id":"at-main-osm-2026-open","mile_nobo":1190,"mile_sobo":916.2,"lat":40.546149,"lon":-76.098825,"interval_miles":5,"elevation_ft":1491,"epqs":{"raster_id":94266,"resolution":1},"source_id":"usgs_3dep","source_url":"https://epqs.nationalmap.gov/v1/json","source":"USGS Elevation Point Query Service, interpolated from 3DEP dynamic elevation service","source_license":"public_domain","license_status":"public_domain","attribution":"Data available from U.S. Geological Survey, 3D Elevation Program.","confidence":"model_derived_topographic_estimate","last_checked":"2026-05-13","ai_answer_rule":"Describe as model-derived USGS 3DEP elevation sampled along Scout open route geometry; values may differ from guidebook profiles or surveyed summits."},"geometry":{"type":"Point","coordinates":[-76.098825,40.546149]}},{"type":"Feature","properties":{"sample_id":"elev-open-5mi-0240","trail":"Appalachian Trail","route_id":"at-main-osm-2026-open","mile_nobo":1195,"mile_sobo":911.2,"lat":40.579805,"lon":-76.026698,"interval_miles":5,"elevation_ft":405.9,"epqs":{"raster_id":23974,"resolution":1},"source_id":"usgs_3dep","source_url":"https://epqs.nationalmap.gov/v1/json","source":"USGS Elevation Point Query Service, interpolated from 3DEP dynamic elevation service","source_license":"public_domain","license_status":"public_domain","attribution":"Data available from U.S. Geological Survey, 3D Elevation Program.","confidence":"model_derived_topographic_estimate","last_checked":"2026-05-13","ai_answer_rule":"Describe as model-derived USGS 3DEP elevation sampled along Scout open route geometry; values may differ from guidebook profiles or surveyed summits."},"geometry":{"type":"Point","coordinates":[-76.026698,40.579805]}},{"type":"Feature","properties":{"sample_id":"elev-open-5mi-0241","trail":"Appalachian Trail","route_id":"at-main-osm-2026-open","mile_nobo":1200,"mile_sobo":906.2,"lat":40.587298,"lon":-75.954504,"interval_miles":5,"elevation_ft":981.8,"epqs":{"raster_id":23974,"resolution":1},"source_id":"usgs_3dep","source_url":"https://epqs.nationalmap.gov/v1/json","source":"USGS Elevation Point Query Service, interpolated from 3DEP dynamic elevation service","source_license":"public_domain","license_status":"public_domain","attribution":"Data available from U.S. Geological Survey, 3D Elevation Program.","confidence":"model_derived_topographic_estimate","last_checked":"2026-05-13","ai_answer_rule":"Describe as model-derived USGS 3DEP elevation sampled along Scout open route geometry; values may differ from guidebook profiles or surveyed summits."},"geometry":{"type":"Point","coordinates":[-75.954504,40.587298]}},{"type":"Feature","properties":{"sample_id":"elev-open-5mi-0242","trail":"Appalachian Trail","route_id":"at-main-osm-2026-open","mile_nobo":1205,"mile_sobo":901.2,"lat":40.612506,"lon":-75.920877,"interval_miles":5,"elevation_ft":1588.6,"epqs":{"raster_id":108955,"resolution":1},"source_id":"usgs_3dep","source_url":"https://epqs.nationalmap.gov/v1/json","source":"USGS Elevation Point Query Service, interpolated from 3DEP dynamic elevation service","source_license":"public_domain","license_status":"public_domain","attribution":"Data available from U.S. Geological Survey, 3D Elevation Program.","confidence":"model_derived_topographic_estimate","last_checked":"2026-05-13","ai_answer_rule":"Describe as model-derived USGS 3DEP elevation sampled along Scout open route geometry; values may differ from guidebook profiles or surveyed summits."},"geometry":{"type":"Point","coordinates":[-75.920877,40.612506]}},{"type":"Feature","properties":{"sample_id":"elev-open-5mi-0243","trail":"Appalachian Trail","route_id":"at-main-osm-2026-open","mile_nobo":1210,"mile_sobo":896.2,"lat":40.636111,"lon":-75.958557,"interval_miles":5,"elevation_ft":577.6,"epqs":{"raster_id":23974,"resolution":1},"source_id":"usgs_3dep","source_url":"https://epqs.nationalmap.gov/v1/json","source":"USGS Elevation Point Query Service, interpolated from 3DEP dynamic elevation service","source_license":"public_domain","license_status":"public_domain","attribution":"Data available from U.S. Geological Survey, 3D Elevation Program.","confidence":"model_derived_topographic_estimate","last_checked":"2026-05-13","ai_answer_rule":"Describe as model-derived USGS 3DEP elevation sampled along Scout open route geometry; values may differ from guidebook profiles or surveyed summits."},"geometry":{"type":"Point","coordinates":[-75.958557,40.636111]}},{"type":"Feature","properties":{"sample_id":"elev-open-5mi-0244","trail":"Appalachian Trail","route_id":"at-main-osm-2026-open","mile_nobo":1215,"mile_sobo":891.2,"lat":40.670598,"lon":-75.904915,"interval_miles":5,"elevation_ft":1607.1,"epqs":{"raster_id":99195,"resolution":1},"source_id":"usgs_3dep","source_url":"https://epqs.nationalmap.gov/v1/json","source":"USGS Elevation Point Query Service, interpolated from 3DEP dynamic elevation service","source_license":"public_domain","license_status":"public_domain","attribution":"Data available from U.S. Geological Survey, 3D Elevation Program.","confidence":"model_derived_topographic_estimate","last_checked":"2026-05-13","ai_answer_rule":"Describe as model-derived USGS 3DEP elevation sampled along Scout open route geometry; values may differ from guidebook profiles or surveyed summits."},"geometry":{"type":"Point","coordinates":[-75.904915,40.670598]}},{"type":"Feature","properties":{"sample_id":"elev-open-5mi-0245","trail":"Appalachian Trail","route_id":"at-main-osm-2026-open","mile_nobo":1220,"mile_sobo":886.2,"lat":40.701401,"lon":-75.824986,"interval_miles":5,"elevation_ft":1401.7,"epqs":{"raster_id":96523,"resolution":1},"source_id":"usgs_3dep","source_url":"https://epqs.nationalmap.gov/v1/json","source":"USGS Elevation Point Query Service, interpolated from 3DEP dynamic elevation service","source_license":"public_domain","license_status":"public_domain","attribution":"Data available from U.S. Geological Survey, 3D Elevation Program.","confidence":"model_derived_topographic_estimate","last_checked":"2026-05-13","ai_answer_rule":"Describe as model-derived USGS 3DEP elevation sampled along Scout open route geometry; values may differ from guidebook profiles or surveyed summits."},"geometry":{"type":"Point","coordinates":[-75.824986,40.701401]}},{"type":"Feature","properties":{"sample_id":"elev-open-5mi-0246","trail":"Appalachian Trail","route_id":"at-main-osm-2026-open","mile_nobo":1225,"mile_sobo":881.2,"lat":40.738512,"lon":-75.750279,"interval_miles":5,"elevation_ft":1492.3,"epqs":{"raster_id":96523,"resolution":1},"source_id":"usgs_3dep","source_url":"https://epqs.nationalmap.gov/v1/json","source":"USGS Elevation Point Query Service, interpolated from 3DEP dynamic elevation service","source_license":"public_domain","license_status":"public_domain","attribution":"Data available from U.S. Geological Survey, 3D Elevation Program.","confidence":"model_derived_topographic_estimate","last_checked":"2026-05-13","ai_answer_rule":"Describe as model-derived USGS 3DEP elevation sampled along Scout open route geometry; values may differ from guidebook profiles or surveyed summits."},"geometry":{"type":"Point","coordinates":[-75.750279,40.738512]}},{"type":"Feature","properties":{"sample_id":"elev-open-5mi-0247","trail":"Appalachian Trail","route_id":"at-main-osm-2026-open","mile_nobo":1230,"mile_sobo":876.2,"lat":40.775023,"lon":-75.676721,"interval_miles":5,"elevation_ft":1562,"epqs":{"raster_id":129732,"resolution":1},"source_id":"usgs_3dep","source_url":"https://epqs.nationalmap.gov/v1/json","source":"USGS Elevation Point Query Service, interpolated from 3DEP dynamic elevation service","source_license":"public_domain","license_status":"public_domain","attribution":"Data available from U.S. Geological Survey, 3D Elevation Program.","confidence":"model_derived_topographic_estimate","last_checked":"2026-05-13","ai_answer_rule":"Describe as model-derived USGS 3DEP elevation sampled along Scout open route geometry; values may differ from guidebook profiles or surveyed summits."},"geometry":{"type":"Point","coordinates":[-75.676721,40.775023]}},{"type":"Feature","properties":{"sample_id":"elev-open-5mi-0248","trail":"Appalachian Trail","route_id":"at-main-osm-2026-open","mile_nobo":1235,"mile_sobo":871.2,"lat":40.78268,"lon":-75.604365,"interval_miles":5,"elevation_ft":466.3,"epqs":{"raster_id":129732,"resolution":1},"source_id":"usgs_3dep","source_url":"https://epqs.nationalmap.gov/v1/json","source":"USGS Elevation Point Query Service, interpolated from 3DEP dynamic elevation service","source_license":"public_domain","license_status":"public_domain","attribution":"Data available from U.S. Geological Survey, 3D Elevation Program.","confidence":"model_derived_topographic_estimate","last_checked":"2026-05-13","ai_answer_rule":"Describe as model-derived USGS 3DEP elevation sampled along Scout open route geometry; values may differ from guidebook profiles or surveyed summits."},"geometry":{"type":"Point","coordinates":[-75.604365,40.78268]}},{"type":"Feature","properties":{"sample_id":"elev-open-5mi-0249","trail":"Appalachian Trail","route_id":"at-main-osm-2026-open","mile_nobo":1240,"mile_sobo":866.2,"lat":40.807668,"lon":-75.538437,"interval_miles":5,"elevation_ft":1221.5,"epqs":{"raster_id":62710,"resolution":1},"source_id":"usgs_3dep","source_url":"https://epqs.nationalmap.gov/v1/json","source":"USGS Elevation Point Query Service, interpolated from 3DEP dynamic elevation service","source_license":"public_domain","license_status":"public_domain","attribution":"Data available from U.S. Geological Survey, 3D Elevation Program.","confidence":"model_derived_topographic_estimate","last_checked":"2026-05-13","ai_answer_rule":"Describe as model-derived USGS 3DEP elevation sampled along Scout open route geometry; values may differ from guidebook profiles or surveyed summits."},"geometry":{"type":"Point","coordinates":[-75.538437,40.807668]}},{"type":"Feature","properties":{"sample_id":"elev-open-5mi-0250","trail":"Appalachian Trail","route_id":"at-main-osm-2026-open","mile_nobo":1245,"mile_sobo":861.2,"lat":40.818165,"lon":-75.450912,"interval_miles":5,"elevation_ft":1592.3,"epqs":{"raster_id":43502,"resolution":1},"source_id":"usgs_3dep","source_url":"https://epqs.nationalmap.gov/v1/json","source":"USGS Elevation Point Query Service, interpolated from 3DEP dynamic elevation service","source_license":"public_domain","license_status":"public_domain","attribution":"Data available from U.S. Geological Survey, 3D Elevation Program.","confidence":"model_derived_topographic_estimate","last_checked":"2026-05-13","ai_answer_rule":"Describe as model-derived USGS 3DEP elevation sampled along Scout open route geometry; values may differ from guidebook profiles or surveyed summits."},"geometry":{"type":"Point","coordinates":[-75.450912,40.818165]}},{"type":"Feature","properties":{"sample_id":"elev-open-5mi-0251","trail":"Appalachian Trail","route_id":"at-main-osm-2026-open","mile_nobo":1250,"mile_sobo":856.2,"lat":40.835455,"lon":-75.36766,"interval_miles":5,"elevation_ft":1522.8,"epqs":{"raster_id":89288,"resolution":1},"source_id":"usgs_3dep","source_url":"https://epqs.nationalmap.gov/v1/json","source":"USGS Elevation Point Query Service, interpolated from 3DEP dynamic elevation service","source_license":"public_domain","license_status":"public_domain","attribution":"Data available from U.S. Geological Survey, 3D Elevation Program.","confidence":"model_derived_topographic_estimate","last_checked":"2026-05-13","ai_answer_rule":"Describe as model-derived USGS 3DEP elevation sampled along Scout open route geometry; values may differ from guidebook profiles or surveyed summits."},"geometry":{"type":"Point","coordinates":[-75.36766,40.835455]}},{"type":"Feature","properties":{"sample_id":"elev-open-5mi-0252","trail":"Appalachian Trail","route_id":"at-main-osm-2026-open","mile_nobo":1255,"mile_sobo":851.2,"lat":40.861368,"lon":-75.292289,"interval_miles":5,"elevation_ft":1032.1,"epqs":{"raster_id":70756,"resolution":1},"source_id":"usgs_3dep","source_url":"https://epqs.nationalmap.gov/v1/json","source":"USGS Elevation Point Query Service, interpolated from 3DEP dynamic elevation service","source_license":"public_domain","license_status":"public_domain","attribution":"Data available from U.S. Geological Survey, 3D Elevation Program.","confidence":"model_derived_topographic_estimate","last_checked":"2026-05-13","ai_answer_rule":"Describe as model-derived USGS 3DEP elevation sampled along Scout open route geometry; values may differ from guidebook profiles or surveyed summits."},"geometry":{"type":"Point","coordinates":[-75.292289,40.861368]}},{"type":"Feature","properties":{"sample_id":"elev-open-5mi-0253","trail":"Appalachian Trail","route_id":"at-main-osm-2026-open","mile_nobo":1260,"mile_sobo":846.2,"lat":40.910538,"lon":-75.240121,"interval_miles":5,"elevation_ft":1615.9,"epqs":{"raster_id":70756,"resolution":1},"source_id":"usgs_3dep","source_url":"https://epqs.nationalmap.gov/v1/json","source":"USGS Elevation Point Query Service, interpolated from 3DEP dynamic elevation service","source_license":"public_domain","license_status":"public_domain","attribution":"Data available from U.S. Geological Survey, 3D Elevation Program.","confidence":"model_derived_topographic_estimate","last_checked":"2026-05-13","ai_answer_rule":"Describe as model-derived USGS 3DEP elevation sampled along Scout open route geometry; values may differ from guidebook profiles or surveyed summits."},"geometry":{"type":"Point","coordinates":[-75.240121,40.910538]}},{"type":"Feature","properties":{"sample_id":"elev-open-5mi-0254","trail":"Appalachian Trail","route_id":"at-main-osm-2026-open","mile_nobo":1265,"mile_sobo":841.2,"lat":40.947121,"lon":-75.171855,"interval_miles":5,"elevation_ft":1435.4,"epqs":{"raster_id":115122,"resolution":1},"source_id":"usgs_3dep","source_url":"https://epqs.nationalmap.gov/v1/json","source":"USGS Elevation Point Query Service, interpolated from 3DEP dynamic elevation service","source_license":"public_domain","license_status":"public_domain","attribution":"Data available from U.S. Geological Survey, 3D Elevation Program.","confidence":"model_derived_topographic_estimate","last_checked":"2026-05-13","ai_answer_rule":"Describe as model-derived USGS 3DEP elevation sampled along Scout open route geometry; values may differ from guidebook profiles or surveyed summits."},"geometry":{"type":"Point","coordinates":[-75.171855,40.947121]}},{"type":"Feature","properties":{"sample_id":"elev-open-5mi-0255","trail":"Appalachian Trail","route_id":"at-main-osm-2026-open","mile_nobo":1270,"mile_sobo":836.2,"lat":40.982857,"lon":-75.139442,"interval_miles":5,"elevation_ft":375.1,"epqs":{"raster_id":115122,"resolution":1},"source_id":"usgs_3dep","source_url":"https://epqs.nationalmap.gov/v1/json","source":"USGS Elevation Point Query Service, interpolated from 3DEP dynamic elevation service","source_license":"public_domain","license_status":"public_domain","attribution":"Data available from U.S. Geological Survey, 3D Elevation Program.","confidence":"model_derived_topographic_estimate","last_checked":"2026-05-13","ai_answer_rule":"Describe as model-derived USGS 3DEP elevation sampled along Scout open route geometry; values may differ from guidebook profiles or surveyed summits."},"geometry":{"type":"Point","coordinates":[-75.139442,40.982857]}},{"type":"Feature","properties":{"sample_id":"elev-open-5mi-0256","trail":"Appalachian Trail","route_id":"at-main-osm-2026-open","mile_nobo":1275,"mile_sobo":831.2,"lat":41.001063,"lon":-75.082737,"interval_miles":5,"elevation_ft":1419,"epqs":{"raster_id":115685,"resolution":1},"source_id":"usgs_3dep","source_url":"https://epqs.nationalmap.gov/v1/json","source":"USGS Elevation Point Query Service, interpolated from 3DEP dynamic elevation service","source_license":"public_domain","license_status":"public_domain","attribution":"Data available from U.S. Geological Survey, 3D Elevation Program.","confidence":"model_derived_topographic_estimate","last_checked":"2026-05-13","ai_answer_rule":"Describe as model-derived USGS 3DEP elevation sampled along Scout open route geometry; values may differ from guidebook profiles or surveyed summits."},"geometry":{"type":"Point","coordinates":[-75.082737,41.001063]}},{"type":"Feature","properties":{"sample_id":"elev-open-5mi-0257","trail":"Appalachian Trail","route_id":"at-main-osm-2026-open","mile_nobo":1280,"mile_sobo":826.2,"lat":41.031119,"lon":-75.00624,"interval_miles":5,"elevation_ft":1148.1,"epqs":{"raster_id":21313,"resolution":1},"source_id":"usgs_3dep","source_url":"https://epqs.nationalmap.gov/v1/json","source":"USGS Elevation Point Query Service, interpolated from 3DEP dynamic elevation service","source_license":"public_domain","license_status":"public_domain","attribution":"Data available from U.S. Geological Survey, 3D Elevation Program.","confidence":"model_derived_topographic_estimate","last_checked":"2026-05-13","ai_answer_rule":"Describe as model-derived USGS 3DEP elevation sampled along Scout open route geometry; values may differ from guidebook profiles or surveyed summits."},"geometry":{"type":"Point","coordinates":[-75.00624,41.031119]}},{"type":"Feature","properties":{"sample_id":"elev-open-5mi-0258","trail":"Appalachian Trail","route_id":"at-main-osm-2026-open","mile_nobo":1285,"mile_sobo":821.2,"lat":41.069948,"lon":-74.942136,"interval_miles":5,"elevation_ft":1458.4,"epqs":{"raster_id":113787,"resolution":1},"source_id":"usgs_3dep","source_url":"https://epqs.nationalmap.gov/v1/json","source":"USGS Elevation Point Query Service, interpolated from 3DEP dynamic elevation service","source_license":"public_domain","license_status":"public_domain","attribution":"Data available from U.S. Geological Survey, 3D Elevation Program.","confidence":"model_derived_topographic_estimate","last_checked":"2026-05-13","ai_answer_rule":"Describe as model-derived USGS 3DEP elevation sampled along Scout open route geometry; values may differ from guidebook profiles or surveyed summits."},"geometry":{"type":"Point","coordinates":[-74.942136,41.069948]}},{"type":"Feature","properties":{"sample_id":"elev-open-5mi-0259","trail":"Appalachian Trail","route_id":"at-main-osm-2026-open","mile_nobo":1290,"mile_sobo":816.2,"lat":41.119828,"lon":-74.885121,"interval_miles":5,"elevation_ft":1550.8,"epqs":{"raster_id":121889,"resolution":1},"source_id":"usgs_3dep","source_url":"https://epqs.nationalmap.gov/v1/json","source":"USGS Elevation Point Query Service, interpolated from 3DEP dynamic elevation service","source_license":"public_domain","license_status":"public_domain","attribution":"Data available from U.S. Geological Survey, 3D Elevation Program.","confidence":"model_derived_topographic_estimate","last_checked":"2026-05-13","ai_answer_rule":"Describe as model-derived USGS 3DEP elevation sampled along Scout open route geometry; values may differ from guidebook profiles or surveyed summits."},"geometry":{"type":"Point","coordinates":[-74.885121,41.119828]}},{"type":"Feature","properties":{"sample_id":"elev-open-5mi-0260","trail":"Appalachian Trail","route_id":"at-main-osm-2026-open","mile_nobo":1295,"mile_sobo":811.2,"lat":41.159017,"lon":-74.818624,"interval_miles":5,"elevation_ft":1350.4,"epqs":{"raster_id":22691,"resolution":1},"source_id":"usgs_3dep","source_url":"https://epqs.nationalmap.gov/v1/json","source":"USGS Elevation Point Query Service, interpolated from 3DEP dynamic elevation service","source_license":"public_domain","license_status":"public_domain","attribution":"Data available from U.S. Geological Survey, 3D Elevation Program.","confidence":"model_derived_topographic_estimate","last_checked":"2026-05-13","ai_answer_rule":"Describe as model-derived USGS 3DEP elevation sampled along Scout open route geometry; values may differ from guidebook profiles or surveyed summits."},"geometry":{"type":"Point","coordinates":[-74.818624,41.159017]}},{"type":"Feature","properties":{"sample_id":"elev-open-5mi-0261","trail":"Appalachian Trail","route_id":"at-main-osm-2026-open","mile_nobo":1300,"mile_sobo":806.2,"lat":41.19687,"lon":-74.754301,"interval_miles":5,"elevation_ft":1345.7,"epqs":{"raster_id":87569,"resolution":1},"source_id":"usgs_3dep","source_url":"https://epqs.nationalmap.gov/v1/json","source":"USGS Elevation Point Query Service, interpolated from 3DEP dynamic elevation service","source_license":"public_domain","license_status":"public_domain","attribution":"Data available from U.S. Geological Survey, 3D Elevation Program.","confidence":"model_derived_topographic_estimate","last_checked":"2026-05-13","ai_answer_rule":"Describe as model-derived USGS 3DEP elevation sampled along Scout open route geometry; values may differ from guidebook profiles or surveyed summits."},"geometry":{"type":"Point","coordinates":[-74.754301,41.19687]}},{"type":"Feature","properties":{"sample_id":"elev-open-5mi-0262","trail":"Appalachian Trail","route_id":"at-main-osm-2026-open","mile_nobo":1305,"mile_sobo":801.2,"lat":41.245149,"lon":-74.691175,"interval_miles":5,"elevation_ft":1465.5,"epqs":{"raster_id":87569,"resolution":1},"source_id":"usgs_3dep","source_url":"https://epqs.nationalmap.gov/v1/json","source":"USGS Elevation Point Query Service, interpolated from 3DEP dynamic elevation service","source_license":"public_domain","license_status":"public_domain","attribution":"Data available from U.S. Geological Survey, 3D Elevation Program.","confidence":"model_derived_topographic_estimate","last_checked":"2026-05-13","ai_answer_rule":"Describe as model-derived USGS 3DEP elevation sampled along Scout open route geometry; values may differ from guidebook profiles or surveyed summits."},"geometry":{"type":"Point","coordinates":[-74.691175,41.245149]}},{"type":"Feature","properties":{"sample_id":"elev-open-5mi-0263","trail":"Appalachian Trail","route_id":"at-main-osm-2026-open","mile_nobo":1310,"mile_sobo":796.2,"lat":41.296129,"lon":-74.676467,"interval_miles":5,"elevation_ft":1588.3,"epqs":{"raster_id":80499,"resolution":1},"source_id":"usgs_3dep","source_url":"https://epqs.nationalmap.gov/v1/json","source":"USGS Elevation Point Query Service, interpolated from 3DEP dynamic elevation service","source_license":"public_domain","license_status":"public_domain","attribution":"Data available from U.S. Geological Survey, 3D Elevation Program.","confidence":"model_derived_topographic_estimate","last_checked":"2026-05-13","ai_answer_rule":"Describe as model-derived USGS 3DEP elevation sampled along Scout open route geometry; values may differ from guidebook profiles or surveyed summits."},"geometry":{"type":"Point","coordinates":[-74.676467,41.296129]}},{"type":"Feature","properties":{"sample_id":"elev-open-5mi-0264","trail":"Appalachian Trail","route_id":"at-main-osm-2026-open","mile_nobo":1315,"mile_sobo":791.2,"lat":41.319678,"lon":-74.622439,"interval_miles":5,"elevation_ft":912.7,"epqs":{"raster_id":54980,"resolution":1},"source_id":"usgs_3dep","source_url":"https://epqs.nationalmap.gov/v1/json","source":"USGS Elevation Point Query Service, interpolated from 3DEP dynamic elevation service","source_license":"public_domain","license_status":"public_domain","attribution":"Data available from U.S. Geological Survey, 3D Elevation Program.","confidence":"model_derived_topographic_estimate","last_checked":"2026-05-13","ai_answer_rule":"Describe as model-derived USGS 3DEP elevation sampled along Scout open route geometry; values may differ from guidebook profiles or surveyed summits."},"geometry":{"type":"Point","coordinates":[-74.622439,41.319678]}},{"type":"Feature","properties":{"sample_id":"elev-open-5mi-0265","trail":"Appalachian Trail","route_id":"at-main-osm-2026-open","mile_nobo":1320,"mile_sobo":786.2,"lat":41.287593,"lon":-74.553487,"interval_miles":5,"elevation_ft":481.9,"epqs":{"raster_id":54980,"resolution":1},"source_id":"usgs_3dep","source_url":"https://epqs.nationalmap.gov/v1/json","source":"USGS Elevation Point Query Service, interpolated from 3DEP dynamic elevation service","source_license":"public_domain","license_status":"public_domain","attribution":"Data available from U.S. Geological Survey, 3D Elevation Program.","confidence":"model_derived_topographic_estimate","last_checked":"2026-05-13","ai_answer_rule":"Describe as model-derived USGS 3DEP elevation sampled along Scout open route geometry; values may differ from guidebook profiles or surveyed summits."},"geometry":{"type":"Point","coordinates":[-74.553487,41.287593]}},{"type":"Feature","properties":{"sample_id":"elev-open-5mi-0266","trail":"Appalachian Trail","route_id":"at-main-osm-2026-open","mile_nobo":1325,"mile_sobo":781.2,"lat":41.260623,"lon":-74.510258,"interval_miles":5,"elevation_ft":1053.3,"epqs":{"raster_id":94992,"resolution":1},"source_id":"usgs_3dep","source_url":"https://epqs.nationalmap.gov/v1/json","source":"USGS Elevation Point Query Service, interpolated from 3DEP dynamic elevation service","source_license":"public_domain","license_status":"public_domain","attribution":"Data available from U.S. Geological Survey, 3D Elevation Program.","confidence":"model_derived_topographic_estimate","last_checked":"2026-05-13","ai_answer_rule":"Describe as model-derived USGS 3DEP elevation sampled along Scout open route geometry; values may differ from guidebook profiles or surveyed summits."},"geometry":{"type":"Point","coordinates":[-74.510258,41.260623]}},{"type":"Feature","properties":{"sample_id":"elev-open-5mi-0267","trail":"Appalachian Trail","route_id":"at-main-osm-2026-open","mile_nobo":1330,"mile_sobo":776.2,"lat":41.219844,"lon":-74.456926,"interval_miles":5,"elevation_ft":417.4,"epqs":{"raster_id":129274,"resolution":1},"source_id":"usgs_3dep","source_url":"https://epqs.nationalmap.gov/v1/json","source":"USGS Elevation Point Query Service, interpolated from 3DEP dynamic elevation service","source_license":"public_domain","license_status":"public_domain","attribution":"Data available from U.S. Geological Survey, 3D Elevation Program.","confidence":"model_derived_topographic_estimate","last_checked":"2026-05-13","ai_answer_rule":"Describe as model-derived USGS 3DEP elevation sampled along Scout open route geometry; values may differ from guidebook profiles or surveyed summits."},"geometry":{"type":"Point","coordinates":[-74.456926,41.219844]}},{"type":"Feature","properties":{"sample_id":"elev-open-5mi-0268","trail":"Appalachian Trail","route_id":"at-main-osm-2026-open","mile_nobo":1335,"mile_sobo":771.2,"lat":41.200986,"lon":-74.395626,"interval_miles":5,"elevation_ft":1131.2,"epqs":{"raster_id":45638,"resolution":1},"source_id":"usgs_3dep","source_url":"https://epqs.nationalmap.gov/v1/json","source":"USGS Elevation Point Query Service, interpolated from 3DEP dynamic elevation service","source_license":"public_domain","license_status":"public_domain","attribution":"Data available from U.S. Geological Survey, 3D Elevation Program.","confidence":"model_derived_topographic_estimate","last_checked":"2026-05-13","ai_answer_rule":"Describe as model-derived USGS 3DEP elevation sampled along Scout open route geometry; values may differ from guidebook profiles or surveyed summits."},"geometry":{"type":"Point","coordinates":[-74.395626,41.200986]}},{"type":"Feature","properties":{"sample_id":"elev-open-5mi-0269","trail":"Appalachian Trail","route_id":"at-main-osm-2026-open","mile_nobo":1340,"mile_sobo":766.2,"lat":41.202695,"lon":-74.325268,"interval_miles":5,"elevation_ft":1193.7,"epqs":{"raster_id":85666,"resolution":1},"source_id":"usgs_3dep","source_url":"https://epqs.nationalmap.gov/v1/json","source":"USGS Elevation Point Query Service, interpolated from 3DEP dynamic elevation service","source_license":"public_domain","license_status":"public_domain","attribution":"Data available from U.S. Geological Survey, 3D Elevation Program.","confidence":"model_derived_topographic_estimate","last_checked":"2026-05-13","ai_answer_rule":"Describe as model-derived USGS 3DEP elevation sampled along Scout open route geometry; values may differ from guidebook profiles or surveyed summits."},"geometry":{"type":"Point","coordinates":[-74.325268,41.202695]}},{"type":"Feature","properties":{"sample_id":"elev-open-5mi-0270","trail":"Appalachian Trail","route_id":"at-main-osm-2026-open","mile_nobo":1345,"mile_sobo":761.2,"lat":41.258507,"lon":-74.276087,"interval_miles":5,"elevation_ft":1238.7,"epqs":{"raster_id":77958,"resolution":1},"source_id":"usgs_3dep","source_url":"https://epqs.nationalmap.gov/v1/json","source":"USGS Elevation Point Query Service, interpolated from 3DEP dynamic elevation service","source_license":"public_domain","license_status":"public_domain","attribution":"Data available from U.S. Geological Survey, 3D Elevation Program.","confidence":"model_derived_topographic_estimate","last_checked":"2026-05-13","ai_answer_rule":"Describe as model-derived USGS 3DEP elevation sampled along Scout open route geometry; values may differ from guidebook profiles or surveyed summits."},"geometry":{"type":"Point","coordinates":[-74.276087,41.258507]}},{"type":"Feature","properties":{"sample_id":"elev-open-5mi-0271","trail":"Appalachian Trail","route_id":"at-main-osm-2026-open","mile_nobo":1350,"mile_sobo":756.2,"lat":41.269855,"lon":-74.218986,"interval_miles":5,"elevation_ft":909.8,"epqs":{"raster_id":77958,"resolution":1},"source_id":"usgs_3dep","source_url":"https://epqs.nationalmap.gov/v1/json","source":"USGS Elevation Point Query Service, interpolated from 3DEP dynamic elevation service","source_license":"public_domain","license_status":"public_domain","attribution":"Data available from U.S. Geological Survey, 3D Elevation Program.","confidence":"model_derived_topographic_estimate","last_checked":"2026-05-13","ai_answer_rule":"Describe as model-derived USGS 3DEP elevation sampled along Scout open route geometry; values may differ from guidebook profiles or surveyed summits."},"geometry":{"type":"Point","coordinates":[-74.218986,41.269855]}},{"type":"Feature","properties":{"sample_id":"elev-open-5mi-0272","trail":"Appalachian Trail","route_id":"at-main-osm-2026-open","mile_nobo":1355,"mile_sobo":751.2,"lat":41.266344,"lon":-74.157441,"interval_miles":5,"elevation_ft":555.8,"epqs":{"raster_id":19831,"resolution":1},"source_id":"usgs_3dep","source_url":"https://epqs.nationalmap.gov/v1/json","source":"USGS Elevation Point Query Service, interpolated from 3DEP dynamic elevation service","source_license":"public_domain","license_status":"public_domain","attribution":"Data available from U.S. Geological Survey, 3D Elevation Program.","confidence":"model_derived_topographic_estimate","last_checked":"2026-05-13","ai_answer_rule":"Describe as model-derived USGS 3DEP elevation sampled along Scout open route geometry; values may differ from guidebook profiles or surveyed summits."},"geometry":{"type":"Point","coordinates":[-74.157441,41.266344]}},{"type":"Feature","properties":{"sample_id":"elev-open-5mi-0273","trail":"Appalachian Trail","route_id":"at-main-osm-2026-open","mile_nobo":1360,"mile_sobo":746.2,"lat":41.271728,"lon":-74.096058,"interval_miles":5,"elevation_ft":1303.8,"epqs":{"raster_id":19831,"resolution":1},"source_id":"usgs_3dep","source_url":"https://epqs.nationalmap.gov/v1/json","source":"USGS Elevation Point Query Service, interpolated from 3DEP dynamic elevation service","source_license":"public_domain","license_status":"public_domain","attribution":"Data available from U.S. Geological Survey, 3D Elevation Program.","confidence":"model_derived_topographic_estimate","last_checked":"2026-05-13","ai_answer_rule":"Describe as model-derived USGS 3DEP elevation sampled along Scout open route geometry; values may differ from guidebook profiles or surveyed summits."},"geometry":{"type":"Point","coordinates":[-74.096058,41.271728]}},{"type":"Feature","properties":{"sample_id":"elev-open-5mi-0274","trail":"Appalachian Trail","route_id":"at-main-osm-2026-open","mile_nobo":1365,"mile_sobo":741.2,"lat":41.284247,"lon":-74.047641,"interval_miles":5,"elevation_ft":1008.5,"epqs":{"raster_id":123907,"resolution":1},"source_id":"usgs_3dep","source_url":"https://epqs.nationalmap.gov/v1/json","source":"USGS Elevation Point Query Service, interpolated from 3DEP dynamic elevation service","source_license":"public_domain","license_status":"public_domain","attribution":"Data available from U.S. Geological Survey, 3D Elevation Program.","confidence":"model_derived_topographic_estimate","last_checked":"2026-05-13","ai_answer_rule":"Describe as model-derived USGS 3DEP elevation sampled along Scout open route geometry; values may differ from guidebook profiles or surveyed summits."},"geometry":{"type":"Point","coordinates":[-74.047641,41.284247]}},{"type":"Feature","properties":{"sample_id":"elev-open-5mi-0275","trail":"Appalachian Trail","route_id":"at-main-osm-2026-open","mile_nobo":1370,"mile_sobo":736.2,"lat":41.302054,"lon":-74.015359,"interval_miles":5,"elevation_ft":687.5,"epqs":{"raster_id":113547,"resolution":1},"source_id":"usgs_3dep","source_url":"https://epqs.nationalmap.gov/v1/json","source":"USGS Elevation Point Query Service, interpolated from 3DEP dynamic elevation service","source_license":"public_domain","license_status":"public_domain","attribution":"Data available from U.S. Geological Survey, 3D Elevation Program.","confidence":"model_derived_topographic_estimate","last_checked":"2026-05-13","ai_answer_rule":"Describe as model-derived USGS 3DEP elevation sampled along Scout open route geometry; values may differ from guidebook profiles or surveyed summits."},"geometry":{"type":"Point","coordinates":[-74.015359,41.302054]}},{"type":"Feature","properties":{"sample_id":"elev-open-5mi-0276","trail":"Appalachian Trail","route_id":"at-main-osm-2026-open","mile_nobo":1375,"mile_sobo":731.2,"lat":41.319951,"lon":-73.982532,"interval_miles":5,"elevation_ft":-2.8,"epqs":{"raster_id":113547,"resolution":1},"source_id":"usgs_3dep","source_url":"https://epqs.nationalmap.gov/v1/json","source":"USGS Elevation Point Query Service, interpolated from 3DEP dynamic elevation service","source_license":"public_domain","license_status":"public_domain","attribution":"Data available from U.S. Geological Survey, 3D Elevation Program.","confidence":"model_derived_topographic_estimate","last_checked":"2026-05-13","ai_answer_rule":"Describe as model-derived USGS 3DEP elevation sampled along Scout open route geometry; values may differ from guidebook profiles or surveyed summits."},"geometry":{"type":"Point","coordinates":[-73.982532,41.319951]}},{"type":"Feature","properties":{"sample_id":"elev-open-5mi-0277","trail":"Appalachian Trail","route_id":"at-main-osm-2026-open","mile_nobo":1380,"mile_sobo":726.2,"lat":41.351992,"lon":-73.928891,"interval_miles":5,"elevation_ft":471.9,"epqs":{"raster_id":131615,"resolution":1},"source_id":"usgs_3dep","source_url":"https://epqs.nationalmap.gov/v1/json","source":"USGS Elevation Point Query Service, interpolated from 3DEP dynamic elevation service","source_license":"public_domain","license_status":"public_domain","attribution":"Data available from U.S. Geological Survey, 3D Elevation Program.","confidence":"model_derived_topographic_estimate","last_checked":"2026-05-13","ai_answer_rule":"Describe as model-derived USGS 3DEP elevation sampled along Scout open route geometry; values may differ from guidebook profiles or surveyed summits."},"geometry":{"type":"Point","coordinates":[-73.928891,41.351992]}},{"type":"Feature","properties":{"sample_id":"elev-open-5mi-0278","trail":"Appalachian Trail","route_id":"at-main-osm-2026-open","mile_nobo":1385,"mile_sobo":721.2,"lat":41.388127,"lon":-73.878567,"interval_miles":5,"elevation_ft":455,"epqs":{"raster_id":69420,"resolution":1},"source_id":"usgs_3dep","source_url":"https://epqs.nationalmap.gov/v1/json","source":"USGS Elevation Point Query Service, interpolated from 3DEP dynamic elevation service","source_license":"public_domain","license_status":"public_domain","attribution":"Data available from U.S. Geological Survey, 3D Elevation Program.","confidence":"model_derived_topographic_estimate","last_checked":"2026-05-13","ai_answer_rule":"Describe as model-derived USGS 3DEP elevation sampled along Scout open route geometry; values may differ from guidebook profiles or surveyed summits."},"geometry":{"type":"Point","coordinates":[-73.878567,41.388127]}},{"type":"Feature","properties":{"sample_id":"elev-open-5mi-0279","trail":"Appalachian Trail","route_id":"at-main-osm-2026-open","mile_nobo":1390,"mile_sobo":716.2,"lat":41.43095,"lon":-73.849684,"interval_miles":5,"elevation_ft":778.7,"epqs":{"raster_id":69420,"resolution":1},"source_id":"usgs_3dep","source_url":"https://epqs.nationalmap.gov/v1/json","source":"USGS Elevation Point Query Service, interpolated from 3DEP dynamic elevation service","source_license":"public_domain","license_status":"public_domain","attribution":"Data available from U.S. Geological Survey, 3D Elevation Program.","confidence":"model_derived_topographic_estimate","last_checked":"2026-05-13","ai_answer_rule":"Describe as model-derived USGS 3DEP elevation sampled along Scout open route geometry; values may differ from guidebook profiles or surveyed summits."},"geometry":{"type":"Point","coordinates":[-73.849684,41.43095]}},{"type":"Feature","properties":{"sample_id":"elev-open-5mi-0280","trail":"Appalachian Trail","route_id":"at-main-osm-2026-open","mile_nobo":1395,"mile_sobo":711.2,"lat":41.482175,"lon":-73.821232,"interval_miles":5,"elevation_ft":1033.5,"epqs":{"raster_id":132738,"resolution":1},"source_id":"usgs_3dep","source_url":"https://epqs.nationalmap.gov/v1/json","source":"USGS Elevation Point Query Service, interpolated from 3DEP dynamic elevation service","source_license":"public_domain","license_status":"public_domain","attribution":"Data available from U.S. Geological Survey, 3D Elevation Program.","confidence":"model_derived_topographic_estimate","last_checked":"2026-05-13","ai_answer_rule":"Describe as model-derived USGS 3DEP elevation sampled along Scout open route geometry; values may differ from guidebook profiles or surveyed summits."},"geometry":{"type":"Point","coordinates":[-73.821232,41.482175]}},{"type":"Feature","properties":{"sample_id":"elev-open-5mi-0281","trail":"Appalachian Trail","route_id":"at-main-osm-2026-open","mile_nobo":1400,"mile_sobo":706.2,"lat":41.520872,"lon":-73.775203,"interval_miles":5,"elevation_ft":996,"epqs":{"raster_id":106702,"resolution":1},"source_id":"usgs_3dep","source_url":"https://epqs.nationalmap.gov/v1/json","source":"USGS Elevation Point Query Service, interpolated from 3DEP dynamic elevation service","source_license":"public_domain","license_status":"public_domain","attribution":"Data available from U.S. Geological Survey, 3D Elevation Program.","confidence":"model_derived_topographic_estimate","last_checked":"2026-05-13","ai_answer_rule":"Describe as model-derived USGS 3DEP elevation sampled along Scout open route geometry; values may differ from guidebook profiles or surveyed summits."},"geometry":{"type":"Point","coordinates":[-73.775203,41.520872]}},{"type":"Feature","properties":{"sample_id":"elev-open-5mi-0282","trail":"Appalachian Trail","route_id":"at-main-osm-2026-open","mile_nobo":1405,"mile_sobo":701.2,"lat":41.544206,"lon":-73.71382,"interval_miles":5,"elevation_ft":982.1,"epqs":{"raster_id":106702,"resolution":1},"source_id":"usgs_3dep","source_url":"https://epqs.nationalmap.gov/v1/json","source":"USGS Elevation Point Query Service, interpolated from 3DEP dynamic elevation service","source_license":"public_domain","license_status":"public_domain","attribution":"Data available from U.S. Geological Survey, 3D Elevation Program.","confidence":"model_derived_topographic_estimate","last_checked":"2026-05-13","ai_answer_rule":"Describe as model-derived USGS 3DEP elevation sampled along Scout open route geometry; values may differ from guidebook profiles or surveyed summits."},"geometry":{"type":"Point","coordinates":[-73.71382,41.544206]}},{"type":"Feature","properties":{"sample_id":"elev-open-5mi-0283","trail":"Appalachian Trail","route_id":"at-main-osm-2026-open","mile_nobo":1410,"mile_sobo":696.2,"lat":41.58767,"lon":-73.663758,"interval_miles":5,"elevation_ft":709.7,"epqs":{"raster_id":134506,"resolution":1},"source_id":"usgs_3dep","source_url":"https://epqs.nationalmap.gov/v1/json","source":"USGS Elevation Point Query Service, interpolated from 3DEP dynamic elevation service","source_license":"public_domain","license_status":"public_domain","attribution":"Data available from U.S. Geological Survey, 3D Elevation Program.","confidence":"model_derived_topographic_estimate","last_checked":"2026-05-13","ai_answer_rule":"Describe as model-derived USGS 3DEP elevation sampled along Scout open route geometry; values may differ from guidebook profiles or surveyed summits."},"geometry":{"type":"Point","coordinates":[-73.663758,41.58767]}},{"type":"Feature","properties":{"sample_id":"elev-open-5mi-0284","trail":"Appalachian Trail","route_id":"at-main-osm-2026-open","mile_nobo":1415,"mile_sobo":691.2,"lat":41.604094,"lon":-73.613112,"interval_miles":5,"elevation_ft":542.8,"epqs":{"raster_id":134506,"resolution":1},"source_id":"usgs_3dep","source_url":"https://epqs.nationalmap.gov/v1/json","source":"USGS Elevation Point Query Service, interpolated from 3DEP dynamic elevation service","source_license":"public_domain","license_status":"public_domain","attribution":"Data available from U.S. Geological Survey, 3D Elevation Program.","confidence":"model_derived_topographic_estimate","last_checked":"2026-05-13","ai_answer_rule":"Describe as model-derived USGS 3DEP elevation sampled along Scout open route geometry; values may differ from guidebook profiles or surveyed summits."},"geometry":{"type":"Point","coordinates":[-73.613112,41.604094]}},{"type":"Feature","properties":{"sample_id":"elev-open-5mi-0285","trail":"Appalachian Trail","route_id":"at-main-osm-2026-open","mile_nobo":1420,"mile_sobo":686.2,"lat":41.613126,"lon":-73.56259,"interval_miles":5,"elevation_ft":938.7,"epqs":{"raster_id":134506,"resolution":1},"source_id":"usgs_3dep","source_url":"https://epqs.nationalmap.gov/v1/json","source":"USGS Elevation Point Query Service, interpolated from 3DEP dynamic elevation service","source_license":"public_domain","license_status":"public_domain","attribution":"Data available from U.S. Geological Survey, 3D Elevation Program.","confidence":"model_derived_topographic_estimate","last_checked":"2026-05-13","ai_answer_rule":"Describe as model-derived USGS 3DEP elevation sampled along Scout open route geometry; values may differ from guidebook profiles or surveyed summits."},"geometry":{"type":"Point","coordinates":[-73.56259,41.613126]}},{"type":"Feature","properties":{"sample_id":"elev-open-5mi-0286","trail":"Appalachian Trail","route_id":"at-main-osm-2026-open","mile_nobo":1425,"mile_sobo":681.2,"lat":41.646973,"lon":-73.516718,"interval_miles":5,"elevation_ft":440.9,"epqs":{"raster_id":47961,"resolution":1},"source_id":"usgs_3dep","source_url":"https://epqs.nationalmap.gov/v1/json","source":"USGS Elevation Point Query Service, interpolated from 3DEP dynamic elevation service","source_license":"public_domain","license_status":"public_domain","attribution":"Data available from U.S. Geological Survey, 3D Elevation Program.","confidence":"model_derived_topographic_estimate","last_checked":"2026-05-13","ai_answer_rule":"Describe as model-derived USGS 3DEP elevation sampled along Scout open route geometry; values may differ from guidebook profiles or surveyed summits."},"geometry":{"type":"Point","coordinates":[-73.516718,41.646973]}},{"type":"Feature","properties":{"sample_id":"elev-open-5mi-0287","trail":"Appalachian Trail","route_id":"at-main-osm-2026-open","mile_nobo":1430,"mile_sobo":676.2,"lat":41.683732,"lon":-73.520828,"interval_miles":5,"elevation_ft":1157.5,"epqs":{"raster_id":47961,"resolution":1},"source_id":"usgs_3dep","source_url":"https://epqs.nationalmap.gov/v1/json","source":"USGS Elevation Point Query Service, interpolated from 3DEP dynamic elevation service","source_license":"public_domain","license_status":"public_domain","attribution":"Data available from U.S. Geological Survey, 3D Elevation Program.","confidence":"model_derived_topographic_estimate","last_checked":"2026-05-13","ai_answer_rule":"Describe as model-derived USGS 3DEP elevation sampled along Scout open route geometry; values may differ from guidebook profiles or surveyed summits."},"geometry":{"type":"Point","coordinates":[-73.520828,41.683732]}},{"type":"Feature","properties":{"sample_id":"elev-open-5mi-0288","trail":"Appalachian Trail","route_id":"at-main-osm-2026-open","mile_nobo":1435,"mile_sobo":671.2,"lat":41.726848,"lon":-73.49532,"interval_miles":5,"elevation_ft":1027.5,"epqs":{"raster_id":73359,"resolution":1},"source_id":"usgs_3dep","source_url":"https://epqs.nationalmap.gov/v1/json","source":"USGS Elevation Point Query Service, interpolated from 3DEP dynamic elevation service","source_license":"public_domain","license_status":"public_domain","attribution":"Data available from U.S. Geological Survey, 3D Elevation Program.","confidence":"model_derived_topographic_estimate","last_checked":"2026-05-13","ai_answer_rule":"Describe as model-derived USGS 3DEP elevation sampled along Scout open route geometry; values may differ from guidebook profiles or surveyed summits."},"geometry":{"type":"Point","coordinates":[-73.49532,41.726848]}},{"type":"Feature","properties":{"sample_id":"elev-open-5mi-0289","trail":"Appalachian Trail","route_id":"at-main-osm-2026-open","mile_nobo":1440,"mile_sobo":666.2,"lat":41.756279,"lon":-73.460578,"interval_miles":5,"elevation_ft":895.8,"epqs":{"raster_id":73359,"resolution":1},"source_id":"usgs_3dep","source_url":"https://epqs.nationalmap.gov/v1/json","source":"USGS Elevation Point Query Service, interpolated from 3DEP dynamic elevation service","source_license":"public_domain","license_status":"public_domain","attribution":"Data available from U.S. Geological Survey, 3D Elevation Program.","confidence":"model_derived_topographic_estimate","last_checked":"2026-05-13","ai_answer_rule":"Describe as model-derived USGS 3DEP elevation sampled along Scout open route geometry; values may differ from guidebook profiles or surveyed summits."},"geometry":{"type":"Point","coordinates":[-73.460578,41.756279]}},{"type":"Feature","properties":{"sample_id":"elev-open-5mi-0290","trail":"Appalachian Trail","route_id":"at-main-osm-2026-open","mile_nobo":1445,"mile_sobo":661.2,"lat":41.801142,"lon":-73.399163,"interval_miles":5,"elevation_ft":428.7,"epqs":{"raster_id":21161,"resolution":1},"source_id":"usgs_3dep","source_url":"https://epqs.nationalmap.gov/v1/json","source":"USGS Elevation Point Query Service, interpolated from 3DEP dynamic elevation service","source_license":"public_domain","license_status":"public_domain","attribution":"Data available from U.S. Geological Survey, 3D Elevation Program.","confidence":"model_derived_topographic_estimate","last_checked":"2026-05-13","ai_answer_rule":"Describe as model-derived USGS 3DEP elevation sampled along Scout open route geometry; values may differ from guidebook profiles or surveyed summits."},"geometry":{"type":"Point","coordinates":[-73.399163,41.801142]}},{"type":"Feature","properties":{"sample_id":"elev-open-5mi-0291","trail":"Appalachian Trail","route_id":"at-main-osm-2026-open","mile_nobo":1450,"mile_sobo":656.2,"lat":41.852865,"lon":-73.382923,"interval_miles":5,"elevation_ft":1039.7,"epqs":{"raster_id":123923,"resolution":1},"source_id":"usgs_3dep","source_url":"https://epqs.nationalmap.gov/v1/json","source":"USGS Elevation Point Query Service, interpolated from 3DEP dynamic elevation service","source_license":"public_domain","license_status":"public_domain","attribution":"Data available from U.S. Geological Survey, 3D Elevation Program.","confidence":"model_derived_topographic_estimate","last_checked":"2026-05-13","ai_answer_rule":"Describe as model-derived USGS 3DEP elevation sampled along Scout open route geometry; values may differ from guidebook profiles or surveyed summits."},"geometry":{"type":"Point","coordinates":[-73.382923,41.852865]}},{"type":"Feature","properties":{"sample_id":"elev-open-5mi-0292","trail":"Appalachian Trail","route_id":"at-main-osm-2026-open","mile_nobo":1455,"mile_sobo":651.2,"lat":41.905324,"lon":-73.397268,"interval_miles":5,"elevation_ft":1185.4,"epqs":{"raster_id":122004,"resolution":1},"source_id":"usgs_3dep","source_url":"https://epqs.nationalmap.gov/v1/json","source":"USGS Elevation Point Query Service, interpolated from 3DEP dynamic elevation service","source_license":"public_domain","license_status":"public_domain","attribution":"Data available from U.S. Geological Survey, 3D Elevation Program.","confidence":"model_derived_topographic_estimate","last_checked":"2026-05-13","ai_answer_rule":"Describe as model-derived USGS 3DEP elevation sampled along Scout open route geometry; values may differ from guidebook profiles or surveyed summits."},"geometry":{"type":"Point","coordinates":[-73.397268,41.905324]}},{"type":"Feature","properties":{"sample_id":"elev-open-5mi-0293","trail":"Appalachian Trail","route_id":"at-main-osm-2026-open","mile_nobo":1460,"mile_sobo":646.2,"lat":41.94579,"lon":-73.361729,"interval_miles":5,"elevation_ft":557.6,"epqs":{"raster_id":122004,"resolution":1},"source_id":"usgs_3dep","source_url":"https://epqs.nationalmap.gov/v1/json","source":"USGS Elevation Point Query Service, interpolated from 3DEP dynamic elevation service","source_license":"public_domain","license_status":"public_domain","attribution":"Data available from U.S. Geological Survey, 3D Elevation Program.","confidence":"model_derived_topographic_estimate","last_checked":"2026-05-13","ai_answer_rule":"Describe as model-derived USGS 3DEP elevation sampled along Scout open route geometry; values may differ from guidebook profiles or surveyed summits."},"geometry":{"type":"Point","coordinates":[-73.361729,41.94579]}},{"type":"Feature","properties":{"sample_id":"elev-open-5mi-0294","trail":"Appalachian Trail","route_id":"at-main-osm-2026-open","mile_nobo":1465,"mile_sobo":641.2,"lat":41.975821,"lon":-73.397348,"interval_miles":5,"elevation_ft":1229.8,"epqs":{"raster_id":122004,"resolution":1},"source_id":"usgs_3dep","source_url":"https://epqs.nationalmap.gov/v1/json","source":"USGS Elevation Point Query Service, interpolated from 3DEP dynamic elevation service","source_license":"public_domain","license_status":"public_domain","attribution":"Data available from U.S. Geological Survey, 3D Elevation Program.","confidence":"model_derived_topographic_estimate","last_checked":"2026-05-13","ai_answer_rule":"Describe as model-derived USGS 3DEP elevation sampled along Scout open route geometry; values may differ from guidebook profiles or surveyed summits."},"geometry":{"type":"Point","coordinates":[-73.397348,41.975821]}},{"type":"Feature","properties":{"sample_id":"elev-open-5mi-0295","trail":"Appalachian Trail","route_id":"at-main-osm-2026-open","mile_nobo":1470,"mile_sobo":636.2,"lat":42.006747,"lon":-73.438162,"interval_miles":5,"elevation_ft":1099.5,"epqs":{"raster_id":123187,"resolution":1},"source_id":"usgs_3dep","source_url":"https://epqs.nationalmap.gov/v1/json","source":"USGS Elevation Point Query Service, interpolated from 3DEP dynamic elevation service","source_license":"public_domain","license_status":"public_domain","attribution":"Data available from U.S. Geological Survey, 3D Elevation Program.","confidence":"model_derived_topographic_estimate","last_checked":"2026-05-13","ai_answer_rule":"Describe as model-derived USGS 3DEP elevation sampled along Scout open route geometry; values may differ from guidebook profiles or surveyed summits."},"geometry":{"type":"Point","coordinates":[-73.438162,42.006747]}},{"type":"Feature","properties":{"sample_id":"elev-open-5mi-0296","trail":"Appalachian Trail","route_id":"at-main-osm-2026-open","mile_nobo":1475,"mile_sobo":631.2,"lat":42.052799,"lon":-73.451049,"interval_miles":5,"elevation_ft":1493.3,"epqs":{"raster_id":29220,"resolution":1},"source_id":"usgs_3dep","source_url":"https://epqs.nationalmap.gov/v1/json","source":"USGS Elevation Point Query Service, interpolated from 3DEP dynamic elevation service","source_license":"public_domain","license_status":"public_domain","attribution":"Data available from U.S. Geological Survey, 3D Elevation Program.","confidence":"model_derived_topographic_estimate","last_checked":"2026-05-13","ai_answer_rule":"Describe as model-derived USGS 3DEP elevation sampled along Scout open route geometry; values may differ from guidebook profiles or surveyed summits."},"geometry":{"type":"Point","coordinates":[-73.451049,42.052799]}},{"type":"Feature","properties":{"sample_id":"elev-open-5mi-0297","trail":"Appalachian Trail","route_id":"at-main-osm-2026-open","mile_nobo":1480,"mile_sobo":626.2,"lat":42.101946,"lon":-73.430849,"interval_miles":5,"elevation_ft":2534.6,"epqs":{"raster_id":75488,"resolution":1},"source_id":"usgs_3dep","source_url":"https://epqs.nationalmap.gov/v1/json","source":"USGS Elevation Point Query Service, interpolated from 3DEP dynamic elevation service","source_license":"public_domain","license_status":"public_domain","attribution":"Data available from U.S. Geological Survey, 3D Elevation Program.","confidence":"model_derived_topographic_estimate","last_checked":"2026-05-13","ai_answer_rule":"Describe as model-derived USGS 3DEP elevation sampled along Scout open route geometry; values may differ from guidebook profiles or surveyed summits."},"geometry":{"type":"Point","coordinates":[-73.430849,42.101946]}},{"type":"Feature","properties":{"sample_id":"elev-open-5mi-0298","trail":"Appalachian Trail","route_id":"at-main-osm-2026-open","mile_nobo":1485,"mile_sobo":621.2,"lat":42.145632,"lon":-73.418921,"interval_miles":5,"elevation_ft":794.8,"epqs":{"raster_id":69444,"resolution":1},"source_id":"usgs_3dep","source_url":"https://epqs.nationalmap.gov/v1/json","source":"USGS Elevation Point Query Service, interpolated from 3DEP dynamic elevation service","source_license":"public_domain","license_status":"public_domain","attribution":"Data available from U.S. Geological Survey, 3D Elevation Program.","confidence":"model_derived_topographic_estimate","last_checked":"2026-05-13","ai_answer_rule":"Describe as model-derived USGS 3DEP elevation sampled along Scout open route geometry; values may differ from guidebook profiles or surveyed summits."},"geometry":{"type":"Point","coordinates":[-73.418921,42.145632]}},{"type":"Feature","properties":{"sample_id":"elev-open-5mi-0299","trail":"Appalachian Trail","route_id":"at-main-osm-2026-open","mile_nobo":1490,"mile_sobo":616.2,"lat":42.143791,"lon":-73.355731,"interval_miles":5,"elevation_ft":690.3,"epqs":{"raster_id":69444,"resolution":1},"source_id":"usgs_3dep","source_url":"https://epqs.nationalmap.gov/v1/json","source":"USGS Elevation Point Query Service, interpolated from 3DEP dynamic elevation service","source_license":"public_domain","license_status":"public_domain","attribution":"Data available from U.S. Geological Survey, 3D Elevation Program.","confidence":"model_derived_topographic_estimate","last_checked":"2026-05-13","ai_answer_rule":"Describe as model-derived USGS 3DEP elevation sampled along Scout open route geometry; values may differ from guidebook profiles or surveyed summits."},"geometry":{"type":"Point","coordinates":[-73.355731,42.143791]}},{"type":"Feature","properties":{"sample_id":"elev-open-5mi-0300","trail":"Appalachian Trail","route_id":"at-main-osm-2026-open","mile_nobo":1495,"mile_sobo":611.2,"lat":42.164582,"lon":-73.308296,"interval_miles":5,"elevation_ft":1629.6,"epqs":{"raster_id":69444,"resolution":1},"source_id":"usgs_3dep","source_url":"https://epqs.nationalmap.gov/v1/json","source":"USGS Elevation Point Query Service, interpolated from 3DEP dynamic elevation service","source_license":"public_domain","license_status":"public_domain","attribution":"Data available from U.S. Geological Survey, 3D Elevation Program.","confidence":"model_derived_topographic_estimate","last_checked":"2026-05-13","ai_answer_rule":"Describe as model-derived USGS 3DEP elevation sampled along Scout open route geometry; values may differ from guidebook profiles or surveyed summits."},"geometry":{"type":"Point","coordinates":[-73.308296,42.164582]}},{"type":"Feature","properties":{"sample_id":"elev-open-5mi-0301","trail":"Appalachian Trail","route_id":"at-main-osm-2026-open","mile_nobo":1500,"mile_sobo":606.2,"lat":42.208322,"lon":-73.26885,"interval_miles":5,"elevation_ft":1852.2,"epqs":{"raster_id":111980,"resolution":1},"source_id":"usgs_3dep","source_url":"https://epqs.nationalmap.gov/v1/json","source":"USGS Elevation Point Query Service, interpolated from 3DEP dynamic elevation service","source_license":"public_domain","license_status":"public_domain","attribution":"Data available from U.S. Geological Survey, 3D Elevation Program.","confidence":"model_derived_topographic_estimate","last_checked":"2026-05-13","ai_answer_rule":"Describe as model-derived USGS 3DEP elevation sampled along Scout open route geometry; values may differ from guidebook profiles or surveyed summits."},"geometry":{"type":"Point","coordinates":[-73.26885,42.208322]}},{"type":"Feature","properties":{"sample_id":"elev-open-5mi-0302","trail":"Appalachian Trail","route_id":"at-main-osm-2026-open","mile_nobo":1505,"mile_sobo":601.2,"lat":42.24713,"lon":-73.232161,"interval_miles":5,"elevation_ft":1552.6,"epqs":{"raster_id":111980,"resolution":1},"source_id":"usgs_3dep","source_url":"https://epqs.nationalmap.gov/v1/json","source":"USGS Elevation Point Query Service, interpolated from 3DEP dynamic elevation service","source_license":"public_domain","license_status":"public_domain","attribution":"Data available from U.S. Geological Survey, 3D Elevation Program.","confidence":"model_derived_topographic_estimate","last_checked":"2026-05-13","ai_answer_rule":"Describe as model-derived USGS 3DEP elevation sampled along Scout open route geometry; values may differ from guidebook profiles or surveyed summits."},"geometry":{"type":"Point","coordinates":[-73.232161,42.24713]}},{"type":"Feature","properties":{"sample_id":"elev-open-5mi-0303","trail":"Appalachian Trail","route_id":"at-main-osm-2026-open","mile_nobo":1510,"mile_sobo":596.2,"lat":42.248278,"lon":-73.180487,"interval_miles":5,"elevation_ft":1756.2,"epqs":{"raster_id":75354,"resolution":1},"source_id":"usgs_3dep","source_url":"https://epqs.nationalmap.gov/v1/json","source":"USGS Elevation Point Query Service, interpolated from 3DEP dynamic elevation service","source_license":"public_domain","license_status":"public_domain","attribution":"Data available from U.S. Geological Survey, 3D Elevation Program.","confidence":"model_derived_topographic_estimate","last_checked":"2026-05-13","ai_answer_rule":"Describe as model-derived USGS 3DEP elevation sampled along Scout open route geometry; values may differ from guidebook profiles or surveyed summits."},"geometry":{"type":"Point","coordinates":[-73.180487,42.248278]}},{"type":"Feature","properties":{"sample_id":"elev-open-5mi-0304","trail":"Appalachian Trail","route_id":"at-main-osm-2026-open","mile_nobo":1515,"mile_sobo":591.2,"lat":42.283339,"lon":-73.165977,"interval_miles":5,"elevation_ft":1483.3,"epqs":{"raster_id":134379,"resolution":1},"source_id":"usgs_3dep","source_url":"https://epqs.nationalmap.gov/v1/json","source":"USGS Elevation Point Query Service, interpolated from 3DEP dynamic elevation service","source_license":"public_domain","license_status":"public_domain","attribution":"Data available from U.S. Geological Survey, 3D Elevation Program.","confidence":"model_derived_topographic_estimate","last_checked":"2026-05-13","ai_answer_rule":"Describe as model-derived USGS 3DEP elevation sampled along Scout open route geometry; values may differ from guidebook profiles or surveyed summits."},"geometry":{"type":"Point","coordinates":[-73.165977,42.283339]}},{"type":"Feature","properties":{"sample_id":"elev-open-5mi-0305","trail":"Appalachian Trail","route_id":"at-main-osm-2026-open","mile_nobo":1520,"mile_sobo":586.2,"lat":42.312358,"lon":-73.168901,"interval_miles":5,"elevation_ft":1934.7,"epqs":{"raster_id":134379,"resolution":1},"source_id":"usgs_3dep","source_url":"https://epqs.nationalmap.gov/v1/json","source":"USGS Elevation Point Query Service, interpolated from 3DEP dynamic elevation service","source_license":"public_domain","license_status":"public_domain","attribution":"Data available from U.S. Geological Survey, 3D Elevation Program.","confidence":"model_derived_topographic_estimate","last_checked":"2026-05-13","ai_answer_rule":"Describe as model-derived USGS 3DEP elevation sampled along Scout open route geometry; values may differ from guidebook profiles or surveyed summits."},"geometry":{"type":"Point","coordinates":[-73.168901,42.312358]}},{"type":"Feature","properties":{"sample_id":"elev-open-5mi-0306","trail":"Appalachian Trail","route_id":"at-main-osm-2026-open","mile_nobo":1525,"mile_sobo":581.2,"lat":42.367277,"lon":-73.147625,"interval_miles":5,"elevation_ft":1950.5,"epqs":{"raster_id":106187,"resolution":1},"source_id":"usgs_3dep","source_url":"https://epqs.nationalmap.gov/v1/json","source":"USGS Elevation Point Query Service, interpolated from 3DEP dynamic elevation service","source_license":"public_domain","license_status":"public_domain","attribution":"Data available from U.S. Geological Survey, 3D Elevation Program.","confidence":"model_derived_topographic_estimate","last_checked":"2026-05-13","ai_answer_rule":"Describe as model-derived USGS 3DEP elevation sampled along Scout open route geometry; values may differ from guidebook profiles or surveyed summits."},"geometry":{"type":"Point","coordinates":[-73.147625,42.367277]}},{"type":"Feature","properties":{"sample_id":"elev-open-5mi-0307","trail":"Appalachian Trail","route_id":"at-main-osm-2026-open","mile_nobo":1530,"mile_sobo":576.2,"lat":42.426208,"lon":-73.15607,"interval_miles":5,"elevation_ft":1902.6,"epqs":{"raster_id":106187,"resolution":1},"source_id":"usgs_3dep","source_url":"https://epqs.nationalmap.gov/v1/json","source":"USGS Elevation Point Query Service, interpolated from 3DEP dynamic elevation service","source_license":"public_domain","license_status":"public_domain","attribution":"Data available from U.S. Geological Survey, 3D Elevation Program.","confidence":"model_derived_topographic_estimate","last_checked":"2026-05-13","ai_answer_rule":"Describe as model-derived USGS 3DEP elevation sampled along Scout open route geometry; values may differ from guidebook profiles or surveyed summits."},"geometry":{"type":"Point","coordinates":[-73.15607,42.426208]}},{"type":"Feature","properties":{"sample_id":"elev-open-5mi-0308","trail":"Appalachian Trail","route_id":"at-main-osm-2026-open","mile_nobo":1535,"mile_sobo":571.2,"lat":42.474039,"lon":-73.156506,"interval_miles":5,"elevation_ft":1143.1,"epqs":{"raster_id":115201,"resolution":1},"source_id":"usgs_3dep","source_url":"https://epqs.nationalmap.gov/v1/json","source":"USGS Elevation Point Query Service, interpolated from 3DEP dynamic elevation service","source_license":"public_domain","license_status":"public_domain","attribution":"Data available from U.S. Geological Survey, 3D Elevation Program.","confidence":"model_derived_topographic_estimate","last_checked":"2026-05-13","ai_answer_rule":"Describe as model-derived USGS 3DEP elevation sampled along Scout open route geometry; values may differ from guidebook profiles or surveyed summits."},"geometry":{"type":"Point","coordinates":[-73.156506,42.474039]}},{"type":"Feature","properties":{"sample_id":"elev-open-5mi-0309","trail":"Appalachian Trail","route_id":"at-main-osm-2026-open","mile_nobo":1540,"mile_sobo":566.2,"lat":42.523211,"lon":-73.155037,"interval_miles":5,"elevation_ft":2018.6,"epqs":{"raster_id":115201,"resolution":1},"source_id":"usgs_3dep","source_url":"https://epqs.nationalmap.gov/v1/json","source":"USGS Elevation Point Query Service, interpolated from 3DEP dynamic elevation service","source_license":"public_domain","license_status":"public_domain","attribution":"Data available from U.S. Geological Survey, 3D Elevation Program.","confidence":"model_derived_topographic_estimate","last_checked":"2026-05-13","ai_answer_rule":"Describe as model-derived USGS 3DEP elevation sampled along Scout open route geometry; values may differ from guidebook profiles or surveyed summits."},"geometry":{"type":"Point","coordinates":[-73.155037,42.523211]}},{"type":"Feature","properties":{"sample_id":"elev-open-5mi-0310","trail":"Appalachian Trail","route_id":"at-main-osm-2026-open","mile_nobo":1545,"mile_sobo":561.2,"lat":42.576078,"lon":-73.165836,"interval_miles":5,"elevation_ft":1333.8,"epqs":{"raster_id":69424,"resolution":1},"source_id":"usgs_3dep","source_url":"https://epqs.nationalmap.gov/v1/json","source":"USGS Elevation Point Query Service, interpolated from 3DEP dynamic elevation service","source_license":"public_domain","license_status":"public_domain","attribution":"Data available from U.S. Geological Survey, 3D Elevation Program.","confidence":"model_derived_topographic_estimate","last_checked":"2026-05-13","ai_answer_rule":"Describe as model-derived USGS 3DEP elevation sampled along Scout open route geometry; values may differ from guidebook profiles or surveyed summits."},"geometry":{"type":"Point","coordinates":[-73.165836,42.576078]}},{"type":"Feature","properties":{"sample_id":"elev-open-5mi-0311","trail":"Appalachian Trail","route_id":"at-main-osm-2026-open","mile_nobo":1550,"mile_sobo":556.2,"lat":42.626159,"lon":-73.181546,"interval_miles":5,"elevation_ft":3198,"epqs":{"raster_id":62851,"resolution":1},"source_id":"usgs_3dep","source_url":"https://epqs.nationalmap.gov/v1/json","source":"USGS Elevation Point Query Service, interpolated from 3DEP dynamic elevation service","source_license":"public_domain","license_status":"public_domain","attribution":"Data available from U.S. Geological Survey, 3D Elevation Program.","confidence":"model_derived_topographic_estimate","last_checked":"2026-05-13","ai_answer_rule":"Describe as model-derived USGS 3DEP elevation sampled along Scout open route geometry; values may differ from guidebook profiles or surveyed summits."},"geometry":{"type":"Point","coordinates":[-73.181546,42.626159]}},{"type":"Feature","properties":{"sample_id":"elev-open-5mi-0312","trail":"Appalachian Trail","route_id":"at-main-osm-2026-open","mile_nobo":1555,"mile_sobo":551.2,"lat":42.672397,"lon":-73.173537,"interval_miles":5,"elevation_ft":2494.7,"epqs":{"raster_id":62851,"resolution":1},"source_id":"usgs_3dep","source_url":"https://epqs.nationalmap.gov/v1/json","source":"USGS Elevation Point Query Service, interpolated from 3DEP dynamic elevation service","source_license":"public_domain","license_status":"public_domain","attribution":"Data available from U.S. Geological Survey, 3D Elevation Program.","confidence":"model_derived_topographic_estimate","last_checked":"2026-05-13","ai_answer_rule":"Describe as model-derived USGS 3DEP elevation sampled along Scout open route geometry; values may differ from guidebook profiles or surveyed summits."},"geometry":{"type":"Point","coordinates":[-73.173537,42.672397]}},{"type":"Feature","properties":{"sample_id":"elev-open-5mi-0313","trail":"Appalachian Trail","route_id":"at-main-osm-2026-open","mile_nobo":1560,"mile_sobo":546.2,"lat":42.72399,"lon":-73.154699,"interval_miles":5,"elevation_ft":1728,"epqs":{"raster_id":88585,"resolution":1},"source_id":"usgs_3dep","source_url":"https://epqs.nationalmap.gov/v1/json","source":"USGS Elevation Point Query Service, interpolated from 3DEP dynamic elevation service","source_license":"public_domain","license_status":"public_domain","attribution":"Data available from U.S. Geological Survey, 3D Elevation Program.","confidence":"model_derived_topographic_estimate","last_checked":"2026-05-13","ai_answer_rule":"Describe as model-derived USGS 3DEP elevation sampled along Scout open route geometry; values may differ from guidebook profiles or surveyed summits."},"geometry":{"type":"Point","coordinates":[-73.154699,42.72399]}},{"type":"Feature","properties":{"sample_id":"elev-open-5mi-0314","trail":"Appalachian Trail","route_id":"at-main-osm-2026-open","mile_nobo":1565,"mile_sobo":541.2,"lat":42.776594,"lon":-73.128693,"interval_miles":5,"elevation_ft":2519.3,"epqs":{"raster_id":31738,"resolution":1},"source_id":"usgs_3dep","source_url":"https://epqs.nationalmap.gov/v1/json","source":"USGS Elevation Point Query Service, interpolated from 3DEP dynamic elevation service","source_license":"public_domain","license_status":"public_domain","attribution":"Data available from U.S. Geological Survey, 3D Elevation Program.","confidence":"model_derived_topographic_estimate","last_checked":"2026-05-13","ai_answer_rule":"Describe as model-derived USGS 3DEP elevation sampled along Scout open route geometry; values may differ from guidebook profiles or surveyed summits."},"geometry":{"type":"Point","coordinates":[-73.128693,42.776594]}},{"type":"Feature","properties":{"sample_id":"elev-open-5mi-0315","trail":"Appalachian Trail","route_id":"at-main-osm-2026-open","mile_nobo":1570,"mile_sobo":536.2,"lat":42.837707,"lon":-73.118879,"interval_miles":5,"elevation_ft":2174,"epqs":{"raster_id":76797,"resolution":1},"source_id":"usgs_3dep","source_url":"https://epqs.nationalmap.gov/v1/json","source":"USGS Elevation Point Query Service, interpolated from 3DEP dynamic elevation service","source_license":"public_domain","license_status":"public_domain","attribution":"Data available from U.S. Geological Survey, 3D Elevation Program.","confidence":"model_derived_topographic_estimate","last_checked":"2026-05-13","ai_answer_rule":"Describe as model-derived USGS 3DEP elevation sampled along Scout open route geometry; values may differ from guidebook profiles or surveyed summits."},"geometry":{"type":"Point","coordinates":[-73.118879,42.837707]}},{"type":"Feature","properties":{"sample_id":"elev-open-5mi-0316","trail":"Appalachian Trail","route_id":"at-main-osm-2026-open","mile_nobo":1575,"mile_sobo":531.2,"lat":42.884915,"lon":-73.116653,"interval_miles":5,"elevation_ft":1416.3,"epqs":{"raster_id":76797,"resolution":1},"source_id":"usgs_3dep","source_url":"https://epqs.nationalmap.gov/v1/json","source":"USGS Elevation Point Query Service, interpolated from 3DEP dynamic elevation service","source_license":"public_domain","license_status":"public_domain","attribution":"Data available from U.S. Geological Survey, 3D Elevation Program.","confidence":"model_derived_topographic_estimate","last_checked":"2026-05-13","ai_answer_rule":"Describe as model-derived USGS 3DEP elevation sampled along Scout open route geometry; values may differ from guidebook profiles or surveyed summits."},"geometry":{"type":"Point","coordinates":[-73.116653,42.884915]}},{"type":"Feature","properties":{"sample_id":"elev-open-5mi-0317","trail":"Appalachian Trail","route_id":"at-main-osm-2026-open","mile_nobo":1580,"mile_sobo":526.2,"lat":42.929881,"lon":-73.072235,"interval_miles":5,"elevation_ft":3035.4,"epqs":{"raster_id":73431,"resolution":1},"source_id":"usgs_3dep","source_url":"https://epqs.nationalmap.gov/v1/json","source":"USGS Elevation Point Query Service, interpolated from 3DEP dynamic elevation service","source_license":"public_domain","license_status":"public_domain","attribution":"Data available from U.S. Geological Survey, 3D Elevation Program.","confidence":"model_derived_topographic_estimate","last_checked":"2026-05-13","ai_answer_rule":"Describe as model-derived USGS 3DEP elevation sampled along Scout open route geometry; values may differ from guidebook profiles or surveyed summits."},"geometry":{"type":"Point","coordinates":[-73.072235,42.929881]}},{"type":"Feature","properties":{"sample_id":"elev-open-5mi-0318","trail":"Appalachian Trail","route_id":"at-main-osm-2026-open","mile_nobo":1585,"mile_sobo":521.2,"lat":42.983016,"lon":-73.069384,"interval_miles":5,"elevation_ft":3548.3,"epqs":{"raster_id":108024,"resolution":1},"source_id":"usgs_3dep","source_url":"https://epqs.nationalmap.gov/v1/json","source":"USGS Elevation Point Query Service, interpolated from 3DEP dynamic elevation service","source_license":"public_domain","license_status":"public_domain","attribution":"Data available from U.S. Geological Survey, 3D Elevation Program.","confidence":"model_derived_topographic_estimate","last_checked":"2026-05-13","ai_answer_rule":"Describe as model-derived USGS 3DEP elevation sampled along Scout open route geometry; values may differ from guidebook profiles or surveyed summits."},"geometry":{"type":"Point","coordinates":[-73.069384,42.983016]}},{"type":"Feature","properties":{"sample_id":"elev-open-5mi-0319","trail":"Appalachian Trail","route_id":"at-main-osm-2026-open","mile_nobo":1590,"mile_sobo":516.2,"lat":43.032744,"lon":-73.04303,"interval_miles":5,"elevation_ft":3200.8,"epqs":{"raster_id":108024,"resolution":1},"source_id":"usgs_3dep","source_url":"https://epqs.nationalmap.gov/v1/json","source":"USGS Elevation Point Query Service, interpolated from 3DEP dynamic elevation service","source_license":"public_domain","license_status":"public_domain","attribution":"Data available from U.S. Geological Survey, 3D Elevation Program.","confidence":"model_derived_topographic_estimate","last_checked":"2026-05-13","ai_answer_rule":"Describe as model-derived USGS 3DEP elevation sampled along Scout open route geometry; values may differ from guidebook profiles or surveyed summits."},"geometry":{"type":"Point","coordinates":[-73.04303,43.032744]}},{"type":"Feature","properties":{"sample_id":"elev-open-5mi-0320","trail":"Appalachian Trail","route_id":"at-main-osm-2026-open","mile_nobo":1595,"mile_sobo":511.2,"lat":43.053044,"lon":-72.977754,"interval_miles":5,"elevation_ft":2292.8,"epqs":{"raster_id":17033,"resolution":1},"source_id":"usgs_3dep","source_url":"https://epqs.nationalmap.gov/v1/json","source":"USGS Elevation Point Query Service, interpolated from 3DEP dynamic elevation service","source_license":"public_domain","license_status":"public_domain","attribution":"Data available from U.S. Geological Survey, 3D Elevation Program.","confidence":"model_derived_topographic_estimate","last_checked":"2026-05-13","ai_answer_rule":"Describe as model-derived USGS 3DEP elevation sampled along Scout open route geometry; values may differ from guidebook profiles or surveyed summits."},"geometry":{"type":"Point","coordinates":[-72.977754,43.053044]}},{"type":"Feature","properties":{"sample_id":"elev-open-5mi-0321","trail":"Appalachian Trail","route_id":"at-main-osm-2026-open","mile_nobo":1600,"mile_sobo":506.2,"lat":43.090088,"lon":-72.928705,"interval_miles":5,"elevation_ft":3675.4,"epqs":{"raster_id":121437,"resolution":1},"source_id":"usgs_3dep","source_url":"https://epqs.nationalmap.gov/v1/json","source":"USGS Elevation Point Query Service, interpolated from 3DEP dynamic elevation service","source_license":"public_domain","license_status":"public_domain","attribution":"Data available from U.S. Geological Survey, 3D Elevation Program.","confidence":"model_derived_topographic_estimate","last_checked":"2026-05-13","ai_answer_rule":"Describe as model-derived USGS 3DEP elevation sampled along Scout open route geometry; values may differ from guidebook profiles or surveyed summits."},"geometry":{"type":"Point","coordinates":[-72.928705,43.090088]}},{"type":"Feature","properties":{"sample_id":"elev-open-5mi-0322","trail":"Appalachian Trail","route_id":"at-main-osm-2026-open","mile_nobo":1605,"mile_sobo":501.2,"lat":43.130762,"lon":-72.972825,"interval_miles":5,"elevation_ft":2280.9,"epqs":{"raster_id":121437,"resolution":1},"source_id":"usgs_3dep","source_url":"https://epqs.nationalmap.gov/v1/json","source":"USGS Elevation Point Query Service, interpolated from 3DEP dynamic elevation service","source_license":"public_domain","license_status":"public_domain","attribution":"Data available from U.S. Geological Survey, 3D Elevation Program.","confidence":"model_derived_topographic_estimate","last_checked":"2026-05-13","ai_answer_rule":"Describe as model-derived USGS 3DEP elevation sampled along Scout open route geometry; values may differ from guidebook profiles or surveyed summits."},"geometry":{"type":"Point","coordinates":[-72.972825,43.130762]}},{"type":"Feature","properties":{"sample_id":"elev-open-5mi-0323","trail":"Appalachian Trail","route_id":"at-main-osm-2026-open","mile_nobo":1610,"mile_sobo":496.2,"lat":43.180811,"lon":-72.993844,"interval_miles":5,"elevation_ft":2140.7,"epqs":{"raster_id":38658,"resolution":1},"source_id":"usgs_3dep","source_url":"https://epqs.nationalmap.gov/v1/json","source":"USGS Elevation Point Query Service, interpolated from 3DEP dynamic elevation service","source_license":"public_domain","license_status":"public_domain","attribution":"Data available from U.S. Geological Survey, 3D Elevation Program.","confidence":"model_derived_topographic_estimate","last_checked":"2026-05-13","ai_answer_rule":"Describe as model-derived USGS 3DEP elevation sampled along Scout open route geometry; values may differ from guidebook profiles or surveyed summits."},"geometry":{"type":"Point","coordinates":[-72.993844,43.180811]}},{"type":"Feature","properties":{"sample_id":"elev-open-5mi-0324","trail":"Appalachian Trail","route_id":"at-main-osm-2026-open","mile_nobo":1615,"mile_sobo":491.2,"lat":43.227096,"lon":-72.946043,"interval_miles":5,"elevation_ft":3044.8,"epqs":{"raster_id":38658,"resolution":1},"source_id":"usgs_3dep","source_url":"https://epqs.nationalmap.gov/v1/json","source":"USGS Elevation Point Query Service, interpolated from 3DEP dynamic elevation service","source_license":"public_domain","license_status":"public_domain","attribution":"Data available from U.S. Geological Survey, 3D Elevation Program.","confidence":"model_derived_topographic_estimate","last_checked":"2026-05-13","ai_answer_rule":"Describe as model-derived USGS 3DEP elevation sampled along Scout open route geometry; values may differ from guidebook profiles or surveyed summits."},"geometry":{"type":"Point","coordinates":[-72.946043,43.227096]}},{"type":"Feature","properties":{"sample_id":"elev-open-5mi-0325","trail":"Appalachian Trail","route_id":"at-main-osm-2026-open","mile_nobo":1620,"mile_sobo":486.2,"lat":43.285964,"lon":-72.938862,"interval_miles":5,"elevation_ft":3215.5,"epqs":{"raster_id":119985,"resolution":1},"source_id":"usgs_3dep","source_url":"https://epqs.nationalmap.gov/v1/json","source":"USGS Elevation Point Query Service, interpolated from 3DEP dynamic elevation service","source_license":"public_domain","license_status":"public_domain","attribution":"Data available from U.S. Geological Survey, 3D Elevation Program.","confidence":"model_derived_topographic_estimate","last_checked":"2026-05-13","ai_answer_rule":"Describe as model-derived USGS 3DEP elevation sampled along Scout open route geometry; values may differ from guidebook profiles or surveyed summits."},"geometry":{"type":"Point","coordinates":[-72.938862,43.285964]}},{"type":"Feature","properties":{"sample_id":"elev-open-5mi-0326","trail":"Appalachian Trail","route_id":"at-main-osm-2026-open","mile_nobo":1625,"mile_sobo":481.2,"lat":43.332494,"lon":-72.960048,"interval_miles":5,"elevation_ft":2673.4,"epqs":{"raster_id":119985,"resolution":1},"source_id":"usgs_3dep","source_url":"https://epqs.nationalmap.gov/v1/json","source":"USGS Elevation Point Query Service, interpolated from 3DEP dynamic elevation service","source_license":"public_domain","license_status":"public_domain","attribution":"Data available from U.S. Geological Survey, 3D Elevation Program.","confidence":"model_derived_topographic_estimate","last_checked":"2026-05-13","ai_answer_rule":"Describe as model-derived USGS 3DEP elevation sampled along Scout open route geometry; values may differ from guidebook profiles or surveyed summits."},"geometry":{"type":"Point","coordinates":[-72.960048,43.332494]}},{"type":"Feature","properties":{"sample_id":"elev-open-5mi-0327","trail":"Appalachian Trail","route_id":"at-main-osm-2026-open","mile_nobo":1630,"mile_sobo":476.2,"lat":43.384678,"lon":-72.957423,"interval_miles":5,"elevation_ft":1729,"epqs":{"raster_id":103776,"resolution":1},"source_id":"usgs_3dep","source_url":"https://epqs.nationalmap.gov/v1/json","source":"USGS Elevation Point Query Service, interpolated from 3DEP dynamic elevation service","source_license":"public_domain","license_status":"public_domain","attribution":"Data available from U.S. Geological Survey, 3D Elevation Program.","confidence":"model_derived_topographic_estimate","last_checked":"2026-05-13","ai_answer_rule":"Describe as model-derived USGS 3DEP elevation sampled along Scout open route geometry; values may differ from guidebook profiles or surveyed summits."},"geometry":{"type":"Point","coordinates":[-72.957423,43.384678]}},{"type":"Feature","properties":{"sample_id":"elev-open-5mi-0328","trail":"Appalachian Trail","route_id":"at-main-osm-2026-open","mile_nobo":1635,"mile_sobo":471.2,"lat":43.440301,"lon":-72.944047,"interval_miles":5,"elevation_ft":2230.4,"epqs":{"raster_id":44161,"resolution":1},"source_id":"usgs_3dep","source_url":"https://epqs.nationalmap.gov/v1/json","source":"USGS Elevation Point Query Service, interpolated from 3DEP dynamic elevation service","source_license":"public_domain","license_status":"public_domain","attribution":"Data available from U.S. Geological Survey, 3D Elevation Program.","confidence":"model_derived_topographic_estimate","last_checked":"2026-05-13","ai_answer_rule":"Describe as model-derived USGS 3DEP elevation sampled along Scout open route geometry; values may differ from guidebook profiles or surveyed summits."},"geometry":{"type":"Point","coordinates":[-72.944047,43.440301]}},{"type":"Feature","properties":{"sample_id":"elev-open-5mi-0329","trail":"Appalachian Trail","route_id":"at-main-osm-2026-open","mile_nobo":1640,"mile_sobo":466.2,"lat":43.483305,"lon":-72.925953,"interval_miles":5,"elevation_ft":1643.4,"epqs":{"raster_id":44161,"resolution":1},"source_id":"usgs_3dep","source_url":"https://epqs.nationalmap.gov/v1/json","source":"USGS Elevation Point Query Service, interpolated from 3DEP dynamic elevation service","source_license":"public_domain","license_status":"public_domain","attribution":"Data available from U.S. Geological Survey, 3D Elevation Program.","confidence":"model_derived_topographic_estimate","last_checked":"2026-05-13","ai_answer_rule":"Describe as model-derived USGS 3DEP elevation sampled along Scout open route geometry; values may differ from guidebook profiles or surveyed summits."},"geometry":{"type":"Point","coordinates":[-72.925953,43.483305]}},{"type":"Feature","properties":{"sample_id":"elev-open-5mi-0330","trail":"Appalachian Trail","route_id":"at-main-osm-2026-open","mile_nobo":1645,"mile_sobo":461.2,"lat":43.527743,"lon":-72.894941,"interval_miles":5,"elevation_ft":1760.6,"epqs":{"raster_id":126696,"resolution":1},"source_id":"usgs_3dep","source_url":"https://epqs.nationalmap.gov/v1/json","source":"USGS Elevation Point Query Service, interpolated from 3DEP dynamic elevation service","source_license":"public_domain","license_status":"public_domain","attribution":"Data available from U.S. Geological Survey, 3D Elevation Program.","confidence":"model_derived_topographic_estimate","last_checked":"2026-05-13","ai_answer_rule":"Describe as model-derived USGS 3DEP elevation sampled along Scout open route geometry; values may differ from guidebook profiles or surveyed summits."},"geometry":{"type":"Point","coordinates":[-72.894941,43.527743]}},{"type":"Feature","properties":{"sample_id":"elev-open-5mi-0331","trail":"Appalachian Trail","route_id":"at-main-osm-2026-open","mile_nobo":1650,"mile_sobo":456.2,"lat":43.565942,"lon":-72.845154,"interval_miles":5,"elevation_ft":1981.2,"epqs":{"raster_id":126696,"resolution":1},"source_id":"usgs_3dep","source_url":"https://epqs.nationalmap.gov/v1/json","source":"USGS Elevation Point Query Service, interpolated from 3DEP dynamic elevation service","source_license":"public_domain","license_status":"public_domain","attribution":"Data available from U.S. Geological Survey, 3D Elevation Program.","confidence":"model_derived_topographic_estimate","last_checked":"2026-05-13","ai_answer_rule":"Describe as model-derived USGS 3DEP elevation sampled along Scout open route geometry; values may differ from guidebook profiles or surveyed summits."},"geometry":{"type":"Point","coordinates":[-72.845154,43.565942]}},{"type":"Feature","properties":{"sample_id":"elev-open-5mi-0332","trail":"Appalachian Trail","route_id":"at-main-osm-2026-open","mile_nobo":1655,"mile_sobo":451.2,"lat":43.620142,"lon":-72.821783,"interval_miles":5,"elevation_ft":3356.9,"epqs":{"raster_id":19271,"resolution":1},"source_id":"usgs_3dep","source_url":"https://epqs.nationalmap.gov/v1/json","source":"USGS Elevation Point Query Service, interpolated from 3DEP dynamic elevation service","source_license":"public_domain","license_status":"public_domain","attribution":"Data available from U.S. Geological Survey, 3D Elevation Program.","confidence":"model_derived_topographic_estimate","last_checked":"2026-05-13","ai_answer_rule":"Describe as model-derived USGS 3DEP elevation sampled along Scout open route geometry; values may differ from guidebook profiles or surveyed summits."},"geometry":{"type":"Point","coordinates":[-72.821783,43.620142]}},{"type":"Feature","properties":{"sample_id":"elev-open-5mi-0333","trail":"Appalachian Trail","route_id":"at-main-osm-2026-open","mile_nobo":1660,"mile_sobo":446.2,"lat":43.671231,"lon":-72.849454,"interval_miles":5,"elevation_ft":2005,"epqs":{"raster_id":19271,"resolution":1},"source_id":"usgs_3dep","source_url":"https://epqs.nationalmap.gov/v1/json","source":"USGS Elevation Point Query Service, interpolated from 3DEP dynamic elevation service","source_license":"public_domain","license_status":"public_domain","attribution":"Data available from U.S. Geological Survey, 3D Elevation Program.","confidence":"model_derived_topographic_estimate","last_checked":"2026-05-13","ai_answer_rule":"Describe as model-derived USGS 3DEP elevation sampled along Scout open route geometry; values may differ from guidebook profiles or surveyed summits."},"geometry":{"type":"Point","coordinates":[-72.849454,43.671231]}},{"type":"Feature","properties":{"sample_id":"elev-open-5mi-0334","trail":"Appalachian Trail","route_id":"at-main-osm-2026-open","mile_nobo":1665,"mile_sobo":441.2,"lat":43.679582,"lon":-72.781793,"interval_miles":5,"elevation_ft":1245.9,"epqs":{"raster_id":19271,"resolution":1},"source_id":"usgs_3dep","source_url":"https://epqs.nationalmap.gov/v1/json","source":"USGS Elevation Point Query Service, interpolated from 3DEP dynamic elevation service","source_license":"public_domain","license_status":"public_domain","attribution":"Data available from U.S. Geological Survey, 3D Elevation Program.","confidence":"model_derived_topographic_estimate","last_checked":"2026-05-13","ai_answer_rule":"Describe as model-derived USGS 3DEP elevation sampled along Scout open route geometry; values may differ from guidebook profiles or surveyed summits."},"geometry":{"type":"Point","coordinates":[-72.781793,43.679582]}},{"type":"Feature","properties":{"sample_id":"elev-open-5mi-0335","trail":"Appalachian Trail","route_id":"at-main-osm-2026-open","mile_nobo":1670,"mile_sobo":436.2,"lat":43.689382,"lon":-72.714727,"interval_miles":5,"elevation_ft":1753.4,"epqs":{"raster_id":78950,"resolution":1},"source_id":"usgs_3dep","source_url":"https://epqs.nationalmap.gov/v1/json","source":"USGS Elevation Point Query Service, interpolated from 3DEP dynamic elevation service","source_license":"public_domain","license_status":"public_domain","attribution":"Data available from U.S. Geological Survey, 3D Elevation Program.","confidence":"model_derived_topographic_estimate","last_checked":"2026-05-13","ai_answer_rule":"Describe as model-derived USGS 3DEP elevation sampled along Scout open route geometry; values may differ from guidebook profiles or surveyed summits."},"geometry":{"type":"Point","coordinates":[-72.714727,43.689382]}},{"type":"Feature","properties":{"sample_id":"elev-open-5mi-0336","trail":"Appalachian Trail","route_id":"at-main-osm-2026-open","mile_nobo":1675,"mile_sobo":431.2,"lat":43.677804,"lon":-72.640558,"interval_miles":5,"elevation_ft":2345.8,"epqs":{"raster_id":33856,"resolution":1},"source_id":"usgs_3dep","source_url":"https://epqs.nationalmap.gov/v1/json","source":"USGS Elevation Point Query Service, interpolated from 3DEP dynamic elevation service","source_license":"public_domain","license_status":"public_domain","attribution":"Data available from U.S. Geological Survey, 3D Elevation Program.","confidence":"model_derived_topographic_estimate","last_checked":"2026-05-13","ai_answer_rule":"Describe as model-derived USGS 3DEP elevation sampled along Scout open route geometry; values may differ from guidebook profiles or surveyed summits."},"geometry":{"type":"Point","coordinates":[-72.640558,43.677804]}},{"type":"Feature","properties":{"sample_id":"elev-open-5mi-0337","trail":"Appalachian Trail","route_id":"at-main-osm-2026-open","mile_nobo":1680,"mile_sobo":426.2,"lat":43.656497,"lon":-72.576254,"interval_miles":5,"elevation_ft":1167.9,"epqs":{"raster_id":33856,"resolution":1},"source_id":"usgs_3dep","source_url":"https://epqs.nationalmap.gov/v1/json","source":"USGS Elevation Point Query Service, interpolated from 3DEP dynamic elevation service","source_license":"public_domain","license_status":"public_domain","attribution":"Data available from U.S. Geological Survey, 3D Elevation Program.","confidence":"model_derived_topographic_estimate","last_checked":"2026-05-13","ai_answer_rule":"Describe as model-derived USGS 3DEP elevation sampled along Scout open route geometry; values may differ from guidebook profiles or surveyed summits."},"geometry":{"type":"Point","coordinates":[-72.576254,43.656497]}},{"type":"Feature","properties":{"sample_id":"elev-open-5mi-0338","trail":"Appalachian Trail","route_id":"at-main-osm-2026-open","mile_nobo":1685,"mile_sobo":421.2,"lat":43.680994,"lon":-72.52778,"interval_miles":5,"elevation_ft":988.6,"epqs":{"raster_id":33856,"resolution":1},"source_id":"usgs_3dep","source_url":"https://epqs.nationalmap.gov/v1/json","source":"USGS Elevation Point Query Service, interpolated from 3DEP dynamic elevation service","source_license":"public_domain","license_status":"public_domain","attribution":"Data available from U.S. Geological Survey, 3D Elevation Program.","confidence":"model_derived_topographic_estimate","last_checked":"2026-05-13","ai_answer_rule":"Describe as model-derived USGS 3DEP elevation sampled along Scout open route geometry; values may differ from guidebook profiles or surveyed summits."},"geometry":{"type":"Point","coordinates":[-72.52778,43.680994]}},{"type":"Feature","properties":{"sample_id":"elev-open-5mi-0339","trail":"Appalachian Trail","route_id":"at-main-osm-2026-open","mile_nobo":1690,"mile_sobo":416.2,"lat":43.701807,"lon":-72.467813,"interval_miles":5,"elevation_ft":1553.5,"epqs":{"raster_id":84982,"resolution":1},"source_id":"usgs_3dep","source_url":"https://epqs.nationalmap.gov/v1/json","source":"USGS Elevation Point Query Service, interpolated from 3DEP dynamic elevation service","source_license":"public_domain","license_status":"public_domain","attribution":"Data available from U.S. Geological Survey, 3D Elevation Program.","confidence":"model_derived_topographic_estimate","last_checked":"2026-05-13","ai_answer_rule":"Describe as model-derived USGS 3DEP elevation sampled along Scout open route geometry; values may differ from guidebook profiles or surveyed summits."},"geometry":{"type":"Point","coordinates":[-72.467813,43.701807]}},{"type":"Feature","properties":{"sample_id":"elev-open-5mi-0340","trail":"Appalachian Trail","route_id":"at-main-osm-2026-open","mile_nobo":1695,"mile_sobo":411.2,"lat":43.719232,"lon":-72.414759,"interval_miles":5,"elevation_ft":481.5,"epqs":{"raster_id":84982,"resolution":1},"source_id":"usgs_3dep","source_url":"https://epqs.nationalmap.gov/v1/json","source":"USGS Elevation Point Query Service, interpolated from 3DEP dynamic elevation service","source_license":"public_domain","license_status":"public_domain","attribution":"Data available from U.S. Geological Survey, 3D Elevation Program.","confidence":"model_derived_topographic_estimate","last_checked":"2026-05-13","ai_answer_rule":"Describe as model-derived USGS 3DEP elevation sampled along Scout open route geometry; values may differ from guidebook profiles or surveyed summits."},"geometry":{"type":"Point","coordinates":[-72.414759,43.719232]}},{"type":"Feature","properties":{"sample_id":"elev-open-5mi-0341","trail":"Appalachian Trail","route_id":"at-main-osm-2026-open","mile_nobo":1700,"mile_sobo":406.2,"lat":43.713705,"lon":-72.342647,"interval_miles":5,"elevation_ft":1157.7,"epqs":{"raster_id":25877,"resolution":1},"source_id":"usgs_3dep","source_url":"https://epqs.nationalmap.gov/v1/json","source":"USGS Elevation Point Query Service, interpolated from 3DEP dynamic elevation service","source_license":"public_domain","license_status":"public_domain","attribution":"Data available from U.S. Geological Survey, 3D Elevation Program.","confidence":"model_derived_topographic_estimate","last_checked":"2026-05-13","ai_answer_rule":"Describe as model-derived USGS 3DEP elevation sampled along Scout open route geometry; values may differ from guidebook profiles or surveyed summits."},"geometry":{"type":"Point","coordinates":[-72.342647,43.713705]}},{"type":"Feature","properties":{"sample_id":"elev-open-5mi-0342","trail":"Appalachian Trail","route_id":"at-main-osm-2026-open","mile_nobo":1705,"mile_sobo":401.2,"lat":43.698822,"lon":-72.27466,"interval_miles":5,"elevation_ft":594.6,"epqs":{"raster_id":42369,"resolution":1},"source_id":"usgs_3dep","source_url":"https://epqs.nationalmap.gov/v1/json","source":"USGS Elevation Point Query Service, interpolated from 3DEP dynamic elevation service","source_license":"public_domain","license_status":"public_domain","attribution":"Data available from U.S. Geological Survey, 3D Elevation Program.","confidence":"model_derived_topographic_estimate","last_checked":"2026-05-13","ai_answer_rule":"Describe as model-derived USGS 3DEP elevation sampled along Scout open route geometry; values may differ from guidebook profiles or surveyed summits."},"geometry":{"type":"Point","coordinates":[-72.27466,43.698822]}},{"type":"Feature","properties":{"sample_id":"elev-open-5mi-0343","trail":"Appalachian Trail","route_id":"at-main-osm-2026-open","mile_nobo":1710,"mile_sobo":396.2,"lat":43.703892,"lon":-72.202057,"interval_miles":5,"elevation_ft":1026.9,"epqs":{"raster_id":43593,"resolution":1},"source_id":"usgs_3dep","source_url":"https://epqs.nationalmap.gov/v1/json","source":"USGS Elevation Point Query Service, interpolated from 3DEP dynamic elevation service","source_license":"public_domain","license_status":"public_domain","attribution":"Data available from U.S. Geological Survey, 3D Elevation Program.","confidence":"model_derived_topographic_estimate","last_checked":"2026-05-13","ai_answer_rule":"Describe as model-derived USGS 3DEP elevation sampled along Scout open route geometry; values may differ from guidebook profiles or surveyed summits."},"geometry":{"type":"Point","coordinates":[-72.202057,43.703892]}},{"type":"Feature","properties":{"sample_id":"elev-open-5mi-0344","trail":"Appalachian Trail","route_id":"at-main-osm-2026-open","mile_nobo":1715,"mile_sobo":391.2,"lat":43.734757,"lon":-72.140049,"interval_miles":5,"elevation_ft":2294.2,"epqs":{"raster_id":43593,"resolution":1},"source_id":"usgs_3dep","source_url":"https://epqs.nationalmap.gov/v1/json","source":"USGS Elevation Point Query Service, interpolated from 3DEP dynamic elevation service","source_license":"public_domain","license_status":"public_domain","attribution":"Data available from U.S. Geological Survey, 3D Elevation Program.","confidence":"model_derived_topographic_estimate","last_checked":"2026-05-13","ai_answer_rule":"Describe as model-derived USGS 3DEP elevation sampled along Scout open route geometry; values may differ from guidebook profiles or surveyed summits."},"geometry":{"type":"Point","coordinates":[-72.140049,43.734757]}},{"type":"Feature","properties":{"sample_id":"elev-open-5mi-0345","trail":"Appalachian Trail","route_id":"at-main-osm-2026-open","mile_nobo":1720,"mile_sobo":386.2,"lat":43.785235,"lon":-72.10787,"interval_miles":5,"elevation_ft":1387,"epqs":{"raster_id":38254,"resolution":1},"source_id":"usgs_3dep","source_url":"https://epqs.nationalmap.gov/v1/json","source":"USGS Elevation Point Query Service, interpolated from 3DEP dynamic elevation service","source_license":"public_domain","license_status":"public_domain","attribution":"Data available from U.S. Geological Survey, 3D Elevation Program.","confidence":"model_derived_topographic_estimate","last_checked":"2026-05-13","ai_answer_rule":"Describe as model-derived USGS 3DEP elevation sampled along Scout open route geometry; values may differ from guidebook profiles or surveyed summits."},"geometry":{"type":"Point","coordinates":[-72.10787,43.785235]}},{"type":"Feature","properties":{"sample_id":"elev-open-5mi-0346","trail":"Appalachian Trail","route_id":"at-main-osm-2026-open","mile_nobo":1725,"mile_sobo":381.2,"lat":43.824091,"lon":-72.053223,"interval_miles":5,"elevation_ft":2374.3,"epqs":{"raster_id":21261,"resolution":1},"source_id":"usgs_3dep","source_url":"https://epqs.nationalmap.gov/v1/json","source":"USGS Elevation Point Query Service, interpolated from 3DEP dynamic elevation service","source_license":"public_domain","license_status":"public_domain","attribution":"Data available from U.S. Geological Survey, 3D Elevation Program.","confidence":"model_derived_topographic_estimate","last_checked":"2026-05-13","ai_answer_rule":"Describe as model-derived USGS 3DEP elevation sampled along Scout open route geometry; values may differ from guidebook profiles or surveyed summits."},"geometry":{"type":"Point","coordinates":[-72.053223,43.824091]}},{"type":"Feature","properties":{"sample_id":"elev-open-5mi-0347","trail":"Appalachian Trail","route_id":"at-main-osm-2026-open","mile_nobo":1730,"mile_sobo":376.2,"lat":43.867363,"lon":-72.032021,"interval_miles":5,"elevation_ft":1937.8,"epqs":{"raster_id":44859,"resolution":1},"source_id":"usgs_3dep","source_url":"https://epqs.nationalmap.gov/v1/json","source":"USGS Elevation Point Query Service, interpolated from 3DEP dynamic elevation service","source_license":"public_domain","license_status":"public_domain","attribution":"Data available from U.S. Geological Survey, 3D Elevation Program.","confidence":"model_derived_topographic_estimate","last_checked":"2026-05-13","ai_answer_rule":"Describe as model-derived USGS 3DEP elevation sampled along Scout open route geometry; values may differ from guidebook profiles or surveyed summits."},"geometry":{"type":"Point","coordinates":[-72.032021,43.867363]}},{"type":"Feature","properties":{"sample_id":"elev-open-5mi-0348","trail":"Appalachian Trail","route_id":"at-main-osm-2026-open","mile_nobo":1735,"mile_sobo":371.2,"lat":43.899576,"lon":-71.986525,"interval_miles":5,"elevation_ft":958,"epqs":{"raster_id":85149,"resolution":1},"source_id":"usgs_3dep","source_url":"https://epqs.nationalmap.gov/v1/json","source":"USGS Elevation Point Query Service, interpolated from 3DEP dynamic elevation service","source_license":"public_domain","license_status":"public_domain","attribution":"Data available from U.S. Geological Survey, 3D Elevation Program.","confidence":"model_derived_topographic_estimate","last_checked":"2026-05-13","ai_answer_rule":"Describe as model-derived USGS 3DEP elevation sampled along Scout open route geometry; values may differ from guidebook profiles or surveyed summits."},"geometry":{"type":"Point","coordinates":[-71.986525,43.899576]}},{"type":"Feature","properties":{"sample_id":"elev-open-5mi-0349","trail":"Appalachian Trail","route_id":"at-main-osm-2026-open","mile_nobo":1740,"mile_sobo":366.2,"lat":43.953902,"lon":-71.945568,"interval_miles":5,"elevation_ft":1539.7,"epqs":{"raster_id":121570,"resolution":1},"source_id":"usgs_3dep","source_url":"https://epqs.nationalmap.gov/v1/json","source":"USGS Elevation Point Query Service, interpolated from 3DEP dynamic elevation service","source_license":"public_domain","license_status":"public_domain","attribution":"Data available from U.S. Geological Survey, 3D Elevation Program.","confidence":"model_derived_topographic_estimate","last_checked":"2026-05-13","ai_answer_rule":"Describe as model-derived USGS 3DEP elevation sampled along Scout open route geometry; values may differ from guidebook profiles or surveyed summits."},"geometry":{"type":"Point","coordinates":[-71.945568,43.953902]}},{"type":"Feature","properties":{"sample_id":"elev-open-5mi-0350","trail":"Appalachian Trail","route_id":"at-main-osm-2026-open","mile_nobo":1745,"mile_sobo":361.2,"lat":43.99064,"lon":-71.894979,"interval_miles":5,"elevation_ft":1167.6,"epqs":{"raster_id":121570,"resolution":1},"source_id":"usgs_3dep","source_url":"https://epqs.nationalmap.gov/v1/json","source":"USGS Elevation Point Query Service, interpolated from 3DEP dynamic elevation service","source_license":"public_domain","license_status":"public_domain","attribution":"Data available from U.S. Geological Survey, 3D Elevation Program.","confidence":"model_derived_topographic_estimate","last_checked":"2026-05-13","ai_answer_rule":"Describe as model-derived USGS 3DEP elevation sampled along Scout open route geometry; values may differ from guidebook profiles or surveyed summits."},"geometry":{"type":"Point","coordinates":[-71.894979,43.99064]}},{"type":"Feature","properties":{"sample_id":"elev-open-5mi-0351","trail":"Appalachian Trail","route_id":"at-main-osm-2026-open","mile_nobo":1750,"mile_sobo":356.2,"lat":44.026624,"lon":-71.830318,"interval_miles":5,"elevation_ft":4700.3,"epqs":{"raster_id":116021,"resolution":1},"source_id":"usgs_3dep","source_url":"https://epqs.nationalmap.gov/v1/json","source":"USGS Elevation Point Query Service, interpolated from 3DEP dynamic elevation service","source_license":"public_domain","license_status":"public_domain","attribution":"Data available from U.S. Geological Survey, 3D Elevation Program.","confidence":"model_derived_topographic_estimate","last_checked":"2026-05-13","ai_answer_rule":"Describe as model-derived USGS 3DEP elevation sampled along Scout open route geometry; values may differ from guidebook profiles or surveyed summits."},"geometry":{"type":"Point","coordinates":[-71.830318,44.026624]}},{"type":"Feature","properties":{"sample_id":"elev-open-5mi-0352","trail":"Appalachian Trail","route_id":"at-main-osm-2026-open","mile_nobo":1755,"mile_sobo":351.2,"lat":44.056011,"lon":-71.768292,"interval_miles":5,"elevation_ft":2871.3,"epqs":{"raster_id":52026,"resolution":1},"source_id":"usgs_3dep","source_url":"https://epqs.nationalmap.gov/v1/json","source":"USGS Elevation Point Query Service, interpolated from 3DEP dynamic elevation service","source_license":"public_domain","license_status":"public_domain","attribution":"Data available from U.S. Geological Survey, 3D Elevation Program.","confidence":"model_derived_topographic_estimate","last_checked":"2026-05-13","ai_answer_rule":"Describe as model-derived USGS 3DEP elevation sampled along Scout open route geometry; values may differ from guidebook profiles or surveyed summits."},"geometry":{"type":"Point","coordinates":[-71.768292,44.056011]}},{"type":"Feature","properties":{"sample_id":"elev-open-5mi-0353","trail":"Appalachian Trail","route_id":"at-main-osm-2026-open","mile_nobo":1760,"mile_sobo":346.2,"lat":44.105586,"lon":-71.740538,"interval_miles":5,"elevation_ft":2607,"epqs":{"raster_id":93616,"resolution":1},"source_id":"usgs_3dep","source_url":"https://epqs.nationalmap.gov/v1/json","source":"USGS Elevation Point Query Service, interpolated from 3DEP dynamic elevation service","source_license":"public_domain","license_status":"public_domain","attribution":"Data available from U.S. Geological Survey, 3D Elevation Program.","confidence":"model_derived_topographic_estimate","last_checked":"2026-05-13","ai_answer_rule":"Describe as model-derived USGS 3DEP elevation sampled along Scout open route geometry; values may differ from guidebook profiles or surveyed summits."},"geometry":{"type":"Point","coordinates":[-71.740538,44.105586]}},{"type":"Feature","properties":{"sample_id":"elev-open-5mi-0354","trail":"Appalachian Trail","route_id":"at-main-osm-2026-open","mile_nobo":1765,"mile_sobo":341.2,"lat":44.134663,"lon":-71.706287,"interval_miles":5,"elevation_ft":2518,"epqs":{"raster_id":19958,"resolution":1},"source_id":"usgs_3dep","source_url":"https://epqs.nationalmap.gov/v1/json","source":"USGS Elevation Point Query Service, interpolated from 3DEP dynamic elevation service","source_license":"public_domain","license_status":"public_domain","attribution":"Data available from U.S. Geological Survey, 3D Elevation Program.","confidence":"model_derived_topographic_estimate","last_checked":"2026-05-13","ai_answer_rule":"Describe as model-derived USGS 3DEP elevation sampled along Scout open route geometry; values may differ from guidebook profiles or surveyed summits."},"geometry":{"type":"Point","coordinates":[-71.706287,44.134663]}},{"type":"Feature","properties":{"sample_id":"elev-open-5mi-0355","trail":"Appalachian Trail","route_id":"at-main-osm-2026-open","mile_nobo":1770,"mile_sobo":336.2,"lat":44.119585,"lon":-71.643449,"interval_miles":5,"elevation_ft":4177.2,"epqs":{"raster_id":29422,"resolution":1},"source_id":"usgs_3dep","source_url":"https://epqs.nationalmap.gov/v1/json","source":"USGS Elevation Point Query Service, interpolated from 3DEP dynamic elevation service","source_license":"public_domain","license_status":"public_domain","attribution":"Data available from U.S. Geological Survey, 3D Elevation Program.","confidence":"model_derived_topographic_estimate","last_checked":"2026-05-13","ai_answer_rule":"Describe as model-derived USGS 3DEP elevation sampled along Scout open route geometry; values may differ from guidebook profiles or surveyed summits."},"geometry":{"type":"Point","coordinates":[-71.643449,44.119585]}},{"type":"Feature","properties":{"sample_id":"elev-open-5mi-0356","trail":"Appalachian Trail","route_id":"at-main-osm-2026-open","mile_nobo":1775,"mile_sobo":331.2,"lat":44.181653,"lon":-71.629714,"interval_miles":5,"elevation_ft":3846.2,"epqs":{"raster_id":60795,"resolution":1},"source_id":"usgs_3dep","source_url":"https://epqs.nationalmap.gov/v1/json","source":"USGS Elevation Point Query Service, interpolated from 3DEP dynamic elevation service","source_license":"public_domain","license_status":"public_domain","attribution":"Data available from U.S. Geological Survey, 3D Elevation Program.","confidence":"model_derived_topographic_estimate","last_checked":"2026-05-13","ai_answer_rule":"Describe as model-derived USGS 3DEP elevation sampled along Scout open route geometry; values may differ from guidebook profiles or surveyed summits."},"geometry":{"type":"Point","coordinates":[-71.629714,44.181653]}},{"type":"Feature","properties":{"sample_id":"elev-open-5mi-0357","trail":"Appalachian Trail","route_id":"at-main-osm-2026-open","mile_nobo":1780,"mile_sobo":326.2,"lat":44.181515,"lon":-71.550197,"interval_miles":5,"elevation_ft":4528.2,"epqs":{"raster_id":62046,"resolution":1},"source_id":"usgs_3dep","source_url":"https://epqs.nationalmap.gov/v1/json","source":"USGS Elevation Point Query Service, interpolated from 3DEP dynamic elevation service","source_license":"public_domain","license_status":"public_domain","attribution":"Data available from U.S. Geological Survey, 3D Elevation Program.","confidence":"model_derived_topographic_estimate","last_checked":"2026-05-13","ai_answer_rule":"Describe as model-derived USGS 3DEP elevation sampled along Scout open route geometry; values may differ from guidebook profiles or surveyed summits."},"geometry":{"type":"Point","coordinates":[-71.550197,44.181515]}},{"type":"Feature","properties":{"sample_id":"elev-open-5mi-0358","trail":"Appalachian Trail","route_id":"at-main-osm-2026-open","mile_nobo":1785,"mile_sobo":321.2,"lat":44.196069,"lon":-71.49339,"interval_miles":5,"elevation_ft":2544.9,"epqs":{"raster_id":59272,"resolution":1},"source_id":"usgs_3dep","source_url":"https://epqs.nationalmap.gov/v1/json","source":"USGS Elevation Point Query Service, interpolated from 3DEP dynamic elevation service","source_license":"public_domain","license_status":"public_domain","attribution":"Data available from U.S. Geological Survey, 3D Elevation Program.","confidence":"model_derived_topographic_estimate","last_checked":"2026-05-13","ai_answer_rule":"Describe as model-derived USGS 3DEP elevation sampled along Scout open route geometry; values may differ from guidebook profiles or surveyed summits."},"geometry":{"type":"Point","coordinates":[-71.49339,44.196069]}},{"type":"Feature","properties":{"sample_id":"elev-open-5mi-0359","trail":"Appalachian Trail","route_id":"at-main-osm-2026-open","mile_nobo":1790,"mile_sobo":316.2,"lat":44.173686,"lon":-71.421016,"interval_miles":5,"elevation_ft":2908.5,"epqs":{"raster_id":59272,"resolution":1},"source_id":"usgs_3dep","source_url":"https://epqs.nationalmap.gov/v1/json","source":"USGS Elevation Point Query Service, interpolated from 3DEP dynamic elevation service","source_license":"public_domain","license_status":"public_domain","attribution":"Data available from U.S. Geological Survey, 3D Elevation Program.","confidence":"model_derived_topographic_estimate","last_checked":"2026-05-13","ai_answer_rule":"Describe as model-derived USGS 3DEP elevation sampled along Scout open route geometry; values may differ from guidebook profiles or surveyed summits."},"geometry":{"type":"Point","coordinates":[-71.421016,44.173686]}},{"type":"Feature","properties":{"sample_id":"elev-open-5mi-0360","trail":"Appalachian Trail","route_id":"at-main-osm-2026-open","mile_nobo":1795,"mile_sobo":311.2,"lat":44.190686,"lon":-71.386919,"interval_miles":5,"elevation_ft":3581.3,"epqs":{"raster_id":59272,"resolution":1},"source_id":"usgs_3dep","source_url":"https://epqs.nationalmap.gov/v1/json","source":"USGS Elevation Point Query Service, interpolated from 3DEP dynamic elevation service","source_license":"public_domain","license_status":"public_domain","attribution":"Data available from U.S. Geological Survey, 3D Elevation Program.","confidence":"model_derived_topographic_estimate","last_checked":"2026-05-13","ai_answer_rule":"Describe as model-derived USGS 3DEP elevation sampled along Scout open route geometry; values may differ from guidebook profiles or surveyed summits."},"geometry":{"type":"Point","coordinates":[-71.386919,44.190686]}},{"type":"Feature","properties":{"sample_id":"elev-open-5mi-0361","trail":"Appalachian Trail","route_id":"at-main-osm-2026-open","mile_nobo":1800,"mile_sobo":306.2,"lat":44.239057,"lon":-71.348489,"interval_miles":5,"elevation_ft":4449.5,"epqs":{"raster_id":35862,"resolution":1},"source_id":"usgs_3dep","source_url":"https://epqs.nationalmap.gov/v1/json","source":"USGS Elevation Point Query Service, interpolated from 3DEP dynamic elevation service","source_license":"public_domain","license_status":"public_domain","attribution":"Data available from U.S. Geological Survey, 3D Elevation Program.","confidence":"model_derived_topographic_estimate","last_checked":"2026-05-13","ai_answer_rule":"Describe as model-derived USGS 3DEP elevation sampled along Scout open route geometry; values may differ from guidebook profiles or surveyed summits."},"geometry":{"type":"Point","coordinates":[-71.348489,44.239057]}},{"type":"Feature","properties":{"sample_id":"elev-open-5mi-0362","trail":"Appalachian Trail","route_id":"at-main-osm-2026-open","mile_nobo":1805,"mile_sobo":301.2,"lat":44.285813,"lon":-71.317717,"interval_miles":5,"elevation_ft":5320.5,"epqs":{"raster_id":69195,"resolution":1},"source_id":"usgs_3dep","source_url":"https://epqs.nationalmap.gov/v1/json","source":"USGS Elevation Point Query Service, interpolated from 3DEP dynamic elevation service","source_license":"public_domain","license_status":"public_domain","attribution":"Data available from U.S. Geological Survey, 3D Elevation Program.","confidence":"model_derived_topographic_estimate","last_checked":"2026-05-13","ai_answer_rule":"Describe as model-derived USGS 3DEP elevation sampled along Scout open route geometry; values may differ from guidebook profiles or surveyed summits."},"geometry":{"type":"Point","coordinates":[-71.317717,44.285813]}},{"type":"Feature","properties":{"sample_id":"elev-open-5mi-0363","trail":"Appalachian Trail","route_id":"at-main-osm-2026-open","mile_nobo":1810,"mile_sobo":296.2,"lat":44.325058,"lon":-71.265236,"interval_miles":5,"elevation_ft":4547.3,"epqs":{"raster_id":76018,"resolution":1},"source_id":"usgs_3dep","source_url":"https://epqs.nationalmap.gov/v1/json","source":"USGS Elevation Point Query Service, interpolated from 3DEP dynamic elevation service","source_license":"public_domain","license_status":"public_domain","attribution":"Data available from U.S. Geological Survey, 3D Elevation Program.","confidence":"model_derived_topographic_estimate","last_checked":"2026-05-13","ai_answer_rule":"Describe as model-derived USGS 3DEP elevation sampled along Scout open route geometry; values may differ from guidebook profiles or surveyed summits."},"geometry":{"type":"Point","coordinates":[-71.265236,44.325058]}},{"type":"Feature","properties":{"sample_id":"elev-open-5mi-0364","trail":"Appalachian Trail","route_id":"at-main-osm-2026-open","mile_nobo":1815,"mile_sobo":291.2,"lat":44.266302,"lon":-71.253106,"interval_miles":5,"elevation_ft":2394.5,"epqs":{"raster_id":52044,"resolution":1},"source_id":"usgs_3dep","source_url":"https://epqs.nationalmap.gov/v1/json","source":"USGS Elevation Point Query Service, interpolated from 3DEP dynamic elevation service","source_license":"public_domain","license_status":"public_domain","attribution":"Data available from U.S. Geological Survey, 3D Elevation Program.","confidence":"model_derived_topographic_estimate","last_checked":"2026-05-13","ai_answer_rule":"Describe as model-derived USGS 3DEP elevation sampled along Scout open route geometry; values may differ from guidebook profiles or surveyed summits."},"geometry":{"type":"Point","coordinates":[-71.253106,44.266302]}},{"type":"Feature","properties":{"sample_id":"elev-open-5mi-0365","trail":"Appalachian Trail","route_id":"at-main-osm-2026-open","mile_nobo":1820,"mile_sobo":286.2,"lat":44.260104,"lon":-71.201299,"interval_miles":5,"elevation_ft":4292.1,"epqs":{"raster_id":52044,"resolution":1},"source_id":"usgs_3dep","source_url":"https://epqs.nationalmap.gov/v1/json","source":"USGS Elevation Point Query Service, interpolated from 3DEP dynamic elevation service","source_license":"public_domain","license_status":"public_domain","attribution":"Data available from U.S. Geological Survey, 3D Elevation Program.","confidence":"model_derived_topographic_estimate","last_checked":"2026-05-13","ai_answer_rule":"Describe as model-derived USGS 3DEP elevation sampled along Scout open route geometry; values may differ from guidebook profiles or surveyed summits."},"geometry":{"type":"Point","coordinates":[-71.201299,44.260104]}},{"type":"Feature","properties":{"sample_id":"elev-open-5mi-0366","trail":"Appalachian Trail","route_id":"at-main-osm-2026-open","mile_nobo":1825,"mile_sobo":281.2,"lat":44.305534,"lon":-71.168221,"interval_miles":5,"elevation_ft":4566.3,"epqs":{"raster_id":52044,"resolution":1},"source_id":"usgs_3dep","source_url":"https://epqs.nationalmap.gov/v1/json","source":"USGS Elevation Point Query Service, interpolated from 3DEP dynamic elevation service","source_license":"public_domain","license_status":"public_domain","attribution":"Data available from U.S. Geological Survey, 3D Elevation Program.","confidence":"model_derived_topographic_estimate","last_checked":"2026-05-13","ai_answer_rule":"Describe as model-derived USGS 3DEP elevation sampled along Scout open route geometry; values may differ from guidebook profiles or surveyed summits."},"geometry":{"type":"Point","coordinates":[-71.168221,44.305534]}},{"type":"Feature","properties":{"sample_id":"elev-open-5mi-0367","trail":"Appalachian Trail","route_id":"at-main-osm-2026-open","mile_nobo":1830,"mile_sobo":276.2,"lat":44.348541,"lon":-71.116268,"interval_miles":5,"elevation_ft":3339.6,"epqs":{"raster_id":25449,"resolution":1},"source_id":"usgs_3dep","source_url":"https://epqs.nationalmap.gov/v1/json","source":"USGS Elevation Point Query Service, interpolated from 3DEP dynamic elevation service","source_license":"public_domain","license_status":"public_domain","attribution":"Data available from U.S. Geological Survey, 3D Elevation Program.","confidence":"model_derived_topographic_estimate","last_checked":"2026-05-13","ai_answer_rule":"Describe as model-derived USGS 3DEP elevation sampled along Scout open route geometry; values may differ from guidebook profiles or surveyed summits."},"geometry":{"type":"Point","coordinates":[-71.116268,44.348541]}},{"type":"Feature","properties":{"sample_id":"elev-open-5mi-0368","trail":"Appalachian Trail","route_id":"at-main-osm-2026-open","mile_nobo":1835,"mile_sobo":271.2,"lat":44.404158,"lon":-71.121796,"interval_miles":5,"elevation_ft":800.7,"epqs":{"raster_id":25449,"resolution":1},"source_id":"usgs_3dep","source_url":"https://epqs.nationalmap.gov/v1/json","source":"USGS Elevation Point Query Service, interpolated from 3DEP dynamic elevation service","source_license":"public_domain","license_status":"public_domain","attribution":"Data available from U.S. Geological Survey, 3D Elevation Program.","confidence":"model_derived_topographic_estimate","last_checked":"2026-05-13","ai_answer_rule":"Describe as model-derived USGS 3DEP elevation sampled along Scout open route geometry; values may differ from guidebook profiles or surveyed summits."},"geometry":{"type":"Point","coordinates":[-71.121796,44.404158]}},{"type":"Feature","properties":{"sample_id":"elev-open-5mi-0369","trail":"Appalachian Trail","route_id":"at-main-osm-2026-open","mile_nobo":1840,"mile_sobo":266.2,"lat":44.438371,"lon":-71.141792,"interval_miles":5,"elevation_ft":2468.7,"epqs":{"raster_id":77094,"resolution":1},"source_id":"usgs_3dep","source_url":"https://epqs.nationalmap.gov/v1/json","source":"USGS Elevation Point Query Service, interpolated from 3DEP dynamic elevation service","source_license":"public_domain","license_status":"public_domain","attribution":"Data available from U.S. Geological Survey, 3D Elevation Program.","confidence":"model_derived_topographic_estimate","last_checked":"2026-05-13","ai_answer_rule":"Describe as model-derived USGS 3DEP elevation sampled along Scout open route geometry; values may differ from guidebook profiles or surveyed summits."},"geometry":{"type":"Point","coordinates":[-71.141792,44.438371]}},{"type":"Feature","properties":{"sample_id":"elev-open-5mi-0370","trail":"Appalachian Trail","route_id":"at-main-osm-2026-open","mile_nobo":1845,"mile_sobo":261.2,"lat":44.455875,"lon":-71.06591,"interval_miles":5,"elevation_ft":2557.2,"epqs":{"raster_id":114490,"resolution":1},"source_id":"usgs_3dep","source_url":"https://epqs.nationalmap.gov/v1/json","source":"USGS Elevation Point Query Service, interpolated from 3DEP dynamic elevation service","source_license":"public_domain","license_status":"public_domain","attribution":"Data available from U.S. Geological Survey, 3D Elevation Program.","confidence":"model_derived_topographic_estimate","last_checked":"2026-05-13","ai_answer_rule":"Describe as model-derived USGS 3DEP elevation sampled along Scout open route geometry; values may differ from guidebook profiles or surveyed summits."},"geometry":{"type":"Point","coordinates":[-71.06591,44.455875]}},{"type":"Feature","properties":{"sample_id":"elev-open-5mi-0371","trail":"Appalachian Trail","route_id":"at-main-osm-2026-open","mile_nobo":1850,"mile_sobo":256.2,"lat":44.495154,"lon":-71.002165,"interval_miles":5,"elevation_ft":3144.8,"epqs":{"raster_id":52301,"resolution":1},"source_id":"usgs_3dep","source_url":"https://epqs.nationalmap.gov/v1/json","source":"USGS Elevation Point Query Service, interpolated from 3DEP dynamic elevation service","source_license":"public_domain","license_status":"public_domain","attribution":"Data available from U.S. Geological Survey, 3D Elevation Program.","confidence":"model_derived_topographic_estimate","last_checked":"2026-05-13","ai_answer_rule":"Describe as model-derived USGS 3DEP elevation sampled along Scout open route geometry; values may differ from guidebook profiles or surveyed summits."},"geometry":{"type":"Point","coordinates":[-71.002165,44.495154]}},{"type":"Feature","properties":{"sample_id":"elev-open-5mi-0372","trail":"Appalachian Trail","route_id":"at-main-osm-2026-open","mile_nobo":1855,"mile_sobo":251.2,"lat":44.544565,"lon":-70.979136,"interval_miles":5,"elevation_ft":2155.9,"epqs":{"raster_id":97913,"resolution":1},"source_id":"usgs_3dep","source_url":"https://epqs.nationalmap.gov/v1/json","source":"USGS Elevation Point Query Service, interpolated from 3DEP dynamic elevation service","source_license":"public_domain","license_status":"public_domain","attribution":"Data available from U.S. Geological Survey, 3D Elevation Program.","confidence":"model_derived_topographic_estimate","last_checked":"2026-05-13","ai_answer_rule":"Describe as model-derived USGS 3DEP elevation sampled along Scout open route geometry; values may differ from guidebook profiles or surveyed summits."},"geometry":{"type":"Point","coordinates":[-70.979136,44.544565]}},{"type":"Feature","properties":{"sample_id":"elev-open-5mi-0373","trail":"Appalachian Trail","route_id":"at-main-osm-2026-open","mile_nobo":1860,"mile_sobo":246.2,"lat":44.590509,"lon":-70.95684,"interval_miles":5,"elevation_ft":2532.2,"epqs":{"raster_id":107239,"resolution":1},"source_id":"usgs_3dep","source_url":"https://epqs.nationalmap.gov/v1/json","source":"USGS Elevation Point Query Service, interpolated from 3DEP dynamic elevation service","source_license":"public_domain","license_status":"public_domain","attribution":"Data available from U.S. Geological Survey, 3D Elevation Program.","confidence":"model_derived_topographic_estimate","last_checked":"2026-05-13","ai_answer_rule":"Describe as model-derived USGS 3DEP elevation sampled along Scout open route geometry; values may differ from guidebook profiles or surveyed summits."},"geometry":{"type":"Point","coordinates":[-70.95684,44.590509]}},{"type":"Feature","properties":{"sample_id":"elev-open-5mi-0374","trail":"Appalachian Trail","route_id":"at-main-osm-2026-open","mile_nobo":1865,"mile_sobo":241.2,"lat":44.612588,"lon":-70.891775,"interval_miles":5,"elevation_ft":3582.9,"epqs":{"raster_id":47093,"resolution":1},"source_id":"usgs_3dep","source_url":"https://epqs.nationalmap.gov/v1/json","source":"USGS Elevation Point Query Service, interpolated from 3DEP dynamic elevation service","source_license":"public_domain","license_status":"public_domain","attribution":"Data available from U.S. Geological Survey, 3D Elevation Program.","confidence":"model_derived_topographic_estimate","last_checked":"2026-05-13","ai_answer_rule":"Describe as model-derived USGS 3DEP elevation sampled along Scout open route geometry; values may differ from guidebook profiles or surveyed summits."},"geometry":{"type":"Point","coordinates":[-70.891775,44.612588]}},{"type":"Feature","properties":{"sample_id":"elev-open-5mi-0375","trail":"Appalachian Trail","route_id":"at-main-osm-2026-open","mile_nobo":1870,"mile_sobo":236.2,"lat":44.662882,"lon":-70.894545,"interval_miles":5,"elevation_ft":1346.3,"epqs":{"raster_id":56705,"resolution":1},"source_id":"usgs_3dep","source_url":"https://epqs.nationalmap.gov/v1/json","source":"USGS Elevation Point Query Service, interpolated from 3DEP dynamic elevation service","source_license":"public_domain","license_status":"public_domain","attribution":"Data available from U.S. Geological Survey, 3D Elevation Program.","confidence":"model_derived_topographic_estimate","last_checked":"2026-05-13","ai_answer_rule":"Describe as model-derived USGS 3DEP elevation sampled along Scout open route geometry; values may differ from guidebook profiles or surveyed summits."},"geometry":{"type":"Point","coordinates":[-70.894545,44.662882]}},{"type":"Feature","properties":{"sample_id":"elev-open-5mi-0376","trail":"Appalachian Trail","route_id":"at-main-osm-2026-open","mile_nobo":1875,"mile_sobo":231.2,"lat":44.693061,"lon":-70.836125,"interval_miles":5,"elevation_ft":2650.1,"epqs":{"raster_id":58831,"resolution":1},"source_id":"usgs_3dep","source_url":"https://epqs.nationalmap.gov/v1/json","source":"USGS Elevation Point Query Service, interpolated from 3DEP dynamic elevation service","source_license":"public_domain","license_status":"public_domain","attribution":"Data available from U.S. Geological Survey, 3D Elevation Program.","confidence":"model_derived_topographic_estimate","last_checked":"2026-05-13","ai_answer_rule":"Describe as model-derived USGS 3DEP elevation sampled along Scout open route geometry; values may differ from guidebook profiles or surveyed summits."},"geometry":{"type":"Point","coordinates":[-70.836125,44.693061]}},{"type":"Feature","properties":{"sample_id":"elev-open-5mi-0377","trail":"Appalachian Trail","route_id":"at-main-osm-2026-open","mile_nobo":1880,"mile_sobo":226.2,"lat":44.727965,"lon":-70.779508,"interval_miles":5,"elevation_ft":2432.2,"epqs":{"raster_id":58831,"resolution":1},"source_id":"usgs_3dep","source_url":"https://epqs.nationalmap.gov/v1/json","source":"USGS Elevation Point Query Service, interpolated from 3DEP dynamic elevation service","source_license":"public_domain","license_status":"public_domain","attribution":"Data available from U.S. Geological Survey, 3D Elevation Program.","confidence":"model_derived_topographic_estimate","last_checked":"2026-05-13","ai_answer_rule":"Describe as model-derived USGS 3DEP elevation sampled along Scout open route geometry; values may differ from guidebook profiles or surveyed summits."},"geometry":{"type":"Point","coordinates":[-70.779508,44.727965]}},{"type":"Feature","properties":{"sample_id":"elev-open-5mi-0378","trail":"Appalachian Trail","route_id":"at-main-osm-2026-open","mile_nobo":1885,"mile_sobo":221.2,"lat":44.790696,"lon":-70.769178,"interval_miles":5,"elevation_ft":3319.5,"epqs":{"raster_id":32383,"resolution":1},"source_id":"usgs_3dep","source_url":"https://epqs.nationalmap.gov/v1/json","source":"USGS Elevation Point Query Service, interpolated from 3DEP dynamic elevation service","source_license":"public_domain","license_status":"public_domain","attribution":"Data available from U.S. Geological Survey, 3D Elevation Program.","confidence":"model_derived_topographic_estimate","last_checked":"2026-05-13","ai_answer_rule":"Describe as model-derived USGS 3DEP elevation sampled along Scout open route geometry; values may differ from guidebook profiles or surveyed summits."},"geometry":{"type":"Point","coordinates":[-70.769178,44.790696]}},{"type":"Feature","properties":{"sample_id":"elev-open-5mi-0379","trail":"Appalachian Trail","route_id":"at-main-osm-2026-open","mile_nobo":1890,"mile_sobo":216.2,"lat":44.835991,"lon":-70.726501,"interval_miles":5,"elevation_ft":1748.7,"epqs":{"raster_id":32383,"resolution":1},"source_id":"usgs_3dep","source_url":"https://epqs.nationalmap.gov/v1/json","source":"USGS Elevation Point Query Service, interpolated from 3DEP dynamic elevation service","source_license":"public_domain","license_status":"public_domain","attribution":"Data available from U.S. Geological Survey, 3D Elevation Program.","confidence":"model_derived_topographic_estimate","last_checked":"2026-05-13","ai_answer_rule":"Describe as model-derived USGS 3DEP elevation sampled along Scout open route geometry; values may differ from guidebook profiles or surveyed summits."},"geometry":{"type":"Point","coordinates":[-70.726501,44.835991]}},{"type":"Feature","properties":{"sample_id":"elev-open-5mi-0380","trail":"Appalachian Trail","route_id":"at-main-osm-2026-open","mile_nobo":1895,"mile_sobo":211.2,"lat":44.842938,"lon":-70.65553,"interval_miles":5,"elevation_ft":2390.8,"epqs":{"raster_id":32383,"resolution":1},"source_id":"usgs_3dep","source_url":"https://epqs.nationalmap.gov/v1/json","source":"USGS Elevation Point Query Service, interpolated from 3DEP dynamic elevation service","source_license":"public_domain","license_status":"public_domain","attribution":"Data available from U.S. Geological Survey, 3D Elevation Program.","confidence":"model_derived_topographic_estimate","last_checked":"2026-05-13","ai_answer_rule":"Describe as model-derived USGS 3DEP elevation sampled along Scout open route geometry; values may differ from guidebook profiles or surveyed summits."},"geometry":{"type":"Point","coordinates":[-70.65553,44.842938]}},{"type":"Feature","properties":{"sample_id":"elev-open-5mi-0381","trail":"Appalachian Trail","route_id":"at-main-osm-2026-open","mile_nobo":1900,"mile_sobo":206.2,"lat":44.859476,"lon":-70.577979,"interval_miles":5,"elevation_ft":2216.6,"epqs":{"raster_id":59442,"resolution":1},"source_id":"usgs_3dep","source_url":"https://epqs.nationalmap.gov/v1/json","source":"USGS Elevation Point Query Service, interpolated from 3DEP dynamic elevation service","source_license":"public_domain","license_status":"public_domain","attribution":"Data available from U.S. Geological Survey, 3D Elevation Program.","confidence":"model_derived_topographic_estimate","last_checked":"2026-05-13","ai_answer_rule":"Describe as model-derived USGS 3DEP elevation sampled along Scout open route geometry; values may differ from guidebook profiles or surveyed summits."},"geometry":{"type":"Point","coordinates":[-70.577979,44.859476]}},{"type":"Feature","properties":{"sample_id":"elev-open-5mi-0382","trail":"Appalachian Trail","route_id":"at-main-osm-2026-open","mile_nobo":1905,"mile_sobo":201.2,"lat":44.905266,"lon":-70.527914,"interval_miles":5,"elevation_ft":2125.6,"epqs":{"raster_id":65143,"resolution":1},"source_id":"usgs_3dep","source_url":"https://epqs.nationalmap.gov/v1/json","source":"USGS Elevation Point Query Service, interpolated from 3DEP dynamic elevation service","source_license":"public_domain","license_status":"public_domain","attribution":"Data available from U.S. Geological Survey, 3D Elevation Program.","confidence":"model_derived_topographic_estimate","last_checked":"2026-05-13","ai_answer_rule":"Describe as model-derived USGS 3DEP elevation sampled along Scout open route geometry; values may differ from guidebook profiles or surveyed summits."},"geometry":{"type":"Point","coordinates":[-70.527914,44.905266]}},{"type":"Feature","properties":{"sample_id":"elev-open-5mi-0383","trail":"Appalachian Trail","route_id":"at-main-osm-2026-open","mile_nobo":1910,"mile_sobo":196.2,"lat":44.951123,"lon":-70.4825,"interval_miles":5,"elevation_ft":3596.7,"epqs":{"raster_id":51074,"resolution":1},"source_id":"usgs_3dep","source_url":"https://epqs.nationalmap.gov/v1/json","source":"USGS Elevation Point Query Service, interpolated from 3DEP dynamic elevation service","source_license":"public_domain","license_status":"public_domain","attribution":"Data available from U.S. Geological Survey, 3D Elevation Program.","confidence":"model_derived_topographic_estimate","last_checked":"2026-05-13","ai_answer_rule":"Describe as model-derived USGS 3DEP elevation sampled along Scout open route geometry; values may differ from guidebook profiles or surveyed summits."},"geometry":{"type":"Point","coordinates":[-70.4825,44.951123]}},{"type":"Feature","properties":{"sample_id":"elev-open-5mi-0384","trail":"Appalachian Trail","route_id":"at-main-osm-2026-open","mile_nobo":1915,"mile_sobo":191.2,"lat":44.973343,"lon":-70.407784,"interval_miles":5,"elevation_ft":1574.7,"epqs":{"raster_id":22569,"resolution":1},"source_id":"usgs_3dep","source_url":"https://epqs.nationalmap.gov/v1/json","source":"USGS Elevation Point Query Service, interpolated from 3DEP dynamic elevation service","source_license":"public_domain","license_status":"public_domain","attribution":"Data available from U.S. Geological Survey, 3D Elevation Program.","confidence":"model_derived_topographic_estimate","last_checked":"2026-05-13","ai_answer_rule":"Describe as model-derived USGS 3DEP elevation sampled along Scout open route geometry; values may differ from guidebook profiles or surveyed summits."},"geometry":{"type":"Point","coordinates":[-70.407784,44.973343]}},{"type":"Feature","properties":{"sample_id":"elev-open-5mi-0385","trail":"Appalachian Trail","route_id":"at-main-osm-2026-open","mile_nobo":1920,"mile_sobo":186.2,"lat":44.998195,"lon":-70.341841,"interval_miles":5,"elevation_ft":3214.3,"epqs":{"raster_id":96881,"resolution":1},"source_id":"usgs_3dep","source_url":"https://epqs.nationalmap.gov/v1/json","source":"USGS Elevation Point Query Service, interpolated from 3DEP dynamic elevation service","source_license":"public_domain","license_status":"public_domain","attribution":"Data available from U.S. Geological Survey, 3D Elevation Program.","confidence":"model_derived_topographic_estimate","last_checked":"2026-05-13","ai_answer_rule":"Describe as model-derived USGS 3DEP elevation sampled along Scout open route geometry; values may differ from guidebook profiles or surveyed summits."},"geometry":{"type":"Point","coordinates":[-70.341841,44.998195]}},{"type":"Feature","properties":{"sample_id":"elev-open-5mi-0386","trail":"Appalachian Trail","route_id":"at-main-osm-2026-open","mile_nobo":1925,"mile_sobo":181.2,"lat":45.041959,"lon":-70.35329,"interval_miles":5,"elevation_ft":2466.5,"epqs":{"raster_id":96881,"resolution":1},"source_id":"usgs_3dep","source_url":"https://epqs.nationalmap.gov/v1/json","source":"USGS Elevation Point Query Service, interpolated from 3DEP dynamic elevation service","source_license":"public_domain","license_status":"public_domain","attribution":"Data available from U.S. Geological Survey, 3D Elevation Program.","confidence":"model_derived_topographic_estimate","last_checked":"2026-05-13","ai_answer_rule":"Describe as model-derived USGS 3DEP elevation sampled along Scout open route geometry; values may differ from guidebook profiles or surveyed summits."},"geometry":{"type":"Point","coordinates":[-70.35329,45.041959]}},{"type":"Feature","properties":{"sample_id":"elev-open-5mi-0387","trail":"Appalachian Trail","route_id":"at-main-osm-2026-open","mile_nobo":1930,"mile_sobo":176.2,"lat":45.081177,"lon":-70.373779,"interval_miles":5,"elevation_ft":2548,"epqs":{"raster_id":24042,"resolution":1},"source_id":"usgs_3dep","source_url":"https://epqs.nationalmap.gov/v1/json","source":"USGS Elevation Point Query Service, interpolated from 3DEP dynamic elevation service","source_license":"public_domain","license_status":"public_domain","attribution":"Data available from U.S. Geological Survey, 3D Elevation Program.","confidence":"model_derived_topographic_estimate","last_checked":"2026-05-13","ai_answer_rule":"Describe as model-derived USGS 3DEP elevation sampled along Scout open route geometry; values may differ from guidebook profiles or surveyed summits."},"geometry":{"type":"Point","coordinates":[-70.373779,45.081177]}},{"type":"Feature","properties":{"sample_id":"elev-open-5mi-0388","trail":"Appalachian Trail","route_id":"at-main-osm-2026-open","mile_nobo":1935,"mile_sobo":171.2,"lat":45.138409,"lon":-70.354054,"interval_miles":5,"elevation_ft":2503.8,"epqs":{"raster_id":24042,"resolution":1},"source_id":"usgs_3dep","source_url":"https://epqs.nationalmap.gov/v1/json","source":"USGS Elevation Point Query Service, interpolated from 3DEP dynamic elevation service","source_license":"public_domain","license_status":"public_domain","attribution":"Data available from U.S. Geological Survey, 3D Elevation Program.","confidence":"model_derived_topographic_estimate","last_checked":"2026-05-13","ai_answer_rule":"Describe as model-derived USGS 3DEP elevation sampled along Scout open route geometry; values may differ from guidebook profiles or surveyed summits."},"geometry":{"type":"Point","coordinates":[-70.354054,45.138409]}},{"type":"Feature","properties":{"sample_id":"elev-open-5mi-0389","trail":"Appalachian Trail","route_id":"at-main-osm-2026-open","mile_nobo":1940,"mile_sobo":166.2,"lat":45.148188,"lon":-70.26631,"interval_miles":5,"elevation_ft":3503.3,"epqs":{"raster_id":25382,"resolution":1},"source_id":"usgs_3dep","source_url":"https://epqs.nationalmap.gov/v1/json","source":"USGS Elevation Point Query Service, interpolated from 3DEP dynamic elevation service","source_license":"public_domain","license_status":"public_domain","attribution":"Data available from U.S. Geological Survey, 3D Elevation Program.","confidence":"model_derived_topographic_estimate","last_checked":"2026-05-13","ai_answer_rule":"Describe as model-derived USGS 3DEP elevation sampled along Scout open route geometry; values may differ from guidebook profiles or surveyed summits."},"geometry":{"type":"Point","coordinates":[-70.26631,45.148188]}},{"type":"Feature","properties":{"sample_id":"elev-open-5mi-0390","trail":"Appalachian Trail","route_id":"at-main-osm-2026-open","mile_nobo":1945,"mile_sobo":161.2,"lat":45.132311,"lon":-70.200757,"interval_miles":5,"elevation_ft":2240.7,"epqs":{"raster_id":21974,"resolution":1},"source_id":"usgs_3dep","source_url":"https://epqs.nationalmap.gov/v1/json","source":"USGS Elevation Point Query Service, interpolated from 3DEP dynamic elevation service","source_license":"public_domain","license_status":"public_domain","attribution":"Data available from U.S. Geological Survey, 3D Elevation Program.","confidence":"model_derived_topographic_estimate","last_checked":"2026-05-13","ai_answer_rule":"Describe as model-derived USGS 3DEP elevation sampled along Scout open route geometry; values may differ from guidebook profiles or surveyed summits."},"geometry":{"type":"Point","coordinates":[-70.200757,45.132311]}},{"type":"Feature","properties":{"sample_id":"elev-open-5mi-0391","trail":"Appalachian Trail","route_id":"at-main-osm-2026-open","mile_nobo":1950,"mile_sobo":156.2,"lat":45.155553,"lon":-70.152478,"interval_miles":5,"elevation_ft":1246.9,"epqs":{"raster_id":25382,"resolution":1},"source_id":"usgs_3dep","source_url":"https://epqs.nationalmap.gov/v1/json","source":"USGS Elevation Point Query Service, interpolated from 3DEP dynamic elevation service","source_license":"public_domain","license_status":"public_domain","attribution":"Data available from U.S. Geological Survey, 3D Elevation Program.","confidence":"model_derived_topographic_estimate","last_checked":"2026-05-13","ai_answer_rule":"Describe as model-derived USGS 3DEP elevation sampled along Scout open route geometry; values may differ from guidebook profiles or surveyed summits."},"geometry":{"type":"Point","coordinates":[-70.152478,45.155553]}},{"type":"Feature","properties":{"sample_id":"elev-open-5mi-0392","trail":"Appalachian Trail","route_id":"at-main-osm-2026-open","mile_nobo":1955,"mile_sobo":151.2,"lat":45.173868,"lon":-70.077151,"interval_miles":5,"elevation_ft":1290.3,"epqs":{"raster_id":92039,"resolution":1},"source_id":"usgs_3dep","source_url":"https://epqs.nationalmap.gov/v1/json","source":"USGS Elevation Point Query Service, interpolated from 3DEP dynamic elevation service","source_license":"public_domain","license_status":"public_domain","attribution":"Data available from U.S. Geological Survey, 3D Elevation Program.","confidence":"model_derived_topographic_estimate","last_checked":"2026-05-13","ai_answer_rule":"Describe as model-derived USGS 3DEP elevation sampled along Scout open route geometry; values may differ from guidebook profiles or surveyed summits."},"geometry":{"type":"Point","coordinates":[-70.077151,45.173868]}},{"type":"Feature","properties":{"sample_id":"elev-open-5mi-0393","trail":"Appalachian Trail","route_id":"at-main-osm-2026-open","mile_nobo":1960,"mile_sobo":146.2,"lat":45.216702,"lon":-70.079886,"interval_miles":5,"elevation_ft":1240.7,"epqs":{"raster_id":92039,"resolution":1},"source_id":"usgs_3dep","source_url":"https://epqs.nationalmap.gov/v1/json","source":"USGS Elevation Point Query Service, interpolated from 3DEP dynamic elevation service","source_license":"public_domain","license_status":"public_domain","attribution":"Data available from U.S. Geological Survey, 3D Elevation Program.","confidence":"model_derived_topographic_estimate","last_checked":"2026-05-13","ai_answer_rule":"Describe as model-derived USGS 3DEP elevation sampled along Scout open route geometry; values may differ from guidebook profiles or surveyed summits."},"geometry":{"type":"Point","coordinates":[-70.079886,45.216702]}},{"type":"Feature","properties":{"sample_id":"elev-open-5mi-0394","trail":"Appalachian Trail","route_id":"at-main-osm-2026-open","mile_nobo":1965,"mile_sobo":141.2,"lat":45.23739,"lon":-70.012971,"interval_miles":5,"elevation_ft":629.4,"epqs":{"raster_id":50793,"resolution":1},"source_id":"usgs_3dep","source_url":"https://epqs.nationalmap.gov/v1/json","source":"USGS Elevation Point Query Service, interpolated from 3DEP dynamic elevation service","source_license":"public_domain","license_status":"public_domain","attribution":"Data available from U.S. Geological Survey, 3D Elevation Program.","confidence":"model_derived_topographic_estimate","last_checked":"2026-05-13","ai_answer_rule":"Describe as model-derived USGS 3DEP elevation sampled along Scout open route geometry; values may differ from guidebook profiles or surveyed summits."},"geometry":{"type":"Point","coordinates":[-70.012971,45.23739]}},{"type":"Feature","properties":{"sample_id":"elev-open-5mi-0395","trail":"Appalachian Trail","route_id":"at-main-osm-2026-open","mile_nobo":1970,"mile_sobo":136.2,"lat":45.273525,"lon":-69.946096,"interval_miles":5,"elevation_ft":1232.2,"epqs":{"raster_id":91100,"resolution":1},"source_id":"usgs_3dep","source_url":"https://epqs.nationalmap.gov/v1/json","source":"USGS Elevation Point Query Service, interpolated from 3DEP dynamic elevation service","source_license":"public_domain","license_status":"public_domain","attribution":"Data available from U.S. Geological Survey, 3D Elevation Program.","confidence":"model_derived_topographic_estimate","last_checked":"2026-05-13","ai_answer_rule":"Describe as model-derived USGS 3DEP elevation sampled along Scout open route geometry; values may differ from guidebook profiles or surveyed summits."},"geometry":{"type":"Point","coordinates":[-69.946096,45.273525]}},{"type":"Feature","properties":{"sample_id":"elev-open-5mi-0396","trail":"Appalachian Trail","route_id":"at-main-osm-2026-open","mile_nobo":1975,"mile_sobo":131.2,"lat":45.258799,"lon":-69.866001,"interval_miles":5,"elevation_ft":1806.7,"epqs":{"raster_id":87885,"resolution":1},"source_id":"usgs_3dep","source_url":"https://epqs.nationalmap.gov/v1/json","source":"USGS Elevation Point Query Service, interpolated from 3DEP dynamic elevation service","source_license":"public_domain","license_status":"public_domain","attribution":"Data available from U.S. Geological Survey, 3D Elevation Program.","confidence":"model_derived_topographic_estimate","last_checked":"2026-05-13","ai_answer_rule":"Describe as model-derived USGS 3DEP elevation sampled along Scout open route geometry; values may differ from guidebook profiles or surveyed summits."},"geometry":{"type":"Point","coordinates":[-69.866001,45.258799]}},{"type":"Feature","properties":{"sample_id":"elev-open-5mi-0397","trail":"Appalachian Trail","route_id":"at-main-osm-2026-open","mile_nobo":1980,"mile_sobo":126.2,"lat":45.259651,"lon":-69.796471,"interval_miles":5,"elevation_ft":1371.5,"epqs":{"raster_id":87885,"resolution":1},"source_id":"usgs_3dep","source_url":"https://epqs.nationalmap.gov/v1/json","source":"USGS Elevation Point Query Service, interpolated from 3DEP dynamic elevation service","source_license":"public_domain","license_status":"public_domain","attribution":"Data available from U.S. Geological Survey, 3D Elevation Program.","confidence":"model_derived_topographic_estimate","last_checked":"2026-05-13","ai_answer_rule":"Describe as model-derived USGS 3DEP elevation sampled along Scout open route geometry; values may differ from guidebook profiles or surveyed summits."},"geometry":{"type":"Point","coordinates":[-69.796471,45.259651]}},{"type":"Feature","properties":{"sample_id":"elev-open-5mi-0398","trail":"Appalachian Trail","route_id":"at-main-osm-2026-open","mile_nobo":1985,"mile_sobo":121.2,"lat":45.282382,"lon":-69.728394,"interval_miles":5,"elevation_ft":1234.6,"epqs":{"raster_id":27037,"resolution":1},"source_id":"usgs_3dep","source_url":"https://epqs.nationalmap.gov/v1/json","source":"USGS Elevation Point Query Service, interpolated from 3DEP dynamic elevation service","source_license":"public_domain","license_status":"public_domain","attribution":"Data available from U.S. Geological Survey, 3D Elevation Program.","confidence":"model_derived_topographic_estimate","last_checked":"2026-05-13","ai_answer_rule":"Describe as model-derived USGS 3DEP elevation sampled along Scout open route geometry; values may differ from guidebook profiles or surveyed summits."},"geometry":{"type":"Point","coordinates":[-69.728394,45.282382]}},{"type":"Feature","properties":{"sample_id":"elev-open-5mi-0399","trail":"Appalachian Trail","route_id":"at-main-osm-2026-open","mile_nobo":1990,"mile_sobo":116.2,"lat":45.276417,"lon":-69.64749,"interval_miles":5,"elevation_ft":956.6,"epqs":{"raster_id":27037,"resolution":1},"source_id":"usgs_3dep","source_url":"https://epqs.nationalmap.gov/v1/json","source":"USGS Elevation Point Query Service, interpolated from 3DEP dynamic elevation service","source_license":"public_domain","license_status":"public_domain","attribution":"Data available from U.S. Geological Survey, 3D Elevation Program.","confidence":"model_derived_topographic_estimate","last_checked":"2026-05-13","ai_answer_rule":"Describe as model-derived USGS 3DEP elevation sampled along Scout open route geometry; values may differ from guidebook profiles or surveyed summits."},"geometry":{"type":"Point","coordinates":[-69.64749,45.276417]}},{"type":"Feature","properties":{"sample_id":"elev-open-5mi-0400","trail":"Appalachian Trail","route_id":"at-main-osm-2026-open","mile_nobo":1995,"mile_sobo":111.2,"lat":45.28332,"lon":-69.579395,"interval_miles":5,"elevation_ft":983.7,"epqs":{"raster_id":24113,"resolution":1},"source_id":"usgs_3dep","source_url":"https://epqs.nationalmap.gov/v1/json","source":"USGS Elevation Point Query Service, interpolated from 3DEP dynamic elevation service","source_license":"public_domain","license_status":"public_domain","attribution":"Data available from U.S. Geological Survey, 3D Elevation Program.","confidence":"model_derived_topographic_estimate","last_checked":"2026-05-13","ai_answer_rule":"Describe as model-derived USGS 3DEP elevation sampled along Scout open route geometry; values may differ from guidebook profiles or surveyed summits."},"geometry":{"type":"Point","coordinates":[-69.579395,45.28332]}},{"type":"Feature","properties":{"sample_id":"elev-open-5mi-0401","trail":"Appalachian Trail","route_id":"at-main-osm-2026-open","mile_nobo":2000,"mile_sobo":106.2,"lat":45.324154,"lon":-69.541352,"interval_miles":5,"elevation_ft":1376.1,"epqs":{"raster_id":24113,"resolution":1},"source_id":"usgs_3dep","source_url":"https://epqs.nationalmap.gov/v1/json","source":"USGS Elevation Point Query Service, interpolated from 3DEP dynamic elevation service","source_license":"public_domain","license_status":"public_domain","attribution":"Data available from U.S. Geological Survey, 3D Elevation Program.","confidence":"model_derived_topographic_estimate","last_checked":"2026-05-13","ai_answer_rule":"Describe as model-derived USGS 3DEP elevation sampled along Scout open route geometry; values may differ from guidebook profiles or surveyed summits."},"geometry":{"type":"Point","coordinates":[-69.541352,45.324154]}},{"type":"Feature","properties":{"sample_id":"elev-open-5mi-0402","trail":"Appalachian Trail","route_id":"at-main-osm-2026-open","mile_nobo":2005,"mile_sobo":101.2,"lat":45.357219,"lon":-69.473841,"interval_miles":5,"elevation_ft":1036.4,"epqs":{"raster_id":16855,"resolution":1},"source_id":"usgs_3dep","source_url":"https://epqs.nationalmap.gov/v1/json","source":"USGS Elevation Point Query Service, interpolated from 3DEP dynamic elevation service","source_license":"public_domain","license_status":"public_domain","attribution":"Data available from U.S. Geological Survey, 3D Elevation Program.","confidence":"model_derived_topographic_estimate","last_checked":"2026-05-13","ai_answer_rule":"Describe as model-derived USGS 3DEP elevation sampled along Scout open route geometry; values may differ from guidebook profiles or surveyed summits."},"geometry":{"type":"Point","coordinates":[-69.473841,45.357219]}},{"type":"Feature","properties":{"sample_id":"elev-open-5mi-0403","trail":"Appalachian Trail","route_id":"at-main-osm-2026-open","mile_nobo":2010,"mile_sobo":96.2,"lat":45.399969,"lon":-69.46543,"interval_miles":5,"elevation_ft":917.8,"epqs":{"raster_id":16855,"resolution":1},"source_id":"usgs_3dep","source_url":"https://epqs.nationalmap.gov/v1/json","source":"USGS Elevation Point Query Service, interpolated from 3DEP dynamic elevation service","source_license":"public_domain","license_status":"public_domain","attribution":"Data available from U.S. Geological Survey, 3D Elevation Program.","confidence":"model_derived_topographic_estimate","last_checked":"2026-05-13","ai_answer_rule":"Describe as model-derived USGS 3DEP elevation sampled along Scout open route geometry; values may differ from guidebook profiles or surveyed summits."},"geometry":{"type":"Point","coordinates":[-69.46543,45.399969]}},{"type":"Feature","properties":{"sample_id":"elev-open-5mi-0404","trail":"Appalachian Trail","route_id":"at-main-osm-2026-open","mile_nobo":2015,"mile_sobo":91.2,"lat":45.417061,"lon":-69.409846,"interval_miles":5,"elevation_ft":1124.9,"epqs":{"raster_id":16855,"resolution":1},"source_id":"usgs_3dep","source_url":"https://epqs.nationalmap.gov/v1/json","source":"USGS Elevation Point Query Service, interpolated from 3DEP dynamic elevation service","source_license":"public_domain","license_status":"public_domain","attribution":"Data available from U.S. Geological Survey, 3D Elevation Program.","confidence":"model_derived_topographic_estimate","last_checked":"2026-05-13","ai_answer_rule":"Describe as model-derived USGS 3DEP elevation sampled along Scout open route geometry; values may differ from guidebook profiles or surveyed summits."},"geometry":{"type":"Point","coordinates":[-69.409846,45.417061]}},{"type":"Feature","properties":{"sample_id":"elev-open-5mi-0405","trail":"Appalachian Trail","route_id":"at-main-osm-2026-open","mile_nobo":2020,"mile_sobo":86.2,"lat":45.431118,"lon":-69.327161,"interval_miles":5,"elevation_ft":2153.7,"epqs":{"raster_id":52753,"resolution":1},"source_id":"usgs_3dep","source_url":"https://epqs.nationalmap.gov/v1/json","source":"USGS Elevation Point Query Service, interpolated from 3DEP dynamic elevation service","source_license":"public_domain","license_status":"public_domain","attribution":"Data available from U.S. Geological Survey, 3D Elevation Program.","confidence":"model_derived_topographic_estimate","last_checked":"2026-05-13","ai_answer_rule":"Describe as model-derived USGS 3DEP elevation sampled along Scout open route geometry; values may differ from guidebook profiles or surveyed summits."},"geometry":{"type":"Point","coordinates":[-69.327161,45.431118]}},{"type":"Feature","properties":{"sample_id":"elev-open-5mi-0406","trail":"Appalachian Trail","route_id":"at-main-osm-2026-open","mile_nobo":2025,"mile_sobo":81.2,"lat":45.456583,"lon":-69.255821,"interval_miles":5,"elevation_ft":2195.7,"epqs":{"raster_id":46924,"resolution":1},"source_id":"usgs_3dep","source_url":"https://epqs.nationalmap.gov/v1/json","source":"USGS Elevation Point Query Service, interpolated from 3DEP dynamic elevation service","source_license":"public_domain","license_status":"public_domain","attribution":"Data available from U.S. Geological Survey, 3D Elevation Program.","confidence":"model_derived_topographic_estimate","last_checked":"2026-05-13","ai_answer_rule":"Describe as model-derived USGS 3DEP elevation sampled along Scout open route geometry; values may differ from guidebook profiles or surveyed summits."},"geometry":{"type":"Point","coordinates":[-69.255821,45.456583]}},{"type":"Feature","properties":{"sample_id":"elev-open-5mi-0407","trail":"Appalachian Trail","route_id":"at-main-osm-2026-open","mile_nobo":2030,"mile_sobo":76.2,"lat":45.486263,"lon":-69.304478,"interval_miles":5,"elevation_ft":948.1,"epqs":{"raster_id":91386,"resolution":1},"source_id":"usgs_3dep","source_url":"https://epqs.nationalmap.gov/v1/json","source":"USGS Elevation Point Query Service, interpolated from 3DEP dynamic elevation service","source_license":"public_domain","license_status":"public_domain","attribution":"Data available from U.S. Geological Survey, 3D Elevation Program.","confidence":"model_derived_topographic_estimate","last_checked":"2026-05-13","ai_answer_rule":"Describe as model-derived USGS 3DEP elevation sampled along Scout open route geometry; values may differ from guidebook profiles or surveyed summits."},"geometry":{"type":"Point","coordinates":[-69.304478,45.486263]}},{"type":"Feature","properties":{"sample_id":"elev-open-5mi-0408","trail":"Appalachian Trail","route_id":"at-main-osm-2026-open","mile_nobo":2035,"mile_sobo":71.2,"lat":45.543976,"lon":-69.31504,"interval_miles":5,"elevation_ft":2594.5,"epqs":{"raster_id":45042,"resolution":1},"source_id":"usgs_3dep","source_url":"https://epqs.nationalmap.gov/v1/json","source":"USGS Elevation Point Query Service, interpolated from 3DEP dynamic elevation service","source_license":"public_domain","license_status":"public_domain","attribution":"Data available from U.S. Geological Survey, 3D Elevation Program.","confidence":"model_derived_topographic_estimate","last_checked":"2026-05-13","ai_answer_rule":"Describe as model-derived USGS 3DEP elevation sampled along Scout open route geometry; values may differ from guidebook profiles or surveyed summits."},"geometry":{"type":"Point","coordinates":[-69.31504,45.543976]}},{"type":"Feature","properties":{"sample_id":"elev-open-5mi-0409","trail":"Appalachian Trail","route_id":"at-main-osm-2026-open","mile_nobo":2040,"mile_sobo":66.2,"lat":45.560127,"lon":-69.231687,"interval_miles":5,"elevation_ft":2691.8,"epqs":{"raster_id":46481,"resolution":1},"source_id":"usgs_3dep","source_url":"https://epqs.nationalmap.gov/v1/json","source":"USGS Elevation Point Query Service, interpolated from 3DEP dynamic elevation service","source_license":"public_domain","license_status":"public_domain","attribution":"Data available from U.S. Geological Survey, 3D Elevation Program.","confidence":"model_derived_topographic_estimate","last_checked":"2026-05-13","ai_answer_rule":"Describe as model-derived USGS 3DEP elevation sampled along Scout open route geometry; values may differ from guidebook profiles or surveyed summits."},"geometry":{"type":"Point","coordinates":[-69.231687,45.560127]}},{"type":"Feature","properties":{"sample_id":"elev-open-5mi-0410","trail":"Appalachian Trail","route_id":"at-main-osm-2026-open","mile_nobo":2045,"mile_sobo":61.2,"lat":45.607133,"lon":-69.180849,"interval_miles":5,"elevation_ft":1678.6,"epqs":{"raster_id":17825,"resolution":1},"source_id":"usgs_3dep","source_url":"https://epqs.nationalmap.gov/v1/json","source":"USGS Elevation Point Query Service, interpolated from 3DEP dynamic elevation service","source_license":"public_domain","license_status":"public_domain","attribution":"Data available from U.S. Geological Survey, 3D Elevation Program.","confidence":"model_derived_topographic_estimate","last_checked":"2026-05-13","ai_answer_rule":"Describe as model-derived USGS 3DEP elevation sampled along Scout open route geometry; values may differ from guidebook profiles or surveyed summits."},"geometry":{"type":"Point","coordinates":[-69.180849,45.607133]}},{"type":"Feature","properties":{"sample_id":"elev-open-5mi-0411","trail":"Appalachian Trail","route_id":"at-main-osm-2026-open","mile_nobo":2050,"mile_sobo":56.2,"lat":45.628075,"lon":-69.105763,"interval_miles":5,"elevation_ft":1130.6,"epqs":{"raster_id":121400,"resolution":1},"source_id":"usgs_3dep","source_url":"https://epqs.nationalmap.gov/v1/json","source":"USGS Elevation Point Query Service, interpolated from 3DEP dynamic elevation service","source_license":"public_domain","license_status":"public_domain","attribution":"Data available from U.S. Geological Survey, 3D Elevation Program.","confidence":"model_derived_topographic_estimate","last_checked":"2026-05-13","ai_answer_rule":"Describe as model-derived USGS 3DEP elevation sampled along Scout open route geometry; values may differ from guidebook profiles or surveyed summits."},"geometry":{"type":"Point","coordinates":[-69.105763,45.628075]}},{"type":"Feature","properties":{"sample_id":"elev-open-5mi-0412","trail":"Appalachian Trail","route_id":"at-main-osm-2026-open","mile_nobo":2055,"mile_sobo":51.2,"lat":45.651198,"lon":-69.028213,"interval_miles":5,"elevation_ft":586.9,"epqs":{"raster_id":121400,"resolution":1},"source_id":"usgs_3dep","source_url":"https://epqs.nationalmap.gov/v1/json","source":"USGS Elevation Point Query Service, interpolated from 3DEP dynamic elevation service","source_license":"public_domain","license_status":"public_domain","attribution":"Data available from U.S. Geological Survey, 3D Elevation Program.","confidence":"model_derived_topographic_estimate","last_checked":"2026-05-13","ai_answer_rule":"Describe as model-derived USGS 3DEP elevation sampled along Scout open route geometry; values may differ from guidebook profiles or surveyed summits."},"geometry":{"type":"Point","coordinates":[-69.028213,45.651198]}},{"type":"Feature","properties":{"sample_id":"elev-open-5mi-0413","trail":"Appalachian Trail","route_id":"at-main-osm-2026-open","mile_nobo":2060,"mile_sobo":46.2,"lat":45.685819,"lon":-69.019965,"interval_miles":5,"elevation_ft":494.9,"epqs":{"raster_id":121400,"resolution":1},"source_id":"usgs_3dep","source_url":"https://epqs.nationalmap.gov/v1/json","source":"USGS Elevation Point Query Service, interpolated from 3DEP dynamic elevation service","source_license":"public_domain","license_status":"public_domain","attribution":"Data available from U.S. Geological Survey, 3D Elevation Program.","confidence":"model_derived_topographic_estimate","last_checked":"2026-05-13","ai_answer_rule":"Describe as model-derived USGS 3DEP elevation sampled along Scout open route geometry; values may differ from guidebook profiles or surveyed summits."},"geometry":{"type":"Point","coordinates":[-69.019965,45.685819]}},{"type":"Feature","properties":{"sample_id":"elev-open-5mi-0414","trail":"Appalachian Trail","route_id":"at-main-osm-2026-open","mile_nobo":2065,"mile_sobo":41.2,"lat":45.734368,"lon":-69.035383,"interval_miles":5,"elevation_ft":499.6,"epqs":{"raster_id":38862,"resolution":1},"source_id":"usgs_3dep","source_url":"https://epqs.nationalmap.gov/v1/json","source":"USGS Elevation Point Query Service, interpolated from 3DEP dynamic elevation service","source_license":"public_domain","license_status":"public_domain","attribution":"Data available from U.S. Geological Survey, 3D Elevation Program.","confidence":"model_derived_topographic_estimate","last_checked":"2026-05-13","ai_answer_rule":"Describe as model-derived USGS 3DEP elevation sampled along Scout open route geometry; values may differ from guidebook profiles or surveyed summits."},"geometry":{"type":"Point","coordinates":[-69.035383,45.734368]}},{"type":"Feature","properties":{"sample_id":"elev-open-5mi-0415","trail":"Appalachian Trail","route_id":"at-main-osm-2026-open","mile_nobo":2070,"mile_sobo":36.2,"lat":45.738516,"lon":-69.124918,"interval_miles":5,"elevation_ft":655.7,"epqs":{"raster_id":38862,"resolution":1},"source_id":"usgs_3dep","source_url":"https://epqs.nationalmap.gov/v1/json","source":"USGS Elevation Point Query Service, interpolated from 3DEP dynamic elevation service","source_license":"public_domain","license_status":"public_domain","attribution":"Data available from U.S. Geological Survey, 3D Elevation Program.","confidence":"model_derived_topographic_estimate","last_checked":"2026-05-13","ai_answer_rule":"Describe as model-derived USGS 3DEP elevation sampled along Scout open route geometry; values may differ from guidebook profiles or surveyed summits."},"geometry":{"type":"Point","coordinates":[-69.124918,45.738516]}},{"type":"Feature","properties":{"sample_id":"elev-open-5mi-0416","trail":"Appalachian Trail","route_id":"at-main-osm-2026-open","mile_nobo":2075,"mile_sobo":31.2,"lat":45.769786,"lon":-69.181332,"interval_miles":5,"elevation_ft":979.9,"epqs":{"raster_id":107045,"resolution":1},"source_id":"usgs_3dep","source_url":"https://epqs.nationalmap.gov/v1/json","source":"USGS Elevation Point Query Service, interpolated from 3DEP dynamic elevation service","source_license":"public_domain","license_status":"public_domain","attribution":"Data available from U.S. Geological Survey, 3D Elevation Program.","confidence":"model_derived_topographic_estimate","last_checked":"2026-05-13","ai_answer_rule":"Describe as model-derived USGS 3DEP elevation sampled along Scout open route geometry; values may differ from guidebook profiles or surveyed summits."},"geometry":{"type":"Point","coordinates":[-69.181332,45.769786]}},{"type":"Feature","properties":{"sample_id":"elev-open-5mi-0417","trail":"Appalachian Trail","route_id":"at-main-osm-2026-open","mile_nobo":2080,"mile_sobo":26.2,"lat":45.815277,"lon":-69.165693,"interval_miles":5,"elevation_ft":1036.4,"epqs":{"raster_id":50371,"resolution":1},"source_id":"usgs_3dep","source_url":"https://epqs.nationalmap.gov/v1/json","source":"USGS Elevation Point Query Service, interpolated from 3DEP dynamic elevation service","source_license":"public_domain","license_status":"public_domain","attribution":"Data available from U.S. Geological Survey, 3D Elevation Program.","confidence":"model_derived_topographic_estimate","last_checked":"2026-05-13","ai_answer_rule":"Describe as model-derived USGS 3DEP elevation sampled along Scout open route geometry; values may differ from guidebook profiles or surveyed summits."},"geometry":{"type":"Point","coordinates":[-69.165693,45.815277]}},{"type":"Feature","properties":{"sample_id":"elev-open-5mi-0418","trail":"Appalachian Trail","route_id":"at-main-osm-2026-open","mile_nobo":2085,"mile_sobo":21.2,"lat":45.8064,"lon":-69.08438,"interval_miles":5,"elevation_ft":1059.9,"epqs":{"raster_id":75219,"resolution":1},"source_id":"usgs_3dep","source_url":"https://epqs.nationalmap.gov/v1/json","source":"USGS Elevation Point Query Service, interpolated from 3DEP dynamic elevation service","source_license":"public_domain","license_status":"public_domain","attribution":"Data available from U.S. Geological Survey, 3D Elevation Program.","confidence":"model_derived_topographic_estimate","last_checked":"2026-05-13","ai_answer_rule":"Describe as model-derived USGS 3DEP elevation sampled along Scout open route geometry; values may differ from guidebook profiles or surveyed summits."},"geometry":{"type":"Point","coordinates":[-69.08438,45.8064]}},{"type":"Feature","properties":{"sample_id":"elev-open-5mi-0419","trail":"Appalachian Trail","route_id":"at-main-osm-2026-open","mile_nobo":2090,"mile_sobo":16.2,"lat":45.820683,"lon":-68.999325,"interval_miles":5,"elevation_ft":790.6,"epqs":{"raster_id":127228,"resolution":1},"source_id":"usgs_3dep","source_url":"https://epqs.nationalmap.gov/v1/json","source":"USGS Elevation Point Query Service, interpolated from 3DEP dynamic elevation service","source_license":"public_domain","license_status":"public_domain","attribution":"Data available from U.S. Geological Survey, 3D Elevation Program.","confidence":"model_derived_topographic_estimate","last_checked":"2026-05-13","ai_answer_rule":"Describe as model-derived USGS 3DEP elevation sampled along Scout open route geometry; values may differ from guidebook profiles or surveyed summits."},"geometry":{"type":"Point","coordinates":[-68.999325,45.820683]}},{"type":"Feature","properties":{"sample_id":"elev-open-5mi-0420","trail":"Appalachian Trail","route_id":"at-main-osm-2026-open","mile_nobo":2095,"mile_sobo":11.2,"lat":45.843681,"lon":-68.999709,"interval_miles":5,"elevation_ft":577.3,"epqs":{"raster_id":127228,"resolution":1},"source_id":"usgs_3dep","source_url":"https://epqs.nationalmap.gov/v1/json","source":"USGS Elevation Point Query Service, interpolated from 3DEP dynamic elevation service","source_license":"public_domain","license_status":"public_domain","attribution":"Data available from U.S. Geological Survey, 3D Elevation Program.","confidence":"model_derived_topographic_estimate","last_checked":"2026-05-13","ai_answer_rule":"Describe as model-derived USGS 3DEP elevation sampled along Scout open route geometry; values may differ from guidebook profiles or surveyed summits."},"geometry":{"type":"Point","coordinates":[-68.999709,45.843681]}},{"type":"Feature","properties":{"sample_id":"elev-open-5mi-0421","trail":"Appalachian Trail","route_id":"at-main-osm-2026-open","mile_nobo":2100,"mile_sobo":6.2,"lat":45.882336,"lon":-69.021634,"interval_miles":5,"elevation_ft":1088.5,"epqs":{"raster_id":117073,"resolution":1},"source_id":"usgs_3dep","source_url":"https://epqs.nationalmap.gov/v1/json","source":"USGS Elevation Point Query Service, interpolated from 3DEP dynamic elevation service","source_license":"public_domain","license_status":"public_domain","attribution":"Data available from U.S. Geological Survey, 3D Elevation Program.","confidence":"model_derived_topographic_estimate","last_checked":"2026-05-13","ai_answer_rule":"Describe as model-derived USGS 3DEP elevation sampled along Scout open route geometry; values may differ from guidebook profiles or surveyed summits."},"geometry":{"type":"Point","coordinates":[-69.021634,45.882336]}},{"type":"Feature","properties":{"sample_id":"elev-open-5mi-0422","trail":"Appalachian Trail","route_id":"at-main-osm-2026-open","mile_nobo":2105,"mile_sobo":1.2,"lat":45.898843,"lon":-68.941592,"interval_miles":5,"elevation_ft":4562.3,"epqs":{"raster_id":132012,"resolution":1},"source_id":"usgs_3dep","source_url":"https://epqs.nationalmap.gov/v1/json","source":"USGS Elevation Point Query Service, interpolated from 3DEP dynamic elevation service","source_license":"public_domain","license_status":"public_domain","attribution":"Data available from U.S. Geological Survey, 3D Elevation Program.","confidence":"model_derived_topographic_estimate","last_checked":"2026-05-13","ai_answer_rule":"Describe as model-derived USGS 3DEP elevation sampled along Scout open route geometry; values may differ from guidebook profiles or surveyed summits."},"geometry":{"type":"Point","coordinates":[-68.941592,45.898843]}}],"properties":{"route_id":"at-main-osm-2026-open","sample_interval_miles":5,"source_id":"usgs_3dep","source_url":"https://epqs.nationalmap.gov/v1/json","source":"USGS Elevation Point Query Service, interpolated from 3DEP dynamic elevation service","source_license":"public_domain","license_status":"public_domain","attribution":"Data available from U.S. Geological Survey, 3D Elevation Program.","confidence":"model_derived_topographic_estimate","last_checked":"2026-05-13","ai_answer_rule":"Describe as model-derived USGS 3DEP elevation sampled along Scout open route geometry; values may differ from guidebook profiles or surveyed summits."}}
