{
  "type": "FeatureCollection",
  "name": "Scout MVP4 NJ/NY/CT generated milepoints 1mi",
  "features": [
    {
      "type": "Feature",
      "properties": {
        "trail": "Appalachian Trail",
        "route_id": "at-mvp4-nj-ny-ct-delaware-water-gap-ct-ma-open-2026",
        "source_route_id": "at-main-osm-2026-open",
        "mile_nobo_global_est": 1270,
        "mile_nobo_mvp4": 0,
        "mile_sobo_mvp4": 206,
        "state": "NJ",
        "milepoint_type": "generated",
        "official": false,
        "confidence": "estimated_from_open_route_geometry_with_known_length_gap",
        "source_id": "osm",
        "source_url": "https://www.openstreetmap.org/relation/156553",
        "source_access_url": "https://hiking.waymarkedtrails.org/api/v1/details/relation/156553",
        "license_status": "open_license_share_alike",
        "source_license": "ODbL",
        "attribution": "OpenStreetMap contributors",
        "last_checked": "2026-05-13",
        "last_generated": "2026-05-14",
        "ai_answer_rule": "Generated mile based on Scout MVP4 NJ/NY/CT open route geometry, not an official ATC mile. Use for source-aware planning only."
      },
      "geometry": {
        "type": "Point",
        "coordinates": [
          -75.139222,
          40.982788
        ]
      }
    },
    {
      "type": "Feature",
      "properties": {
        "trail": "Appalachian Trail",
        "route_id": "at-mvp4-nj-ny-ct-delaware-water-gap-ct-ma-open-2026",
        "source_route_id": "at-main-osm-2026-open",
        "mile_nobo_global_est": 1271,
        "mile_nobo_mvp4": 1,
        "mile_sobo_mvp4": 205,
        "state": "NJ",
        "milepoint_type": "generated",
        "official": false,
        "confidence": "estimated_from_open_route_geometry_with_known_length_gap",
        "source_id": "osm",
        "source_url": "https://www.openstreetmap.org/relation/156553",
        "source_access_url": "https://hiking.waymarkedtrails.org/api/v1/details/relation/156553",
        "license_status": "open_license_share_alike",
        "source_license": "ODbL",
        "attribution": "OpenStreetMap contributors",
        "last_checked": "2026-05-13",
        "last_generated": "2026-05-14",
        "ai_answer_rule": "Generated mile based on Scout MVP4 NJ/NY/CT open route geometry, not an official ATC mile. Use for source-aware planning only."
      },
      "geometry": {
        "type": "Point",
        "coordinates": [
          -75.130985,
          40.970475
        ]
      }
    },
    {
      "type": "Feature",
      "properties": {
        "trail": "Appalachian Trail",
        "route_id": "at-mvp4-nj-ny-ct-delaware-water-gap-ct-ma-open-2026",
        "source_route_id": "at-main-osm-2026-open",
        "mile_nobo_global_est": 1272,
        "mile_nobo_mvp4": 2,
        "mile_sobo_mvp4": 204,
        "state": "NJ",
        "milepoint_type": "generated",
        "official": false,
        "confidence": "estimated_from_open_route_geometry_with_known_length_gap",
        "source_id": "osm",
        "source_url": "https://www.openstreetmap.org/relation/156553",
        "source_access_url": "https://hiking.waymarkedtrails.org/api/v1/details/relation/156553",
        "license_status": "open_license_share_alike",
        "source_license": "ODbL",
        "attribution": "OpenStreetMap contributors",
        "last_checked": "2026-05-13",
        "last_generated": "2026-05-14",
        "ai_answer_rule": "Generated mile based on Scout MVP4 NJ/NY/CT open route geometry, not an official ATC mile. Use for source-aware planning only."
      },
      "geometry": {
        "type": "Point",
        "coordinates": [
          -75.122231,
          40.976706
        ]
      }
    },
    {
      "type": "Feature",
      "properties": {
        "trail": "Appalachian Trail",
        "route_id": "at-mvp4-nj-ny-ct-delaware-water-gap-ct-ma-open-2026",
        "source_route_id": "at-main-osm-2026-open",
        "mile_nobo_global_est": 1273,
        "mile_nobo_mvp4": 3,
        "mile_sobo_mvp4": 203,
        "state": "NJ",
        "milepoint_type": "generated",
        "official": false,
        "confidence": "estimated_from_open_route_geometry_with_known_length_gap",
        "source_id": "osm",
        "source_url": "https://www.openstreetmap.org/relation/156553",
        "source_access_url": "https://hiking.waymarkedtrails.org/api/v1/details/relation/156553",
        "license_status": "open_license_share_alike",
        "source_license": "ODbL",
        "attribution": "OpenStreetMap contributors",
        "last_checked": "2026-05-13",
        "last_generated": "2026-05-14",
        "ai_answer_rule": "Generated mile based on Scout MVP4 NJ/NY/CT open route geometry, not an official ATC mile. Use for source-aware planning only."
      },
      "geometry": {
        "type": "Point",
        "coordinates": [
          -75.110615,
          40.98558
        ]
      }
    },
    {
      "type": "Feature",
      "properties": {
        "trail": "Appalachian Trail",
        "route_id": "at-mvp4-nj-ny-ct-delaware-water-gap-ct-ma-open-2026",
        "source_route_id": "at-main-osm-2026-open",
        "mile_nobo_global_est": 1274,
        "mile_nobo_mvp4": 4,
        "mile_sobo_mvp4": 202,
        "state": "NJ",
        "milepoint_type": "generated",
        "official": false,
        "confidence": "estimated_from_open_route_geometry_with_known_length_gap",
        "source_id": "osm",
        "source_url": "https://www.openstreetmap.org/relation/156553",
        "source_access_url": "https://hiking.waymarkedtrails.org/api/v1/details/relation/156553",
        "license_status": "open_license_share_alike",
        "source_license": "ODbL",
        "attribution": "OpenStreetMap contributors",
        "last_checked": "2026-05-13",
        "last_generated": "2026-05-14",
        "ai_answer_rule": "Generated mile based on Scout MVP4 NJ/NY/CT open route geometry, not an official ATC mile. Use for source-aware planning only."
      },
      "geometry": {
        "type": "Point",
        "coordinates": [
          -75.096996,
          40.993796
        ]
      }
    },
    {
      "type": "Feature",
      "properties": {
        "trail": "Appalachian Trail",
        "route_id": "at-mvp4-nj-ny-ct-delaware-water-gap-ct-ma-open-2026",
        "source_route_id": "at-main-osm-2026-open",
        "mile_nobo_global_est": 1275,
        "mile_nobo_mvp4": 5,
        "mile_sobo_mvp4": 201,
        "state": "NJ",
        "milepoint_type": "generated",
        "official": false,
        "confidence": "estimated_from_open_route_geometry_with_known_length_gap",
        "source_id": "osm",
        "source_url": "https://www.openstreetmap.org/relation/156553",
        "source_access_url": "https://hiking.waymarkedtrails.org/api/v1/details/relation/156553",
        "license_status": "open_license_share_alike",
        "source_license": "ODbL",
        "attribution": "OpenStreetMap contributors",
        "last_checked": "2026-05-13",
        "last_generated": "2026-05-14",
        "ai_answer_rule": "Generated mile based on Scout MVP4 NJ/NY/CT open route geometry, not an official ATC mile. Use for source-aware planning only."
      },
      "geometry": {
        "type": "Point",
        "coordinates": [
          -75.082508,
          41.001113
        ]
      }
    },
    {
      "type": "Feature",
      "properties": {
        "trail": "Appalachian Trail",
        "route_id": "at-mvp4-nj-ny-ct-delaware-water-gap-ct-ma-open-2026",
        "source_route_id": "at-main-osm-2026-open",
        "mile_nobo_global_est": 1276,
        "mile_nobo_mvp4": 6,
        "mile_sobo_mvp4": 200,
        "state": "NJ",
        "milepoint_type": "generated",
        "official": false,
        "confidence": "estimated_from_open_route_geometry_with_known_length_gap",
        "source_id": "osm",
        "source_url": "https://www.openstreetmap.org/relation/156553",
        "source_access_url": "https://hiking.waymarkedtrails.org/api/v1/details/relation/156553",
        "license_status": "open_license_share_alike",
        "source_license": "ODbL",
        "attribution": "OpenStreetMap contributors",
        "last_checked": "2026-05-13",
        "last_generated": "2026-05-14",
        "ai_answer_rule": "Generated mile based on Scout MVP4 NJ/NY/CT open route geometry, not an official ATC mile. Use for source-aware planning only."
      },
      "geometry": {
        "type": "Point",
        "coordinates": [
          -75.066309,
          41.005021
        ]
      }
    },
    {
      "type": "Feature",
      "properties": {
        "trail": "Appalachian Trail",
        "route_id": "at-mvp4-nj-ny-ct-delaware-water-gap-ct-ma-open-2026",
        "source_route_id": "at-main-osm-2026-open",
        "mile_nobo_global_est": 1277,
        "mile_nobo_mvp4": 7,
        "mile_sobo_mvp4": 199,
        "state": "NJ",
        "milepoint_type": "generated",
        "official": false,
        "confidence": "estimated_from_open_route_geometry_with_known_length_gap",
        "source_id": "osm",
        "source_url": "https://www.openstreetmap.org/relation/156553",
        "source_access_url": "https://hiking.waymarkedtrails.org/api/v1/details/relation/156553",
        "license_status": "open_license_share_alike",
        "source_license": "ODbL",
        "attribution": "OpenStreetMap contributors",
        "last_checked": "2026-05-13",
        "last_generated": "2026-05-14",
        "ai_answer_rule": "Generated mile based on Scout MVP4 NJ/NY/CT open route geometry, not an official ATC mile. Use for source-aware planning only."
      },
      "geometry": {
        "type": "Point",
        "coordinates": [
          -75.051567,
          41.010996
        ]
      }
    },
    {
      "type": "Feature",
      "properties": {
        "trail": "Appalachian Trail",
        "route_id": "at-mvp4-nj-ny-ct-delaware-water-gap-ct-ma-open-2026",
        "source_route_id": "at-main-osm-2026-open",
        "mile_nobo_global_est": 1278,
        "mile_nobo_mvp4": 8,
        "mile_sobo_mvp4": 198,
        "state": "NJ",
        "milepoint_type": "generated",
        "official": false,
        "confidence": "estimated_from_open_route_geometry_with_known_length_gap",
        "source_id": "osm",
        "source_url": "https://www.openstreetmap.org/relation/156553",
        "source_access_url": "https://hiking.waymarkedtrails.org/api/v1/details/relation/156553",
        "license_status": "open_license_share_alike",
        "source_license": "ODbL",
        "attribution": "OpenStreetMap contributors",
        "last_checked": "2026-05-13",
        "last_generated": "2026-05-14",
        "ai_answer_rule": "Generated mile based on Scout MVP4 NJ/NY/CT open route geometry, not an official ATC mile. Use for source-aware planning only."
      },
      "geometry": {
        "type": "Point",
        "coordinates": [
          -75.035158,
          41.017604
        ]
      }
    },
    {
      "type": "Feature",
      "properties": {
        "trail": "Appalachian Trail",
        "route_id": "at-mvp4-nj-ny-ct-delaware-water-gap-ct-ma-open-2026",
        "source_route_id": "at-main-osm-2026-open",
        "mile_nobo_global_est": 1279,
        "mile_nobo_mvp4": 9,
        "mile_sobo_mvp4": 197,
        "state": "NJ",
        "milepoint_type": "generated",
        "official": false,
        "confidence": "estimated_from_open_route_geometry_with_known_length_gap",
        "source_id": "osm",
        "source_url": "https://www.openstreetmap.org/relation/156553",
        "source_access_url": "https://hiking.waymarkedtrails.org/api/v1/details/relation/156553",
        "license_status": "open_license_share_alike",
        "source_license": "ODbL",
        "attribution": "OpenStreetMap contributors",
        "last_checked": "2026-05-13",
        "last_generated": "2026-05-14",
        "ai_answer_rule": "Generated mile based on Scout MVP4 NJ/NY/CT open route geometry, not an official ATC mile. Use for source-aware planning only."
      },
      "geometry": {
        "type": "Point",
        "coordinates": [
          -75.017919,
          41.022547
        ]
      }
    },
    {
      "type": "Feature",
      "properties": {
        "trail": "Appalachian Trail",
        "route_id": "at-mvp4-nj-ny-ct-delaware-water-gap-ct-ma-open-2026",
        "source_route_id": "at-main-osm-2026-open",
        "mile_nobo_global_est": 1280,
        "mile_nobo_mvp4": 10,
        "mile_sobo_mvp4": 196,
        "state": "NJ",
        "milepoint_type": "generated",
        "official": false,
        "confidence": "estimated_from_open_route_geometry_with_known_length_gap",
        "source_id": "osm",
        "source_url": "https://www.openstreetmap.org/relation/156553",
        "source_access_url": "https://hiking.waymarkedtrails.org/api/v1/details/relation/156553",
        "license_status": "open_license_share_alike",
        "source_license": "ODbL",
        "attribution": "OpenStreetMap contributors",
        "last_checked": "2026-05-13",
        "last_generated": "2026-05-14",
        "ai_answer_rule": "Generated mile based on Scout MVP4 NJ/NY/CT open route geometry, not an official ATC mile. Use for source-aware planning only."
      },
      "geometry": {
        "type": "Point",
        "coordinates": [
          -75.006167,
          41.03129
        ]
      }
    },
    {
      "type": "Feature",
      "properties": {
        "trail": "Appalachian Trail",
        "route_id": "at-mvp4-nj-ny-ct-delaware-water-gap-ct-ma-open-2026",
        "source_route_id": "at-main-osm-2026-open",
        "mile_nobo_global_est": 1281,
        "mile_nobo_mvp4": 11,
        "mile_sobo_mvp4": 195,
        "state": "NJ",
        "milepoint_type": "generated",
        "official": false,
        "confidence": "estimated_from_open_route_geometry_with_known_length_gap",
        "source_id": "osm",
        "source_url": "https://www.openstreetmap.org/relation/156553",
        "source_access_url": "https://hiking.waymarkedtrails.org/api/v1/details/relation/156553",
        "license_status": "open_license_share_alike",
        "source_license": "ODbL",
        "attribution": "OpenStreetMap contributors",
        "last_checked": "2026-05-13",
        "last_generated": "2026-05-14",
        "ai_answer_rule": "Generated mile based on Scout MVP4 NJ/NY/CT open route geometry, not an official ATC mile. Use for source-aware planning only."
      },
      "geometry": {
        "type": "Point",
        "coordinates": [
          -74.990809,
          41.03628
        ]
      }
    },
    {
      "type": "Feature",
      "properties": {
        "trail": "Appalachian Trail",
        "route_id": "at-mvp4-nj-ny-ct-delaware-water-gap-ct-ma-open-2026",
        "source_route_id": "at-main-osm-2026-open",
        "mile_nobo_global_est": 1282,
        "mile_nobo_mvp4": 12,
        "mile_sobo_mvp4": 194,
        "state": "NJ",
        "milepoint_type": "generated",
        "official": false,
        "confidence": "estimated_from_open_route_geometry_with_known_length_gap",
        "source_id": "osm",
        "source_url": "https://www.openstreetmap.org/relation/156553",
        "source_access_url": "https://hiking.waymarkedtrails.org/api/v1/details/relation/156553",
        "license_status": "open_license_share_alike",
        "source_license": "ODbL",
        "attribution": "OpenStreetMap contributors",
        "last_checked": "2026-05-13",
        "last_generated": "2026-05-14",
        "ai_answer_rule": "Generated mile based on Scout MVP4 NJ/NY/CT open route geometry, not an official ATC mile. Use for source-aware planning only."
      },
      "geometry": {
        "type": "Point",
        "coordinates": [
          -74.976213,
          41.044799
        ]
      }
    },
    {
      "type": "Feature",
      "properties": {
        "trail": "Appalachian Trail",
        "route_id": "at-mvp4-nj-ny-ct-delaware-water-gap-ct-ma-open-2026",
        "source_route_id": "at-main-osm-2026-open",
        "mile_nobo_global_est": 1283,
        "mile_nobo_mvp4": 13,
        "mile_sobo_mvp4": 193,
        "state": "NJ",
        "milepoint_type": "generated",
        "official": false,
        "confidence": "estimated_from_open_route_geometry_with_known_length_gap",
        "source_id": "osm",
        "source_url": "https://www.openstreetmap.org/relation/156553",
        "source_access_url": "https://hiking.waymarkedtrails.org/api/v1/details/relation/156553",
        "license_status": "open_license_share_alike",
        "source_license": "ODbL",
        "attribution": "OpenStreetMap contributors",
        "last_checked": "2026-05-13",
        "last_generated": "2026-05-14",
        "ai_answer_rule": "Generated mile based on Scout MVP4 NJ/NY/CT open route geometry, not an official ATC mile. Use for source-aware planning only."
      },
      "geometry": {
        "type": "Point",
        "coordinates": [
          -74.963722,
          41.054628
        ]
      }
    },
    {
      "type": "Feature",
      "properties": {
        "trail": "Appalachian Trail",
        "route_id": "at-mvp4-nj-ny-ct-delaware-water-gap-ct-ma-open-2026",
        "source_route_id": "at-main-osm-2026-open",
        "mile_nobo_global_est": 1284,
        "mile_nobo_mvp4": 14,
        "mile_sobo_mvp4": 192,
        "state": "NJ",
        "milepoint_type": "generated",
        "official": false,
        "confidence": "estimated_from_open_route_geometry_with_known_length_gap",
        "source_id": "osm",
        "source_url": "https://www.openstreetmap.org/relation/156553",
        "source_access_url": "https://hiking.waymarkedtrails.org/api/v1/details/relation/156553",
        "license_status": "open_license_share_alike",
        "source_license": "ODbL",
        "attribution": "OpenStreetMap contributors",
        "last_checked": "2026-05-13",
        "last_generated": "2026-05-14",
        "ai_answer_rule": "Generated mile based on Scout MVP4 NJ/NY/CT open route geometry, not an official ATC mile. Use for source-aware planning only."
      },
      "geometry": {
        "type": "Point",
        "coordinates": [
          -74.957309,
          41.063427
        ]
      }
    },
    {
      "type": "Feature",
      "properties": {
        "trail": "Appalachian Trail",
        "route_id": "at-mvp4-nj-ny-ct-delaware-water-gap-ct-ma-open-2026",
        "source_route_id": "at-main-osm-2026-open",
        "mile_nobo_global_est": 1285,
        "mile_nobo_mvp4": 15,
        "mile_sobo_mvp4": 191,
        "state": "NJ",
        "milepoint_type": "generated",
        "official": false,
        "confidence": "estimated_from_open_route_geometry_with_known_length_gap",
        "source_id": "osm",
        "source_url": "https://www.openstreetmap.org/relation/156553",
        "source_access_url": "https://hiking.waymarkedtrails.org/api/v1/details/relation/156553",
        "license_status": "open_license_share_alike",
        "source_license": "ODbL",
        "attribution": "OpenStreetMap contributors",
        "last_checked": "2026-05-13",
        "last_generated": "2026-05-14",
        "ai_answer_rule": "Generated mile based on Scout MVP4 NJ/NY/CT open route geometry, not an official ATC mile. Use for source-aware planning only."
      },
      "geometry": {
        "type": "Point",
        "coordinates": [
          -74.941953,
          41.070066
        ]
      }
    },
    {
      "type": "Feature",
      "properties": {
        "trail": "Appalachian Trail",
        "route_id": "at-mvp4-nj-ny-ct-delaware-water-gap-ct-ma-open-2026",
        "source_route_id": "at-main-osm-2026-open",
        "mile_nobo_global_est": 1286,
        "mile_nobo_mvp4": 16,
        "mile_sobo_mvp4": 190,
        "state": "NJ",
        "milepoint_type": "generated",
        "official": false,
        "confidence": "estimated_from_open_route_geometry_with_known_length_gap",
        "source_id": "osm",
        "source_url": "https://www.openstreetmap.org/relation/156553",
        "source_access_url": "https://hiking.waymarkedtrails.org/api/v1/details/relation/156553",
        "license_status": "open_license_share_alike",
        "source_license": "ODbL",
        "attribution": "OpenStreetMap contributors",
        "last_checked": "2026-05-13",
        "last_generated": "2026-05-14",
        "ai_answer_rule": "Generated mile based on Scout MVP4 NJ/NY/CT open route geometry, not an official ATC mile. Use for source-aware planning only."
      },
      "geometry": {
        "type": "Point",
        "coordinates": [
          -74.926906,
          41.078463
        ]
      }
    },
    {
      "type": "Feature",
      "properties": {
        "trail": "Appalachian Trail",
        "route_id": "at-mvp4-nj-ny-ct-delaware-water-gap-ct-ma-open-2026",
        "source_route_id": "at-main-osm-2026-open",
        "mile_nobo_global_est": 1287,
        "mile_nobo_mvp4": 17,
        "mile_sobo_mvp4": 189,
        "state": "NJ",
        "milepoint_type": "generated",
        "official": false,
        "confidence": "estimated_from_open_route_geometry_with_known_length_gap",
        "source_id": "osm",
        "source_url": "https://www.openstreetmap.org/relation/156553",
        "source_access_url": "https://hiking.waymarkedtrails.org/api/v1/details/relation/156553",
        "license_status": "open_license_share_alike",
        "source_license": "ODbL",
        "attribution": "OpenStreetMap contributors",
        "last_checked": "2026-05-13",
        "last_generated": "2026-05-14",
        "ai_answer_rule": "Generated mile based on Scout MVP4 NJ/NY/CT open route geometry, not an official ATC mile. Use for source-aware planning only."
      },
      "geometry": {
        "type": "Point",
        "coordinates": [
          -74.913281,
          41.088248
        ]
      }
    },
    {
      "type": "Feature",
      "properties": {
        "trail": "Appalachian Trail",
        "route_id": "at-mvp4-nj-ny-ct-delaware-water-gap-ct-ma-open-2026",
        "source_route_id": "at-main-osm-2026-open",
        "mile_nobo_global_est": 1288,
        "mile_nobo_mvp4": 18,
        "mile_sobo_mvp4": 188,
        "state": "NJ",
        "milepoint_type": "generated",
        "official": false,
        "confidence": "estimated_from_open_route_geometry_with_known_length_gap",
        "source_id": "osm",
        "source_url": "https://www.openstreetmap.org/relation/156553",
        "source_access_url": "https://hiking.waymarkedtrails.org/api/v1/details/relation/156553",
        "license_status": "open_license_share_alike",
        "source_license": "ODbL",
        "attribution": "OpenStreetMap contributors",
        "last_checked": "2026-05-13",
        "last_generated": "2026-05-14",
        "ai_answer_rule": "Generated mile based on Scout MVP4 NJ/NY/CT open route geometry, not an official ATC mile. Use for source-aware planning only."
      },
      "geometry": {
        "type": "Point",
        "coordinates": [
          -74.901308,
          41.098691
        ]
      }
    },
    {
      "type": "Feature",
      "properties": {
        "trail": "Appalachian Trail",
        "route_id": "at-mvp4-nj-ny-ct-delaware-water-gap-ct-ma-open-2026",
        "source_route_id": "at-main-osm-2026-open",
        "mile_nobo_global_est": 1289,
        "mile_nobo_mvp4": 19,
        "mile_sobo_mvp4": 187,
        "state": "NJ",
        "milepoint_type": "generated",
        "official": false,
        "confidence": "estimated_from_open_route_geometry_with_known_length_gap",
        "source_id": "osm",
        "source_url": "https://www.openstreetmap.org/relation/156553",
        "source_access_url": "https://hiking.waymarkedtrails.org/api/v1/details/relation/156553",
        "license_status": "open_license_share_alike",
        "source_license": "ODbL",
        "attribution": "OpenStreetMap contributors",
        "last_checked": "2026-05-13",
        "last_generated": "2026-05-14",
        "ai_answer_rule": "Generated mile based on Scout MVP4 NJ/NY/CT open route geometry, not an official ATC mile. Use for source-aware planning only."
      },
      "geometry": {
        "type": "Point",
        "coordinates": [
          -74.897494,
          41.111028
        ]
      }
    },
    {
      "type": "Feature",
      "properties": {
        "trail": "Appalachian Trail",
        "route_id": "at-mvp4-nj-ny-ct-delaware-water-gap-ct-ma-open-2026",
        "source_route_id": "at-main-osm-2026-open",
        "mile_nobo_global_est": 1290,
        "mile_nobo_mvp4": 20,
        "mile_sobo_mvp4": 186,
        "state": "NJ",
        "milepoint_type": "generated",
        "official": false,
        "confidence": "estimated_from_open_route_geometry_with_known_length_gap",
        "source_id": "osm",
        "source_url": "https://www.openstreetmap.org/relation/156553",
        "source_access_url": "https://hiking.waymarkedtrails.org/api/v1/details/relation/156553",
        "license_status": "open_license_share_alike",
        "source_license": "ODbL",
        "attribution": "OpenStreetMap contributors",
        "last_checked": "2026-05-13",
        "last_generated": "2026-05-14",
        "ai_answer_rule": "Generated mile based on Scout MVP4 NJ/NY/CT open route geometry, not an official ATC mile. Use for source-aware planning only."
      },
      "geometry": {
        "type": "Point",
        "coordinates": [
          -74.885091,
          41.120009
        ]
      }
    },
    {
      "type": "Feature",
      "properties": {
        "trail": "Appalachian Trail",
        "route_id": "at-mvp4-nj-ny-ct-delaware-water-gap-ct-ma-open-2026",
        "source_route_id": "at-main-osm-2026-open",
        "mile_nobo_global_est": 1291,
        "mile_nobo_mvp4": 21,
        "mile_sobo_mvp4": 185,
        "state": "NJ",
        "milepoint_type": "generated",
        "official": false,
        "confidence": "estimated_from_open_route_geometry_with_known_length_gap",
        "source_id": "osm",
        "source_url": "https://www.openstreetmap.org/relation/156553",
        "source_access_url": "https://hiking.waymarkedtrails.org/api/v1/details/relation/156553",
        "license_status": "open_license_share_alike",
        "source_license": "ODbL",
        "attribution": "OpenStreetMap contributors",
        "last_checked": "2026-05-13",
        "last_generated": "2026-05-14",
        "ai_answer_rule": "Generated mile based on Scout MVP4 NJ/NY/CT open route geometry, not an official ATC mile. Use for source-aware planning only."
      },
      "geometry": {
        "type": "Point",
        "coordinates": [
          -74.872628,
          41.129465
        ]
      }
    },
    {
      "type": "Feature",
      "properties": {
        "trail": "Appalachian Trail",
        "route_id": "at-mvp4-nj-ny-ct-delaware-water-gap-ct-ma-open-2026",
        "source_route_id": "at-main-osm-2026-open",
        "mile_nobo_global_est": 1292,
        "mile_nobo_mvp4": 22,
        "mile_sobo_mvp4": 184,
        "state": "NJ",
        "milepoint_type": "generated",
        "official": false,
        "confidence": "estimated_from_open_route_geometry_with_known_length_gap",
        "source_id": "osm",
        "source_url": "https://www.openstreetmap.org/relation/156553",
        "source_access_url": "https://hiking.waymarkedtrails.org/api/v1/details/relation/156553",
        "license_status": "open_license_share_alike",
        "source_license": "ODbL",
        "attribution": "OpenStreetMap contributors",
        "last_checked": "2026-05-13",
        "last_generated": "2026-05-14",
        "ai_answer_rule": "Generated mile based on Scout MVP4 NJ/NY/CT open route geometry, not an official ATC mile. Use for source-aware planning only."
      },
      "geometry": {
        "type": "Point",
        "coordinates": [
          -74.862715,
          41.136583
        ]
      }
    },
    {
      "type": "Feature",
      "properties": {
        "trail": "Appalachian Trail",
        "route_id": "at-mvp4-nj-ny-ct-delaware-water-gap-ct-ma-open-2026",
        "source_route_id": "at-main-osm-2026-open",
        "mile_nobo_global_est": 1293,
        "mile_nobo_mvp4": 23,
        "mile_sobo_mvp4": 183,
        "state": "NJ",
        "milepoint_type": "generated",
        "official": false,
        "confidence": "estimated_from_open_route_geometry_with_known_length_gap",
        "source_id": "osm",
        "source_url": "https://www.openstreetmap.org/relation/156553",
        "source_access_url": "https://hiking.waymarkedtrails.org/api/v1/details/relation/156553",
        "license_status": "open_license_share_alike",
        "source_license": "ODbL",
        "attribution": "OpenStreetMap contributors",
        "last_checked": "2026-05-13",
        "last_generated": "2026-05-14",
        "ai_answer_rule": "Generated mile based on Scout MVP4 NJ/NY/CT open route geometry, not an official ATC mile. Use for source-aware planning only."
      },
      "geometry": {
        "type": "Point",
        "coordinates": [
          -74.850212,
          41.14626
        ]
      }
    },
    {
      "type": "Feature",
      "properties": {
        "trail": "Appalachian Trail",
        "route_id": "at-mvp4-nj-ny-ct-delaware-water-gap-ct-ma-open-2026",
        "source_route_id": "at-main-osm-2026-open",
        "mile_nobo_global_est": 1294,
        "mile_nobo_mvp4": 24,
        "mile_sobo_mvp4": 182,
        "state": "NJ",
        "milepoint_type": "generated",
        "official": false,
        "confidence": "estimated_from_open_route_geometry_with_known_length_gap",
        "source_id": "osm",
        "source_url": "https://www.openstreetmap.org/relation/156553",
        "source_access_url": "https://hiking.waymarkedtrails.org/api/v1/details/relation/156553",
        "license_status": "open_license_share_alike",
        "source_license": "ODbL",
        "attribution": "OpenStreetMap contributors",
        "last_checked": "2026-05-13",
        "last_generated": "2026-05-14",
        "ai_answer_rule": "Generated mile based on Scout MVP4 NJ/NY/CT open route geometry, not an official ATC mile. Use for source-aware planning only."
      },
      "geometry": {
        "type": "Point",
        "coordinates": [
          -74.834495,
          41.152599
        ]
      }
    },
    {
      "type": "Feature",
      "properties": {
        "trail": "Appalachian Trail",
        "route_id": "at-mvp4-nj-ny-ct-delaware-water-gap-ct-ma-open-2026",
        "source_route_id": "at-main-osm-2026-open",
        "mile_nobo_global_est": 1295,
        "mile_nobo_mvp4": 25,
        "mile_sobo_mvp4": 181,
        "state": "NJ",
        "milepoint_type": "generated",
        "official": false,
        "confidence": "estimated_from_open_route_geometry_with_known_length_gap",
        "source_id": "osm",
        "source_url": "https://www.openstreetmap.org/relation/156553",
        "source_access_url": "https://hiking.waymarkedtrails.org/api/v1/details/relation/156553",
        "license_status": "open_license_share_alike",
        "source_license": "ODbL",
        "attribution": "OpenStreetMap contributors",
        "last_checked": "2026-05-13",
        "last_generated": "2026-05-14",
        "ai_answer_rule": "Generated mile based on Scout MVP4 NJ/NY/CT open route geometry, not an official ATC mile. Use for source-aware planning only."
      },
      "geometry": {
        "type": "Point",
        "coordinates": [
          -74.818428,
          41.159123
        ]
      }
    },
    {
      "type": "Feature",
      "properties": {
        "trail": "Appalachian Trail",
        "route_id": "at-mvp4-nj-ny-ct-delaware-water-gap-ct-ma-open-2026",
        "source_route_id": "at-main-osm-2026-open",
        "mile_nobo_global_est": 1296,
        "mile_nobo_mvp4": 26,
        "mile_sobo_mvp4": 180,
        "state": "NJ",
        "milepoint_type": "generated",
        "official": false,
        "confidence": "estimated_from_open_route_geometry_with_known_length_gap",
        "source_id": "osm",
        "source_url": "https://www.openstreetmap.org/relation/156553",
        "source_access_url": "https://hiking.waymarkedtrails.org/api/v1/details/relation/156553",
        "license_status": "open_license_share_alike",
        "source_license": "ODbL",
        "attribution": "OpenStreetMap contributors",
        "last_checked": "2026-05-13",
        "last_generated": "2026-05-14",
        "ai_answer_rule": "Generated mile based on Scout MVP4 NJ/NY/CT open route geometry, not an official ATC mile. Use for source-aware planning only."
      },
      "geometry": {
        "type": "Point",
        "coordinates": [
          -74.803132,
          41.167039
        ]
      }
    },
    {
      "type": "Feature",
      "properties": {
        "trail": "Appalachian Trail",
        "route_id": "at-mvp4-nj-ny-ct-delaware-water-gap-ct-ma-open-2026",
        "source_route_id": "at-main-osm-2026-open",
        "mile_nobo_global_est": 1297,
        "mile_nobo_mvp4": 27,
        "mile_sobo_mvp4": 179,
        "state": "NJ",
        "milepoint_type": "generated",
        "official": false,
        "confidence": "estimated_from_open_route_geometry_with_known_length_gap",
        "source_id": "osm",
        "source_url": "https://www.openstreetmap.org/relation/156553",
        "source_access_url": "https://hiking.waymarkedtrails.org/api/v1/details/relation/156553",
        "license_status": "open_license_share_alike",
        "source_license": "ODbL",
        "attribution": "OpenStreetMap contributors",
        "last_checked": "2026-05-13",
        "last_generated": "2026-05-14",
        "ai_answer_rule": "Generated mile based on Scout MVP4 NJ/NY/CT open route geometry, not an official ATC mile. Use for source-aware planning only."
      },
      "geometry": {
        "type": "Point",
        "coordinates": [
          -74.791132,
          41.175547
        ]
      }
    },
    {
      "type": "Feature",
      "properties": {
        "trail": "Appalachian Trail",
        "route_id": "at-mvp4-nj-ny-ct-delaware-water-gap-ct-ma-open-2026",
        "source_route_id": "at-main-osm-2026-open",
        "mile_nobo_global_est": 1298,
        "mile_nobo_mvp4": 28,
        "mile_sobo_mvp4": 178,
        "state": "NJ",
        "milepoint_type": "generated",
        "official": false,
        "confidence": "estimated_from_open_route_geometry_with_known_length_gap",
        "source_id": "osm",
        "source_url": "https://www.openstreetmap.org/relation/156553",
        "source_access_url": "https://hiking.waymarkedtrails.org/api/v1/details/relation/156553",
        "license_status": "open_license_share_alike",
        "source_license": "ODbL",
        "attribution": "OpenStreetMap contributors",
        "last_checked": "2026-05-13",
        "last_generated": "2026-05-14",
        "ai_answer_rule": "Generated mile based on Scout MVP4 NJ/NY/CT open route geometry, not an official ATC mile. Use for source-aware planning only."
      },
      "geometry": {
        "type": "Point",
        "coordinates": [
          -74.781407,
          41.179883
        ]
      }
    },
    {
      "type": "Feature",
      "properties": {
        "trail": "Appalachian Trail",
        "route_id": "at-mvp4-nj-ny-ct-delaware-water-gap-ct-ma-open-2026",
        "source_route_id": "at-main-osm-2026-open",
        "mile_nobo_global_est": 1299,
        "mile_nobo_mvp4": 29,
        "mile_sobo_mvp4": 177,
        "state": "NJ",
        "milepoint_type": "generated",
        "official": false,
        "confidence": "estimated_from_open_route_geometry_with_known_length_gap",
        "source_id": "osm",
        "source_url": "https://www.openstreetmap.org/relation/156553",
        "source_access_url": "https://hiking.waymarkedtrails.org/api/v1/details/relation/156553",
        "license_status": "open_license_share_alike",
        "source_license": "ODbL",
        "attribution": "OpenStreetMap contributors",
        "last_checked": "2026-05-13",
        "last_generated": "2026-05-14",
        "ai_answer_rule": "Generated mile based on Scout MVP4 NJ/NY/CT open route geometry, not an official ATC mile. Use for source-aware planning only."
      },
      "geometry": {
        "type": "Point",
        "coordinates": [
          -74.767229,
          41.187516
        ]
      }
    },
    {
      "type": "Feature",
      "properties": {
        "trail": "Appalachian Trail",
        "route_id": "at-mvp4-nj-ny-ct-delaware-water-gap-ct-ma-open-2026",
        "source_route_id": "at-main-osm-2026-open",
        "mile_nobo_global_est": 1300,
        "mile_nobo_mvp4": 30,
        "mile_sobo_mvp4": 176,
        "state": "NJ",
        "milepoint_type": "generated",
        "official": false,
        "confidence": "estimated_from_open_route_geometry_with_known_length_gap",
        "source_id": "osm",
        "source_url": "https://www.openstreetmap.org/relation/156553",
        "source_access_url": "https://hiking.waymarkedtrails.org/api/v1/details/relation/156553",
        "license_status": "open_license_share_alike",
        "source_license": "ODbL",
        "attribution": "OpenStreetMap contributors",
        "last_checked": "2026-05-13",
        "last_generated": "2026-05-14",
        "ai_answer_rule": "Generated mile based on Scout MVP4 NJ/NY/CT open route geometry, not an official ATC mile. Use for source-aware planning only."
      },
      "geometry": {
        "type": "Point",
        "coordinates": [
          -74.754105,
          41.196979
        ]
      }
    },
    {
      "type": "Feature",
      "properties": {
        "trail": "Appalachian Trail",
        "route_id": "at-mvp4-nj-ny-ct-delaware-water-gap-ct-ma-open-2026",
        "source_route_id": "at-main-osm-2026-open",
        "mile_nobo_global_est": 1301,
        "mile_nobo_mvp4": 31,
        "mile_sobo_mvp4": 175,
        "state": "NJ",
        "milepoint_type": "generated",
        "official": false,
        "confidence": "estimated_from_open_route_geometry_with_known_length_gap",
        "source_id": "osm",
        "source_url": "https://www.openstreetmap.org/relation/156553",
        "source_access_url": "https://hiking.waymarkedtrails.org/api/v1/details/relation/156553",
        "license_status": "open_license_share_alike",
        "source_license": "ODbL",
        "attribution": "OpenStreetMap contributors",
        "last_checked": "2026-05-13",
        "last_generated": "2026-05-14",
        "ai_answer_rule": "Generated mile based on Scout MVP4 NJ/NY/CT open route geometry, not an official ATC mile. Use for source-aware planning only."
      },
      "geometry": {
        "type": "Point",
        "coordinates": [
          -74.740574,
          41.206876
        ]
      }
    },
    {
      "type": "Feature",
      "properties": {
        "trail": "Appalachian Trail",
        "route_id": "at-mvp4-nj-ny-ct-delaware-water-gap-ct-ma-open-2026",
        "source_route_id": "at-main-osm-2026-open",
        "mile_nobo_global_est": 1302,
        "mile_nobo_mvp4": 32,
        "mile_sobo_mvp4": 174,
        "state": "NJ",
        "milepoint_type": "generated",
        "official": false,
        "confidence": "estimated_from_open_route_geometry_with_known_length_gap",
        "source_id": "osm",
        "source_url": "https://www.openstreetmap.org/relation/156553",
        "source_access_url": "https://hiking.waymarkedtrails.org/api/v1/details/relation/156553",
        "license_status": "open_license_share_alike",
        "source_license": "ODbL",
        "attribution": "OpenStreetMap contributors",
        "last_checked": "2026-05-13",
        "last_generated": "2026-05-14",
        "ai_answer_rule": "Generated mile based on Scout MVP4 NJ/NY/CT open route geometry, not an official ATC mile. Use for source-aware planning only."
      },
      "geometry": {
        "type": "Point",
        "coordinates": [
          -74.7261,
          41.214988
        ]
      }
    },
    {
      "type": "Feature",
      "properties": {
        "trail": "Appalachian Trail",
        "route_id": "at-mvp4-nj-ny-ct-delaware-water-gap-ct-ma-open-2026",
        "source_route_id": "at-main-osm-2026-open",
        "mile_nobo_global_est": 1303,
        "mile_nobo_mvp4": 33,
        "mile_sobo_mvp4": 173,
        "state": "NJ",
        "milepoint_type": "generated",
        "official": false,
        "confidence": "estimated_from_open_route_geometry_with_known_length_gap",
        "source_id": "osm",
        "source_url": "https://www.openstreetmap.org/relation/156553",
        "source_access_url": "https://hiking.waymarkedtrails.org/api/v1/details/relation/156553",
        "license_status": "open_license_share_alike",
        "source_license": "ODbL",
        "attribution": "OpenStreetMap contributors",
        "last_checked": "2026-05-13",
        "last_generated": "2026-05-14",
        "ai_answer_rule": "Generated mile based on Scout MVP4 NJ/NY/CT open route geometry, not an official ATC mile. Use for source-aware planning only."
      },
      "geometry": {
        "type": "Point",
        "coordinates": [
          -74.711796,
          41.223806
        ]
      }
    },
    {
      "type": "Feature",
      "properties": {
        "trail": "Appalachian Trail",
        "route_id": "at-mvp4-nj-ny-ct-delaware-water-gap-ct-ma-open-2026",
        "source_route_id": "at-main-osm-2026-open",
        "mile_nobo_global_est": 1304,
        "mile_nobo_mvp4": 34,
        "mile_sobo_mvp4": 172,
        "state": "NJ",
        "milepoint_type": "generated",
        "official": false,
        "confidence": "estimated_from_open_route_geometry_with_known_length_gap",
        "source_id": "osm",
        "source_url": "https://www.openstreetmap.org/relation/156553",
        "source_access_url": "https://hiking.waymarkedtrails.org/api/v1/details/relation/156553",
        "license_status": "open_license_share_alike",
        "source_license": "ODbL",
        "attribution": "OpenStreetMap contributors",
        "last_checked": "2026-05-13",
        "last_generated": "2026-05-14",
        "ai_answer_rule": "Generated mile based on Scout MVP4 NJ/NY/CT open route geometry, not an official ATC mile. Use for source-aware planning only."
      },
      "geometry": {
        "type": "Point",
        "coordinates": [
          -74.70337,
          41.235757
        ]
      }
    },
    {
      "type": "Feature",
      "properties": {
        "trail": "Appalachian Trail",
        "route_id": "at-mvp4-nj-ny-ct-delaware-water-gap-ct-ma-open-2026",
        "source_route_id": "at-main-osm-2026-open",
        "mile_nobo_global_est": 1305,
        "mile_nobo_mvp4": 35,
        "mile_sobo_mvp4": 171,
        "state": "NJ",
        "milepoint_type": "generated",
        "official": false,
        "confidence": "estimated_from_open_route_geometry_with_known_length_gap",
        "source_id": "osm",
        "source_url": "https://www.openstreetmap.org/relation/156553",
        "source_access_url": "https://hiking.waymarkedtrails.org/api/v1/details/relation/156553",
        "license_status": "open_license_share_alike",
        "source_license": "ODbL",
        "attribution": "OpenStreetMap contributors",
        "last_checked": "2026-05-13",
        "last_generated": "2026-05-14",
        "ai_answer_rule": "Generated mile based on Scout MVP4 NJ/NY/CT open route geometry, not an official ATC mile. Use for source-aware planning only."
      },
      "geometry": {
        "type": "Point",
        "coordinates": [
          -74.690984,
          41.245265
        ]
      }
    },
    {
      "type": "Feature",
      "properties": {
        "trail": "Appalachian Trail",
        "route_id": "at-mvp4-nj-ny-ct-delaware-water-gap-ct-ma-open-2026",
        "source_route_id": "at-main-osm-2026-open",
        "mile_nobo_global_est": 1306,
        "mile_nobo_mvp4": 36,
        "mile_sobo_mvp4": 170,
        "state": "NJ",
        "milepoint_type": "generated",
        "official": false,
        "confidence": "estimated_from_open_route_geometry_with_known_length_gap",
        "source_id": "osm",
        "source_url": "https://www.openstreetmap.org/relation/156553",
        "source_access_url": "https://hiking.waymarkedtrails.org/api/v1/details/relation/156553",
        "license_status": "open_license_share_alike",
        "source_license": "ODbL",
        "attribution": "OpenStreetMap contributors",
        "last_checked": "2026-05-13",
        "last_generated": "2026-05-14",
        "ai_answer_rule": "Generated mile based on Scout MVP4 NJ/NY/CT open route geometry, not an official ATC mile. Use for source-aware planning only."
      },
      "geometry": {
        "type": "Point",
        "coordinates": [
          -74.688164,
          41.255746
        ]
      }
    },
    {
      "type": "Feature",
      "properties": {
        "trail": "Appalachian Trail",
        "route_id": "at-mvp4-nj-ny-ct-delaware-water-gap-ct-ma-open-2026",
        "source_route_id": "at-main-osm-2026-open",
        "mile_nobo_global_est": 1307,
        "mile_nobo_mvp4": 37,
        "mile_sobo_mvp4": 169,
        "state": "NJ",
        "milepoint_type": "generated",
        "official": false,
        "confidence": "estimated_from_open_route_geometry_with_known_length_gap",
        "source_id": "osm",
        "source_url": "https://www.openstreetmap.org/relation/156553",
        "source_access_url": "https://hiking.waymarkedtrails.org/api/v1/details/relation/156553",
        "license_status": "open_license_share_alike",
        "source_license": "ODbL",
        "attribution": "OpenStreetMap contributors",
        "last_checked": "2026-05-13",
        "last_generated": "2026-05-14",
        "ai_answer_rule": "Generated mile based on Scout MVP4 NJ/NY/CT open route geometry, not an official ATC mile. Use for source-aware planning only."
      },
      "geometry": {
        "type": "Point",
        "coordinates": [
          -74.676363,
          41.264843
        ]
      }
    },
    {
      "type": "Feature",
      "properties": {
        "trail": "Appalachian Trail",
        "route_id": "at-mvp4-nj-ny-ct-delaware-water-gap-ct-ma-open-2026",
        "source_route_id": "at-main-osm-2026-open",
        "mile_nobo_global_est": 1308,
        "mile_nobo_mvp4": 38,
        "mile_sobo_mvp4": 168,
        "state": "NJ",
        "milepoint_type": "generated",
        "official": false,
        "confidence": "estimated_from_open_route_geometry_with_known_length_gap",
        "source_id": "osm",
        "source_url": "https://www.openstreetmap.org/relation/156553",
        "source_access_url": "https://hiking.waymarkedtrails.org/api/v1/details/relation/156553",
        "license_status": "open_license_share_alike",
        "source_license": "ODbL",
        "attribution": "OpenStreetMap contributors",
        "last_checked": "2026-05-13",
        "last_generated": "2026-05-14",
        "ai_answer_rule": "Generated mile based on Scout MVP4 NJ/NY/CT open route geometry, not an official ATC mile. Use for source-aware planning only."
      },
      "geometry": {
        "type": "Point",
        "coordinates": [
          -74.683468,
          41.273497
        ]
      }
    },
    {
      "type": "Feature",
      "properties": {
        "trail": "Appalachian Trail",
        "route_id": "at-mvp4-nj-ny-ct-delaware-water-gap-ct-ma-open-2026",
        "source_route_id": "at-main-osm-2026-open",
        "mile_nobo_global_est": 1309,
        "mile_nobo_mvp4": 39,
        "mile_sobo_mvp4": 167,
        "state": "NJ",
        "milepoint_type": "generated",
        "official": false,
        "confidence": "estimated_from_open_route_geometry_with_known_length_gap",
        "source_id": "osm",
        "source_url": "https://www.openstreetmap.org/relation/156553",
        "source_access_url": "https://hiking.waymarkedtrails.org/api/v1/details/relation/156553",
        "license_status": "open_license_share_alike",
        "source_license": "ODbL",
        "attribution": "OpenStreetMap contributors",
        "last_checked": "2026-05-13",
        "last_generated": "2026-05-14",
        "ai_answer_rule": "Generated mile based on Scout MVP4 NJ/NY/CT open route geometry, not an official ATC mile. Use for source-aware planning only."
      },
      "geometry": {
        "type": "Point",
        "coordinates": [
          -74.676645,
          41.285251
        ]
      }
    },
    {
      "type": "Feature",
      "properties": {
        "trail": "Appalachian Trail",
        "route_id": "at-mvp4-nj-ny-ct-delaware-water-gap-ct-ma-open-2026",
        "source_route_id": "at-main-osm-2026-open",
        "mile_nobo_global_est": 1310,
        "mile_nobo_mvp4": 40,
        "mile_sobo_mvp4": 166,
        "state": "NJ",
        "milepoint_type": "generated",
        "official": false,
        "confidence": "estimated_from_open_route_geometry_with_known_length_gap",
        "source_id": "osm",
        "source_url": "https://www.openstreetmap.org/relation/156553",
        "source_access_url": "https://hiking.waymarkedtrails.org/api/v1/details/relation/156553",
        "license_status": "open_license_share_alike",
        "source_license": "ODbL",
        "attribution": "OpenStreetMap contributors",
        "last_checked": "2026-05-13",
        "last_generated": "2026-05-14",
        "ai_answer_rule": "Generated mile based on Scout MVP4 NJ/NY/CT open route geometry, not an official ATC mile. Use for source-aware planning only."
      },
      "geometry": {
        "type": "Point",
        "coordinates": [
          -74.67636,
          41.296289
        ]
      }
    },
    {
      "type": "Feature",
      "properties": {
        "trail": "Appalachian Trail",
        "route_id": "at-mvp4-nj-ny-ct-delaware-water-gap-ct-ma-open-2026",
        "source_route_id": "at-main-osm-2026-open",
        "mile_nobo_global_est": 1311,
        "mile_nobo_mvp4": 41,
        "mile_sobo_mvp4": 165,
        "state": "NJ",
        "milepoint_type": "generated",
        "official": false,
        "confidence": "estimated_from_open_route_geometry_with_known_length_gap",
        "source_id": "osm",
        "source_url": "https://www.openstreetmap.org/relation/156553",
        "source_access_url": "https://hiking.waymarkedtrails.org/api/v1/details/relation/156553",
        "license_status": "open_license_share_alike",
        "source_license": "ODbL",
        "attribution": "OpenStreetMap contributors",
        "last_checked": "2026-05-13",
        "last_generated": "2026-05-14",
        "ai_answer_rule": "Generated mile based on Scout MVP4 NJ/NY/CT open route geometry, not an official ATC mile. Use for source-aware planning only."
      },
      "geometry": {
        "type": "Point",
        "coordinates": [
          -74.667965,
          41.307603
        ]
      }
    },
    {
      "type": "Feature",
      "properties": {
        "trail": "Appalachian Trail",
        "route_id": "at-mvp4-nj-ny-ct-delaware-water-gap-ct-ma-open-2026",
        "source_route_id": "at-main-osm-2026-open",
        "mile_nobo_global_est": 1312,
        "mile_nobo_mvp4": 42,
        "mile_sobo_mvp4": 164,
        "state": "NJ",
        "milepoint_type": "generated",
        "official": false,
        "confidence": "estimated_from_open_route_geometry_with_known_length_gap",
        "source_id": "osm",
        "source_url": "https://www.openstreetmap.org/relation/156553",
        "source_access_url": "https://hiking.waymarkedtrails.org/api/v1/details/relation/156553",
        "license_status": "open_license_share_alike",
        "source_license": "ODbL",
        "attribution": "OpenStreetMap contributors",
        "last_checked": "2026-05-13",
        "last_generated": "2026-05-14",
        "ai_answer_rule": "Generated mile based on Scout MVP4 NJ/NY/CT open route geometry, not an official ATC mile. Use for source-aware planning only."
      },
      "geometry": {
        "type": "Point",
        "coordinates": [
          -74.661556,
          41.317566
        ]
      }
    },
    {
      "type": "Feature",
      "properties": {
        "trail": "Appalachian Trail",
        "route_id": "at-mvp4-nj-ny-ct-delaware-water-gap-ct-ma-open-2026",
        "source_route_id": "at-main-osm-2026-open",
        "mile_nobo_global_est": 1313,
        "mile_nobo_mvp4": 43,
        "mile_sobo_mvp4": 163,
        "state": "NJ",
        "milepoint_type": "generated",
        "official": false,
        "confidence": "estimated_from_open_route_geometry_with_known_length_gap",
        "source_id": "osm",
        "source_url": "https://www.openstreetmap.org/relation/156553",
        "source_access_url": "https://hiking.waymarkedtrails.org/api/v1/details/relation/156553",
        "license_status": "open_license_share_alike",
        "source_license": "ODbL",
        "attribution": "OpenStreetMap contributors",
        "last_checked": "2026-05-13",
        "last_generated": "2026-05-14",
        "ai_answer_rule": "Generated mile based on Scout MVP4 NJ/NY/CT open route geometry, not an official ATC mile. Use for source-aware planning only."
      },
      "geometry": {
        "type": "Point",
        "coordinates": [
          -74.650035,
          41.324508
        ]
      }
    },
    {
      "type": "Feature",
      "properties": {
        "trail": "Appalachian Trail",
        "route_id": "at-mvp4-nj-ny-ct-delaware-water-gap-ct-ma-open-2026",
        "source_route_id": "at-main-osm-2026-open",
        "mile_nobo_global_est": 1314,
        "mile_nobo_mvp4": 44,
        "mile_sobo_mvp4": 162,
        "state": "NJ",
        "milepoint_type": "generated",
        "official": false,
        "confidence": "estimated_from_open_route_geometry_with_known_length_gap",
        "source_id": "osm",
        "source_url": "https://www.openstreetmap.org/relation/156553",
        "source_access_url": "https://hiking.waymarkedtrails.org/api/v1/details/relation/156553",
        "license_status": "open_license_share_alike",
        "source_license": "ODbL",
        "attribution": "OpenStreetMap contributors",
        "last_checked": "2026-05-13",
        "last_generated": "2026-05-14",
        "ai_answer_rule": "Generated mile based on Scout MVP4 NJ/NY/CT open route geometry, not an official ATC mile. Use for source-aware planning only."
      },
      "geometry": {
        "type": "Point",
        "coordinates": [
          -74.636696,
          41.327427
        ]
      }
    },
    {
      "type": "Feature",
      "properties": {
        "trail": "Appalachian Trail",
        "route_id": "at-mvp4-nj-ny-ct-delaware-water-gap-ct-ma-open-2026",
        "source_route_id": "at-main-osm-2026-open",
        "mile_nobo_global_est": 1315,
        "mile_nobo_mvp4": 45,
        "mile_sobo_mvp4": 161,
        "state": "NJ",
        "milepoint_type": "generated",
        "official": false,
        "confidence": "estimated_from_open_route_geometry_with_known_length_gap",
        "source_id": "osm",
        "source_url": "https://www.openstreetmap.org/relation/156553",
        "source_access_url": "https://hiking.waymarkedtrails.org/api/v1/details/relation/156553",
        "license_status": "open_license_share_alike",
        "source_license": "ODbL",
        "attribution": "OpenStreetMap contributors",
        "last_checked": "2026-05-13",
        "last_generated": "2026-05-14",
        "ai_answer_rule": "Generated mile based on Scout MVP4 NJ/NY/CT open route geometry, not an official ATC mile. Use for source-aware planning only."
      },
      "geometry": {
        "type": "Point",
        "coordinates": [
          -74.622241,
          41.319619
        ]
      }
    },
    {
      "type": "Feature",
      "properties": {
        "trail": "Appalachian Trail",
        "route_id": "at-mvp4-nj-ny-ct-delaware-water-gap-ct-ma-open-2026",
        "source_route_id": "at-main-osm-2026-open",
        "mile_nobo_global_est": 1316,
        "mile_nobo_mvp4": 46,
        "mile_sobo_mvp4": 160,
        "state": "NJ",
        "milepoint_type": "generated",
        "official": false,
        "confidence": "estimated_from_open_route_geometry_with_known_length_gap",
        "source_id": "osm",
        "source_url": "https://www.openstreetmap.org/relation/156553",
        "source_access_url": "https://hiking.waymarkedtrails.org/api/v1/details/relation/156553",
        "license_status": "open_license_share_alike",
        "source_license": "ODbL",
        "attribution": "OpenStreetMap contributors",
        "last_checked": "2026-05-13",
        "last_generated": "2026-05-14",
        "ai_answer_rule": "Generated mile based on Scout MVP4 NJ/NY/CT open route geometry, not an official ATC mile. Use for source-aware planning only."
      },
      "geometry": {
        "type": "Point",
        "coordinates": [
          -74.609191,
          41.316901
        ]
      }
    },
    {
      "type": "Feature",
      "properties": {
        "trail": "Appalachian Trail",
        "route_id": "at-mvp4-nj-ny-ct-delaware-water-gap-ct-ma-open-2026",
        "source_route_id": "at-main-osm-2026-open",
        "mile_nobo_global_est": 1317,
        "mile_nobo_mvp4": 47,
        "mile_sobo_mvp4": 159,
        "state": "NJ",
        "milepoint_type": "generated",
        "official": false,
        "confidence": "estimated_from_open_route_geometry_with_known_length_gap",
        "source_id": "osm",
        "source_url": "https://www.openstreetmap.org/relation/156553",
        "source_access_url": "https://hiking.waymarkedtrails.org/api/v1/details/relation/156553",
        "license_status": "open_license_share_alike",
        "source_license": "ODbL",
        "attribution": "OpenStreetMap contributors",
        "last_checked": "2026-05-13",
        "last_generated": "2026-05-14",
        "ai_answer_rule": "Generated mile based on Scout MVP4 NJ/NY/CT open route geometry, not an official ATC mile. Use for source-aware planning only."
      },
      "geometry": {
        "type": "Point",
        "coordinates": [
          -74.593202,
          41.310308
        ]
      }
    },
    {
      "type": "Feature",
      "properties": {
        "trail": "Appalachian Trail",
        "route_id": "at-mvp4-nj-ny-ct-delaware-water-gap-ct-ma-open-2026",
        "source_route_id": "at-main-osm-2026-open",
        "mile_nobo_global_est": 1318,
        "mile_nobo_mvp4": 48,
        "mile_sobo_mvp4": 158,
        "state": "NJ",
        "milepoint_type": "generated",
        "official": false,
        "confidence": "estimated_from_open_route_geometry_with_known_length_gap",
        "source_id": "osm",
        "source_url": "https://www.openstreetmap.org/relation/156553",
        "source_access_url": "https://hiking.waymarkedtrails.org/api/v1/details/relation/156553",
        "license_status": "open_license_share_alike",
        "source_license": "ODbL",
        "attribution": "OpenStreetMap contributors",
        "last_checked": "2026-05-13",
        "last_generated": "2026-05-14",
        "ai_answer_rule": "Generated mile based on Scout MVP4 NJ/NY/CT open route geometry, not an official ATC mile. Use for source-aware planning only."
      },
      "geometry": {
        "type": "Point",
        "coordinates": [
          -74.57876,
          41.302813
        ]
      }
    },
    {
      "type": "Feature",
      "properties": {
        "trail": "Appalachian Trail",
        "route_id": "at-mvp4-nj-ny-ct-delaware-water-gap-ct-ma-open-2026",
        "source_route_id": "at-main-osm-2026-open",
        "mile_nobo_global_est": 1319,
        "mile_nobo_mvp4": 49,
        "mile_sobo_mvp4": 157,
        "state": "NJ",
        "milepoint_type": "generated",
        "official": false,
        "confidence": "estimated_from_open_route_geometry_with_known_length_gap",
        "source_id": "osm",
        "source_url": "https://www.openstreetmap.org/relation/156553",
        "source_access_url": "https://hiking.waymarkedtrails.org/api/v1/details/relation/156553",
        "license_status": "open_license_share_alike",
        "source_license": "ODbL",
        "attribution": "OpenStreetMap contributors",
        "last_checked": "2026-05-13",
        "last_generated": "2026-05-14",
        "ai_answer_rule": "Generated mile based on Scout MVP4 NJ/NY/CT open route geometry, not an official ATC mile. Use for source-aware planning only."
      },
      "geometry": {
        "type": "Point",
        "coordinates": [
          -74.563775,
          41.297393
        ]
      }
    },
    {
      "type": "Feature",
      "properties": {
        "trail": "Appalachian Trail",
        "route_id": "at-mvp4-nj-ny-ct-delaware-water-gap-ct-ma-open-2026",
        "source_route_id": "at-main-osm-2026-open",
        "mile_nobo_global_est": 1320,
        "mile_nobo_mvp4": 50,
        "mile_sobo_mvp4": 156,
        "state": "NJ",
        "milepoint_type": "generated",
        "official": false,
        "confidence": "estimated_from_open_route_geometry_with_known_length_gap",
        "source_id": "osm",
        "source_url": "https://www.openstreetmap.org/relation/156553",
        "source_access_url": "https://hiking.waymarkedtrails.org/api/v1/details/relation/156553",
        "license_status": "open_license_share_alike",
        "source_license": "ODbL",
        "attribution": "OpenStreetMap contributors",
        "last_checked": "2026-05-13",
        "last_generated": "2026-05-14",
        "ai_answer_rule": "Generated mile based on Scout MVP4 NJ/NY/CT open route geometry, not an official ATC mile. Use for source-aware planning only."
      },
      "geometry": {
        "type": "Point",
        "coordinates": [
          -74.553289,
          41.287706
        ]
      }
    },
    {
      "type": "Feature",
      "properties": {
        "trail": "Appalachian Trail",
        "route_id": "at-mvp4-nj-ny-ct-delaware-water-gap-ct-ma-open-2026",
        "source_route_id": "at-main-osm-2026-open",
        "mile_nobo_global_est": 1321,
        "mile_nobo_mvp4": 51,
        "mile_sobo_mvp4": 155,
        "state": "NJ",
        "milepoint_type": "generated",
        "official": false,
        "confidence": "estimated_from_open_route_geometry_with_known_length_gap",
        "source_id": "osm",
        "source_url": "https://www.openstreetmap.org/relation/156553",
        "source_access_url": "https://hiking.waymarkedtrails.org/api/v1/details/relation/156553",
        "license_status": "open_license_share_alike",
        "source_license": "ODbL",
        "attribution": "OpenStreetMap contributors",
        "last_checked": "2026-05-13",
        "last_generated": "2026-05-14",
        "ai_answer_rule": "Generated mile based on Scout MVP4 NJ/NY/CT open route geometry, not an official ATC mile. Use for source-aware planning only."
      },
      "geometry": {
        "type": "Point",
        "coordinates": [
          -74.53899,
          41.28839
        ]
      }
    },
    {
      "type": "Feature",
      "properties": {
        "trail": "Appalachian Trail",
        "route_id": "at-mvp4-nj-ny-ct-delaware-water-gap-ct-ma-open-2026",
        "source_route_id": "at-main-osm-2026-open",
        "mile_nobo_global_est": 1322,
        "mile_nobo_mvp4": 52,
        "mile_sobo_mvp4": 154,
        "state": "NJ",
        "milepoint_type": "generated",
        "official": false,
        "confidence": "estimated_from_open_route_geometry_with_known_length_gap",
        "source_id": "osm",
        "source_url": "https://www.openstreetmap.org/relation/156553",
        "source_access_url": "https://hiking.waymarkedtrails.org/api/v1/details/relation/156553",
        "license_status": "open_license_share_alike",
        "source_license": "ODbL",
        "attribution": "OpenStreetMap contributors",
        "last_checked": "2026-05-13",
        "last_generated": "2026-05-14",
        "ai_answer_rule": "Generated mile based on Scout MVP4 NJ/NY/CT open route geometry, not an official ATC mile. Use for source-aware planning only."
      },
      "geometry": {
        "type": "Point",
        "coordinates": [
          -74.533709,
          41.281054
        ]
      }
    },
    {
      "type": "Feature",
      "properties": {
        "trail": "Appalachian Trail",
        "route_id": "at-mvp4-nj-ny-ct-delaware-water-gap-ct-ma-open-2026",
        "source_route_id": "at-main-osm-2026-open",
        "mile_nobo_global_est": 1323,
        "mile_nobo_mvp4": 53,
        "mile_sobo_mvp4": 153,
        "state": "NJ",
        "milepoint_type": "generated",
        "official": false,
        "confidence": "estimated_from_open_route_geometry_with_known_length_gap",
        "source_id": "osm",
        "source_url": "https://www.openstreetmap.org/relation/156553",
        "source_access_url": "https://hiking.waymarkedtrails.org/api/v1/details/relation/156553",
        "license_status": "open_license_share_alike",
        "source_license": "ODbL",
        "attribution": "OpenStreetMap contributors",
        "last_checked": "2026-05-13",
        "last_generated": "2026-05-14",
        "ai_answer_rule": "Generated mile based on Scout MVP4 NJ/NY/CT open route geometry, not an official ATC mile. Use for source-aware planning only."
      },
      "geometry": {
        "type": "Point",
        "coordinates": [
          -74.529559,
          41.274196
        ]
      }
    },
    {
      "type": "Feature",
      "properties": {
        "trail": "Appalachian Trail",
        "route_id": "at-mvp4-nj-ny-ct-delaware-water-gap-ct-ma-open-2026",
        "source_route_id": "at-main-osm-2026-open",
        "mile_nobo_global_est": 1324,
        "mile_nobo_mvp4": 54,
        "mile_sobo_mvp4": 152,
        "state": "NJ",
        "milepoint_type": "generated",
        "official": false,
        "confidence": "estimated_from_open_route_geometry_with_known_length_gap",
        "source_id": "osm",
        "source_url": "https://www.openstreetmap.org/relation/156553",
        "source_access_url": "https://hiking.waymarkedtrails.org/api/v1/details/relation/156553",
        "license_status": "open_license_share_alike",
        "source_license": "ODbL",
        "attribution": "OpenStreetMap contributors",
        "last_checked": "2026-05-13",
        "last_generated": "2026-05-14",
        "ai_answer_rule": "Generated mile based on Scout MVP4 NJ/NY/CT open route geometry, not an official ATC mile. Use for source-aware planning only."
      },
      "geometry": {
        "type": "Point",
        "coordinates": [
          -74.516478,
          41.270768
        ]
      }
    },
    {
      "type": "Feature",
      "properties": {
        "trail": "Appalachian Trail",
        "route_id": "at-mvp4-nj-ny-ct-delaware-water-gap-ct-ma-open-2026",
        "source_route_id": "at-main-osm-2026-open",
        "mile_nobo_global_est": 1325,
        "mile_nobo_mvp4": 55,
        "mile_sobo_mvp4": 151,
        "state": "NJ",
        "milepoint_type": "generated",
        "official": false,
        "confidence": "estimated_from_open_route_geometry_with_known_length_gap",
        "source_id": "osm",
        "source_url": "https://www.openstreetmap.org/relation/156553",
        "source_access_url": "https://hiking.waymarkedtrails.org/api/v1/details/relation/156553",
        "license_status": "open_license_share_alike",
        "source_license": "ODbL",
        "attribution": "OpenStreetMap contributors",
        "last_checked": "2026-05-13",
        "last_generated": "2026-05-14",
        "ai_answer_rule": "Generated mile based on Scout MVP4 NJ/NY/CT open route geometry, not an official ATC mile. Use for source-aware planning only."
      },
      "geometry": {
        "type": "Point",
        "coordinates": [
          -74.510078,
          41.260495
        ]
      }
    },
    {
      "type": "Feature",
      "properties": {
        "trail": "Appalachian Trail",
        "route_id": "at-mvp4-nj-ny-ct-delaware-water-gap-ct-ma-open-2026",
        "source_route_id": "at-main-osm-2026-open",
        "mile_nobo_global_est": 1326,
        "mile_nobo_mvp4": 56,
        "mile_sobo_mvp4": 150,
        "state": "NJ",
        "milepoint_type": "generated",
        "official": false,
        "confidence": "estimated_from_open_route_geometry_with_known_length_gap",
        "source_id": "osm",
        "source_url": "https://www.openstreetmap.org/relation/156553",
        "source_access_url": "https://hiking.waymarkedtrails.org/api/v1/details/relation/156553",
        "license_status": "open_license_share_alike",
        "source_license": "ODbL",
        "attribution": "OpenStreetMap contributors",
        "last_checked": "2026-05-13",
        "last_generated": "2026-05-14",
        "ai_answer_rule": "Generated mile based on Scout MVP4 NJ/NY/CT open route geometry, not an official ATC mile. Use for source-aware planning only."
      },
      "geometry": {
        "type": "Point",
        "coordinates": [
          -74.500982,
          41.253084
        ]
      }
    },
    {
      "type": "Feature",
      "properties": {
        "trail": "Appalachian Trail",
        "route_id": "at-mvp4-nj-ny-ct-delaware-water-gap-ct-ma-open-2026",
        "source_route_id": "at-main-osm-2026-open",
        "mile_nobo_global_est": 1327,
        "mile_nobo_mvp4": 57,
        "mile_sobo_mvp4": 149,
        "state": "NJ",
        "milepoint_type": "generated",
        "official": false,
        "confidence": "estimated_from_open_route_geometry_with_known_length_gap",
        "source_id": "osm",
        "source_url": "https://www.openstreetmap.org/relation/156553",
        "source_access_url": "https://hiking.waymarkedtrails.org/api/v1/details/relation/156553",
        "license_status": "open_license_share_alike",
        "source_license": "ODbL",
        "attribution": "OpenStreetMap contributors",
        "last_checked": "2026-05-13",
        "last_generated": "2026-05-14",
        "ai_answer_rule": "Generated mile based on Scout MVP4 NJ/NY/CT open route geometry, not an official ATC mile. Use for source-aware planning only."
      },
      "geometry": {
        "type": "Point",
        "coordinates": [
          -74.49173,
          41.241858
        ]
      }
    },
    {
      "type": "Feature",
      "properties": {
        "trail": "Appalachian Trail",
        "route_id": "at-mvp4-nj-ny-ct-delaware-water-gap-ct-ma-open-2026",
        "source_route_id": "at-main-osm-2026-open",
        "mile_nobo_global_est": 1328,
        "mile_nobo_mvp4": 58,
        "mile_sobo_mvp4": 148,
        "state": "NJ",
        "milepoint_type": "generated",
        "official": false,
        "confidence": "estimated_from_open_route_geometry_with_known_length_gap",
        "source_id": "osm",
        "source_url": "https://www.openstreetmap.org/relation/156553",
        "source_access_url": "https://hiking.waymarkedtrails.org/api/v1/details/relation/156553",
        "license_status": "open_license_share_alike",
        "source_license": "ODbL",
        "attribution": "OpenStreetMap contributors",
        "last_checked": "2026-05-13",
        "last_generated": "2026-05-14",
        "ai_answer_rule": "Generated mile based on Scout MVP4 NJ/NY/CT open route geometry, not an official ATC mile. Use for source-aware planning only."
      },
      "geometry": {
        "type": "Point",
        "coordinates": [
          -74.477245,
          41.235073
        ]
      }
    },
    {
      "type": "Feature",
      "properties": {
        "trail": "Appalachian Trail",
        "route_id": "at-mvp4-nj-ny-ct-delaware-water-gap-ct-ma-open-2026",
        "source_route_id": "at-main-osm-2026-open",
        "mile_nobo_global_est": 1329,
        "mile_nobo_mvp4": 59,
        "mile_sobo_mvp4": 147,
        "state": "NJ",
        "milepoint_type": "generated",
        "official": false,
        "confidence": "estimated_from_open_route_geometry_with_known_length_gap",
        "source_id": "osm",
        "source_url": "https://www.openstreetmap.org/relation/156553",
        "source_access_url": "https://hiking.waymarkedtrails.org/api/v1/details/relation/156553",
        "license_status": "open_license_share_alike",
        "source_license": "ODbL",
        "attribution": "OpenStreetMap contributors",
        "last_checked": "2026-05-13",
        "last_generated": "2026-05-14",
        "ai_answer_rule": "Generated mile based on Scout MVP4 NJ/NY/CT open route geometry, not an official ATC mile. Use for source-aware planning only."
      },
      "geometry": {
        "type": "Point",
        "coordinates": [
          -74.46836,
          41.229821
        ]
      }
    },
    {
      "type": "Feature",
      "properties": {
        "trail": "Appalachian Trail",
        "route_id": "at-mvp4-nj-ny-ct-delaware-water-gap-ct-ma-open-2026",
        "source_route_id": "at-main-osm-2026-open",
        "mile_nobo_global_est": 1330,
        "mile_nobo_mvp4": 60,
        "mile_sobo_mvp4": 146,
        "state": "NJ",
        "milepoint_type": "generated",
        "official": false,
        "confidence": "estimated_from_open_route_geometry_with_known_length_gap",
        "source_id": "osm",
        "source_url": "https://www.openstreetmap.org/relation/156553",
        "source_access_url": "https://hiking.waymarkedtrails.org/api/v1/details/relation/156553",
        "license_status": "open_license_share_alike",
        "source_license": "ODbL",
        "attribution": "OpenStreetMap contributors",
        "last_checked": "2026-05-13",
        "last_generated": "2026-05-14",
        "ai_answer_rule": "Generated mile based on Scout MVP4 NJ/NY/CT open route geometry, not an official ATC mile. Use for source-aware planning only."
      },
      "geometry": {
        "type": "Point",
        "coordinates": [
          -74.456709,
          41.219753
        ]
      }
    },
    {
      "type": "Feature",
      "properties": {
        "trail": "Appalachian Trail",
        "route_id": "at-mvp4-nj-ny-ct-delaware-water-gap-ct-ma-open-2026",
        "source_route_id": "at-main-osm-2026-open",
        "mile_nobo_global_est": 1331,
        "mile_nobo_mvp4": 61,
        "mile_sobo_mvp4": 145,
        "state": "NJ",
        "milepoint_type": "generated",
        "official": false,
        "confidence": "estimated_from_open_route_geometry_with_known_length_gap",
        "source_id": "osm",
        "source_url": "https://www.openstreetmap.org/relation/156553",
        "source_access_url": "https://hiking.waymarkedtrails.org/api/v1/details/relation/156553",
        "license_status": "open_license_share_alike",
        "source_license": "ODbL",
        "attribution": "OpenStreetMap contributors",
        "last_checked": "2026-05-13",
        "last_generated": "2026-05-14",
        "ai_answer_rule": "Generated mile based on Scout MVP4 NJ/NY/CT open route geometry, not an official ATC mile. Use for source-aware planning only."
      },
      "geometry": {
        "type": "Point",
        "coordinates": [
          -74.448595,
          41.211795
        ]
      }
    },
    {
      "type": "Feature",
      "properties": {
        "trail": "Appalachian Trail",
        "route_id": "at-mvp4-nj-ny-ct-delaware-water-gap-ct-ma-open-2026",
        "source_route_id": "at-main-osm-2026-open",
        "mile_nobo_global_est": 1332,
        "mile_nobo_mvp4": 62,
        "mile_sobo_mvp4": 144,
        "state": "NJ",
        "milepoint_type": "generated",
        "official": false,
        "confidence": "estimated_from_open_route_geometry_with_known_length_gap",
        "source_id": "osm",
        "source_url": "https://www.openstreetmap.org/relation/156553",
        "source_access_url": "https://hiking.waymarkedtrails.org/api/v1/details/relation/156553",
        "license_status": "open_license_share_alike",
        "source_license": "ODbL",
        "attribution": "OpenStreetMap contributors",
        "last_checked": "2026-05-13",
        "last_generated": "2026-05-14",
        "ai_answer_rule": "Generated mile based on Scout MVP4 NJ/NY/CT open route geometry, not an official ATC mile. Use for source-aware planning only."
      },
      "geometry": {
        "type": "Point",
        "coordinates": [
          -74.433762,
          41.21478
        ]
      }
    },
    {
      "type": "Feature",
      "properties": {
        "trail": "Appalachian Trail",
        "route_id": "at-mvp4-nj-ny-ct-delaware-water-gap-ct-ma-open-2026",
        "source_route_id": "at-main-osm-2026-open",
        "mile_nobo_global_est": 1333,
        "mile_nobo_mvp4": 63,
        "mile_sobo_mvp4": 143,
        "state": "NJ",
        "milepoint_type": "generated",
        "official": false,
        "confidence": "estimated_from_open_route_geometry_with_known_length_gap",
        "source_id": "osm",
        "source_url": "https://www.openstreetmap.org/relation/156553",
        "source_access_url": "https://hiking.waymarkedtrails.org/api/v1/details/relation/156553",
        "license_status": "open_license_share_alike",
        "source_license": "ODbL",
        "attribution": "OpenStreetMap contributors",
        "last_checked": "2026-05-13",
        "last_generated": "2026-05-14",
        "ai_answer_rule": "Generated mile based on Scout MVP4 NJ/NY/CT open route geometry, not an official ATC mile. Use for source-aware planning only."
      },
      "geometry": {
        "type": "Point",
        "coordinates": [
          -74.418837,
          41.213958
        ]
      }
    },
    {
      "type": "Feature",
      "properties": {
        "trail": "Appalachian Trail",
        "route_id": "at-mvp4-nj-ny-ct-delaware-water-gap-ct-ma-open-2026",
        "source_route_id": "at-main-osm-2026-open",
        "mile_nobo_global_est": 1334,
        "mile_nobo_mvp4": 64,
        "mile_sobo_mvp4": 142,
        "state": "NJ",
        "milepoint_type": "generated",
        "official": false,
        "confidence": "estimated_from_open_route_geometry_with_known_length_gap",
        "source_id": "osm",
        "source_url": "https://www.openstreetmap.org/relation/156553",
        "source_access_url": "https://hiking.waymarkedtrails.org/api/v1/details/relation/156553",
        "license_status": "open_license_share_alike",
        "source_license": "ODbL",
        "attribution": "OpenStreetMap contributors",
        "last_checked": "2026-05-13",
        "last_generated": "2026-05-14",
        "ai_answer_rule": "Generated mile based on Scout MVP4 NJ/NY/CT open route geometry, not an official ATC mile. Use for source-aware planning only."
      },
      "geometry": {
        "type": "Point",
        "coordinates": [
          -74.411571,
          41.203771
        ]
      }
    },
    {
      "type": "Feature",
      "properties": {
        "trail": "Appalachian Trail",
        "route_id": "at-mvp4-nj-ny-ct-delaware-water-gap-ct-ma-open-2026",
        "source_route_id": "at-main-osm-2026-open",
        "mile_nobo_global_est": 1335,
        "mile_nobo_mvp4": 65,
        "mile_sobo_mvp4": 141,
        "state": "NJ",
        "milepoint_type": "generated",
        "official": false,
        "confidence": "estimated_from_open_route_geometry_with_known_length_gap",
        "source_id": "osm",
        "source_url": "https://www.openstreetmap.org/relation/156553",
        "source_access_url": "https://hiking.waymarkedtrails.org/api/v1/details/relation/156553",
        "license_status": "open_license_share_alike",
        "source_license": "ODbL",
        "attribution": "OpenStreetMap contributors",
        "last_checked": "2026-05-13",
        "last_generated": "2026-05-14",
        "ai_answer_rule": "Generated mile based on Scout MVP4 NJ/NY/CT open route geometry, not an official ATC mile. Use for source-aware planning only."
      },
      "geometry": {
        "type": "Point",
        "coordinates": [
          -74.395411,
          41.201083
        ]
      }
    },
    {
      "type": "Feature",
      "properties": {
        "trail": "Appalachian Trail",
        "route_id": "at-mvp4-nj-ny-ct-delaware-water-gap-ct-ma-open-2026",
        "source_route_id": "at-main-osm-2026-open",
        "mile_nobo_global_est": 1336,
        "mile_nobo_mvp4": 66,
        "mile_sobo_mvp4": 140,
        "state": "NY",
        "milepoint_type": "generated",
        "official": false,
        "confidence": "estimated_from_open_route_geometry_with_known_length_gap",
        "source_id": "osm",
        "source_url": "https://www.openstreetmap.org/relation/156553",
        "source_access_url": "https://hiking.waymarkedtrails.org/api/v1/details/relation/156553",
        "license_status": "open_license_share_alike",
        "source_license": "ODbL",
        "attribution": "OpenStreetMap contributors",
        "last_checked": "2026-05-13",
        "last_generated": "2026-05-14",
        "ai_answer_rule": "Generated mile based on Scout MVP4 NJ/NY/CT open route geometry, not an official ATC mile. Use for source-aware planning only."
      },
      "geometry": {
        "type": "Point",
        "coordinates": [
          -74.378234,
          41.199533
        ]
      }
    },
    {
      "type": "Feature",
      "properties": {
        "trail": "Appalachian Trail",
        "route_id": "at-mvp4-nj-ny-ct-delaware-water-gap-ct-ma-open-2026",
        "source_route_id": "at-main-osm-2026-open",
        "mile_nobo_global_est": 1337,
        "mile_nobo_mvp4": 67,
        "mile_sobo_mvp4": 139,
        "state": "NY",
        "milepoint_type": "generated",
        "official": false,
        "confidence": "estimated_from_open_route_geometry_with_known_length_gap",
        "source_id": "osm",
        "source_url": "https://www.openstreetmap.org/relation/156553",
        "source_access_url": "https://hiking.waymarkedtrails.org/api/v1/details/relation/156553",
        "license_status": "open_license_share_alike",
        "source_license": "ODbL",
        "attribution": "OpenStreetMap contributors",
        "last_checked": "2026-05-13",
        "last_generated": "2026-05-14",
        "ai_answer_rule": "Generated mile based on Scout MVP4 NJ/NY/CT open route geometry, not an official ATC mile. Use for source-aware planning only."
      },
      "geometry": {
        "type": "Point",
        "coordinates": [
          -74.364302,
          41.195513
        ]
      }
    },
    {
      "type": "Feature",
      "properties": {
        "trail": "Appalachian Trail",
        "route_id": "at-mvp4-nj-ny-ct-delaware-water-gap-ct-ma-open-2026",
        "source_route_id": "at-main-osm-2026-open",
        "mile_nobo_global_est": 1338,
        "mile_nobo_mvp4": 68,
        "mile_sobo_mvp4": 138,
        "state": "NY",
        "milepoint_type": "generated",
        "official": false,
        "confidence": "estimated_from_open_route_geometry_with_known_length_gap",
        "source_id": "osm",
        "source_url": "https://www.openstreetmap.org/relation/156553",
        "source_access_url": "https://hiking.waymarkedtrails.org/api/v1/details/relation/156553",
        "license_status": "open_license_share_alike",
        "source_license": "ODbL",
        "attribution": "OpenStreetMap contributors",
        "last_checked": "2026-05-13",
        "last_generated": "2026-05-14",
        "ai_answer_rule": "Generated mile based on Scout MVP4 NJ/NY/CT open route geometry, not an official ATC mile. Use for source-aware planning only."
      },
      "geometry": {
        "type": "Point",
        "coordinates": [
          -74.350096,
          41.192881
        ]
      }
    },
    {
      "type": "Feature",
      "properties": {
        "trail": "Appalachian Trail",
        "route_id": "at-mvp4-nj-ny-ct-delaware-water-gap-ct-ma-open-2026",
        "source_route_id": "at-main-osm-2026-open",
        "mile_nobo_global_est": 1339,
        "mile_nobo_mvp4": 69,
        "mile_sobo_mvp4": 137,
        "state": "NY",
        "milepoint_type": "generated",
        "official": false,
        "confidence": "estimated_from_open_route_geometry_with_known_length_gap",
        "source_id": "osm",
        "source_url": "https://www.openstreetmap.org/relation/156553",
        "source_access_url": "https://hiking.waymarkedtrails.org/api/v1/details/relation/156553",
        "license_status": "open_license_share_alike",
        "source_license": "ODbL",
        "attribution": "OpenStreetMap contributors",
        "last_checked": "2026-05-13",
        "last_generated": "2026-05-14",
        "ai_answer_rule": "Generated mile based on Scout MVP4 NJ/NY/CT open route geometry, not an official ATC mile. Use for source-aware planning only."
      },
      "geometry": {
        "type": "Point",
        "coordinates": [
          -74.33885,
          41.195039
        ]
      }
    },
    {
      "type": "Feature",
      "properties": {
        "trail": "Appalachian Trail",
        "route_id": "at-mvp4-nj-ny-ct-delaware-water-gap-ct-ma-open-2026",
        "source_route_id": "at-main-osm-2026-open",
        "mile_nobo_global_est": 1340,
        "mile_nobo_mvp4": 70,
        "mile_sobo_mvp4": 136,
        "state": "NY",
        "milepoint_type": "generated",
        "official": false,
        "confidence": "estimated_from_open_route_geometry_with_known_length_gap",
        "source_id": "osm",
        "source_url": "https://www.openstreetmap.org/relation/156553",
        "source_access_url": "https://hiking.waymarkedtrails.org/api/v1/details/relation/156553",
        "license_status": "open_license_share_alike",
        "source_license": "ODbL",
        "attribution": "OpenStreetMap contributors",
        "last_checked": "2026-05-13",
        "last_generated": "2026-05-14",
        "ai_answer_rule": "Generated mile based on Scout MVP4 NJ/NY/CT open route geometry, not an official ATC mile. Use for source-aware planning only."
      },
      "geometry": {
        "type": "Point",
        "coordinates": [
          -74.325109,
          41.202549
        ]
      }
    },
    {
      "type": "Feature",
      "properties": {
        "trail": "Appalachian Trail",
        "route_id": "at-mvp4-nj-ny-ct-delaware-water-gap-ct-ma-open-2026",
        "source_route_id": "at-main-osm-2026-open",
        "mile_nobo_global_est": 1341,
        "mile_nobo_mvp4": 71,
        "mile_sobo_mvp4": 135,
        "state": "NY",
        "milepoint_type": "generated",
        "official": false,
        "confidence": "estimated_from_open_route_geometry_with_known_length_gap",
        "source_id": "osm",
        "source_url": "https://www.openstreetmap.org/relation/156553",
        "source_access_url": "https://hiking.waymarkedtrails.org/api/v1/details/relation/156553",
        "license_status": "open_license_share_alike",
        "source_license": "ODbL",
        "attribution": "OpenStreetMap contributors",
        "last_checked": "2026-05-13",
        "last_generated": "2026-05-14",
        "ai_answer_rule": "Generated mile based on Scout MVP4 NJ/NY/CT open route geometry, not an official ATC mile. Use for source-aware planning only."
      },
      "geometry": {
        "type": "Point",
        "coordinates": [
          -74.316429,
          41.21322
        ]
      }
    },
    {
      "type": "Feature",
      "properties": {
        "trail": "Appalachian Trail",
        "route_id": "at-mvp4-nj-ny-ct-delaware-water-gap-ct-ma-open-2026",
        "source_route_id": "at-main-osm-2026-open",
        "mile_nobo_global_est": 1342,
        "mile_nobo_mvp4": 72,
        "mile_sobo_mvp4": 134,
        "state": "NY",
        "milepoint_type": "generated",
        "official": false,
        "confidence": "estimated_from_open_route_geometry_with_known_length_gap",
        "source_id": "osm",
        "source_url": "https://www.openstreetmap.org/relation/156553",
        "source_access_url": "https://hiking.waymarkedtrails.org/api/v1/details/relation/156553",
        "license_status": "open_license_share_alike",
        "source_license": "ODbL",
        "attribution": "OpenStreetMap contributors",
        "last_checked": "2026-05-13",
        "last_generated": "2026-05-14",
        "ai_answer_rule": "Generated mile based on Scout MVP4 NJ/NY/CT open route geometry, not an official ATC mile. Use for source-aware planning only."
      },
      "geometry": {
        "type": "Point",
        "coordinates": [
          -74.307021,
          41.22536
        ]
      }
    },
    {
      "type": "Feature",
      "properties": {
        "trail": "Appalachian Trail",
        "route_id": "at-mvp4-nj-ny-ct-delaware-water-gap-ct-ma-open-2026",
        "source_route_id": "at-main-osm-2026-open",
        "mile_nobo_global_est": 1343,
        "mile_nobo_mvp4": 73,
        "mile_sobo_mvp4": 133,
        "state": "NY",
        "milepoint_type": "generated",
        "official": false,
        "confidence": "estimated_from_open_route_geometry_with_known_length_gap",
        "source_id": "osm",
        "source_url": "https://www.openstreetmap.org/relation/156553",
        "source_access_url": "https://hiking.waymarkedtrails.org/api/v1/details/relation/156553",
        "license_status": "open_license_share_alike",
        "source_license": "ODbL",
        "attribution": "OpenStreetMap contributors",
        "last_checked": "2026-05-13",
        "last_generated": "2026-05-14",
        "ai_answer_rule": "Generated mile based on Scout MVP4 NJ/NY/CT open route geometry, not an official ATC mile. Use for source-aware planning only."
      },
      "geometry": {
        "type": "Point",
        "coordinates": [
          -74.29477,
          41.235598
        ]
      }
    },
    {
      "type": "Feature",
      "properties": {
        "trail": "Appalachian Trail",
        "route_id": "at-mvp4-nj-ny-ct-delaware-water-gap-ct-ma-open-2026",
        "source_route_id": "at-main-osm-2026-open",
        "mile_nobo_global_est": 1344,
        "mile_nobo_mvp4": 74,
        "mile_sobo_mvp4": 132,
        "state": "NY",
        "milepoint_type": "generated",
        "official": false,
        "confidence": "estimated_from_open_route_geometry_with_known_length_gap",
        "source_id": "osm",
        "source_url": "https://www.openstreetmap.org/relation/156553",
        "source_access_url": "https://hiking.waymarkedtrails.org/api/v1/details/relation/156553",
        "license_status": "open_license_share_alike",
        "source_license": "ODbL",
        "attribution": "OpenStreetMap contributors",
        "last_checked": "2026-05-13",
        "last_generated": "2026-05-14",
        "ai_answer_rule": "Generated mile based on Scout MVP4 NJ/NY/CT open route geometry, not an official ATC mile. Use for source-aware planning only."
      },
      "geometry": {
        "type": "Point",
        "coordinates": [
          -74.284817,
          41.246435
        ]
      }
    },
    {
      "type": "Feature",
      "properties": {
        "trail": "Appalachian Trail",
        "route_id": "at-mvp4-nj-ny-ct-delaware-water-gap-ct-ma-open-2026",
        "source_route_id": "at-main-osm-2026-open",
        "mile_nobo_global_est": 1345,
        "mile_nobo_mvp4": 75,
        "mile_sobo_mvp4": 131,
        "state": "NY",
        "milepoint_type": "generated",
        "official": false,
        "confidence": "estimated_from_open_route_geometry_with_known_length_gap",
        "source_id": "osm",
        "source_url": "https://www.openstreetmap.org/relation/156553",
        "source_access_url": "https://hiking.waymarkedtrails.org/api/v1/details/relation/156553",
        "license_status": "open_license_share_alike",
        "source_license": "ODbL",
        "attribution": "OpenStreetMap contributors",
        "last_checked": "2026-05-13",
        "last_generated": "2026-05-14",
        "ai_answer_rule": "Generated mile based on Scout MVP4 NJ/NY/CT open route geometry, not an official ATC mile. Use for source-aware planning only."
      },
      "geometry": {
        "type": "Point",
        "coordinates": [
          -74.275845,
          41.258561
        ]
      }
    },
    {
      "type": "Feature",
      "properties": {
        "trail": "Appalachian Trail",
        "route_id": "at-mvp4-nj-ny-ct-delaware-water-gap-ct-ma-open-2026",
        "source_route_id": "at-main-osm-2026-open",
        "mile_nobo_global_est": 1346,
        "mile_nobo_mvp4": 76,
        "mile_sobo_mvp4": 130,
        "state": "NY",
        "milepoint_type": "generated",
        "official": false,
        "confidence": "estimated_from_open_route_geometry_with_known_length_gap",
        "source_id": "osm",
        "source_url": "https://www.openstreetmap.org/relation/156553",
        "source_access_url": "https://hiking.waymarkedtrails.org/api/v1/details/relation/156553",
        "license_status": "open_license_share_alike",
        "source_license": "ODbL",
        "attribution": "OpenStreetMap contributors",
        "last_checked": "2026-05-13",
        "last_generated": "2026-05-14",
        "ai_answer_rule": "Generated mile based on Scout MVP4 NJ/NY/CT open route geometry, not an official ATC mile. Use for source-aware planning only."
      },
      "geometry": {
        "type": "Point",
        "coordinates": [
          -74.266126,
          41.268821
        ]
      }
    },
    {
      "type": "Feature",
      "properties": {
        "trail": "Appalachian Trail",
        "route_id": "at-mvp4-nj-ny-ct-delaware-water-gap-ct-ma-open-2026",
        "source_route_id": "at-main-osm-2026-open",
        "mile_nobo_global_est": 1347,
        "mile_nobo_mvp4": 77,
        "mile_sobo_mvp4": 129,
        "state": "NY",
        "milepoint_type": "generated",
        "official": false,
        "confidence": "estimated_from_open_route_geometry_with_known_length_gap",
        "source_id": "osm",
        "source_url": "https://www.openstreetmap.org/relation/156553",
        "source_access_url": "https://hiking.waymarkedtrails.org/api/v1/details/relation/156553",
        "license_status": "open_license_share_alike",
        "source_license": "ODbL",
        "attribution": "OpenStreetMap contributors",
        "last_checked": "2026-05-13",
        "last_generated": "2026-05-14",
        "ai_answer_rule": "Generated mile based on Scout MVP4 NJ/NY/CT open route geometry, not an official ATC mile. Use for source-aware planning only."
      },
      "geometry": {
        "type": "Point",
        "coordinates": [
          -74.25696,
          41.275756
        ]
      }
    },
    {
      "type": "Feature",
      "properties": {
        "trail": "Appalachian Trail",
        "route_id": "at-mvp4-nj-ny-ct-delaware-water-gap-ct-ma-open-2026",
        "source_route_id": "at-main-osm-2026-open",
        "mile_nobo_global_est": 1348,
        "mile_nobo_mvp4": 78,
        "mile_sobo_mvp4": 128,
        "state": "NY",
        "milepoint_type": "generated",
        "official": false,
        "confidence": "estimated_from_open_route_geometry_with_known_length_gap",
        "source_id": "osm",
        "source_url": "https://www.openstreetmap.org/relation/156553",
        "source_access_url": "https://hiking.waymarkedtrails.org/api/v1/details/relation/156553",
        "license_status": "open_license_share_alike",
        "source_license": "ODbL",
        "attribution": "OpenStreetMap contributors",
        "last_checked": "2026-05-13",
        "last_generated": "2026-05-14",
        "ai_answer_rule": "Generated mile based on Scout MVP4 NJ/NY/CT open route geometry, not an official ATC mile. Use for source-aware planning only."
      },
      "geometry": {
        "type": "Point",
        "coordinates": [
          -74.244417,
          41.268831
        ]
      }
    },
    {
      "type": "Feature",
      "properties": {
        "trail": "Appalachian Trail",
        "route_id": "at-mvp4-nj-ny-ct-delaware-water-gap-ct-ma-open-2026",
        "source_route_id": "at-main-osm-2026-open",
        "mile_nobo_global_est": 1349,
        "mile_nobo_mvp4": 79,
        "mile_sobo_mvp4": 127,
        "state": "NY",
        "milepoint_type": "generated",
        "official": false,
        "confidence": "estimated_from_open_route_geometry_with_known_length_gap",
        "source_id": "osm",
        "source_url": "https://www.openstreetmap.org/relation/156553",
        "source_access_url": "https://hiking.waymarkedtrails.org/api/v1/details/relation/156553",
        "license_status": "open_license_share_alike",
        "source_license": "ODbL",
        "attribution": "OpenStreetMap contributors",
        "last_checked": "2026-05-13",
        "last_generated": "2026-05-14",
        "ai_answer_rule": "Generated mile based on Scout MVP4 NJ/NY/CT open route geometry, not an official ATC mile. Use for source-aware planning only."
      },
      "geometry": {
        "type": "Point",
        "coordinates": [
          -74.229202,
          41.272581
        ]
      }
    },
    {
      "type": "Feature",
      "properties": {
        "trail": "Appalachian Trail",
        "route_id": "at-mvp4-nj-ny-ct-delaware-water-gap-ct-ma-open-2026",
        "source_route_id": "at-main-osm-2026-open",
        "mile_nobo_global_est": 1350,
        "mile_nobo_mvp4": 80,
        "mile_sobo_mvp4": 126,
        "state": "NY",
        "milepoint_type": "generated",
        "official": false,
        "confidence": "estimated_from_open_route_geometry_with_known_length_gap",
        "source_id": "osm",
        "source_url": "https://www.openstreetmap.org/relation/156553",
        "source_access_url": "https://hiking.waymarkedtrails.org/api/v1/details/relation/156553",
        "license_status": "open_license_share_alike",
        "source_license": "ODbL",
        "attribution": "OpenStreetMap contributors",
        "last_checked": "2026-05-13",
        "last_generated": "2026-05-14",
        "ai_answer_rule": "Generated mile based on Scout MVP4 NJ/NY/CT open route geometry, not an official ATC mile. Use for source-aware planning only."
      },
      "geometry": {
        "type": "Point",
        "coordinates": [
          -74.218946,
          41.269672
        ]
      }
    },
    {
      "type": "Feature",
      "properties": {
        "trail": "Appalachian Trail",
        "route_id": "at-mvp4-nj-ny-ct-delaware-water-gap-ct-ma-open-2026",
        "source_route_id": "at-main-osm-2026-open",
        "mile_nobo_global_est": 1351,
        "mile_nobo_mvp4": 81,
        "mile_sobo_mvp4": 125,
        "state": "NY",
        "milepoint_type": "generated",
        "official": false,
        "confidence": "estimated_from_open_route_geometry_with_known_length_gap",
        "source_id": "osm",
        "source_url": "https://www.openstreetmap.org/relation/156553",
        "source_access_url": "https://hiking.waymarkedtrails.org/api/v1/details/relation/156553",
        "license_status": "open_license_share_alike",
        "source_license": "ODbL",
        "attribution": "OpenStreetMap contributors",
        "last_checked": "2026-05-13",
        "last_generated": "2026-05-14",
        "ai_answer_rule": "Generated mile based on Scout MVP4 NJ/NY/CT open route geometry, not an official ATC mile. Use for source-aware planning only."
      },
      "geometry": {
        "type": "Point",
        "coordinates": [
          -74.206896,
          41.267679
        ]
      }
    },
    {
      "type": "Feature",
      "properties": {
        "trail": "Appalachian Trail",
        "route_id": "at-mvp4-nj-ny-ct-delaware-water-gap-ct-ma-open-2026",
        "source_route_id": "at-main-osm-2026-open",
        "mile_nobo_global_est": 1352,
        "mile_nobo_mvp4": 82,
        "mile_sobo_mvp4": 124,
        "state": "NY",
        "milepoint_type": "generated",
        "official": false,
        "confidence": "estimated_from_open_route_geometry_with_known_length_gap",
        "source_id": "osm",
        "source_url": "https://www.openstreetmap.org/relation/156553",
        "source_access_url": "https://hiking.waymarkedtrails.org/api/v1/details/relation/156553",
        "license_status": "open_license_share_alike",
        "source_license": "ODbL",
        "attribution": "OpenStreetMap contributors",
        "last_checked": "2026-05-13",
        "last_generated": "2026-05-14",
        "ai_answer_rule": "Generated mile based on Scout MVP4 NJ/NY/CT open route geometry, not an official ATC mile. Use for source-aware planning only."
      },
      "geometry": {
        "type": "Point",
        "coordinates": [
          -74.193189,
          41.266366
        ]
      }
    },
    {
      "type": "Feature",
      "properties": {
        "trail": "Appalachian Trail",
        "route_id": "at-mvp4-nj-ny-ct-delaware-water-gap-ct-ma-open-2026",
        "source_route_id": "at-main-osm-2026-open",
        "mile_nobo_global_est": 1353,
        "mile_nobo_mvp4": 83,
        "mile_sobo_mvp4": 123,
        "state": "NY",
        "milepoint_type": "generated",
        "official": false,
        "confidence": "estimated_from_open_route_geometry_with_known_length_gap",
        "source_id": "osm",
        "source_url": "https://www.openstreetmap.org/relation/156553",
        "source_access_url": "https://hiking.waymarkedtrails.org/api/v1/details/relation/156553",
        "license_status": "open_license_share_alike",
        "source_license": "ODbL",
        "attribution": "OpenStreetMap contributors",
        "last_checked": "2026-05-13",
        "last_generated": "2026-05-14",
        "ai_answer_rule": "Generated mile based on Scout MVP4 NJ/NY/CT open route geometry, not an official ATC mile. Use for source-aware planning only."
      },
      "geometry": {
        "type": "Point",
        "coordinates": [
          -74.183196,
          41.267394
        ]
      }
    },
    {
      "type": "Feature",
      "properties": {
        "trail": "Appalachian Trail",
        "route_id": "at-mvp4-nj-ny-ct-delaware-water-gap-ct-ma-open-2026",
        "source_route_id": "at-main-osm-2026-open",
        "mile_nobo_global_est": 1354,
        "mile_nobo_mvp4": 84,
        "mile_sobo_mvp4": 122,
        "state": "NY",
        "milepoint_type": "generated",
        "official": false,
        "confidence": "estimated_from_open_route_geometry_with_known_length_gap",
        "source_id": "osm",
        "source_url": "https://www.openstreetmap.org/relation/156553",
        "source_access_url": "https://hiking.waymarkedtrails.org/api/v1/details/relation/156553",
        "license_status": "open_license_share_alike",
        "source_license": "ODbL",
        "attribution": "OpenStreetMap contributors",
        "last_checked": "2026-05-13",
        "last_generated": "2026-05-14",
        "ai_answer_rule": "Generated mile based on Scout MVP4 NJ/NY/CT open route geometry, not an official ATC mile. Use for source-aware planning only."
      },
      "geometry": {
        "type": "Point",
        "coordinates": [
          -74.169768,
          41.272175
        ]
      }
    },
    {
      "type": "Feature",
      "properties": {
        "trail": "Appalachian Trail",
        "route_id": "at-mvp4-nj-ny-ct-delaware-water-gap-ct-ma-open-2026",
        "source_route_id": "at-main-osm-2026-open",
        "mile_nobo_global_est": 1355,
        "mile_nobo_mvp4": 85,
        "mile_sobo_mvp4": 121,
        "state": "NY",
        "milepoint_type": "generated",
        "official": false,
        "confidence": "estimated_from_open_route_geometry_with_known_length_gap",
        "source_id": "osm",
        "source_url": "https://www.openstreetmap.org/relation/156553",
        "source_access_url": "https://hiking.waymarkedtrails.org/api/v1/details/relation/156553",
        "license_status": "open_license_share_alike",
        "source_license": "ODbL",
        "attribution": "OpenStreetMap contributors",
        "last_checked": "2026-05-13",
        "last_generated": "2026-05-14",
        "ai_answer_rule": "Generated mile based on Scout MVP4 NJ/NY/CT open route geometry, not an official ATC mile. Use for source-aware planning only."
      },
      "geometry": {
        "type": "Point",
        "coordinates": [
          -74.157198,
          41.266286
        ]
      }
    },
    {
      "type": "Feature",
      "properties": {
        "trail": "Appalachian Trail",
        "route_id": "at-mvp4-nj-ny-ct-delaware-water-gap-ct-ma-open-2026",
        "source_route_id": "at-main-osm-2026-open",
        "mile_nobo_global_est": 1356,
        "mile_nobo_mvp4": 86,
        "mile_sobo_mvp4": 120,
        "state": "NY",
        "milepoint_type": "generated",
        "official": false,
        "confidence": "estimated_from_open_route_geometry_with_known_length_gap",
        "source_id": "osm",
        "source_url": "https://www.openstreetmap.org/relation/156553",
        "source_access_url": "https://hiking.waymarkedtrails.org/api/v1/details/relation/156553",
        "license_status": "open_license_share_alike",
        "source_license": "ODbL",
        "attribution": "OpenStreetMap contributors",
        "last_checked": "2026-05-13",
        "last_generated": "2026-05-14",
        "ai_answer_rule": "Generated mile based on Scout MVP4 NJ/NY/CT open route geometry, not an official ATC mile. Use for source-aware planning only."
      },
      "geometry": {
        "type": "Point",
        "coordinates": [
          -74.1466,
          41.260517
        ]
      }
    },
    {
      "type": "Feature",
      "properties": {
        "trail": "Appalachian Trail",
        "route_id": "at-mvp4-nj-ny-ct-delaware-water-gap-ct-ma-open-2026",
        "source_route_id": "at-main-osm-2026-open",
        "mile_nobo_global_est": 1357,
        "mile_nobo_mvp4": 87,
        "mile_sobo_mvp4": 119,
        "state": "NY",
        "milepoint_type": "generated",
        "official": false,
        "confidence": "estimated_from_open_route_geometry_with_known_length_gap",
        "source_id": "osm",
        "source_url": "https://www.openstreetmap.org/relation/156553",
        "source_access_url": "https://hiking.waymarkedtrails.org/api/v1/details/relation/156553",
        "license_status": "open_license_share_alike",
        "source_license": "ODbL",
        "attribution": "OpenStreetMap contributors",
        "last_checked": "2026-05-13",
        "last_generated": "2026-05-14",
        "ai_answer_rule": "Generated mile based on Scout MVP4 NJ/NY/CT open route geometry, not an official ATC mile. Use for source-aware planning only."
      },
      "geometry": {
        "type": "Point",
        "coordinates": [
          -74.133694,
          41.2583
        ]
      }
    },
    {
      "type": "Feature",
      "properties": {
        "trail": "Appalachian Trail",
        "route_id": "at-mvp4-nj-ny-ct-delaware-water-gap-ct-ma-open-2026",
        "source_route_id": "at-main-osm-2026-open",
        "mile_nobo_global_est": 1358,
        "mile_nobo_mvp4": 88,
        "mile_sobo_mvp4": 118,
        "state": "NY",
        "milepoint_type": "generated",
        "official": false,
        "confidence": "estimated_from_open_route_geometry_with_known_length_gap",
        "source_id": "osm",
        "source_url": "https://www.openstreetmap.org/relation/156553",
        "source_access_url": "https://hiking.waymarkedtrails.org/api/v1/details/relation/156553",
        "license_status": "open_license_share_alike",
        "source_license": "ODbL",
        "attribution": "OpenStreetMap contributors",
        "last_checked": "2026-05-13",
        "last_generated": "2026-05-14",
        "ai_answer_rule": "Generated mile based on Scout MVP4 NJ/NY/CT open route geometry, not an official ATC mile. Use for source-aware planning only."
      },
      "geometry": {
        "type": "Point",
        "coordinates": [
          -74.121794,
          41.262069
        ]
      }
    },
    {
      "type": "Feature",
      "properties": {
        "trail": "Appalachian Trail",
        "route_id": "at-mvp4-nj-ny-ct-delaware-water-gap-ct-ma-open-2026",
        "source_route_id": "at-main-osm-2026-open",
        "mile_nobo_global_est": 1359,
        "mile_nobo_mvp4": 89,
        "mile_sobo_mvp4": 117,
        "state": "NY",
        "milepoint_type": "generated",
        "official": false,
        "confidence": "estimated_from_open_route_geometry_with_known_length_gap",
        "source_id": "osm",
        "source_url": "https://www.openstreetmap.org/relation/156553",
        "source_access_url": "https://hiking.waymarkedtrails.org/api/v1/details/relation/156553",
        "license_status": "open_license_share_alike",
        "source_license": "ODbL",
        "attribution": "OpenStreetMap contributors",
        "last_checked": "2026-05-13",
        "last_generated": "2026-05-14",
        "ai_answer_rule": "Generated mile based on Scout MVP4 NJ/NY/CT open route geometry, not an official ATC mile. Use for source-aware planning only."
      },
      "geometry": {
        "type": "Point",
        "coordinates": [
          -74.107387,
          41.263112
        ]
      }
    },
    {
      "type": "Feature",
      "properties": {
        "trail": "Appalachian Trail",
        "route_id": "at-mvp4-nj-ny-ct-delaware-water-gap-ct-ma-open-2026",
        "source_route_id": "at-main-osm-2026-open",
        "mile_nobo_global_est": 1360,
        "mile_nobo_mvp4": 90,
        "mile_sobo_mvp4": 116,
        "state": "NY",
        "milepoint_type": "generated",
        "official": false,
        "confidence": "estimated_from_open_route_geometry_with_known_length_gap",
        "source_id": "osm",
        "source_url": "https://www.openstreetmap.org/relation/156553",
        "source_access_url": "https://hiking.waymarkedtrails.org/api/v1/details/relation/156553",
        "license_status": "open_license_share_alike",
        "source_license": "ODbL",
        "attribution": "OpenStreetMap contributors",
        "last_checked": "2026-05-13",
        "last_generated": "2026-05-14",
        "ai_answer_rule": "Generated mile based on Scout MVP4 NJ/NY/CT open route geometry, not an official ATC mile. Use for source-aware planning only."
      },
      "geometry": {
        "type": "Point",
        "coordinates": [
          -74.095816,
          41.271768
        ]
      }
    },
    {
      "type": "Feature",
      "properties": {
        "trail": "Appalachian Trail",
        "route_id": "at-mvp4-nj-ny-ct-delaware-water-gap-ct-ma-open-2026",
        "source_route_id": "at-main-osm-2026-open",
        "mile_nobo_global_est": 1361,
        "mile_nobo_mvp4": 91,
        "mile_sobo_mvp4": 115,
        "state": "NY",
        "milepoint_type": "generated",
        "official": false,
        "confidence": "estimated_from_open_route_geometry_with_known_length_gap",
        "source_id": "osm",
        "source_url": "https://www.openstreetmap.org/relation/156553",
        "source_access_url": "https://hiking.waymarkedtrails.org/api/v1/details/relation/156553",
        "license_status": "open_license_share_alike",
        "source_license": "ODbL",
        "attribution": "OpenStreetMap contributors",
        "last_checked": "2026-05-13",
        "last_generated": "2026-05-14",
        "ai_answer_rule": "Generated mile based on Scout MVP4 NJ/NY/CT open route geometry, not an official ATC mile. Use for source-aware planning only."
      },
      "geometry": {
        "type": "Point",
        "coordinates": [
          -74.088168,
          41.282509
        ]
      }
    },
    {
      "type": "Feature",
      "properties": {
        "trail": "Appalachian Trail",
        "route_id": "at-mvp4-nj-ny-ct-delaware-water-gap-ct-ma-open-2026",
        "source_route_id": "at-main-osm-2026-open",
        "mile_nobo_global_est": 1362,
        "mile_nobo_mvp4": 92,
        "mile_sobo_mvp4": 114,
        "state": "NY",
        "milepoint_type": "generated",
        "official": false,
        "confidence": "estimated_from_open_route_geometry_with_known_length_gap",
        "source_id": "osm",
        "source_url": "https://www.openstreetmap.org/relation/156553",
        "source_access_url": "https://hiking.waymarkedtrails.org/api/v1/details/relation/156553",
        "license_status": "open_license_share_alike",
        "source_license": "ODbL",
        "attribution": "OpenStreetMap contributors",
        "last_checked": "2026-05-13",
        "last_generated": "2026-05-14",
        "ai_answer_rule": "Generated mile based on Scout MVP4 NJ/NY/CT open route geometry, not an official ATC mile. Use for source-aware planning only."
      },
      "geometry": {
        "type": "Point",
        "coordinates": [
          -74.078337,
          41.290962
        ]
      }
    },
    {
      "type": "Feature",
      "properties": {
        "trail": "Appalachian Trail",
        "route_id": "at-mvp4-nj-ny-ct-delaware-water-gap-ct-ma-open-2026",
        "source_route_id": "at-main-osm-2026-open",
        "mile_nobo_global_est": 1363,
        "mile_nobo_mvp4": 93,
        "mile_sobo_mvp4": 113,
        "state": "NY",
        "milepoint_type": "generated",
        "official": false,
        "confidence": "estimated_from_open_route_geometry_with_known_length_gap",
        "source_id": "osm",
        "source_url": "https://www.openstreetmap.org/relation/156553",
        "source_access_url": "https://hiking.waymarkedtrails.org/api/v1/details/relation/156553",
        "license_status": "open_license_share_alike",
        "source_license": "ODbL",
        "attribution": "OpenStreetMap contributors",
        "last_checked": "2026-05-13",
        "last_generated": "2026-05-14",
        "ai_answer_rule": "Generated mile based on Scout MVP4 NJ/NY/CT open route geometry, not an official ATC mile. Use for source-aware planning only."
      },
      "geometry": {
        "type": "Point",
        "coordinates": [
          -74.072315,
          41.280536
        ]
      }
    },
    {
      "type": "Feature",
      "properties": {
        "trail": "Appalachian Trail",
        "route_id": "at-mvp4-nj-ny-ct-delaware-water-gap-ct-ma-open-2026",
        "source_route_id": "at-main-osm-2026-open",
        "mile_nobo_global_est": 1364,
        "mile_nobo_mvp4": 94,
        "mile_sobo_mvp4": 112,
        "state": "NY",
        "milepoint_type": "generated",
        "official": false,
        "confidence": "estimated_from_open_route_geometry_with_known_length_gap",
        "source_id": "osm",
        "source_url": "https://www.openstreetmap.org/relation/156553",
        "source_access_url": "https://hiking.waymarkedtrails.org/api/v1/details/relation/156553",
        "license_status": "open_license_share_alike",
        "source_license": "ODbL",
        "attribution": "OpenStreetMap contributors",
        "last_checked": "2026-05-13",
        "last_generated": "2026-05-14",
        "ai_answer_rule": "Generated mile based on Scout MVP4 NJ/NY/CT open route geometry, not an official ATC mile. Use for source-aware planning only."
      },
      "geometry": {
        "type": "Point",
        "coordinates": [
          -74.060266,
          41.276393
        ]
      }
    },
    {
      "type": "Feature",
      "properties": {
        "trail": "Appalachian Trail",
        "route_id": "at-mvp4-nj-ny-ct-delaware-water-gap-ct-ma-open-2026",
        "source_route_id": "at-main-osm-2026-open",
        "mile_nobo_global_est": 1365,
        "mile_nobo_mvp4": 95,
        "mile_sobo_mvp4": 111,
        "state": "NY",
        "milepoint_type": "generated",
        "official": false,
        "confidence": "estimated_from_open_route_geometry_with_known_length_gap",
        "source_id": "osm",
        "source_url": "https://www.openstreetmap.org/relation/156553",
        "source_access_url": "https://hiking.waymarkedtrails.org/api/v1/details/relation/156553",
        "license_status": "open_license_share_alike",
        "source_license": "ODbL",
        "attribution": "OpenStreetMap contributors",
        "last_checked": "2026-05-13",
        "last_generated": "2026-05-14",
        "ai_answer_rule": "Generated mile based on Scout MVP4 NJ/NY/CT open route geometry, not an official ATC mile. Use for source-aware planning only."
      },
      "geometry": {
        "type": "Point",
        "coordinates": [
          -74.047541,
          41.284425
        ]
      }
    },
    {
      "type": "Feature",
      "properties": {
        "trail": "Appalachian Trail",
        "route_id": "at-mvp4-nj-ny-ct-delaware-water-gap-ct-ma-open-2026",
        "source_route_id": "at-main-osm-2026-open",
        "mile_nobo_global_est": 1366,
        "mile_nobo_mvp4": 96,
        "mile_sobo_mvp4": 110,
        "state": "NY",
        "milepoint_type": "generated",
        "official": false,
        "confidence": "estimated_from_open_route_geometry_with_known_length_gap",
        "source_id": "osm",
        "source_url": "https://www.openstreetmap.org/relation/156553",
        "source_access_url": "https://hiking.waymarkedtrails.org/api/v1/details/relation/156553",
        "license_status": "open_license_share_alike",
        "source_license": "ODbL",
        "attribution": "OpenStreetMap contributors",
        "last_checked": "2026-05-13",
        "last_generated": "2026-05-14",
        "ai_answer_rule": "Generated mile based on Scout MVP4 NJ/NY/CT open route geometry, not an official ATC mile. Use for source-aware planning only."
      },
      "geometry": {
        "type": "Point",
        "coordinates": [
          -74.033944,
          41.282843
        ]
      }
    },
    {
      "type": "Feature",
      "properties": {
        "trail": "Appalachian Trail",
        "route_id": "at-mvp4-nj-ny-ct-delaware-water-gap-ct-ma-open-2026",
        "source_route_id": "at-main-osm-2026-open",
        "mile_nobo_global_est": 1367,
        "mile_nobo_mvp4": 97,
        "mile_sobo_mvp4": 109,
        "state": "NY",
        "milepoint_type": "generated",
        "official": false,
        "confidence": "estimated_from_open_route_geometry_with_known_length_gap",
        "source_id": "osm",
        "source_url": "https://www.openstreetmap.org/relation/156553",
        "source_access_url": "https://hiking.waymarkedtrails.org/api/v1/details/relation/156553",
        "license_status": "open_license_share_alike",
        "source_license": "ODbL",
        "attribution": "OpenStreetMap contributors",
        "last_checked": "2026-05-13",
        "last_generated": "2026-05-14",
        "ai_answer_rule": "Generated mile based on Scout MVP4 NJ/NY/CT open route geometry, not an official ATC mile. Use for source-aware planning only."
      },
      "geometry": {
        "type": "Point",
        "coordinates": [
          -74.034706,
          41.295577
        ]
      }
    },
    {
      "type": "Feature",
      "properties": {
        "trail": "Appalachian Trail",
        "route_id": "at-mvp4-nj-ny-ct-delaware-water-gap-ct-ma-open-2026",
        "source_route_id": "at-main-osm-2026-open",
        "mile_nobo_global_est": 1368,
        "mile_nobo_mvp4": 98,
        "mile_sobo_mvp4": 108,
        "state": "NY",
        "milepoint_type": "generated",
        "official": false,
        "confidence": "estimated_from_open_route_geometry_with_known_length_gap",
        "source_id": "osm",
        "source_url": "https://www.openstreetmap.org/relation/156553",
        "source_access_url": "https://hiking.waymarkedtrails.org/api/v1/details/relation/156553",
        "license_status": "open_license_share_alike",
        "source_license": "ODbL",
        "attribution": "OpenStreetMap contributors",
        "last_checked": "2026-05-13",
        "last_generated": "2026-05-14",
        "ai_answer_rule": "Generated mile based on Scout MVP4 NJ/NY/CT open route geometry, not an official ATC mile. Use for source-aware planning only."
      },
      "geometry": {
        "type": "Point",
        "coordinates": [
          -74.031265,
          41.298313
        ]
      }
    },
    {
      "type": "Feature",
      "properties": {
        "trail": "Appalachian Trail",
        "route_id": "at-mvp4-nj-ny-ct-delaware-water-gap-ct-ma-open-2026",
        "source_route_id": "at-main-osm-2026-open",
        "mile_nobo_global_est": 1369,
        "mile_nobo_mvp4": 99,
        "mile_sobo_mvp4": 107,
        "state": "NY",
        "milepoint_type": "generated",
        "official": false,
        "confidence": "estimated_from_open_route_geometry_with_known_length_gap",
        "source_id": "osm",
        "source_url": "https://www.openstreetmap.org/relation/156553",
        "source_access_url": "https://hiking.waymarkedtrails.org/api/v1/details/relation/156553",
        "license_status": "open_license_share_alike",
        "source_license": "ODbL",
        "attribution": "OpenStreetMap contributors",
        "last_checked": "2026-05-13",
        "last_generated": "2026-05-14",
        "ai_answer_rule": "Generated mile based on Scout MVP4 NJ/NY/CT open route geometry, not an official ATC mile. Use for source-aware planning only."
      },
      "geometry": {
        "type": "Point",
        "coordinates": [
          -74.020688,
          41.298828
        ]
      }
    },
    {
      "type": "Feature",
      "properties": {
        "trail": "Appalachian Trail",
        "route_id": "at-mvp4-nj-ny-ct-delaware-water-gap-ct-ma-open-2026",
        "source_route_id": "at-main-osm-2026-open",
        "mile_nobo_global_est": 1370,
        "mile_nobo_mvp4": 100,
        "mile_sobo_mvp4": 106,
        "state": "NY",
        "milepoint_type": "generated",
        "official": false,
        "confidence": "estimated_from_open_route_geometry_with_known_length_gap",
        "source_id": "osm",
        "source_url": "https://www.openstreetmap.org/relation/156553",
        "source_access_url": "https://hiking.waymarkedtrails.org/api/v1/details/relation/156553",
        "license_status": "open_license_share_alike",
        "source_license": "ODbL",
        "attribution": "OpenStreetMap contributors",
        "last_checked": "2026-05-13",
        "last_generated": "2026-05-14",
        "ai_answer_rule": "Generated mile based on Scout MVP4 NJ/NY/CT open route geometry, not an official ATC mile. Use for source-aware planning only."
      },
      "geometry": {
        "type": "Point",
        "coordinates": [
          -74.015299,
          41.302241
        ]
      }
    },
    {
      "type": "Feature",
      "properties": {
        "trail": "Appalachian Trail",
        "route_id": "at-mvp4-nj-ny-ct-delaware-water-gap-ct-ma-open-2026",
        "source_route_id": "at-main-osm-2026-open",
        "mile_nobo_global_est": 1371,
        "mile_nobo_mvp4": 101,
        "mile_sobo_mvp4": 105,
        "state": "NY",
        "milepoint_type": "generated",
        "official": false,
        "confidence": "estimated_from_open_route_geometry_with_known_length_gap",
        "source_id": "osm",
        "source_url": "https://www.openstreetmap.org/relation/156553",
        "source_access_url": "https://hiking.waymarkedtrails.org/api/v1/details/relation/156553",
        "license_status": "open_license_share_alike",
        "source_license": "ODbL",
        "attribution": "OpenStreetMap contributors",
        "last_checked": "2026-05-13",
        "last_generated": "2026-05-14",
        "ai_answer_rule": "Generated mile based on Scout MVP4 NJ/NY/CT open route geometry, not an official ATC mile. Use for source-aware planning only."
      },
      "geometry": {
        "type": "Point",
        "coordinates": [
          -74.005989,
          41.307442
        ]
      }
    },
    {
      "type": "Feature",
      "properties": {
        "trail": "Appalachian Trail",
        "route_id": "at-mvp4-nj-ny-ct-delaware-water-gap-ct-ma-open-2026",
        "source_route_id": "at-main-osm-2026-open",
        "mile_nobo_global_est": 1372,
        "mile_nobo_mvp4": 102,
        "mile_sobo_mvp4": 104,
        "state": "NY",
        "milepoint_type": "generated",
        "official": false,
        "confidence": "estimated_from_open_route_geometry_with_known_length_gap",
        "source_id": "osm",
        "source_url": "https://www.openstreetmap.org/relation/156553",
        "source_access_url": "https://hiking.waymarkedtrails.org/api/v1/details/relation/156553",
        "license_status": "open_license_share_alike",
        "source_license": "ODbL",
        "attribution": "OpenStreetMap contributors",
        "last_checked": "2026-05-13",
        "last_generated": "2026-05-14",
        "ai_answer_rule": "Generated mile based on Scout MVP4 NJ/NY/CT open route geometry, not an official ATC mile. Use for source-aware planning only."
      },
      "geometry": {
        "type": "Point",
        "coordinates": [
          -74.004702,
          41.315411
        ]
      }
    },
    {
      "type": "Feature",
      "properties": {
        "trail": "Appalachian Trail",
        "route_id": "at-mvp4-nj-ny-ct-delaware-water-gap-ct-ma-open-2026",
        "source_route_id": "at-main-osm-2026-open",
        "mile_nobo_global_est": 1373,
        "mile_nobo_mvp4": 103,
        "mile_sobo_mvp4": 103,
        "state": "NY",
        "milepoint_type": "generated",
        "official": false,
        "confidence": "estimated_from_open_route_geometry_with_known_length_gap",
        "source_id": "osm",
        "source_url": "https://www.openstreetmap.org/relation/156553",
        "source_access_url": "https://hiking.waymarkedtrails.org/api/v1/details/relation/156553",
        "license_status": "open_license_share_alike",
        "source_license": "ODbL",
        "attribution": "OpenStreetMap contributors",
        "last_checked": "2026-05-13",
        "last_generated": "2026-05-14",
        "ai_answer_rule": "Generated mile based on Scout MVP4 NJ/NY/CT open route geometry, not an official ATC mile. Use for source-aware planning only."
      },
      "geometry": {
        "type": "Point",
        "coordinates": [
          -73.999809,
          41.30776
        ]
      }
    },
    {
      "type": "Feature",
      "properties": {
        "trail": "Appalachian Trail",
        "route_id": "at-mvp4-nj-ny-ct-delaware-water-gap-ct-ma-open-2026",
        "source_route_id": "at-main-osm-2026-open",
        "mile_nobo_global_est": 1374,
        "mile_nobo_mvp4": 104,
        "mile_sobo_mvp4": 102,
        "state": "NY",
        "milepoint_type": "generated",
        "official": false,
        "confidence": "estimated_from_open_route_geometry_with_known_length_gap",
        "source_id": "osm",
        "source_url": "https://www.openstreetmap.org/relation/156553",
        "source_access_url": "https://hiking.waymarkedtrails.org/api/v1/details/relation/156553",
        "license_status": "open_license_share_alike",
        "source_license": "ODbL",
        "attribution": "OpenStreetMap contributors",
        "last_checked": "2026-05-13",
        "last_generated": "2026-05-14",
        "ai_answer_rule": "Generated mile based on Scout MVP4 NJ/NY/CT open route geometry, not an official ATC mile. Use for source-aware planning only."
      },
      "geometry": {
        "type": "Point",
        "coordinates": [
          -73.990571,
          41.313646
        ]
      }
    },
    {
      "type": "Feature",
      "properties": {
        "trail": "Appalachian Trail",
        "route_id": "at-mvp4-nj-ny-ct-delaware-water-gap-ct-ma-open-2026",
        "source_route_id": "at-main-osm-2026-open",
        "mile_nobo_global_est": 1375,
        "mile_nobo_mvp4": 105,
        "mile_sobo_mvp4": 101,
        "state": "NY",
        "milepoint_type": "generated",
        "official": false,
        "confidence": "estimated_from_open_route_geometry_with_known_length_gap",
        "source_id": "osm",
        "source_url": "https://www.openstreetmap.org/relation/156553",
        "source_access_url": "https://hiking.waymarkedtrails.org/api/v1/details/relation/156553",
        "license_status": "open_license_share_alike",
        "source_license": "ODbL",
        "attribution": "OpenStreetMap contributors",
        "last_checked": "2026-05-13",
        "last_generated": "2026-05-14",
        "ai_answer_rule": "Generated mile based on Scout MVP4 NJ/NY/CT open route geometry, not an official ATC mile. Use for source-aware planning only."
      },
      "geometry": {
        "type": "Point",
        "coordinates": [
          -73.982273,
          41.319948
        ]
      }
    },
    {
      "type": "Feature",
      "properties": {
        "trail": "Appalachian Trail",
        "route_id": "at-mvp4-nj-ny-ct-delaware-water-gap-ct-ma-open-2026",
        "source_route_id": "at-main-osm-2026-open",
        "mile_nobo_global_est": 1376,
        "mile_nobo_mvp4": 106,
        "mile_sobo_mvp4": 100,
        "state": "NY",
        "milepoint_type": "generated",
        "official": false,
        "confidence": "estimated_from_open_route_geometry_with_known_length_gap",
        "source_id": "osm",
        "source_url": "https://www.openstreetmap.org/relation/156553",
        "source_access_url": "https://hiking.waymarkedtrails.org/api/v1/details/relation/156553",
        "license_status": "open_license_share_alike",
        "source_license": "ODbL",
        "attribution": "OpenStreetMap contributors",
        "last_checked": "2026-05-13",
        "last_generated": "2026-05-14",
        "ai_answer_rule": "Generated mile based on Scout MVP4 NJ/NY/CT open route geometry, not an official ATC mile. Use for source-aware planning only."
      },
      "geometry": {
        "type": "Point",
        "coordinates": [
          -73.966655,
          41.325604
        ]
      }
    },
    {
      "type": "Feature",
      "properties": {
        "trail": "Appalachian Trail",
        "route_id": "at-mvp4-nj-ny-ct-delaware-water-gap-ct-ma-open-2026",
        "source_route_id": "at-main-osm-2026-open",
        "mile_nobo_global_est": 1377,
        "mile_nobo_mvp4": 107,
        "mile_sobo_mvp4": 99,
        "state": "NY",
        "milepoint_type": "generated",
        "official": false,
        "confidence": "estimated_from_open_route_geometry_with_known_length_gap",
        "source_id": "osm",
        "source_url": "https://www.openstreetmap.org/relation/156553",
        "source_access_url": "https://hiking.waymarkedtrails.org/api/v1/details/relation/156553",
        "license_status": "open_license_share_alike",
        "source_license": "ODbL",
        "attribution": "OpenStreetMap contributors",
        "last_checked": "2026-05-13",
        "last_generated": "2026-05-14",
        "ai_answer_rule": "Generated mile based on Scout MVP4 NJ/NY/CT open route geometry, not an official ATC mile. Use for source-aware planning only."
      },
      "geometry": {
        "type": "Point",
        "coordinates": [
          -73.952831,
          41.32946
        ]
      }
    },
    {
      "type": "Feature",
      "properties": {
        "trail": "Appalachian Trail",
        "route_id": "at-mvp4-nj-ny-ct-delaware-water-gap-ct-ma-open-2026",
        "source_route_id": "at-main-osm-2026-open",
        "mile_nobo_global_est": 1378,
        "mile_nobo_mvp4": 108,
        "mile_sobo_mvp4": 98,
        "state": "NY",
        "milepoint_type": "generated",
        "official": false,
        "confidence": "estimated_from_open_route_geometry_with_known_length_gap",
        "source_id": "osm",
        "source_url": "https://www.openstreetmap.org/relation/156553",
        "source_access_url": "https://hiking.waymarkedtrails.org/api/v1/details/relation/156553",
        "license_status": "open_license_share_alike",
        "source_license": "ODbL",
        "attribution": "OpenStreetMap contributors",
        "last_checked": "2026-05-13",
        "last_generated": "2026-05-14",
        "ai_answer_rule": "Generated mile based on Scout MVP4 NJ/NY/CT open route geometry, not an official ATC mile. Use for source-aware planning only."
      },
      "geometry": {
        "type": "Point",
        "coordinates": [
          -73.944719,
          41.338537
        ]
      }
    },
    {
      "type": "Feature",
      "properties": {
        "trail": "Appalachian Trail",
        "route_id": "at-mvp4-nj-ny-ct-delaware-water-gap-ct-ma-open-2026",
        "source_route_id": "at-main-osm-2026-open",
        "mile_nobo_global_est": 1379,
        "mile_nobo_mvp4": 109,
        "mile_sobo_mvp4": 97,
        "state": "NY",
        "milepoint_type": "generated",
        "official": false,
        "confidence": "estimated_from_open_route_geometry_with_known_length_gap",
        "source_id": "osm",
        "source_url": "https://www.openstreetmap.org/relation/156553",
        "source_access_url": "https://hiking.waymarkedtrails.org/api/v1/details/relation/156553",
        "license_status": "open_license_share_alike",
        "source_license": "ODbL",
        "attribution": "OpenStreetMap contributors",
        "last_checked": "2026-05-13",
        "last_generated": "2026-05-14",
        "ai_answer_rule": "Generated mile based on Scout MVP4 NJ/NY/CT open route geometry, not an official ATC mile. Use for source-aware planning only."
      },
      "geometry": {
        "type": "Point",
        "coordinates": [
          -73.937157,
          41.349929
        ]
      }
    },
    {
      "type": "Feature",
      "properties": {
        "trail": "Appalachian Trail",
        "route_id": "at-mvp4-nj-ny-ct-delaware-water-gap-ct-ma-open-2026",
        "source_route_id": "at-main-osm-2026-open",
        "mile_nobo_global_est": 1380,
        "mile_nobo_mvp4": 110,
        "mile_sobo_mvp4": 96,
        "state": "NY",
        "milepoint_type": "generated",
        "official": false,
        "confidence": "estimated_from_open_route_geometry_with_known_length_gap",
        "source_id": "osm",
        "source_url": "https://www.openstreetmap.org/relation/156553",
        "source_access_url": "https://hiking.waymarkedtrails.org/api/v1/details/relation/156553",
        "license_status": "open_license_share_alike",
        "source_license": "ODbL",
        "attribution": "OpenStreetMap contributors",
        "last_checked": "2026-05-13",
        "last_generated": "2026-05-14",
        "ai_answer_rule": "Generated mile based on Scout MVP4 NJ/NY/CT open route geometry, not an official ATC mile. Use for source-aware planning only."
      },
      "geometry": {
        "type": "Point",
        "coordinates": [
          -73.928911,
          41.351798
        ]
      }
    },
    {
      "type": "Feature",
      "properties": {
        "trail": "Appalachian Trail",
        "route_id": "at-mvp4-nj-ny-ct-delaware-water-gap-ct-ma-open-2026",
        "source_route_id": "at-main-osm-2026-open",
        "mile_nobo_global_est": 1381,
        "mile_nobo_mvp4": 111,
        "mile_sobo_mvp4": 95,
        "state": "NY",
        "milepoint_type": "generated",
        "official": false,
        "confidence": "estimated_from_open_route_geometry_with_known_length_gap",
        "source_id": "osm",
        "source_url": "https://www.openstreetmap.org/relation/156553",
        "source_access_url": "https://hiking.waymarkedtrails.org/api/v1/details/relation/156553",
        "license_status": "open_license_share_alike",
        "source_license": "ODbL",
        "attribution": "OpenStreetMap contributors",
        "last_checked": "2026-05-13",
        "last_generated": "2026-05-14",
        "ai_answer_rule": "Generated mile based on Scout MVP4 NJ/NY/CT open route geometry, not an official ATC mile. Use for source-aware planning only."
      },
      "geometry": {
        "type": "Point",
        "coordinates": [
          -73.916267,
          41.354187
        ]
      }
    },
    {
      "type": "Feature",
      "properties": {
        "trail": "Appalachian Trail",
        "route_id": "at-mvp4-nj-ny-ct-delaware-water-gap-ct-ma-open-2026",
        "source_route_id": "at-main-osm-2026-open",
        "mile_nobo_global_est": 1382,
        "mile_nobo_mvp4": 112,
        "mile_sobo_mvp4": 94,
        "state": "NY",
        "milepoint_type": "generated",
        "official": false,
        "confidence": "estimated_from_open_route_geometry_with_known_length_gap",
        "source_id": "osm",
        "source_url": "https://www.openstreetmap.org/relation/156553",
        "source_access_url": "https://hiking.waymarkedtrails.org/api/v1/details/relation/156553",
        "license_status": "open_license_share_alike",
        "source_license": "ODbL",
        "attribution": "OpenStreetMap contributors",
        "last_checked": "2026-05-13",
        "last_generated": "2026-05-14",
        "ai_answer_rule": "Generated mile based on Scout MVP4 NJ/NY/CT open route geometry, not an official ATC mile. Use for source-aware planning only."
      },
      "geometry": {
        "type": "Point",
        "coordinates": [
          -73.909862,
          41.366689
        ]
      }
    },
    {
      "type": "Feature",
      "properties": {
        "trail": "Appalachian Trail",
        "route_id": "at-mvp4-nj-ny-ct-delaware-water-gap-ct-ma-open-2026",
        "source_route_id": "at-main-osm-2026-open",
        "mile_nobo_global_est": 1383,
        "mile_nobo_mvp4": 113,
        "mile_sobo_mvp4": 93,
        "state": "NY",
        "milepoint_type": "generated",
        "official": false,
        "confidence": "estimated_from_open_route_geometry_with_known_length_gap",
        "source_id": "osm",
        "source_url": "https://www.openstreetmap.org/relation/156553",
        "source_access_url": "https://hiking.waymarkedtrails.org/api/v1/details/relation/156553",
        "license_status": "open_license_share_alike",
        "source_license": "ODbL",
        "attribution": "OpenStreetMap contributors",
        "last_checked": "2026-05-13",
        "last_generated": "2026-05-14",
        "ai_answer_rule": "Generated mile based on Scout MVP4 NJ/NY/CT open route geometry, not an official ATC mile. Use for source-aware planning only."
      },
      "geometry": {
        "type": "Point",
        "coordinates": [
          -73.901121,
          41.375329
        ]
      }
    },
    {
      "type": "Feature",
      "properties": {
        "trail": "Appalachian Trail",
        "route_id": "at-mvp4-nj-ny-ct-delaware-water-gap-ct-ma-open-2026",
        "source_route_id": "at-main-osm-2026-open",
        "mile_nobo_global_est": 1384,
        "mile_nobo_mvp4": 114,
        "mile_sobo_mvp4": 92,
        "state": "NY",
        "milepoint_type": "generated",
        "official": false,
        "confidence": "estimated_from_open_route_geometry_with_known_length_gap",
        "source_id": "osm",
        "source_url": "https://www.openstreetmap.org/relation/156553",
        "source_access_url": "https://hiking.waymarkedtrails.org/api/v1/details/relation/156553",
        "license_status": "open_license_share_alike",
        "source_license": "ODbL",
        "attribution": "OpenStreetMap contributors",
        "last_checked": "2026-05-13",
        "last_generated": "2026-05-14",
        "ai_answer_rule": "Generated mile based on Scout MVP4 NJ/NY/CT open route geometry, not an official ATC mile. Use for source-aware planning only."
      },
      "geometry": {
        "type": "Point",
        "coordinates": [
          -73.889866,
          41.384274
        ]
      }
    },
    {
      "type": "Feature",
      "properties": {
        "trail": "Appalachian Trail",
        "route_id": "at-mvp4-nj-ny-ct-delaware-water-gap-ct-ma-open-2026",
        "source_route_id": "at-main-osm-2026-open",
        "mile_nobo_global_est": 1385,
        "mile_nobo_mvp4": 115,
        "mile_sobo_mvp4": 91,
        "state": "NY",
        "milepoint_type": "generated",
        "official": false,
        "confidence": "estimated_from_open_route_geometry_with_known_length_gap",
        "source_id": "osm",
        "source_url": "https://www.openstreetmap.org/relation/156553",
        "source_access_url": "https://hiking.waymarkedtrails.org/api/v1/details/relation/156553",
        "license_status": "open_license_share_alike",
        "source_license": "ODbL",
        "attribution": "OpenStreetMap contributors",
        "last_checked": "2026-05-13",
        "last_generated": "2026-05-14",
        "ai_answer_rule": "Generated mile based on Scout MVP4 NJ/NY/CT open route geometry, not an official ATC mile. Use for source-aware planning only."
      },
      "geometry": {
        "type": "Point",
        "coordinates": [
          -73.878459,
          41.388304
        ]
      }
    },
    {
      "type": "Feature",
      "properties": {
        "trail": "Appalachian Trail",
        "route_id": "at-mvp4-nj-ny-ct-delaware-water-gap-ct-ma-open-2026",
        "source_route_id": "at-main-osm-2026-open",
        "mile_nobo_global_est": 1386,
        "mile_nobo_mvp4": 116,
        "mile_sobo_mvp4": 90,
        "state": "NY",
        "milepoint_type": "generated",
        "official": false,
        "confidence": "estimated_from_open_route_geometry_with_known_length_gap",
        "source_id": "osm",
        "source_url": "https://www.openstreetmap.org/relation/156553",
        "source_access_url": "https://hiking.waymarkedtrails.org/api/v1/details/relation/156553",
        "license_status": "open_license_share_alike",
        "source_license": "ODbL",
        "attribution": "OpenStreetMap contributors",
        "last_checked": "2026-05-13",
        "last_generated": "2026-05-14",
        "ai_answer_rule": "Generated mile based on Scout MVP4 NJ/NY/CT open route geometry, not an official ATC mile. Use for source-aware planning only."
      },
      "geometry": {
        "type": "Point",
        "coordinates": [
          -73.876397,
          41.400953
        ]
      }
    },
    {
      "type": "Feature",
      "properties": {
        "trail": "Appalachian Trail",
        "route_id": "at-mvp4-nj-ny-ct-delaware-water-gap-ct-ma-open-2026",
        "source_route_id": "at-main-osm-2026-open",
        "mile_nobo_global_est": 1387,
        "mile_nobo_mvp4": 117,
        "mile_sobo_mvp4": 89,
        "state": "NY",
        "milepoint_type": "generated",
        "official": false,
        "confidence": "estimated_from_open_route_geometry_with_known_length_gap",
        "source_id": "osm",
        "source_url": "https://www.openstreetmap.org/relation/156553",
        "source_access_url": "https://hiking.waymarkedtrails.org/api/v1/details/relation/156553",
        "license_status": "open_license_share_alike",
        "source_license": "ODbL",
        "attribution": "OpenStreetMap contributors",
        "last_checked": "2026-05-13",
        "last_generated": "2026-05-14",
        "ai_answer_rule": "Generated mile based on Scout MVP4 NJ/NY/CT open route geometry, not an official ATC mile. Use for source-aware planning only."
      },
      "geometry": {
        "type": "Point",
        "coordinates": [
          -73.880913,
          41.408027
        ]
      }
    },
    {
      "type": "Feature",
      "properties": {
        "trail": "Appalachian Trail",
        "route_id": "at-mvp4-nj-ny-ct-delaware-water-gap-ct-ma-open-2026",
        "source_route_id": "at-main-osm-2026-open",
        "mile_nobo_global_est": 1388,
        "mile_nobo_mvp4": 118,
        "mile_sobo_mvp4": 88,
        "state": "NY",
        "milepoint_type": "generated",
        "official": false,
        "confidence": "estimated_from_open_route_geometry_with_known_length_gap",
        "source_id": "osm",
        "source_url": "https://www.openstreetmap.org/relation/156553",
        "source_access_url": "https://hiking.waymarkedtrails.org/api/v1/details/relation/156553",
        "license_status": "open_license_share_alike",
        "source_license": "ODbL",
        "attribution": "OpenStreetMap contributors",
        "last_checked": "2026-05-13",
        "last_generated": "2026-05-14",
        "ai_answer_rule": "Generated mile based on Scout MVP4 NJ/NY/CT open route geometry, not an official ATC mile. Use for source-aware planning only."
      },
      "geometry": {
        "type": "Point",
        "coordinates": [
          -73.875552,
          41.418662
        ]
      }
    },
    {
      "type": "Feature",
      "properties": {
        "trail": "Appalachian Trail",
        "route_id": "at-mvp4-nj-ny-ct-delaware-water-gap-ct-ma-open-2026",
        "source_route_id": "at-main-osm-2026-open",
        "mile_nobo_global_est": 1389,
        "mile_nobo_mvp4": 119,
        "mile_sobo_mvp4": 87,
        "state": "NY",
        "milepoint_type": "generated",
        "official": false,
        "confidence": "estimated_from_open_route_geometry_with_known_length_gap",
        "source_id": "osm",
        "source_url": "https://www.openstreetmap.org/relation/156553",
        "source_access_url": "https://hiking.waymarkedtrails.org/api/v1/details/relation/156553",
        "license_status": "open_license_share_alike",
        "source_license": "ODbL",
        "attribution": "OpenStreetMap contributors",
        "last_checked": "2026-05-13",
        "last_generated": "2026-05-14",
        "ai_answer_rule": "Generated mile based on Scout MVP4 NJ/NY/CT open route geometry, not an official ATC mile. Use for source-aware planning only."
      },
      "geometry": {
        "type": "Point",
        "coordinates": [
          -73.861237,
          41.420734
        ]
      }
    },
    {
      "type": "Feature",
      "properties": {
        "trail": "Appalachian Trail",
        "route_id": "at-mvp4-nj-ny-ct-delaware-water-gap-ct-ma-open-2026",
        "source_route_id": "at-main-osm-2026-open",
        "mile_nobo_global_est": 1390,
        "mile_nobo_mvp4": 120,
        "mile_sobo_mvp4": 86,
        "state": "NY",
        "milepoint_type": "generated",
        "official": false,
        "confidence": "estimated_from_open_route_geometry_with_known_length_gap",
        "source_id": "osm",
        "source_url": "https://www.openstreetmap.org/relation/156553",
        "source_access_url": "https://hiking.waymarkedtrails.org/api/v1/details/relation/156553",
        "license_status": "open_license_share_alike",
        "source_license": "ODbL",
        "attribution": "OpenStreetMap contributors",
        "last_checked": "2026-05-13",
        "last_generated": "2026-05-14",
        "ai_answer_rule": "Generated mile based on Scout MVP4 NJ/NY/CT open route geometry, not an official ATC mile. Use for source-aware planning only."
      },
      "geometry": {
        "type": "Point",
        "coordinates": [
          -73.849478,
          41.43107
        ]
      }
    },
    {
      "type": "Feature",
      "properties": {
        "trail": "Appalachian Trail",
        "route_id": "at-mvp4-nj-ny-ct-delaware-water-gap-ct-ma-open-2026",
        "source_route_id": "at-main-osm-2026-open",
        "mile_nobo_global_est": 1391,
        "mile_nobo_mvp4": 121,
        "mile_sobo_mvp4": 85,
        "state": "NY",
        "milepoint_type": "generated",
        "official": false,
        "confidence": "estimated_from_open_route_geometry_with_known_length_gap",
        "source_id": "osm",
        "source_url": "https://www.openstreetmap.org/relation/156553",
        "source_access_url": "https://hiking.waymarkedtrails.org/api/v1/details/relation/156553",
        "license_status": "open_license_share_alike",
        "source_license": "ODbL",
        "attribution": "OpenStreetMap contributors",
        "last_checked": "2026-05-13",
        "last_generated": "2026-05-14",
        "ai_answer_rule": "Generated mile based on Scout MVP4 NJ/NY/CT open route geometry, not an official ATC mile. Use for source-aware planning only."
      },
      "geometry": {
        "type": "Point",
        "coordinates": [
          -73.844391,
          41.442822
        ]
      }
    },
    {
      "type": "Feature",
      "properties": {
        "trail": "Appalachian Trail",
        "route_id": "at-mvp4-nj-ny-ct-delaware-water-gap-ct-ma-open-2026",
        "source_route_id": "at-main-osm-2026-open",
        "mile_nobo_global_est": 1392,
        "mile_nobo_mvp4": 122,
        "mile_sobo_mvp4": 84,
        "state": "NY",
        "milepoint_type": "generated",
        "official": false,
        "confidence": "estimated_from_open_route_geometry_with_known_length_gap",
        "source_id": "osm",
        "source_url": "https://www.openstreetmap.org/relation/156553",
        "source_access_url": "https://hiking.waymarkedtrails.org/api/v1/details/relation/156553",
        "license_status": "open_license_share_alike",
        "source_license": "ODbL",
        "attribution": "OpenStreetMap contributors",
        "last_checked": "2026-05-13",
        "last_generated": "2026-05-14",
        "ai_answer_rule": "Generated mile based on Scout MVP4 NJ/NY/CT open route geometry, not an official ATC mile. Use for source-aware planning only."
      },
      "geometry": {
        "type": "Point",
        "coordinates": [
          -73.837108,
          41.452957
        ]
      }
    },
    {
      "type": "Feature",
      "properties": {
        "trail": "Appalachian Trail",
        "route_id": "at-mvp4-nj-ny-ct-delaware-water-gap-ct-ma-open-2026",
        "source_route_id": "at-main-osm-2026-open",
        "mile_nobo_global_est": 1393,
        "mile_nobo_mvp4": 123,
        "mile_sobo_mvp4": 83,
        "state": "NY",
        "milepoint_type": "generated",
        "official": false,
        "confidence": "estimated_from_open_route_geometry_with_known_length_gap",
        "source_id": "osm",
        "source_url": "https://www.openstreetmap.org/relation/156553",
        "source_access_url": "https://hiking.waymarkedtrails.org/api/v1/details/relation/156553",
        "license_status": "open_license_share_alike",
        "source_license": "ODbL",
        "attribution": "OpenStreetMap contributors",
        "last_checked": "2026-05-13",
        "last_generated": "2026-05-14",
        "ai_answer_rule": "Generated mile based on Scout MVP4 NJ/NY/CT open route geometry, not an official ATC mile. Use for source-aware planning only."
      },
      "geometry": {
        "type": "Point",
        "coordinates": [
          -73.835898,
          41.46321
        ]
      }
    },
    {
      "type": "Feature",
      "properties": {
        "trail": "Appalachian Trail",
        "route_id": "at-mvp4-nj-ny-ct-delaware-water-gap-ct-ma-open-2026",
        "source_route_id": "at-main-osm-2026-open",
        "mile_nobo_global_est": 1394,
        "mile_nobo_mvp4": 124,
        "mile_sobo_mvp4": 82,
        "state": "NY",
        "milepoint_type": "generated",
        "official": false,
        "confidence": "estimated_from_open_route_geometry_with_known_length_gap",
        "source_id": "osm",
        "source_url": "https://www.openstreetmap.org/relation/156553",
        "source_access_url": "https://hiking.waymarkedtrails.org/api/v1/details/relation/156553",
        "license_status": "open_license_share_alike",
        "source_license": "ODbL",
        "attribution": "OpenStreetMap contributors",
        "last_checked": "2026-05-13",
        "last_generated": "2026-05-14",
        "ai_answer_rule": "Generated mile based on Scout MVP4 NJ/NY/CT open route geometry, not an official ATC mile. Use for source-aware planning only."
      },
      "geometry": {
        "type": "Point",
        "coordinates": [
          -73.827296,
          41.473407
        ]
      }
    },
    {
      "type": "Feature",
      "properties": {
        "trail": "Appalachian Trail",
        "route_id": "at-mvp4-nj-ny-ct-delaware-water-gap-ct-ma-open-2026",
        "source_route_id": "at-main-osm-2026-open",
        "mile_nobo_global_est": 1395,
        "mile_nobo_mvp4": 125,
        "mile_sobo_mvp4": 81,
        "state": "NY",
        "milepoint_type": "generated",
        "official": false,
        "confidence": "estimated_from_open_route_geometry_with_known_length_gap",
        "source_id": "osm",
        "source_url": "https://www.openstreetmap.org/relation/156553",
        "source_access_url": "https://hiking.waymarkedtrails.org/api/v1/details/relation/156553",
        "license_status": "open_license_share_alike",
        "source_license": "ODbL",
        "attribution": "OpenStreetMap contributors",
        "last_checked": "2026-05-13",
        "last_generated": "2026-05-14",
        "ai_answer_rule": "Generated mile based on Scout MVP4 NJ/NY/CT open route geometry, not an official ATC mile. Use for source-aware planning only."
      },
      "geometry": {
        "type": "Point",
        "coordinates": [
          -73.821151,
          41.48236
        ]
      }
    },
    {
      "type": "Feature",
      "properties": {
        "trail": "Appalachian Trail",
        "route_id": "at-mvp4-nj-ny-ct-delaware-water-gap-ct-ma-open-2026",
        "source_route_id": "at-main-osm-2026-open",
        "mile_nobo_global_est": 1396,
        "mile_nobo_mvp4": 126,
        "mile_sobo_mvp4": 80,
        "state": "NY",
        "milepoint_type": "generated",
        "official": false,
        "confidence": "estimated_from_open_route_geometry_with_known_length_gap",
        "source_id": "osm",
        "source_url": "https://www.openstreetmap.org/relation/156553",
        "source_access_url": "https://hiking.waymarkedtrails.org/api/v1/details/relation/156553",
        "license_status": "open_license_share_alike",
        "source_license": "ODbL",
        "attribution": "OpenStreetMap contributors",
        "last_checked": "2026-05-13",
        "last_generated": "2026-05-14",
        "ai_answer_rule": "Generated mile based on Scout MVP4 NJ/NY/CT open route geometry, not an official ATC mile. Use for source-aware planning only."
      },
      "geometry": {
        "type": "Point",
        "coordinates": [
          -73.815374,
          41.495237
        ]
      }
    },
    {
      "type": "Feature",
      "properties": {
        "trail": "Appalachian Trail",
        "route_id": "at-mvp4-nj-ny-ct-delaware-water-gap-ct-ma-open-2026",
        "source_route_id": "at-main-osm-2026-open",
        "mile_nobo_global_est": 1397,
        "mile_nobo_mvp4": 127,
        "mile_sobo_mvp4": 79,
        "state": "NY",
        "milepoint_type": "generated",
        "official": false,
        "confidence": "estimated_from_open_route_geometry_with_known_length_gap",
        "source_id": "osm",
        "source_url": "https://www.openstreetmap.org/relation/156553",
        "source_access_url": "https://hiking.waymarkedtrails.org/api/v1/details/relation/156553",
        "license_status": "open_license_share_alike",
        "source_license": "ODbL",
        "attribution": "OpenStreetMap contributors",
        "last_checked": "2026-05-13",
        "last_generated": "2026-05-14",
        "ai_answer_rule": "Generated mile based on Scout MVP4 NJ/NY/CT open route geometry, not an official ATC mile. Use for source-aware planning only."
      },
      "geometry": {
        "type": "Point",
        "coordinates": [
          -73.812019,
          41.508018
        ]
      }
    },
    {
      "type": "Feature",
      "properties": {
        "trail": "Appalachian Trail",
        "route_id": "at-mvp4-nj-ny-ct-delaware-water-gap-ct-ma-open-2026",
        "source_route_id": "at-main-osm-2026-open",
        "mile_nobo_global_est": 1398,
        "mile_nobo_mvp4": 128,
        "mile_sobo_mvp4": 78,
        "state": "NY",
        "milepoint_type": "generated",
        "official": false,
        "confidence": "estimated_from_open_route_geometry_with_known_length_gap",
        "source_id": "osm",
        "source_url": "https://www.openstreetmap.org/relation/156553",
        "source_access_url": "https://hiking.waymarkedtrails.org/api/v1/details/relation/156553",
        "license_status": "open_license_share_alike",
        "source_license": "ODbL",
        "attribution": "OpenStreetMap contributors",
        "last_checked": "2026-05-13",
        "last_generated": "2026-05-14",
        "ai_answer_rule": "Generated mile based on Scout MVP4 NJ/NY/CT open route geometry, not an official ATC mile. Use for source-aware planning only."
      },
      "geometry": {
        "type": "Point",
        "coordinates": [
          -73.801502,
          41.514449
        ]
      }
    },
    {
      "type": "Feature",
      "properties": {
        "trail": "Appalachian Trail",
        "route_id": "at-mvp4-nj-ny-ct-delaware-water-gap-ct-ma-open-2026",
        "source_route_id": "at-main-osm-2026-open",
        "mile_nobo_global_est": 1399,
        "mile_nobo_mvp4": 129,
        "mile_sobo_mvp4": 77,
        "state": "NY",
        "milepoint_type": "generated",
        "official": false,
        "confidence": "estimated_from_open_route_geometry_with_known_length_gap",
        "source_id": "osm",
        "source_url": "https://www.openstreetmap.org/relation/156553",
        "source_access_url": "https://hiking.waymarkedtrails.org/api/v1/details/relation/156553",
        "license_status": "open_license_share_alike",
        "source_license": "ODbL",
        "attribution": "OpenStreetMap contributors",
        "last_checked": "2026-05-13",
        "last_generated": "2026-05-14",
        "ai_answer_rule": "Generated mile based on Scout MVP4 NJ/NY/CT open route geometry, not an official ATC mile. Use for source-aware planning only."
      },
      "geometry": {
        "type": "Point",
        "coordinates": [
          -73.787327,
          41.512447
        ]
      }
    },
    {
      "type": "Feature",
      "properties": {
        "trail": "Appalachian Trail",
        "route_id": "at-mvp4-nj-ny-ct-delaware-water-gap-ct-ma-open-2026",
        "source_route_id": "at-main-osm-2026-open",
        "mile_nobo_global_est": 1400,
        "mile_nobo_mvp4": 130,
        "mile_sobo_mvp4": 76,
        "state": "NY",
        "milepoint_type": "generated",
        "official": false,
        "confidence": "estimated_from_open_route_geometry_with_known_length_gap",
        "source_id": "osm",
        "source_url": "https://www.openstreetmap.org/relation/156553",
        "source_access_url": "https://hiking.waymarkedtrails.org/api/v1/details/relation/156553",
        "license_status": "open_license_share_alike",
        "source_license": "ODbL",
        "attribution": "OpenStreetMap contributors",
        "last_checked": "2026-05-13",
        "last_generated": "2026-05-14",
        "ai_answer_rule": "Generated mile based on Scout MVP4 NJ/NY/CT open route geometry, not an official ATC mile. Use for source-aware planning only."
      },
      "geometry": {
        "type": "Point",
        "coordinates": [
          -73.775045,
          41.521025
        ]
      }
    },
    {
      "type": "Feature",
      "properties": {
        "trail": "Appalachian Trail",
        "route_id": "at-mvp4-nj-ny-ct-delaware-water-gap-ct-ma-open-2026",
        "source_route_id": "at-main-osm-2026-open",
        "mile_nobo_global_est": 1401,
        "mile_nobo_mvp4": 131,
        "mile_sobo_mvp4": 75,
        "state": "NY",
        "milepoint_type": "generated",
        "official": false,
        "confidence": "estimated_from_open_route_geometry_with_known_length_gap",
        "source_id": "osm",
        "source_url": "https://www.openstreetmap.org/relation/156553",
        "source_access_url": "https://hiking.waymarkedtrails.org/api/v1/details/relation/156553",
        "license_status": "open_license_share_alike",
        "source_license": "ODbL",
        "attribution": "OpenStreetMap contributors",
        "last_checked": "2026-05-13",
        "last_generated": "2026-05-14",
        "ai_answer_rule": "Generated mile based on Scout MVP4 NJ/NY/CT open route geometry, not an official ATC mile. Use for source-aware planning only."
      },
      "geometry": {
        "type": "Point",
        "coordinates": [
          -73.766518,
          41.53247
        ]
      }
    },
    {
      "type": "Feature",
      "properties": {
        "trail": "Appalachian Trail",
        "route_id": "at-mvp4-nj-ny-ct-delaware-water-gap-ct-ma-open-2026",
        "source_route_id": "at-main-osm-2026-open",
        "mile_nobo_global_est": 1402,
        "mile_nobo_mvp4": 132,
        "mile_sobo_mvp4": 74,
        "state": "NY",
        "milepoint_type": "generated",
        "official": false,
        "confidence": "estimated_from_open_route_geometry_with_known_length_gap",
        "source_id": "osm",
        "source_url": "https://www.openstreetmap.org/relation/156553",
        "source_access_url": "https://hiking.waymarkedtrails.org/api/v1/details/relation/156553",
        "license_status": "open_license_share_alike",
        "source_license": "ODbL",
        "attribution": "OpenStreetMap contributors",
        "last_checked": "2026-05-13",
        "last_generated": "2026-05-14",
        "ai_answer_rule": "Generated mile based on Scout MVP4 NJ/NY/CT open route geometry, not an official ATC mile. Use for source-aware planning only."
      },
      "geometry": {
        "type": "Point",
        "coordinates": [
          -73.754295,
          41.541134
        ]
      }
    },
    {
      "type": "Feature",
      "properties": {
        "trail": "Appalachian Trail",
        "route_id": "at-mvp4-nj-ny-ct-delaware-water-gap-ct-ma-open-2026",
        "source_route_id": "at-main-osm-2026-open",
        "mile_nobo_global_est": 1403,
        "mile_nobo_mvp4": 133,
        "mile_sobo_mvp4": 73,
        "state": "NY",
        "milepoint_type": "generated",
        "official": false,
        "confidence": "estimated_from_open_route_geometry_with_known_length_gap",
        "source_id": "osm",
        "source_url": "https://www.openstreetmap.org/relation/156553",
        "source_access_url": "https://hiking.waymarkedtrails.org/api/v1/details/relation/156553",
        "license_status": "open_license_share_alike",
        "source_license": "ODbL",
        "attribution": "OpenStreetMap contributors",
        "last_checked": "2026-05-13",
        "last_generated": "2026-05-14",
        "ai_answer_rule": "Generated mile based on Scout MVP4 NJ/NY/CT open route geometry, not an official ATC mile. Use for source-aware planning only."
      },
      "geometry": {
        "type": "Point",
        "coordinates": [
          -73.739936,
          41.543284
        ]
      }
    },
    {
      "type": "Feature",
      "properties": {
        "trail": "Appalachian Trail",
        "route_id": "at-mvp4-nj-ny-ct-delaware-water-gap-ct-ma-open-2026",
        "source_route_id": "at-main-osm-2026-open",
        "mile_nobo_global_est": 1404,
        "mile_nobo_mvp4": 134,
        "mile_sobo_mvp4": 72,
        "state": "NY",
        "milepoint_type": "generated",
        "official": false,
        "confidence": "estimated_from_open_route_geometry_with_known_length_gap",
        "source_id": "osm",
        "source_url": "https://www.openstreetmap.org/relation/156553",
        "source_access_url": "https://hiking.waymarkedtrails.org/api/v1/details/relation/156553",
        "license_status": "open_license_share_alike",
        "source_license": "ODbL",
        "attribution": "OpenStreetMap contributors",
        "last_checked": "2026-05-13",
        "last_generated": "2026-05-14",
        "ai_answer_rule": "Generated mile based on Scout MVP4 NJ/NY/CT open route geometry, not an official ATC mile. Use for source-aware planning only."
      },
      "geometry": {
        "type": "Point",
        "coordinates": [
          -73.728678,
          41.543757
        ]
      }
    },
    {
      "type": "Feature",
      "properties": {
        "trail": "Appalachian Trail",
        "route_id": "at-mvp4-nj-ny-ct-delaware-water-gap-ct-ma-open-2026",
        "source_route_id": "at-main-osm-2026-open",
        "mile_nobo_global_est": 1405,
        "mile_nobo_mvp4": 135,
        "mile_sobo_mvp4": 71,
        "state": "NY",
        "milepoint_type": "generated",
        "official": false,
        "confidence": "estimated_from_open_route_geometry_with_known_length_gap",
        "source_id": "osm",
        "source_url": "https://www.openstreetmap.org/relation/156553",
        "source_access_url": "https://hiking.waymarkedtrails.org/api/v1/details/relation/156553",
        "license_status": "open_license_share_alike",
        "source_license": "ODbL",
        "attribution": "OpenStreetMap contributors",
        "last_checked": "2026-05-13",
        "last_generated": "2026-05-14",
        "ai_answer_rule": "Generated mile based on Scout MVP4 NJ/NY/CT open route geometry, not an official ATC mile. Use for source-aware planning only."
      },
      "geometry": {
        "type": "Point",
        "coordinates": [
          -73.713695,
          41.544371
        ]
      }
    },
    {
      "type": "Feature",
      "properties": {
        "trail": "Appalachian Trail",
        "route_id": "at-mvp4-nj-ny-ct-delaware-water-gap-ct-ma-open-2026",
        "source_route_id": "at-main-osm-2026-open",
        "mile_nobo_global_est": 1406,
        "mile_nobo_mvp4": 136,
        "mile_sobo_mvp4": 70,
        "state": "NY",
        "milepoint_type": "generated",
        "official": false,
        "confidence": "estimated_from_open_route_geometry_with_known_length_gap",
        "source_id": "osm",
        "source_url": "https://www.openstreetmap.org/relation/156553",
        "source_access_url": "https://hiking.waymarkedtrails.org/api/v1/details/relation/156553",
        "license_status": "open_license_share_alike",
        "source_license": "ODbL",
        "attribution": "OpenStreetMap contributors",
        "last_checked": "2026-05-13",
        "last_generated": "2026-05-14",
        "ai_answer_rule": "Generated mile based on Scout MVP4 NJ/NY/CT open route geometry, not an official ATC mile. Use for source-aware planning only."
      },
      "geometry": {
        "type": "Point",
        "coordinates": [
          -73.702865,
          41.553763
        ]
      }
    },
    {
      "type": "Feature",
      "properties": {
        "trail": "Appalachian Trail",
        "route_id": "at-mvp4-nj-ny-ct-delaware-water-gap-ct-ma-open-2026",
        "source_route_id": "at-main-osm-2026-open",
        "mile_nobo_global_est": 1407,
        "mile_nobo_mvp4": 137,
        "mile_sobo_mvp4": 69,
        "state": "NY",
        "milepoint_type": "generated",
        "official": false,
        "confidence": "estimated_from_open_route_geometry_with_known_length_gap",
        "source_id": "osm",
        "source_url": "https://www.openstreetmap.org/relation/156553",
        "source_access_url": "https://hiking.waymarkedtrails.org/api/v1/details/relation/156553",
        "license_status": "open_license_share_alike",
        "source_license": "ODbL",
        "attribution": "OpenStreetMap contributors",
        "last_checked": "2026-05-13",
        "last_generated": "2026-05-14",
        "ai_answer_rule": "Generated mile based on Scout MVP4 NJ/NY/CT open route geometry, not an official ATC mile. Use for source-aware planning only."
      },
      "geometry": {
        "type": "Point",
        "coordinates": [
          -73.693915,
          41.562767
        ]
      }
    },
    {
      "type": "Feature",
      "properties": {
        "trail": "Appalachian Trail",
        "route_id": "at-mvp4-nj-ny-ct-delaware-water-gap-ct-ma-open-2026",
        "source_route_id": "at-main-osm-2026-open",
        "mile_nobo_global_est": 1408,
        "mile_nobo_mvp4": 138,
        "mile_sobo_mvp4": 68,
        "state": "NY",
        "milepoint_type": "generated",
        "official": false,
        "confidence": "estimated_from_open_route_geometry_with_known_length_gap",
        "source_id": "osm",
        "source_url": "https://www.openstreetmap.org/relation/156553",
        "source_access_url": "https://hiking.waymarkedtrails.org/api/v1/details/relation/156553",
        "license_status": "open_license_share_alike",
        "source_license": "ODbL",
        "attribution": "OpenStreetMap contributors",
        "last_checked": "2026-05-13",
        "last_generated": "2026-05-14",
        "ai_answer_rule": "Generated mile based on Scout MVP4 NJ/NY/CT open route geometry, not an official ATC mile. Use for source-aware planning only."
      },
      "geometry": {
        "type": "Point",
        "coordinates": [
          -73.684443,
          41.569426
        ]
      }
    },
    {
      "type": "Feature",
      "properties": {
        "trail": "Appalachian Trail",
        "route_id": "at-mvp4-nj-ny-ct-delaware-water-gap-ct-ma-open-2026",
        "source_route_id": "at-main-osm-2026-open",
        "mile_nobo_global_est": 1409,
        "mile_nobo_mvp4": 139,
        "mile_sobo_mvp4": 67,
        "state": "NY",
        "milepoint_type": "generated",
        "official": false,
        "confidence": "estimated_from_open_route_geometry_with_known_length_gap",
        "source_id": "osm",
        "source_url": "https://www.openstreetmap.org/relation/156553",
        "source_access_url": "https://hiking.waymarkedtrails.org/api/v1/details/relation/156553",
        "license_status": "open_license_share_alike",
        "source_license": "ODbL",
        "attribution": "OpenStreetMap contributors",
        "last_checked": "2026-05-13",
        "last_generated": "2026-05-14",
        "ai_answer_rule": "Generated mile based on Scout MVP4 NJ/NY/CT open route geometry, not an official ATC mile. Use for source-aware planning only."
      },
      "geometry": {
        "type": "Point",
        "coordinates": [
          -73.671101,
          41.576368
        ]
      }
    },
    {
      "type": "Feature",
      "properties": {
        "trail": "Appalachian Trail",
        "route_id": "at-mvp4-nj-ny-ct-delaware-water-gap-ct-ma-open-2026",
        "source_route_id": "at-main-osm-2026-open",
        "mile_nobo_global_est": 1410,
        "mile_nobo_mvp4": 140,
        "mile_sobo_mvp4": 66,
        "state": "NY",
        "milepoint_type": "generated",
        "official": false,
        "confidence": "estimated_from_open_route_geometry_with_known_length_gap",
        "source_id": "osm",
        "source_url": "https://www.openstreetmap.org/relation/156553",
        "source_access_url": "https://hiking.waymarkedtrails.org/api/v1/details/relation/156553",
        "license_status": "open_license_share_alike",
        "source_license": "ODbL",
        "attribution": "OpenStreetMap contributors",
        "last_checked": "2026-05-13",
        "last_generated": "2026-05-14",
        "ai_answer_rule": "Generated mile based on Scout MVP4 NJ/NY/CT open route geometry, not an official ATC mile. Use for source-aware planning only."
      },
      "geometry": {
        "type": "Point",
        "coordinates": [
          -73.663713,
          41.587864
        ]
      }
    },
    {
      "type": "Feature",
      "properties": {
        "trail": "Appalachian Trail",
        "route_id": "at-mvp4-nj-ny-ct-delaware-water-gap-ct-ma-open-2026",
        "source_route_id": "at-main-osm-2026-open",
        "mile_nobo_global_est": 1411,
        "mile_nobo_mvp4": 141,
        "mile_sobo_mvp4": 65,
        "state": "NY",
        "milepoint_type": "generated",
        "official": false,
        "confidence": "estimated_from_open_route_geometry_with_known_length_gap",
        "source_id": "osm",
        "source_url": "https://www.openstreetmap.org/relation/156553",
        "source_access_url": "https://hiking.waymarkedtrails.org/api/v1/details/relation/156553",
        "license_status": "open_license_share_alike",
        "source_license": "ODbL",
        "attribution": "OpenStreetMap contributors",
        "last_checked": "2026-05-13",
        "last_generated": "2026-05-14",
        "ai_answer_rule": "Generated mile based on Scout MVP4 NJ/NY/CT open route geometry, not an official ATC mile. Use for source-aware planning only."
      },
      "geometry": {
        "type": "Point",
        "coordinates": [
          -73.655411,
          41.594032
        ]
      }
    },
    {
      "type": "Feature",
      "properties": {
        "trail": "Appalachian Trail",
        "route_id": "at-mvp4-nj-ny-ct-delaware-water-gap-ct-ma-open-2026",
        "source_route_id": "at-main-osm-2026-open",
        "mile_nobo_global_est": 1412,
        "mile_nobo_mvp4": 142,
        "mile_sobo_mvp4": 64,
        "state": "NY",
        "milepoint_type": "generated",
        "official": false,
        "confidence": "estimated_from_open_route_geometry_with_known_length_gap",
        "source_id": "osm",
        "source_url": "https://www.openstreetmap.org/relation/156553",
        "source_access_url": "https://hiking.waymarkedtrails.org/api/v1/details/relation/156553",
        "license_status": "open_license_share_alike",
        "source_license": "ODbL",
        "attribution": "OpenStreetMap contributors",
        "last_checked": "2026-05-13",
        "last_generated": "2026-05-14",
        "ai_answer_rule": "Generated mile based on Scout MVP4 NJ/NY/CT open route geometry, not an official ATC mile. Use for source-aware planning only."
      },
      "geometry": {
        "type": "Point",
        "coordinates": [
          -73.646636,
          41.601523
        ]
      }
    },
    {
      "type": "Feature",
      "properties": {
        "trail": "Appalachian Trail",
        "route_id": "at-mvp4-nj-ny-ct-delaware-water-gap-ct-ma-open-2026",
        "source_route_id": "at-main-osm-2026-open",
        "mile_nobo_global_est": 1413,
        "mile_nobo_mvp4": 143,
        "mile_sobo_mvp4": 63,
        "state": "NY",
        "milepoint_type": "generated",
        "official": false,
        "confidence": "estimated_from_open_route_geometry_with_known_length_gap",
        "source_id": "osm",
        "source_url": "https://www.openstreetmap.org/relation/156553",
        "source_access_url": "https://hiking.waymarkedtrails.org/api/v1/details/relation/156553",
        "license_status": "open_license_share_alike",
        "source_license": "ODbL",
        "attribution": "OpenStreetMap contributors",
        "last_checked": "2026-05-13",
        "last_generated": "2026-05-14",
        "ai_answer_rule": "Generated mile based on Scout MVP4 NJ/NY/CT open route geometry, not an official ATC mile. Use for source-aware planning only."
      },
      "geometry": {
        "type": "Point",
        "coordinates": [
          -73.636697,
          41.608506
        ]
      }
    },
    {
      "type": "Feature",
      "properties": {
        "trail": "Appalachian Trail",
        "route_id": "at-mvp4-nj-ny-ct-delaware-water-gap-ct-ma-open-2026",
        "source_route_id": "at-main-osm-2026-open",
        "mile_nobo_global_est": 1414,
        "mile_nobo_mvp4": 144,
        "mile_sobo_mvp4": 62,
        "state": "NY",
        "milepoint_type": "generated",
        "official": false,
        "confidence": "estimated_from_open_route_geometry_with_known_length_gap",
        "source_id": "osm",
        "source_url": "https://www.openstreetmap.org/relation/156553",
        "source_access_url": "https://hiking.waymarkedtrails.org/api/v1/details/relation/156553",
        "license_status": "open_license_share_alike",
        "source_license": "ODbL",
        "attribution": "OpenStreetMap contributors",
        "last_checked": "2026-05-13",
        "last_generated": "2026-05-14",
        "ai_answer_rule": "Generated mile based on Scout MVP4 NJ/NY/CT open route geometry, not an official ATC mile. Use for source-aware planning only."
      },
      "geometry": {
        "type": "Point",
        "coordinates": [
          -73.620379,
          41.610041
        ]
      }
    },
    {
      "type": "Feature",
      "properties": {
        "trail": "Appalachian Trail",
        "route_id": "at-mvp4-nj-ny-ct-delaware-water-gap-ct-ma-open-2026",
        "source_route_id": "at-main-osm-2026-open",
        "mile_nobo_global_est": 1415,
        "mile_nobo_mvp4": 145,
        "mile_sobo_mvp4": 61,
        "state": "NY",
        "milepoint_type": "generated",
        "official": false,
        "confidence": "estimated_from_open_route_geometry_with_known_length_gap",
        "source_id": "osm",
        "source_url": "https://www.openstreetmap.org/relation/156553",
        "source_access_url": "https://hiking.waymarkedtrails.org/api/v1/details/relation/156553",
        "license_status": "open_license_share_alike",
        "source_license": "ODbL",
        "attribution": "OpenStreetMap contributors",
        "last_checked": "2026-05-13",
        "last_generated": "2026-05-14",
        "ai_answer_rule": "Generated mile based on Scout MVP4 NJ/NY/CT open route geometry, not an official ATC mile. Use for source-aware planning only."
      },
      "geometry": {
        "type": "Point",
        "coordinates": [
          -73.612979,
          41.603921
        ]
      }
    },
    {
      "type": "Feature",
      "properties": {
        "trail": "Appalachian Trail",
        "route_id": "at-mvp4-nj-ny-ct-delaware-water-gap-ct-ma-open-2026",
        "source_route_id": "at-main-osm-2026-open",
        "mile_nobo_global_est": 1416,
        "mile_nobo_mvp4": 146,
        "mile_sobo_mvp4": 60,
        "state": "NY",
        "milepoint_type": "generated",
        "official": false,
        "confidence": "estimated_from_open_route_geometry_with_known_length_gap",
        "source_id": "osm",
        "source_url": "https://www.openstreetmap.org/relation/156553",
        "source_access_url": "https://hiking.waymarkedtrails.org/api/v1/details/relation/156553",
        "license_status": "open_license_share_alike",
        "source_license": "ODbL",
        "attribution": "OpenStreetMap contributors",
        "last_checked": "2026-05-13",
        "last_generated": "2026-05-14",
        "ai_answer_rule": "Generated mile based on Scout MVP4 NJ/NY/CT open route geometry, not an official ATC mile. Use for source-aware planning only."
      },
      "geometry": {
        "type": "Point",
        "coordinates": [
          -73.596856,
          41.605119
        ]
      }
    },
    {
      "type": "Feature",
      "properties": {
        "trail": "Appalachian Trail",
        "route_id": "at-mvp4-nj-ny-ct-delaware-water-gap-ct-ma-open-2026",
        "source_route_id": "at-main-osm-2026-open",
        "mile_nobo_global_est": 1417,
        "mile_nobo_mvp4": 147,
        "mile_sobo_mvp4": 59,
        "state": "NY",
        "milepoint_type": "generated",
        "official": false,
        "confidence": "estimated_from_open_route_geometry_with_known_length_gap",
        "source_id": "osm",
        "source_url": "https://www.openstreetmap.org/relation/156553",
        "source_access_url": "https://hiking.waymarkedtrails.org/api/v1/details/relation/156553",
        "license_status": "open_license_share_alike",
        "source_license": "ODbL",
        "attribution": "OpenStreetMap contributors",
        "last_checked": "2026-05-13",
        "last_generated": "2026-05-14",
        "ai_answer_rule": "Generated mile based on Scout MVP4 NJ/NY/CT open route geometry, not an official ATC mile. Use for source-aware planning only."
      },
      "geometry": {
        "type": "Point",
        "coordinates": [
          -73.593149,
          41.59545
        ]
      }
    },
    {
      "type": "Feature",
      "properties": {
        "trail": "Appalachian Trail",
        "route_id": "at-mvp4-nj-ny-ct-delaware-water-gap-ct-ma-open-2026",
        "source_route_id": "at-main-osm-2026-open",
        "mile_nobo_global_est": 1418,
        "mile_nobo_mvp4": 148,
        "mile_sobo_mvp4": 58,
        "state": "NY",
        "milepoint_type": "generated",
        "official": false,
        "confidence": "estimated_from_open_route_geometry_with_known_length_gap",
        "source_id": "osm",
        "source_url": "https://www.openstreetmap.org/relation/156553",
        "source_access_url": "https://hiking.waymarkedtrails.org/api/v1/details/relation/156553",
        "license_status": "open_license_share_alike",
        "source_license": "ODbL",
        "attribution": "OpenStreetMap contributors",
        "last_checked": "2026-05-13",
        "last_generated": "2026-05-14",
        "ai_answer_rule": "Generated mile based on Scout MVP4 NJ/NY/CT open route geometry, not an official ATC mile. Use for source-aware planning only."
      },
      "geometry": {
        "type": "Point",
        "coordinates": [
          -73.579625,
          41.594561
        ]
      }
    },
    {
      "type": "Feature",
      "properties": {
        "trail": "Appalachian Trail",
        "route_id": "at-mvp4-nj-ny-ct-delaware-water-gap-ct-ma-open-2026",
        "source_route_id": "at-main-osm-2026-open",
        "mile_nobo_global_est": 1419,
        "mile_nobo_mvp4": 149,
        "mile_sobo_mvp4": 57,
        "state": "NY",
        "milepoint_type": "generated",
        "official": false,
        "confidence": "estimated_from_open_route_geometry_with_known_length_gap",
        "source_id": "osm",
        "source_url": "https://www.openstreetmap.org/relation/156553",
        "source_access_url": "https://hiking.waymarkedtrails.org/api/v1/details/relation/156553",
        "license_status": "open_license_share_alike",
        "source_license": "ODbL",
        "attribution": "OpenStreetMap contributors",
        "last_checked": "2026-05-13",
        "last_generated": "2026-05-14",
        "ai_answer_rule": "Generated mile based on Scout MVP4 NJ/NY/CT open route geometry, not an official ATC mile. Use for source-aware planning only."
      },
      "geometry": {
        "type": "Point",
        "coordinates": [
          -73.570972,
          41.602893
        ]
      }
    },
    {
      "type": "Feature",
      "properties": {
        "trail": "Appalachian Trail",
        "route_id": "at-mvp4-nj-ny-ct-delaware-water-gap-ct-ma-open-2026",
        "source_route_id": "at-main-osm-2026-open",
        "mile_nobo_global_est": 1420,
        "mile_nobo_mvp4": 150,
        "mile_sobo_mvp4": 56,
        "state": "NY",
        "milepoint_type": "generated",
        "official": false,
        "confidence": "estimated_from_open_route_geometry_with_known_length_gap",
        "source_id": "osm",
        "source_url": "https://www.openstreetmap.org/relation/156553",
        "source_access_url": "https://hiking.waymarkedtrails.org/api/v1/details/relation/156553",
        "license_status": "open_license_share_alike",
        "source_license": "ODbL",
        "attribution": "OpenStreetMap contributors",
        "last_checked": "2026-05-13",
        "last_generated": "2026-05-14",
        "ai_answer_rule": "Generated mile based on Scout MVP4 NJ/NY/CT open route geometry, not an official ATC mile. Use for source-aware planning only."
      },
      "geometry": {
        "type": "Point",
        "coordinates": [
          -73.562681,
          41.613315
        ]
      }
    },
    {
      "type": "Feature",
      "properties": {
        "trail": "Appalachian Trail",
        "route_id": "at-mvp4-nj-ny-ct-delaware-water-gap-ct-ma-open-2026",
        "source_route_id": "at-main-osm-2026-open",
        "mile_nobo_global_est": 1421,
        "mile_nobo_mvp4": 151,
        "mile_sobo_mvp4": 55,
        "state": "NY",
        "milepoint_type": "generated",
        "official": false,
        "confidence": "estimated_from_open_route_geometry_with_known_length_gap",
        "source_id": "osm",
        "source_url": "https://www.openstreetmap.org/relation/156553",
        "source_access_url": "https://hiking.waymarkedtrails.org/api/v1/details/relation/156553",
        "license_status": "open_license_share_alike",
        "source_license": "ODbL",
        "attribution": "OpenStreetMap contributors",
        "last_checked": "2026-05-13",
        "last_generated": "2026-05-14",
        "ai_answer_rule": "Generated mile based on Scout MVP4 NJ/NY/CT open route geometry, not an official ATC mile. Use for source-aware planning only."
      },
      "geometry": {
        "type": "Point",
        "coordinates": [
          -73.55603,
          41.622099
        ]
      }
    },
    {
      "type": "Feature",
      "properties": {
        "trail": "Appalachian Trail",
        "route_id": "at-mvp4-nj-ny-ct-delaware-water-gap-ct-ma-open-2026",
        "source_route_id": "at-main-osm-2026-open",
        "mile_nobo_global_est": 1422,
        "mile_nobo_mvp4": 152,
        "mile_sobo_mvp4": 54,
        "state": "NY",
        "milepoint_type": "generated",
        "official": false,
        "confidence": "estimated_from_open_route_geometry_with_known_length_gap",
        "source_id": "osm",
        "source_url": "https://www.openstreetmap.org/relation/156553",
        "source_access_url": "https://hiking.waymarkedtrails.org/api/v1/details/relation/156553",
        "license_status": "open_license_share_alike",
        "source_license": "ODbL",
        "attribution": "OpenStreetMap contributors",
        "last_checked": "2026-05-13",
        "last_generated": "2026-05-14",
        "ai_answer_rule": "Generated mile based on Scout MVP4 NJ/NY/CT open route geometry, not an official ATC mile. Use for source-aware planning only."
      },
      "geometry": {
        "type": "Point",
        "coordinates": [
          -73.546533,
          41.633193
        ]
      }
    },
    {
      "type": "Feature",
      "properties": {
        "trail": "Appalachian Trail",
        "route_id": "at-mvp4-nj-ny-ct-delaware-water-gap-ct-ma-open-2026",
        "source_route_id": "at-main-osm-2026-open",
        "mile_nobo_global_est": 1423,
        "mile_nobo_mvp4": 153,
        "mile_sobo_mvp4": 53,
        "state": "CT",
        "milepoint_type": "generated",
        "official": false,
        "confidence": "estimated_from_open_route_geometry_with_known_length_gap",
        "source_id": "osm",
        "source_url": "https://www.openstreetmap.org/relation/156553",
        "source_access_url": "https://hiking.waymarkedtrails.org/api/v1/details/relation/156553",
        "license_status": "open_license_share_alike",
        "source_license": "ODbL",
        "attribution": "OpenStreetMap contributors",
        "last_checked": "2026-05-13",
        "last_generated": "2026-05-14",
        "ai_answer_rule": "Generated mile based on Scout MVP4 NJ/NY/CT open route geometry, not an official ATC mile. Use for source-aware planning only."
      },
      "geometry": {
        "type": "Point",
        "coordinates": [
          -73.534292,
          41.635937
        ]
      }
    },
    {
      "type": "Feature",
      "properties": {
        "trail": "Appalachian Trail",
        "route_id": "at-mvp4-nj-ny-ct-delaware-water-gap-ct-ma-open-2026",
        "source_route_id": "at-main-osm-2026-open",
        "mile_nobo_global_est": 1424,
        "mile_nobo_mvp4": 154,
        "mile_sobo_mvp4": 52,
        "state": "CT",
        "milepoint_type": "generated",
        "official": false,
        "confidence": "estimated_from_open_route_geometry_with_known_length_gap",
        "source_id": "osm",
        "source_url": "https://www.openstreetmap.org/relation/156553",
        "source_access_url": "https://hiking.waymarkedtrails.org/api/v1/details/relation/156553",
        "license_status": "open_license_share_alike",
        "source_license": "ODbL",
        "attribution": "OpenStreetMap contributors",
        "last_checked": "2026-05-13",
        "last_generated": "2026-05-14",
        "ai_answer_rule": "Generated mile based on Scout MVP4 NJ/NY/CT open route geometry, not an official ATC mile. Use for source-aware planning only."
      },
      "geometry": {
        "type": "Point",
        "coordinates": [
          -73.525576,
          41.640046
        ]
      }
    },
    {
      "type": "Feature",
      "properties": {
        "trail": "Appalachian Trail",
        "route_id": "at-mvp4-nj-ny-ct-delaware-water-gap-ct-ma-open-2026",
        "source_route_id": "at-main-osm-2026-open",
        "mile_nobo_global_est": 1425,
        "mile_nobo_mvp4": 155,
        "mile_sobo_mvp4": 51,
        "state": "CT",
        "milepoint_type": "generated",
        "official": false,
        "confidence": "estimated_from_open_route_geometry_with_known_length_gap",
        "source_id": "osm",
        "source_url": "https://www.openstreetmap.org/relation/156553",
        "source_access_url": "https://hiking.waymarkedtrails.org/api/v1/details/relation/156553",
        "license_status": "open_license_share_alike",
        "source_license": "ODbL",
        "attribution": "OpenStreetMap contributors",
        "last_checked": "2026-05-13",
        "last_generated": "2026-05-14",
        "ai_answer_rule": "Generated mile based on Scout MVP4 NJ/NY/CT open route geometry, not an official ATC mile. Use for source-aware planning only."
      },
      "geometry": {
        "type": "Point",
        "coordinates": [
          -73.516944,
          41.647082
        ]
      }
    },
    {
      "type": "Feature",
      "properties": {
        "trail": "Appalachian Trail",
        "route_id": "at-mvp4-nj-ny-ct-delaware-water-gap-ct-ma-open-2026",
        "source_route_id": "at-main-osm-2026-open",
        "mile_nobo_global_est": 1426,
        "mile_nobo_mvp4": 156,
        "mile_sobo_mvp4": 50,
        "state": "CT",
        "milepoint_type": "generated",
        "official": false,
        "confidence": "estimated_from_open_route_geometry_with_known_length_gap",
        "source_id": "osm",
        "source_url": "https://www.openstreetmap.org/relation/156553",
        "source_access_url": "https://hiking.waymarkedtrails.org/api/v1/details/relation/156553",
        "license_status": "open_license_share_alike",
        "source_license": "ODbL",
        "attribution": "OpenStreetMap contributors",
        "last_checked": "2026-05-13",
        "last_generated": "2026-05-14",
        "ai_answer_rule": "Generated mile based on Scout MVP4 NJ/NY/CT open route geometry, not an official ATC mile. Use for source-aware planning only."
      },
      "geometry": {
        "type": "Point",
        "coordinates": [
          -73.516606,
          41.657506
        ]
      }
    },
    {
      "type": "Feature",
      "properties": {
        "trail": "Appalachian Trail",
        "route_id": "at-mvp4-nj-ny-ct-delaware-water-gap-ct-ma-open-2026",
        "source_route_id": "at-main-osm-2026-open",
        "mile_nobo_global_est": 1427,
        "mile_nobo_mvp4": 157,
        "mile_sobo_mvp4": 49,
        "state": "CT",
        "milepoint_type": "generated",
        "official": false,
        "confidence": "estimated_from_open_route_geometry_with_known_length_gap",
        "source_id": "osm",
        "source_url": "https://www.openstreetmap.org/relation/156553",
        "source_access_url": "https://hiking.waymarkedtrails.org/api/v1/details/relation/156553",
        "license_status": "open_license_share_alike",
        "source_license": "ODbL",
        "attribution": "OpenStreetMap contributors",
        "last_checked": "2026-05-13",
        "last_generated": "2026-05-14",
        "ai_answer_rule": "Generated mile based on Scout MVP4 NJ/NY/CT open route geometry, not an official ATC mile. Use for source-aware planning only."
      },
      "geometry": {
        "type": "Point",
        "coordinates": [
          -73.511979,
          41.665623
        ]
      }
    },
    {
      "type": "Feature",
      "properties": {
        "trail": "Appalachian Trail",
        "route_id": "at-mvp4-nj-ny-ct-delaware-water-gap-ct-ma-open-2026",
        "source_route_id": "at-main-osm-2026-open",
        "mile_nobo_global_est": 1428,
        "mile_nobo_mvp4": 158,
        "mile_sobo_mvp4": 48,
        "state": "CT",
        "milepoint_type": "generated",
        "official": false,
        "confidence": "estimated_from_open_route_geometry_with_known_length_gap",
        "source_id": "osm",
        "source_url": "https://www.openstreetmap.org/relation/156553",
        "source_access_url": "https://hiking.waymarkedtrails.org/api/v1/details/relation/156553",
        "license_status": "open_license_share_alike",
        "source_license": "ODbL",
        "attribution": "OpenStreetMap contributors",
        "last_checked": "2026-05-13",
        "last_generated": "2026-05-14",
        "ai_answer_rule": "Generated mile based on Scout MVP4 NJ/NY/CT open route geometry, not an official ATC mile. Use for source-aware planning only."
      },
      "geometry": {
        "type": "Point",
        "coordinates": [
          -73.50894,
          41.67206
        ]
      }
    },
    {
      "type": "Feature",
      "properties": {
        "trail": "Appalachian Trail",
        "route_id": "at-mvp4-nj-ny-ct-delaware-water-gap-ct-ma-open-2026",
        "source_route_id": "at-main-osm-2026-open",
        "mile_nobo_global_est": 1429,
        "mile_nobo_mvp4": 159,
        "mile_sobo_mvp4": 47,
        "state": "CT",
        "milepoint_type": "generated",
        "official": false,
        "confidence": "estimated_from_open_route_geometry_with_known_length_gap",
        "source_id": "osm",
        "source_url": "https://www.openstreetmap.org/relation/156553",
        "source_access_url": "https://hiking.waymarkedtrails.org/api/v1/details/relation/156553",
        "license_status": "open_license_share_alike",
        "source_license": "ODbL",
        "attribution": "OpenStreetMap contributors",
        "last_checked": "2026-05-13",
        "last_generated": "2026-05-14",
        "ai_answer_rule": "Generated mile based on Scout MVP4 NJ/NY/CT open route geometry, not an official ATC mile. Use for source-aware planning only."
      },
      "geometry": {
        "type": "Point",
        "coordinates": [
          -73.512124,
          41.683032
        ]
      }
    },
    {
      "type": "Feature",
      "properties": {
        "trail": "Appalachian Trail",
        "route_id": "at-mvp4-nj-ny-ct-delaware-water-gap-ct-ma-open-2026",
        "source_route_id": "at-main-osm-2026-open",
        "mile_nobo_global_est": 1430,
        "mile_nobo_mvp4": 160,
        "mile_sobo_mvp4": 46,
        "state": "CT",
        "milepoint_type": "generated",
        "official": false,
        "confidence": "estimated_from_open_route_geometry_with_known_length_gap",
        "source_id": "osm",
        "source_url": "https://www.openstreetmap.org/relation/156553",
        "source_access_url": "https://hiking.waymarkedtrails.org/api/v1/details/relation/156553",
        "license_status": "open_license_share_alike",
        "source_license": "ODbL",
        "attribution": "OpenStreetMap contributors",
        "last_checked": "2026-05-13",
        "last_generated": "2026-05-14",
        "ai_answer_rule": "Generated mile based on Scout MVP4 NJ/NY/CT open route geometry, not an official ATC mile. Use for source-aware planning only."
      },
      "geometry": {
        "type": "Point",
        "coordinates": [
          -73.52099,
          41.683571
        ]
      }
    },
    {
      "type": "Feature",
      "properties": {
        "trail": "Appalachian Trail",
        "route_id": "at-mvp4-nj-ny-ct-delaware-water-gap-ct-ma-open-2026",
        "source_route_id": "at-main-osm-2026-open",
        "mile_nobo_global_est": 1431,
        "mile_nobo_mvp4": 161,
        "mile_sobo_mvp4": 45,
        "state": "CT",
        "milepoint_type": "generated",
        "official": false,
        "confidence": "estimated_from_open_route_geometry_with_known_length_gap",
        "source_id": "osm",
        "source_url": "https://www.openstreetmap.org/relation/156553",
        "source_access_url": "https://hiking.waymarkedtrails.org/api/v1/details/relation/156553",
        "license_status": "open_license_share_alike",
        "source_license": "ODbL",
        "attribution": "OpenStreetMap contributors",
        "last_checked": "2026-05-13",
        "last_generated": "2026-05-14",
        "ai_answer_rule": "Generated mile based on Scout MVP4 NJ/NY/CT open route geometry, not an official ATC mile. Use for source-aware planning only."
      },
      "geometry": {
        "type": "Point",
        "coordinates": [
          -73.521119,
          41.690032
        ]
      }
    },
    {
      "type": "Feature",
      "properties": {
        "trail": "Appalachian Trail",
        "route_id": "at-mvp4-nj-ny-ct-delaware-water-gap-ct-ma-open-2026",
        "source_route_id": "at-main-osm-2026-open",
        "mile_nobo_global_est": 1432,
        "mile_nobo_mvp4": 162,
        "mile_sobo_mvp4": 44,
        "state": "CT",
        "milepoint_type": "generated",
        "official": false,
        "confidence": "estimated_from_open_route_geometry_with_known_length_gap",
        "source_id": "osm",
        "source_url": "https://www.openstreetmap.org/relation/156553",
        "source_access_url": "https://hiking.waymarkedtrails.org/api/v1/details/relation/156553",
        "license_status": "open_license_share_alike",
        "source_license": "ODbL",
        "attribution": "OpenStreetMap contributors",
        "last_checked": "2026-05-13",
        "last_generated": "2026-05-14",
        "ai_answer_rule": "Generated mile based on Scout MVP4 NJ/NY/CT open route geometry, not an official ATC mile. Use for source-aware planning only."
      },
      "geometry": {
        "type": "Point",
        "coordinates": [
          -73.509662,
          41.69659
        ]
      }
    },
    {
      "type": "Feature",
      "properties": {
        "trail": "Appalachian Trail",
        "route_id": "at-mvp4-nj-ny-ct-delaware-water-gap-ct-ma-open-2026",
        "source_route_id": "at-main-osm-2026-open",
        "mile_nobo_global_est": 1433,
        "mile_nobo_mvp4": 163,
        "mile_sobo_mvp4": 43,
        "state": "CT",
        "milepoint_type": "generated",
        "official": false,
        "confidence": "estimated_from_open_route_geometry_with_known_length_gap",
        "source_id": "osm",
        "source_url": "https://www.openstreetmap.org/relation/156553",
        "source_access_url": "https://hiking.waymarkedtrails.org/api/v1/details/relation/156553",
        "license_status": "open_license_share_alike",
        "source_license": "ODbL",
        "attribution": "OpenStreetMap contributors",
        "last_checked": "2026-05-13",
        "last_generated": "2026-05-14",
        "ai_answer_rule": "Generated mile based on Scout MVP4 NJ/NY/CT open route geometry, not an official ATC mile. Use for source-aware planning only."
      },
      "geometry": {
        "type": "Point",
        "coordinates": [
          -73.501558,
          41.704881
        ]
      }
    },
    {
      "type": "Feature",
      "properties": {
        "trail": "Appalachian Trail",
        "route_id": "at-mvp4-nj-ny-ct-delaware-water-gap-ct-ma-open-2026",
        "source_route_id": "at-main-osm-2026-open",
        "mile_nobo_global_est": 1434,
        "mile_nobo_mvp4": 164,
        "mile_sobo_mvp4": 42,
        "state": "CT",
        "milepoint_type": "generated",
        "official": false,
        "confidence": "estimated_from_open_route_geometry_with_known_length_gap",
        "source_id": "osm",
        "source_url": "https://www.openstreetmap.org/relation/156553",
        "source_access_url": "https://hiking.waymarkedtrails.org/api/v1/details/relation/156553",
        "license_status": "open_license_share_alike",
        "source_license": "ODbL",
        "attribution": "OpenStreetMap contributors",
        "last_checked": "2026-05-13",
        "last_generated": "2026-05-14",
        "ai_answer_rule": "Generated mile based on Scout MVP4 NJ/NY/CT open route geometry, not an official ATC mile. Use for source-aware planning only."
      },
      "geometry": {
        "type": "Point",
        "coordinates": [
          -73.501021,
          41.716775
        ]
      }
    },
    {
      "type": "Feature",
      "properties": {
        "trail": "Appalachian Trail",
        "route_id": "at-mvp4-nj-ny-ct-delaware-water-gap-ct-ma-open-2026",
        "source_route_id": "at-main-osm-2026-open",
        "mile_nobo_global_est": 1435,
        "mile_nobo_mvp4": 165,
        "mile_sobo_mvp4": 41,
        "state": "CT",
        "milepoint_type": "generated",
        "official": false,
        "confidence": "estimated_from_open_route_geometry_with_known_length_gap",
        "source_id": "osm",
        "source_url": "https://www.openstreetmap.org/relation/156553",
        "source_access_url": "https://hiking.waymarkedtrails.org/api/v1/details/relation/156553",
        "license_status": "open_license_share_alike",
        "source_license": "ODbL",
        "attribution": "OpenStreetMap contributors",
        "last_checked": "2026-05-13",
        "last_generated": "2026-05-14",
        "ai_answer_rule": "Generated mile based on Scout MVP4 NJ/NY/CT open route geometry, not an official ATC mile. Use for source-aware planning only."
      },
      "geometry": {
        "type": "Point",
        "coordinates": [
          -73.495343,
          41.727042
        ]
      }
    },
    {
      "type": "Feature",
      "properties": {
        "trail": "Appalachian Trail",
        "route_id": "at-mvp4-nj-ny-ct-delaware-water-gap-ct-ma-open-2026",
        "source_route_id": "at-main-osm-2026-open",
        "mile_nobo_global_est": 1436,
        "mile_nobo_mvp4": 166,
        "mile_sobo_mvp4": 40,
        "state": "CT",
        "milepoint_type": "generated",
        "official": false,
        "confidence": "estimated_from_open_route_geometry_with_known_length_gap",
        "source_id": "osm",
        "source_url": "https://www.openstreetmap.org/relation/156553",
        "source_access_url": "https://hiking.waymarkedtrails.org/api/v1/details/relation/156553",
        "license_status": "open_license_share_alike",
        "source_license": "ODbL",
        "attribution": "OpenStreetMap contributors",
        "last_checked": "2026-05-13",
        "last_generated": "2026-05-14",
        "ai_answer_rule": "Generated mile based on Scout MVP4 NJ/NY/CT open route geometry, not an official ATC mile. Use for source-aware planning only."
      },
      "geometry": {
        "type": "Point",
        "coordinates": [
          -73.486991,
          41.728105
        ]
      }
    },
    {
      "type": "Feature",
      "properties": {
        "trail": "Appalachian Trail",
        "route_id": "at-mvp4-nj-ny-ct-delaware-water-gap-ct-ma-open-2026",
        "source_route_id": "at-main-osm-2026-open",
        "mile_nobo_global_est": 1437,
        "mile_nobo_mvp4": 167,
        "mile_sobo_mvp4": 39,
        "state": "CT",
        "milepoint_type": "generated",
        "official": false,
        "confidence": "estimated_from_open_route_geometry_with_known_length_gap",
        "source_id": "osm",
        "source_url": "https://www.openstreetmap.org/relation/156553",
        "source_access_url": "https://hiking.waymarkedtrails.org/api/v1/details/relation/156553",
        "license_status": "open_license_share_alike",
        "source_license": "ODbL",
        "attribution": "OpenStreetMap contributors",
        "last_checked": "2026-05-13",
        "last_generated": "2026-05-14",
        "ai_answer_rule": "Generated mile based on Scout MVP4 NJ/NY/CT open route geometry, not an official ATC mile. Use for source-aware planning only."
      },
      "geometry": {
        "type": "Point",
        "coordinates": [
          -73.480277,
          41.737237
        ]
      }
    },
    {
      "type": "Feature",
      "properties": {
        "trail": "Appalachian Trail",
        "route_id": "at-mvp4-nj-ny-ct-delaware-water-gap-ct-ma-open-2026",
        "source_route_id": "at-main-osm-2026-open",
        "mile_nobo_global_est": 1438,
        "mile_nobo_mvp4": 168,
        "mile_sobo_mvp4": 38,
        "state": "CT",
        "milepoint_type": "generated",
        "official": false,
        "confidence": "estimated_from_open_route_geometry_with_known_length_gap",
        "source_id": "osm",
        "source_url": "https://www.openstreetmap.org/relation/156553",
        "source_access_url": "https://hiking.waymarkedtrails.org/api/v1/details/relation/156553",
        "license_status": "open_license_share_alike",
        "source_license": "ODbL",
        "attribution": "OpenStreetMap contributors",
        "last_checked": "2026-05-13",
        "last_generated": "2026-05-14",
        "ai_answer_rule": "Generated mile based on Scout MVP4 NJ/NY/CT open route geometry, not an official ATC mile. Use for source-aware planning only."
      },
      "geometry": {
        "type": "Point",
        "coordinates": [
          -73.476326,
          41.745074
        ]
      }
    },
    {
      "type": "Feature",
      "properties": {
        "trail": "Appalachian Trail",
        "route_id": "at-mvp4-nj-ny-ct-delaware-water-gap-ct-ma-open-2026",
        "source_route_id": "at-main-osm-2026-open",
        "mile_nobo_global_est": 1439,
        "mile_nobo_mvp4": 169,
        "mile_sobo_mvp4": 37,
        "state": "CT",
        "milepoint_type": "generated",
        "official": false,
        "confidence": "estimated_from_open_route_geometry_with_known_length_gap",
        "source_id": "osm",
        "source_url": "https://www.openstreetmap.org/relation/156553",
        "source_access_url": "https://hiking.waymarkedtrails.org/api/v1/details/relation/156553",
        "license_status": "open_license_share_alike",
        "source_license": "ODbL",
        "attribution": "OpenStreetMap contributors",
        "last_checked": "2026-05-13",
        "last_generated": "2026-05-14",
        "ai_answer_rule": "Generated mile based on Scout MVP4 NJ/NY/CT open route geometry, not an official ATC mile. Use for source-aware planning only."
      },
      "geometry": {
        "type": "Point",
        "coordinates": [
          -73.470352,
          41.749868
        ]
      }
    },
    {
      "type": "Feature",
      "properties": {
        "trail": "Appalachian Trail",
        "route_id": "at-mvp4-nj-ny-ct-delaware-water-gap-ct-ma-open-2026",
        "source_route_id": "at-main-osm-2026-open",
        "mile_nobo_global_est": 1440,
        "mile_nobo_mvp4": 170,
        "mile_sobo_mvp4": 36,
        "state": "CT",
        "milepoint_type": "generated",
        "official": false,
        "confidence": "estimated_from_open_route_geometry_with_known_length_gap",
        "source_id": "osm",
        "source_url": "https://www.openstreetmap.org/relation/156553",
        "source_access_url": "https://hiking.waymarkedtrails.org/api/v1/details/relation/156553",
        "license_status": "open_license_share_alike",
        "source_license": "ODbL",
        "attribution": "OpenStreetMap contributors",
        "last_checked": "2026-05-13",
        "last_generated": "2026-05-14",
        "ai_answer_rule": "Generated mile based on Scout MVP4 NJ/NY/CT open route geometry, not an official ATC mile. Use for source-aware planning only."
      },
      "geometry": {
        "type": "Point",
        "coordinates": [
          -73.460424,
          41.756446
        ]
      }
    },
    {
      "type": "Feature",
      "properties": {
        "trail": "Appalachian Trail",
        "route_id": "at-mvp4-nj-ny-ct-delaware-water-gap-ct-ma-open-2026",
        "source_route_id": "at-main-osm-2026-open",
        "mile_nobo_global_est": 1441,
        "mile_nobo_mvp4": 171,
        "mile_sobo_mvp4": 35,
        "state": "CT",
        "milepoint_type": "generated",
        "official": false,
        "confidence": "estimated_from_open_route_geometry_with_known_length_gap",
        "source_id": "osm",
        "source_url": "https://www.openstreetmap.org/relation/156553",
        "source_access_url": "https://hiking.waymarkedtrails.org/api/v1/details/relation/156553",
        "license_status": "open_license_share_alike",
        "source_license": "ODbL",
        "attribution": "OpenStreetMap contributors",
        "last_checked": "2026-05-13",
        "last_generated": "2026-05-14",
        "ai_answer_rule": "Generated mile based on Scout MVP4 NJ/NY/CT open route geometry, not an official ATC mile. Use for source-aware planning only."
      },
      "geometry": {
        "type": "Point",
        "coordinates": [
          -73.447868,
          41.760735
        ]
      }
    },
    {
      "type": "Feature",
      "properties": {
        "trail": "Appalachian Trail",
        "route_id": "at-mvp4-nj-ny-ct-delaware-water-gap-ct-ma-open-2026",
        "source_route_id": "at-main-osm-2026-open",
        "mile_nobo_global_est": 1442,
        "mile_nobo_mvp4": 172,
        "mile_sobo_mvp4": 34,
        "state": "CT",
        "milepoint_type": "generated",
        "official": false,
        "confidence": "estimated_from_open_route_geometry_with_known_length_gap",
        "source_id": "osm",
        "source_url": "https://www.openstreetmap.org/relation/156553",
        "source_access_url": "https://hiking.waymarkedtrails.org/api/v1/details/relation/156553",
        "license_status": "open_license_share_alike",
        "source_license": "ODbL",
        "attribution": "OpenStreetMap contributors",
        "last_checked": "2026-05-13",
        "last_generated": "2026-05-14",
        "ai_answer_rule": "Generated mile based on Scout MVP4 NJ/NY/CT open route geometry, not an official ATC mile. Use for source-aware planning only."
      },
      "geometry": {
        "type": "Point",
        "coordinates": [
          -73.434131,
          41.769347
        ]
      }
    },
    {
      "type": "Feature",
      "properties": {
        "trail": "Appalachian Trail",
        "route_id": "at-mvp4-nj-ny-ct-delaware-water-gap-ct-ma-open-2026",
        "source_route_id": "at-main-osm-2026-open",
        "mile_nobo_global_est": 1443,
        "mile_nobo_mvp4": 173,
        "mile_sobo_mvp4": 33,
        "state": "CT",
        "milepoint_type": "generated",
        "official": false,
        "confidence": "estimated_from_open_route_geometry_with_known_length_gap",
        "source_id": "osm",
        "source_url": "https://www.openstreetmap.org/relation/156553",
        "source_access_url": "https://hiking.waymarkedtrails.org/api/v1/details/relation/156553",
        "license_status": "open_license_share_alike",
        "source_license": "ODbL",
        "attribution": "OpenStreetMap contributors",
        "last_checked": "2026-05-13",
        "last_generated": "2026-05-14",
        "ai_answer_rule": "Generated mile based on Scout MVP4 NJ/NY/CT open route geometry, not an official ATC mile. Use for source-aware planning only."
      },
      "geometry": {
        "type": "Point",
        "coordinates": [
          -73.419515,
          41.777642
        ]
      }
    },
    {
      "type": "Feature",
      "properties": {
        "trail": "Appalachian Trail",
        "route_id": "at-mvp4-nj-ny-ct-delaware-water-gap-ct-ma-open-2026",
        "source_route_id": "at-main-osm-2026-open",
        "mile_nobo_global_est": 1444,
        "mile_nobo_mvp4": 174,
        "mile_sobo_mvp4": 32,
        "state": "CT",
        "milepoint_type": "generated",
        "official": false,
        "confidence": "estimated_from_open_route_geometry_with_known_length_gap",
        "source_id": "osm",
        "source_url": "https://www.openstreetmap.org/relation/156553",
        "source_access_url": "https://hiking.waymarkedtrails.org/api/v1/details/relation/156553",
        "license_status": "open_license_share_alike",
        "source_license": "ODbL",
        "attribution": "OpenStreetMap contributors",
        "last_checked": "2026-05-13",
        "last_generated": "2026-05-14",
        "ai_answer_rule": "Generated mile based on Scout MVP4 NJ/NY/CT open route geometry, not an official ATC mile. Use for source-aware planning only."
      },
      "geometry": {
        "type": "Point",
        "coordinates": [
          -73.409657,
          41.789611
        ]
      }
    },
    {
      "type": "Feature",
      "properties": {
        "trail": "Appalachian Trail",
        "route_id": "at-mvp4-nj-ny-ct-delaware-water-gap-ct-ma-open-2026",
        "source_route_id": "at-main-osm-2026-open",
        "mile_nobo_global_est": 1445,
        "mile_nobo_mvp4": 175,
        "mile_sobo_mvp4": 31,
        "state": "CT",
        "milepoint_type": "generated",
        "official": false,
        "confidence": "estimated_from_open_route_geometry_with_known_length_gap",
        "source_id": "osm",
        "source_url": "https://www.openstreetmap.org/relation/156553",
        "source_access_url": "https://hiking.waymarkedtrails.org/api/v1/details/relation/156553",
        "license_status": "open_license_share_alike",
        "source_license": "ODbL",
        "attribution": "OpenStreetMap contributors",
        "last_checked": "2026-05-13",
        "last_generated": "2026-05-14",
        "ai_answer_rule": "Generated mile based on Scout MVP4 NJ/NY/CT open route geometry, not an official ATC mile. Use for source-aware planning only."
      },
      "geometry": {
        "type": "Point",
        "coordinates": [
          -73.399063,
          41.801332
        ]
      }
    },
    {
      "type": "Feature",
      "properties": {
        "trail": "Appalachian Trail",
        "route_id": "at-mvp4-nj-ny-ct-delaware-water-gap-ct-ma-open-2026",
        "source_route_id": "at-main-osm-2026-open",
        "mile_nobo_global_est": 1446,
        "mile_nobo_mvp4": 176,
        "mile_sobo_mvp4": 30,
        "state": "CT",
        "milepoint_type": "generated",
        "official": false,
        "confidence": "estimated_from_open_route_geometry_with_known_length_gap",
        "source_id": "osm",
        "source_url": "https://www.openstreetmap.org/relation/156553",
        "source_access_url": "https://hiking.waymarkedtrails.org/api/v1/details/relation/156553",
        "license_status": "open_license_share_alike",
        "source_license": "ODbL",
        "attribution": "OpenStreetMap contributors",
        "last_checked": "2026-05-13",
        "last_generated": "2026-05-14",
        "ai_answer_rule": "Generated mile based on Scout MVP4 NJ/NY/CT open route geometry, not an official ATC mile. Use for source-aware planning only."
      },
      "geometry": {
        "type": "Point",
        "coordinates": [
          -73.390508,
          41.81259
        ]
      }
    },
    {
      "type": "Feature",
      "properties": {
        "trail": "Appalachian Trail",
        "route_id": "at-mvp4-nj-ny-ct-delaware-water-gap-ct-ma-open-2026",
        "source_route_id": "at-main-osm-2026-open",
        "mile_nobo_global_est": 1447,
        "mile_nobo_mvp4": 177,
        "mile_sobo_mvp4": 29,
        "state": "CT",
        "milepoint_type": "generated",
        "official": false,
        "confidence": "estimated_from_open_route_geometry_with_known_length_gap",
        "source_id": "osm",
        "source_url": "https://www.openstreetmap.org/relation/156553",
        "source_access_url": "https://hiking.waymarkedtrails.org/api/v1/details/relation/156553",
        "license_status": "open_license_share_alike",
        "source_license": "ODbL",
        "attribution": "OpenStreetMap contributors",
        "last_checked": "2026-05-13",
        "last_generated": "2026-05-14",
        "ai_answer_rule": "Generated mile based on Scout MVP4 NJ/NY/CT open route geometry, not an official ATC mile. Use for source-aware planning only."
      },
      "geometry": {
        "type": "Point",
        "coordinates": [
          -73.3864,
          41.821742
        ]
      }
    },
    {
      "type": "Feature",
      "properties": {
        "trail": "Appalachian Trail",
        "route_id": "at-mvp4-nj-ny-ct-delaware-water-gap-ct-ma-open-2026",
        "source_route_id": "at-main-osm-2026-open",
        "mile_nobo_global_est": 1448,
        "mile_nobo_mvp4": 178,
        "mile_sobo_mvp4": 28,
        "state": "CT",
        "milepoint_type": "generated",
        "official": false,
        "confidence": "estimated_from_open_route_geometry_with_known_length_gap",
        "source_id": "osm",
        "source_url": "https://www.openstreetmap.org/relation/156553",
        "source_access_url": "https://hiking.waymarkedtrails.org/api/v1/details/relation/156553",
        "license_status": "open_license_share_alike",
        "source_license": "ODbL",
        "attribution": "OpenStreetMap contributors",
        "last_checked": "2026-05-13",
        "last_generated": "2026-05-14",
        "ai_answer_rule": "Generated mile based on Scout MVP4 NJ/NY/CT open route geometry, not an official ATC mile. Use for source-aware planning only."
      },
      "geometry": {
        "type": "Point",
        "coordinates": [
          -73.3898,
          41.833487
        ]
      }
    },
    {
      "type": "Feature",
      "properties": {
        "trail": "Appalachian Trail",
        "route_id": "at-mvp4-nj-ny-ct-delaware-water-gap-ct-ma-open-2026",
        "source_route_id": "at-main-osm-2026-open",
        "mile_nobo_global_est": 1449,
        "mile_nobo_mvp4": 179,
        "mile_sobo_mvp4": 27,
        "state": "CT",
        "milepoint_type": "generated",
        "official": false,
        "confidence": "estimated_from_open_route_geometry_with_known_length_gap",
        "source_id": "osm",
        "source_url": "https://www.openstreetmap.org/relation/156553",
        "source_access_url": "https://hiking.waymarkedtrails.org/api/v1/details/relation/156553",
        "license_status": "open_license_share_alike",
        "source_license": "ODbL",
        "attribution": "OpenStreetMap contributors",
        "last_checked": "2026-05-13",
        "last_generated": "2026-05-14",
        "ai_answer_rule": "Generated mile based on Scout MVP4 NJ/NY/CT open route geometry, not an official ATC mile. Use for source-aware planning only."
      },
      "geometry": {
        "type": "Point",
        "coordinates": [
          -73.387954,
          41.84351
        ]
      }
    },
    {
      "type": "Feature",
      "properties": {
        "trail": "Appalachian Trail",
        "route_id": "at-mvp4-nj-ny-ct-delaware-water-gap-ct-ma-open-2026",
        "source_route_id": "at-main-osm-2026-open",
        "mile_nobo_global_est": 1450,
        "mile_nobo_mvp4": 180,
        "mile_sobo_mvp4": 26,
        "state": "CT",
        "milepoint_type": "generated",
        "official": false,
        "confidence": "estimated_from_open_route_geometry_with_known_length_gap",
        "source_id": "osm",
        "source_url": "https://www.openstreetmap.org/relation/156553",
        "source_access_url": "https://hiking.waymarkedtrails.org/api/v1/details/relation/156553",
        "license_status": "open_license_share_alike",
        "source_license": "ODbL",
        "attribution": "OpenStreetMap contributors",
        "last_checked": "2026-05-13",
        "last_generated": "2026-05-14",
        "ai_answer_rule": "Generated mile based on Scout MVP4 NJ/NY/CT open route geometry, not an official ATC mile. Use for source-aware planning only."
      },
      "geometry": {
        "type": "Point",
        "coordinates": [
          -73.382899,
          41.853069
        ]
      }
    },
    {
      "type": "Feature",
      "properties": {
        "trail": "Appalachian Trail",
        "route_id": "at-mvp4-nj-ny-ct-delaware-water-gap-ct-ma-open-2026",
        "source_route_id": "at-main-osm-2026-open",
        "mile_nobo_global_est": 1451,
        "mile_nobo_mvp4": 181,
        "mile_sobo_mvp4": 25,
        "state": "CT",
        "milepoint_type": "generated",
        "official": false,
        "confidence": "estimated_from_open_route_geometry_with_known_length_gap",
        "source_id": "osm",
        "source_url": "https://www.openstreetmap.org/relation/156553",
        "source_access_url": "https://hiking.waymarkedtrails.org/api/v1/details/relation/156553",
        "license_status": "open_license_share_alike",
        "source_license": "ODbL",
        "attribution": "OpenStreetMap contributors",
        "last_checked": "2026-05-13",
        "last_generated": "2026-05-14",
        "ai_answer_rule": "Generated mile based on Scout MVP4 NJ/NY/CT open route geometry, not an official ATC mile. Use for source-aware planning only."
      },
      "geometry": {
        "type": "Point",
        "coordinates": [
          -73.389388,
          41.862776
        ]
      }
    },
    {
      "type": "Feature",
      "properties": {
        "trail": "Appalachian Trail",
        "route_id": "at-mvp4-nj-ny-ct-delaware-water-gap-ct-ma-open-2026",
        "source_route_id": "at-main-osm-2026-open",
        "mile_nobo_global_est": 1452,
        "mile_nobo_mvp4": 182,
        "mile_sobo_mvp4": 24,
        "state": "CT",
        "milepoint_type": "generated",
        "official": false,
        "confidence": "estimated_from_open_route_geometry_with_known_length_gap",
        "source_id": "osm",
        "source_url": "https://www.openstreetmap.org/relation/156553",
        "source_access_url": "https://hiking.waymarkedtrails.org/api/v1/details/relation/156553",
        "license_status": "open_license_share_alike",
        "source_license": "ODbL",
        "attribution": "OpenStreetMap contributors",
        "last_checked": "2026-05-13",
        "last_generated": "2026-05-14",
        "ai_answer_rule": "Generated mile based on Scout MVP4 NJ/NY/CT open route geometry, not an official ATC mile. Use for source-aware planning only."
      },
      "geometry": {
        "type": "Point",
        "coordinates": [
          -73.389094,
          41.873454
        ]
      }
    },
    {
      "type": "Feature",
      "properties": {
        "trail": "Appalachian Trail",
        "route_id": "at-mvp4-nj-ny-ct-delaware-water-gap-ct-ma-open-2026",
        "source_route_id": "at-main-osm-2026-open",
        "mile_nobo_global_est": 1453,
        "mile_nobo_mvp4": 183,
        "mile_sobo_mvp4": 23,
        "state": "CT",
        "milepoint_type": "generated",
        "official": false,
        "confidence": "estimated_from_open_route_geometry_with_known_length_gap",
        "source_id": "osm",
        "source_url": "https://www.openstreetmap.org/relation/156553",
        "source_access_url": "https://hiking.waymarkedtrails.org/api/v1/details/relation/156553",
        "license_status": "open_license_share_alike",
        "source_license": "ODbL",
        "attribution": "OpenStreetMap contributors",
        "last_checked": "2026-05-13",
        "last_generated": "2026-05-14",
        "ai_answer_rule": "Generated mile based on Scout MVP4 NJ/NY/CT open route geometry, not an official ATC mile. Use for source-aware planning only."
      },
      "geometry": {
        "type": "Point",
        "coordinates": [
          -73.393571,
          41.882551
        ]
      }
    },
    {
      "type": "Feature",
      "properties": {
        "trail": "Appalachian Trail",
        "route_id": "at-mvp4-nj-ny-ct-delaware-water-gap-ct-ma-open-2026",
        "source_route_id": "at-main-osm-2026-open",
        "mile_nobo_global_est": 1454,
        "mile_nobo_mvp4": 184,
        "mile_sobo_mvp4": 22,
        "state": "CT",
        "milepoint_type": "generated",
        "official": false,
        "confidence": "estimated_from_open_route_geometry_with_known_length_gap",
        "source_id": "osm",
        "source_url": "https://www.openstreetmap.org/relation/156553",
        "source_access_url": "https://hiking.waymarkedtrails.org/api/v1/details/relation/156553",
        "license_status": "open_license_share_alike",
        "source_license": "ODbL",
        "attribution": "OpenStreetMap contributors",
        "last_checked": "2026-05-13",
        "last_generated": "2026-05-14",
        "ai_answer_rule": "Generated mile based on Scout MVP4 NJ/NY/CT open route geometry, not an official ATC mile. Use for source-aware planning only."
      },
      "geometry": {
        "type": "Point",
        "coordinates": [
          -73.402544,
          41.893919
        ]
      }
    },
    {
      "type": "Feature",
      "properties": {
        "trail": "Appalachian Trail",
        "route_id": "at-mvp4-nj-ny-ct-delaware-water-gap-ct-ma-open-2026",
        "source_route_id": "at-main-osm-2026-open",
        "mile_nobo_global_est": 1455,
        "mile_nobo_mvp4": 185,
        "mile_sobo_mvp4": 21,
        "state": "CT",
        "milepoint_type": "generated",
        "official": false,
        "confidence": "estimated_from_open_route_geometry_with_known_length_gap",
        "source_id": "osm",
        "source_url": "https://www.openstreetmap.org/relation/156553",
        "source_access_url": "https://hiking.waymarkedtrails.org/api/v1/details/relation/156553",
        "license_status": "open_license_share_alike",
        "source_license": "ODbL",
        "attribution": "OpenStreetMap contributors",
        "last_checked": "2026-05-13",
        "last_generated": "2026-05-14",
        "ai_answer_rule": "Generated mile based on Scout MVP4 NJ/NY/CT open route geometry, not an official ATC mile. Use for source-aware planning only."
      },
      "geometry": {
        "type": "Point",
        "coordinates": [
          -73.397356,
          41.905514
        ]
      }
    },
    {
      "type": "Feature",
      "properties": {
        "trail": "Appalachian Trail",
        "route_id": "at-mvp4-nj-ny-ct-delaware-water-gap-ct-ma-open-2026",
        "source_route_id": "at-main-osm-2026-open",
        "mile_nobo_global_est": 1456,
        "mile_nobo_mvp4": 186,
        "mile_sobo_mvp4": 20,
        "state": "CT",
        "milepoint_type": "generated",
        "official": false,
        "confidence": "estimated_from_open_route_geometry_with_known_length_gap",
        "source_id": "osm",
        "source_url": "https://www.openstreetmap.org/relation/156553",
        "source_access_url": "https://hiking.waymarkedtrails.org/api/v1/details/relation/156553",
        "license_status": "open_license_share_alike",
        "source_license": "ODbL",
        "attribution": "OpenStreetMap contributors",
        "last_checked": "2026-05-13",
        "last_generated": "2026-05-14",
        "ai_answer_rule": "Generated mile based on Scout MVP4 NJ/NY/CT open route geometry, not an official ATC mile. Use for source-aware planning only."
      },
      "geometry": {
        "type": "Point",
        "coordinates": [
          -73.388336,
          41.915688
        ]
      }
    },
    {
      "type": "Feature",
      "properties": {
        "trail": "Appalachian Trail",
        "route_id": "at-mvp4-nj-ny-ct-delaware-water-gap-ct-ma-open-2026",
        "source_route_id": "at-main-osm-2026-open",
        "mile_nobo_global_est": 1457,
        "mile_nobo_mvp4": 187,
        "mile_sobo_mvp4": 19,
        "state": "CT",
        "milepoint_type": "generated",
        "official": false,
        "confidence": "estimated_from_open_route_geometry_with_known_length_gap",
        "source_id": "osm",
        "source_url": "https://www.openstreetmap.org/relation/156553",
        "source_access_url": "https://hiking.waymarkedtrails.org/api/v1/details/relation/156553",
        "license_status": "open_license_share_alike",
        "source_license": "ODbL",
        "attribution": "OpenStreetMap contributors",
        "last_checked": "2026-05-13",
        "last_generated": "2026-05-14",
        "ai_answer_rule": "Generated mile based on Scout MVP4 NJ/NY/CT open route geometry, not an official ATC mile. Use for source-aware planning only."
      },
      "geometry": {
        "type": "Point",
        "coordinates": [
          -73.375994,
          41.917663
        ]
      }
    },
    {
      "type": "Feature",
      "properties": {
        "trail": "Appalachian Trail",
        "route_id": "at-mvp4-nj-ny-ct-delaware-water-gap-ct-ma-open-2026",
        "source_route_id": "at-main-osm-2026-open",
        "mile_nobo_global_est": 1458,
        "mile_nobo_mvp4": 188,
        "mile_sobo_mvp4": 18,
        "state": "CT",
        "milepoint_type": "generated",
        "official": false,
        "confidence": "estimated_from_open_route_geometry_with_known_length_gap",
        "source_id": "osm",
        "source_url": "https://www.openstreetmap.org/relation/156553",
        "source_access_url": "https://hiking.waymarkedtrails.org/api/v1/details/relation/156553",
        "license_status": "open_license_share_alike",
        "source_license": "ODbL",
        "attribution": "OpenStreetMap contributors",
        "last_checked": "2026-05-13",
        "last_generated": "2026-05-14",
        "ai_answer_rule": "Generated mile based on Scout MVP4 NJ/NY/CT open route geometry, not an official ATC mile. Use for source-aware planning only."
      },
      "geometry": {
        "type": "Point",
        "coordinates": [
          -73.36622,
          41.924844
        ]
      }
    },
    {
      "type": "Feature",
      "properties": {
        "trail": "Appalachian Trail",
        "route_id": "at-mvp4-nj-ny-ct-delaware-water-gap-ct-ma-open-2026",
        "source_route_id": "at-main-osm-2026-open",
        "mile_nobo_global_est": 1459,
        "mile_nobo_mvp4": 189,
        "mile_sobo_mvp4": 17,
        "state": "CT",
        "milepoint_type": "generated",
        "official": false,
        "confidence": "estimated_from_open_route_geometry_with_known_length_gap",
        "source_id": "osm",
        "source_url": "https://www.openstreetmap.org/relation/156553",
        "source_access_url": "https://hiking.waymarkedtrails.org/api/v1/details/relation/156553",
        "license_status": "open_license_share_alike",
        "source_license": "ODbL",
        "attribution": "OpenStreetMap contributors",
        "last_checked": "2026-05-13",
        "last_generated": "2026-05-14",
        "ai_answer_rule": "Generated mile based on Scout MVP4 NJ/NY/CT open route geometry, not an official ATC mile. Use for source-aware planning only."
      },
      "geometry": {
        "type": "Point",
        "coordinates": [
          -73.363181,
          41.932918
        ]
      }
    },
    {
      "type": "Feature",
      "properties": {
        "trail": "Appalachian Trail",
        "route_id": "at-mvp4-nj-ny-ct-delaware-water-gap-ct-ma-open-2026",
        "source_route_id": "at-main-osm-2026-open",
        "mile_nobo_global_est": 1460,
        "mile_nobo_mvp4": 190,
        "mile_sobo_mvp4": 16,
        "state": "CT",
        "milepoint_type": "generated",
        "official": false,
        "confidence": "estimated_from_open_route_geometry_with_known_length_gap",
        "source_id": "osm",
        "source_url": "https://www.openstreetmap.org/relation/156553",
        "source_access_url": "https://hiking.waymarkedtrails.org/api/v1/details/relation/156553",
        "license_status": "open_license_share_alike",
        "source_license": "ODbL",
        "attribution": "OpenStreetMap contributors",
        "last_checked": "2026-05-13",
        "last_generated": "2026-05-14",
        "ai_answer_rule": "Generated mile based on Scout MVP4 NJ/NY/CT open route geometry, not an official ATC mile. Use for source-aware planning only."
      },
      "geometry": {
        "type": "Point",
        "coordinates": [
          -73.361696,
          41.945992
        ]
      }
    },
    {
      "type": "Feature",
      "properties": {
        "trail": "Appalachian Trail",
        "route_id": "at-mvp4-nj-ny-ct-delaware-water-gap-ct-ma-open-2026",
        "source_route_id": "at-main-osm-2026-open",
        "mile_nobo_global_est": 1461,
        "mile_nobo_mvp4": 191,
        "mile_sobo_mvp4": 15,
        "state": "CT",
        "milepoint_type": "generated",
        "official": false,
        "confidence": "estimated_from_open_route_geometry_with_known_length_gap",
        "source_id": "osm",
        "source_url": "https://www.openstreetmap.org/relation/156553",
        "source_access_url": "https://hiking.waymarkedtrails.org/api/v1/details/relation/156553",
        "license_status": "open_license_share_alike",
        "source_license": "ODbL",
        "attribution": "OpenStreetMap contributors",
        "last_checked": "2026-05-13",
        "last_generated": "2026-05-14",
        "ai_answer_rule": "Generated mile based on Scout MVP4 NJ/NY/CT open route geometry, not an official ATC mile. Use for source-aware planning only."
      },
      "geometry": {
        "type": "Point",
        "coordinates": [
          -73.368164,
          41.955479
        ]
      }
    },
    {
      "type": "Feature",
      "properties": {
        "trail": "Appalachian Trail",
        "route_id": "at-mvp4-nj-ny-ct-delaware-water-gap-ct-ma-open-2026",
        "source_route_id": "at-main-osm-2026-open",
        "mile_nobo_global_est": 1462,
        "mile_nobo_mvp4": 192,
        "mile_sobo_mvp4": 14,
        "state": "CT",
        "milepoint_type": "generated",
        "official": false,
        "confidence": "estimated_from_open_route_geometry_with_known_length_gap",
        "source_id": "osm",
        "source_url": "https://www.openstreetmap.org/relation/156553",
        "source_access_url": "https://hiking.waymarkedtrails.org/api/v1/details/relation/156553",
        "license_status": "open_license_share_alike",
        "source_license": "ODbL",
        "attribution": "OpenStreetMap contributors",
        "last_checked": "2026-05-13",
        "last_generated": "2026-05-14",
        "ai_answer_rule": "Generated mile based on Scout MVP4 NJ/NY/CT open route geometry, not an official ATC mile. Use for source-aware planning only."
      },
      "geometry": {
        "type": "Point",
        "coordinates": [
          -73.374929,
          41.964392
        ]
      }
    },
    {
      "type": "Feature",
      "properties": {
        "trail": "Appalachian Trail",
        "route_id": "at-mvp4-nj-ny-ct-delaware-water-gap-ct-ma-open-2026",
        "source_route_id": "at-main-osm-2026-open",
        "mile_nobo_global_est": 1463,
        "mile_nobo_mvp4": 193,
        "mile_sobo_mvp4": 13,
        "state": "CT",
        "milepoint_type": "generated",
        "official": false,
        "confidence": "estimated_from_open_route_geometry_with_known_length_gap",
        "source_id": "osm",
        "source_url": "https://www.openstreetmap.org/relation/156553",
        "source_access_url": "https://hiking.waymarkedtrails.org/api/v1/details/relation/156553",
        "license_status": "open_license_share_alike",
        "source_license": "ODbL",
        "attribution": "OpenStreetMap contributors",
        "last_checked": "2026-05-13",
        "last_generated": "2026-05-14",
        "ai_answer_rule": "Generated mile based on Scout MVP4 NJ/NY/CT open route geometry, not an official ATC mile. Use for source-aware planning only."
      },
      "geometry": {
        "type": "Point",
        "coordinates": [
          -73.376655,
          41.973858
        ]
      }
    },
    {
      "type": "Feature",
      "properties": {
        "trail": "Appalachian Trail",
        "route_id": "at-mvp4-nj-ny-ct-delaware-water-gap-ct-ma-open-2026",
        "source_route_id": "at-main-osm-2026-open",
        "mile_nobo_global_est": 1464,
        "mile_nobo_mvp4": 194,
        "mile_sobo_mvp4": 12,
        "state": "CT",
        "milepoint_type": "generated",
        "official": false,
        "confidence": "estimated_from_open_route_geometry_with_known_length_gap",
        "source_id": "osm",
        "source_url": "https://www.openstreetmap.org/relation/156553",
        "source_access_url": "https://hiking.waymarkedtrails.org/api/v1/details/relation/156553",
        "license_status": "open_license_share_alike",
        "source_license": "ODbL",
        "attribution": "OpenStreetMap contributors",
        "last_checked": "2026-05-13",
        "last_generated": "2026-05-14",
        "ai_answer_rule": "Generated mile based on Scout MVP4 NJ/NY/CT open route geometry, not an official ATC mile. Use for source-aware planning only."
      },
      "geometry": {
        "type": "Point",
        "coordinates": [
          -73.389357,
          41.981537
        ]
      }
    },
    {
      "type": "Feature",
      "properties": {
        "trail": "Appalachian Trail",
        "route_id": "at-mvp4-nj-ny-ct-delaware-water-gap-ct-ma-open-2026",
        "source_route_id": "at-main-osm-2026-open",
        "mile_nobo_global_est": 1465,
        "mile_nobo_mvp4": 195,
        "mile_sobo_mvp4": 11,
        "state": "CT",
        "milepoint_type": "generated",
        "official": false,
        "confidence": "estimated_from_open_route_geometry_with_known_length_gap",
        "source_id": "osm",
        "source_url": "https://www.openstreetmap.org/relation/156553",
        "source_access_url": "https://hiking.waymarkedtrails.org/api/v1/details/relation/156553",
        "license_status": "open_license_share_alike",
        "source_license": "ODbL",
        "attribution": "OpenStreetMap contributors",
        "last_checked": "2026-05-13",
        "last_generated": "2026-05-14",
        "ai_answer_rule": "Generated mile based on Scout MVP4 NJ/NY/CT open route geometry, not an official ATC mile. Use for source-aware planning only."
      },
      "geometry": {
        "type": "Point",
        "coordinates": [
          -73.397109,
          41.975918
        ]
      }
    },
    {
      "type": "Feature",
      "properties": {
        "trail": "Appalachian Trail",
        "route_id": "at-mvp4-nj-ny-ct-delaware-water-gap-ct-ma-open-2026",
        "source_route_id": "at-main-osm-2026-open",
        "mile_nobo_global_est": 1466,
        "mile_nobo_mvp4": 196,
        "mile_sobo_mvp4": 10,
        "state": "CT",
        "milepoint_type": "generated",
        "official": false,
        "confidence": "estimated_from_open_route_geometry_with_known_length_gap",
        "source_id": "osm",
        "source_url": "https://www.openstreetmap.org/relation/156553",
        "source_access_url": "https://hiking.waymarkedtrails.org/api/v1/details/relation/156553",
        "license_status": "open_license_share_alike",
        "source_license": "ODbL",
        "attribution": "OpenStreetMap contributors",
        "last_checked": "2026-05-13",
        "last_generated": "2026-05-14",
        "ai_answer_rule": "Generated mile based on Scout MVP4 NJ/NY/CT open route geometry, not an official ATC mile. Use for source-aware planning only."
      },
      "geometry": {
        "type": "Point",
        "coordinates": [
          -73.405958,
          41.978974
        ]
      }
    },
    {
      "type": "Feature",
      "properties": {
        "trail": "Appalachian Trail",
        "route_id": "at-mvp4-nj-ny-ct-delaware-water-gap-ct-ma-open-2026",
        "source_route_id": "at-main-osm-2026-open",
        "mile_nobo_global_est": 1467,
        "mile_nobo_mvp4": 197,
        "mile_sobo_mvp4": 9,
        "state": "CT",
        "milepoint_type": "generated",
        "official": false,
        "confidence": "estimated_from_open_route_geometry_with_known_length_gap",
        "source_id": "osm",
        "source_url": "https://www.openstreetmap.org/relation/156553",
        "source_access_url": "https://hiking.waymarkedtrails.org/api/v1/details/relation/156553",
        "license_status": "open_license_share_alike",
        "source_license": "ODbL",
        "attribution": "OpenStreetMap contributors",
        "last_checked": "2026-05-13",
        "last_generated": "2026-05-14",
        "ai_answer_rule": "Generated mile based on Scout MVP4 NJ/NY/CT open route geometry, not an official ATC mile. Use for source-aware planning only."
      },
      "geometry": {
        "type": "Point",
        "coordinates": [
          -73.408441,
          41.990805
        ]
      }
    },
    {
      "type": "Feature",
      "properties": {
        "trail": "Appalachian Trail",
        "route_id": "at-mvp4-nj-ny-ct-delaware-water-gap-ct-ma-open-2026",
        "source_route_id": "at-main-osm-2026-open",
        "mile_nobo_global_est": 1468,
        "mile_nobo_mvp4": 198,
        "mile_sobo_mvp4": 8,
        "state": "CT",
        "milepoint_type": "generated",
        "official": false,
        "confidence": "estimated_from_open_route_geometry_with_known_length_gap",
        "source_id": "osm",
        "source_url": "https://www.openstreetmap.org/relation/156553",
        "source_access_url": "https://hiking.waymarkedtrails.org/api/v1/details/relation/156553",
        "license_status": "open_license_share_alike",
        "source_license": "ODbL",
        "attribution": "OpenStreetMap contributors",
        "last_checked": "2026-05-13",
        "last_generated": "2026-05-14",
        "ai_answer_rule": "Generated mile based on Scout MVP4 NJ/NY/CT open route geometry, not an official ATC mile. Use for source-aware planning only."
      },
      "geometry": {
        "type": "Point",
        "coordinates": [
          -73.418597,
          41.989713
        ]
      }
    },
    {
      "type": "Feature",
      "properties": {
        "trail": "Appalachian Trail",
        "route_id": "at-mvp4-nj-ny-ct-delaware-water-gap-ct-ma-open-2026",
        "source_route_id": "at-main-osm-2026-open",
        "mile_nobo_global_est": 1469,
        "mile_nobo_mvp4": 199,
        "mile_sobo_mvp4": 7,
        "state": "CT",
        "milepoint_type": "generated",
        "official": false,
        "confidence": "estimated_from_open_route_geometry_with_known_length_gap",
        "source_id": "osm",
        "source_url": "https://www.openstreetmap.org/relation/156553",
        "source_access_url": "https://hiking.waymarkedtrails.org/api/v1/details/relation/156553",
        "license_status": "open_license_share_alike",
        "source_license": "ODbL",
        "attribution": "OpenStreetMap contributors",
        "last_checked": "2026-05-13",
        "last_generated": "2026-05-14",
        "ai_answer_rule": "Generated mile based on Scout MVP4 NJ/NY/CT open route geometry, not an official ATC mile. Use for source-aware planning only."
      },
      "geometry": {
        "type": "Point",
        "coordinates": [
          -73.429404,
          41.99681
        ]
      }
    },
    {
      "type": "Feature",
      "properties": {
        "trail": "Appalachian Trail",
        "route_id": "at-mvp4-nj-ny-ct-delaware-water-gap-ct-ma-open-2026",
        "source_route_id": "at-main-osm-2026-open",
        "mile_nobo_global_est": 1470,
        "mile_nobo_mvp4": 200,
        "mile_sobo_mvp4": 6,
        "state": "CT",
        "milepoint_type": "generated",
        "official": false,
        "confidence": "estimated_from_open_route_geometry_with_known_length_gap",
        "source_id": "osm",
        "source_url": "https://www.openstreetmap.org/relation/156553",
        "source_access_url": "https://hiking.waymarkedtrails.org/api/v1/details/relation/156553",
        "license_status": "open_license_share_alike",
        "source_license": "ODbL",
        "attribution": "OpenStreetMap contributors",
        "last_checked": "2026-05-13",
        "last_generated": "2026-05-14",
        "ai_answer_rule": "Generated mile based on Scout MVP4 NJ/NY/CT open route geometry, not an official ATC mile. Use for source-aware planning only."
      },
      "geometry": {
        "type": "Point",
        "coordinates": [
          -73.438177,
          42.006951
        ]
      }
    },
    {
      "type": "Feature",
      "properties": {
        "trail": "Appalachian Trail",
        "route_id": "at-mvp4-nj-ny-ct-delaware-water-gap-ct-ma-open-2026",
        "source_route_id": "at-main-osm-2026-open",
        "mile_nobo_global_est": 1471,
        "mile_nobo_mvp4": 201,
        "mile_sobo_mvp4": 5,
        "state": "CT",
        "milepoint_type": "generated",
        "official": false,
        "confidence": "estimated_from_open_route_geometry_with_known_length_gap",
        "source_id": "osm",
        "source_url": "https://www.openstreetmap.org/relation/156553",
        "source_access_url": "https://hiking.waymarkedtrails.org/api/v1/details/relation/156553",
        "license_status": "open_license_share_alike",
        "source_license": "ODbL",
        "attribution": "OpenStreetMap contributors",
        "last_checked": "2026-05-13",
        "last_generated": "2026-05-14",
        "ai_answer_rule": "Generated mile based on Scout MVP4 NJ/NY/CT open route geometry, not an official ATC mile. Use for source-aware planning only."
      },
      "geometry": {
        "type": "Point",
        "coordinates": [
          -73.447671,
          42.008332
        ]
      }
    },
    {
      "type": "Feature",
      "properties": {
        "trail": "Appalachian Trail",
        "route_id": "at-mvp4-nj-ny-ct-delaware-water-gap-ct-ma-open-2026",
        "source_route_id": "at-main-osm-2026-open",
        "mile_nobo_global_est": 1472,
        "mile_nobo_mvp4": 202,
        "mile_sobo_mvp4": 4,
        "state": "CT",
        "milepoint_type": "generated",
        "official": false,
        "confidence": "estimated_from_open_route_geometry_with_known_length_gap",
        "source_id": "osm",
        "source_url": "https://www.openstreetmap.org/relation/156553",
        "source_access_url": "https://hiking.waymarkedtrails.org/api/v1/details/relation/156553",
        "license_status": "open_license_share_alike",
        "source_license": "ODbL",
        "attribution": "OpenStreetMap contributors",
        "last_checked": "2026-05-13",
        "last_generated": "2026-05-14",
        "ai_answer_rule": "Generated mile based on Scout MVP4 NJ/NY/CT open route geometry, not an official ATC mile. Use for source-aware planning only."
      },
      "geometry": {
        "type": "Point",
        "coordinates": [
          -73.454824,
          42.019819
        ]
      }
    },
    {
      "type": "Feature",
      "properties": {
        "trail": "Appalachian Trail",
        "route_id": "at-mvp4-nj-ny-ct-delaware-water-gap-ct-ma-open-2026",
        "source_route_id": "at-main-osm-2026-open",
        "mile_nobo_global_est": 1473,
        "mile_nobo_mvp4": 203,
        "mile_sobo_mvp4": 3,
        "state": "CT",
        "milepoint_type": "generated",
        "official": false,
        "confidence": "estimated_from_open_route_geometry_with_known_length_gap",
        "source_id": "osm",
        "source_url": "https://www.openstreetmap.org/relation/156553",
        "source_access_url": "https://hiking.waymarkedtrails.org/api/v1/details/relation/156553",
        "license_status": "open_license_share_alike",
        "source_license": "ODbL",
        "attribution": "OpenStreetMap contributors",
        "last_checked": "2026-05-13",
        "last_generated": "2026-05-14",
        "ai_answer_rule": "Generated mile based on Scout MVP4 NJ/NY/CT open route geometry, not an official ATC mile. Use for source-aware planning only."
      },
      "geometry": {
        "type": "Point",
        "coordinates": [
          -73.453459,
          42.031811
        ]
      }
    },
    {
      "type": "Feature",
      "properties": {
        "trail": "Appalachian Trail",
        "route_id": "at-mvp4-nj-ny-ct-delaware-water-gap-ct-ma-open-2026",
        "source_route_id": "at-main-osm-2026-open",
        "mile_nobo_global_est": 1474,
        "mile_nobo_mvp4": 204,
        "mile_sobo_mvp4": 2,
        "state": "CT",
        "milepoint_type": "generated",
        "official": false,
        "confidence": "estimated_from_open_route_geometry_with_known_length_gap",
        "source_id": "osm",
        "source_url": "https://www.openstreetmap.org/relation/156553",
        "source_access_url": "https://hiking.waymarkedtrails.org/api/v1/details/relation/156553",
        "license_status": "open_license_share_alike",
        "source_license": "ODbL",
        "attribution": "OpenStreetMap contributors",
        "last_checked": "2026-05-13",
        "last_generated": "2026-05-14",
        "ai_answer_rule": "Generated mile based on Scout MVP4 NJ/NY/CT open route geometry, not an official ATC mile. Use for source-aware planning only."
      },
      "geometry": {
        "type": "Point",
        "coordinates": [
          -73.45473,
          42.044012
        ]
      }
    },
    {
      "type": "Feature",
      "properties": {
        "trail": "Appalachian Trail",
        "route_id": "at-mvp4-nj-ny-ct-delaware-water-gap-ct-ma-open-2026",
        "source_route_id": "at-main-osm-2026-open",
        "mile_nobo_global_est": 1475,
        "mile_nobo_mvp4": 205,
        "mile_sobo_mvp4": 1,
        "state": "CT",
        "milepoint_type": "generated",
        "official": false,
        "confidence": "estimated_from_open_route_geometry_with_known_length_gap",
        "source_id": "osm",
        "source_url": "https://www.openstreetmap.org/relation/156553",
        "source_access_url": "https://hiking.waymarkedtrails.org/api/v1/details/relation/156553",
        "license_status": "open_license_share_alike",
        "source_license": "ODbL",
        "attribution": "OpenStreetMap contributors",
        "last_checked": "2026-05-13",
        "last_generated": "2026-05-14",
        "ai_answer_rule": "Generated mile based on Scout MVP4 NJ/NY/CT open route geometry, not an official ATC mile. Use for source-aware planning only."
      },
      "geometry": {
        "type": "Point",
        "coordinates": [
          -73.450774,
          42.052764
        ]
      }
    },
    {
      "type": "Feature",
      "properties": {
        "trail": "Appalachian Trail",
        "route_id": "at-mvp4-nj-ny-ct-delaware-water-gap-ct-ma-open-2026",
        "source_route_id": "at-main-osm-2026-open",
        "mile_nobo_global_est": 1476,
        "mile_nobo_mvp4": 206,
        "mile_sobo_mvp4": 0,
        "state": "CT",
        "milepoint_type": "generated",
        "official": false,
        "confidence": "estimated_from_open_route_geometry_with_known_length_gap",
        "source_id": "osm",
        "source_url": "https://www.openstreetmap.org/relation/156553",
        "source_access_url": "https://hiking.waymarkedtrails.org/api/v1/details/relation/156553",
        "license_status": "open_license_share_alike",
        "source_license": "ODbL",
        "attribution": "OpenStreetMap contributors",
        "last_checked": "2026-05-13",
        "last_generated": "2026-05-14",
        "ai_answer_rule": "Generated mile based on Scout MVP4 NJ/NY/CT open route geometry, not an official ATC mile. Use for source-aware planning only."
      },
      "geometry": {
        "type": "Point",
        "coordinates": [
          -73.437273,
          42.055866
        ]
      }
    }
  ]
}
